Date,Andaman and Nicobar Islands,Andhra Pradesh,Arunachal Pradesh,Assam,Bihar,Chandigarh,Chhattisgarh,Dadra and Nagar Haveli,Daman and Diu,Delhi,Goa,Gujarat,Haryana,Himachal Pradesh,Jammu and Kashmir,Jharkhand,Karnataka,Kerala,Lakshadweep,Madhya Pradesh,Maharashtra,Manipur,Meghalaya,Mizoram,Nagaland,Odisha,Puducherry,Punjab,Rajasthan,Sikkim,Tamil Nadu,Telangana,Tripura,Uttar Pradesh,Uttarakhand,West Bengal,AMNSIL,Damodar Valley Corporation,Total
2013-01-01,,0.0,11.0,194.0,300.0,0.0,5.0,0.0,0.0,0.0,0.0,21.0,0.0,0.0,100.0,0.0,400.0,150.0,,0.0,130.0,4.0,3.0,5.0,12.0,0.0,0.0,0.0,0.0,0.0,683.0,,10.0,1055.0,40.0,0.0,0.0,0.0,3123.0
2013-01-02,,300.0,2.0,188.0,600.0,0.0,5.0,0.0,0.0,7.0,0.0,0.0,172.0,0.0,100.0,0.0,500.0,150.0,,0.0,172.0,11.0,2.0,5.0,12.0,0.0,0.0,0.0,0.0,0.0,702.0,,25.0,1730.0,40.0,0.0,0.0,0.0,4723.0
2013-01-03,,0.0,4.0,108.0,400.0,0.0,5.0,0.0,0.0,0.0,0.0,0.0,0.0,0.0,100.0,0.0,500.0,150.0,,0.0,548.0,11.0,5.0,12.0,8.0,0.0,0.0,0.0,0.0,0.0,687.0,,7.0,1555.0,40.0,2.0,0.0,0.0,4142.0
2013-01-04,,0.0,2.0,163.0,300.0,0.0,5.0,0.0,0.0,0.0,0.0,0.0,0.0,0.0,100.0,0.0,350.0,150.0,,0.0,382.0,14.0,1.0,12.0,13.0,0.0,0.0,0.0,0.0,0.0,698.0,,11.0,1845.0,40.0,0.0,0.0,0.0,4086.0
2013-01-05,,0.0,5.0,122.0,100.0,0.0,5.0,0.0,0.0,0.0,0.0,0.0,0.0,0.0,100.0,76.0,300.0,75.0,,0.0,432.0,9.0,7.0,11.0,14.0,0.0,0.0,0.0,0.0,0.0,678.0,,10.0,1555.0,40.0,0.0,0.0,0.0,3539.0
2013-01-06,,500.0,2.0,141.0,200.0,0.0,14.0,2.0,1.0,0.0,1.0,23.0,548.0,0.0,100.0,160.0,300.0,150.0,,24.0,476.0,7.0,18.0,8.0,4.0,0.0,0.0,0.0,0.0,0.0,733.0,,1.0,1905.0,40.0,0.0,1.0,0.0,5359.0
2013-01-07,,400.0,1.0,160.0,125.0,0.0,14.0,2.0,1.0,0.0,1.0,22.0,9.0,0.0,100.0,0.0,300.0,150.0,,24.0,405.0,13.0,14.0,2.0,2.0,0.0,0.0,0.0,0.0,0.0,759.0,,1.0,2220.0,75.0,0.0,1.0,150.0,4951.0
2013-03-31,,1600.0,5.0,120.0,300.0,0.0,121.0,1.0,0.0,0.0,0.0,47.0,0.0,0.0,100.0,0.0,800.0,500.0,,7.0,712.0,8.0,1.0,2.0,2.0,0.0,0.0,0.0,0.0,0.0,2256.0,,20.0,1400.0,0.0,116.0,,0.0,8118.0
2013-04-01,,2900.0,3.0,138.0,500.0,0.0,128.0,4.0,2.0,0.0,3.0,117.0,164.0,0.0,100.0,106.0,800.0,500.0,,55.0,765.0,1.0,15.0,2.0,6.0,0.0,0.0,0.0,0.0,0.0,1463.0,,26.0,1430.0,0.0,186.0,,65.0,9479.0
2013-04-02,,2000.0,4.0,214.0,400.0,0.0,49.0,0.0,0.0,0.0,60.0,40.0,0.0,0.0,100.0,0.0,1000.0,500.0,,0.0,820.0,7.0,20.0,2.0,5.0,0.0,0.0,0.0,0.0,0.0,2292.0,,26.0,1910.0,0.0,1.0,,200.0,9650.0
2013-04-03,,2000.0,5.0,209.0,600.0,0.0,57.0,0.0,0.0,0.0,50.0,36.0,98.0,0.0,100.0,123.0,1450.0,400.0,,5.0,645.0,2.0,5.0,1.0,10.0,0.0,0.0,0.0,0.0,0.0,2664.0,,21.0,1910.0,0.0,169.0,,250.0,10810.0
2013-04-04,,2000.0,8.0,244.0,600.0,0.0,286.0,4.0,2.0,0.0,77.0,109.0,0.0,0.0,100.0,0.0,1000.0,500.0,,47.0,642.0,5.0,8.0,4.0,7.0,0.0,0.0,0.0,126.0,0.0,1909.0,,50.0,1810.0,0.0,273.0,,140.0,9951.0
2013-04-05,,3000.0,3.0,234.0,650.0,0.0,132.0,4.0,2.0,0.0,53.0,121.0,0.0,0.0,100.0,0.0,1000.0,500.0,,55.0,710.0,2.0,41.0,3.0,5.0,0.0,0.0,0.0,0.0,0.0,1247.0,,48.0,2341.0,0.0,156.0,,230.0,10637.0
2013-04-06,,3000.0,3.0,172.0,300.0,0.0,283.0,1.0,1.0,0.0,76.0,64.0,0.0,0.0,100.0,0.0,750.0,500.0,,18.0,636.0,1.0,30.0,4.0,2.0,100.0,0.0,0.0,0.0,0.0,1582.0,,44.0,2596.0,0.0,103.0,,100.0,10466.0
2013-04-07,,2500.0,9.0,130.0,600.0,0.0,104.0,1.0,0.0,0.0,75.0,47.0,0.0,0.0,100.0,0.0,600.0,500.0,,7.0,496.0,4.0,0.0,5.0,2.0,100.0,0.0,0.0,0.0,0.0,1285.0,,28.0,1770.0,0.0,90.0,,0.0,8453.0
2013-04-08,,3000.0,8.0,203.0,400.0,0.0,87.0,5.0,2.0,60.0,73.0,131.0,170.0,0.0,100.0,0.0,1000.0,500.0,,61.0,514.0,3.0,0.0,1.0,3.0,0.0,0.0,0.0,229.0,0.0,2292.0,,21.0,1770.0,0.0,211.0,,0.0,10844.0
2013-04-09,,2500.0,4.0,263.0,300.0,0.0,80.0,4.0,2.0,226.0,47.0,115.0,592.0,0.0,100.0,0.0,600.0,500.0,,50.0,681.0,3.0,18.0,1.0,3.0,350.0,0.0,0.0,185.0,0.0,2029.0,,42.0,3501.0,0.0,55.0,,0.0,12251.0
2013-04-10,,2500.0,3.0,317.0,330.0,0.0,82.0,4.0,2.0,0.0,72.0,106.0,551.0,0.0,100.0,38.0,900.0,500.0,,51.0,698.0,2.0,10.0,3.0,7.0,0.0,0.0,50.0,365.0,0.0,1518.0,,62.0,2685.0,80.0,238.0,,200.0,11474.0
2013-04-11,,2000.0,8.0,257.0,170.0,0.0,75.0,3.0,1.0,0.0,72.0,88.0,437.0,30.0,100.0,0.0,600.0,500.0,,36.0,175.0,5.0,25.0,5.0,8.0,0.0,0.0,70.0,243.0,0.0,1913.0,,46.0,2260.0,225.0,173.0,,50.0,9575.0
2013-04-12,,2460.0,10.0,241.0,550.0,0.0,80.0,4.0,2.0,221.0,62.0,88.0,577.0,0.0,100.0,0.0,700.0,500.0,,47.0,365.0,8.0,25.0,8.0,8.0,0.0,0.0,391.0,308.0,0.0,2512.0,,39.0,2330.0,160.0,119.0,,0.0,11915.0
2013-04-13,,2000.0,12.0,313.0,550.0,0.0,78.0,0.0,0.0,0.0,50.0,0.0,0.0,0.0,100.0,0.0,1000.0,500.0,,0.0,227.0,2.0,18.0,3.0,7.0,0.0,0.0,0.0,0.0,0.0,2642.0,,46.0,1925.0,100.0,187.0,,590.0,10350.0
2013-04-14,,1500.0,11.0,351.0,600.0,0.0,59.0,0.0,0.0,0.0,50.0,13.0,0.0,0.0,100.0,0.0,700.0,500.0,,0.0,92.0,12.0,32.0,9.0,7.0,0.0,0.0,0.0,0.0,0.0,1097.0,,37.0,1640.0,0.0,81.0,,0.0,6891.0
2013-04-15,,2500.0,3.0,99.0,400.0,0.0,59.0,0.0,0.0,0.0,0.0,4.0,329.0,0.0,100.0,0.0,1600.0,550.0,,0.0,96.0,9.0,29.0,2.0,2.0,0.0,0.0,205.0,67.0,0.0,605.0,,26.0,2119.0,0.0,77.0,,0.0,8881.0
2013-04-16,,3400.0,5.0,71.0,300.0,0.0,63.0,2.0,1.0,0.0,1.0,72.0,0.0,0.0,100.0,0.0,900.0,500.0,,25.0,323.0,1.0,15.0,2.0,2.0,0.0,0.0,80.0,0.0,0.0,504.0,,26.0,1460.0,0.0,0.0,,0.0,7853.0
2013-04-17,,2600.0,6.0,106.0,350.0,0.0,64.0,2.0,1.0,0.0,1.0,46.0,237.0,0.0,100.0,0.0,600.0,500.0,,25.0,190.0,3.0,7.0,2.0,1.0,0.0,0.0,70.0,0.0,0.0,1588.0,,20.0,3185.0,0.0,0.0,,0.0,9704.0
2013-04-18,,2600.0,8.0,117.0,400.0,0.0,113.0,1.0,0.0,0.0,100.0,40.0,411.0,0.0,100.0,0.0,850.0,500.0,,7.0,393.0,6.0,15.0,2.0,1.0,0.0,0.0,85.0,0.0,0.0,604.0,,24.0,2050.0,80.0,220.0,,0.0,8727.0
2013-04-19,,2250.0,6.0,173.0,400.0,0.0,56.0,0.0,0.0,0.0,70.0,25.0,351.0,0.0,100.0,0.0,900.0,500.0,,0.0,71.0,6.0,15.0,2.0,1.0,0.0,0.0,70.0,0.0,0.0,1704.0,,24.0,2505.0,75.0,0.0,,0.0,9304.0
2013-04-20,,1750.0,7.0,164.0,600.0,0.0,56.0,0.0,0.0,0.0,70.0,22.0,235.0,0.0,100.0,0.0,600.0,500.0,,0.0,85.0,24.0,34.0,6.0,1.0,0.0,0.0,349.0,0.0,0.0,565.0,,14.0,2260.0,0.0,15.0,,285.0,7742.0
2013-04-21,,1500.0,6.0,306.0,500.0,0.0,56.0,0.0,0.0,0.0,70.0,11.0,0.0,0.0,100.0,0.0,800.0,500.0,,0.0,57.0,5.0,22.0,3.0,1.0,0.0,0.0,0.0,0.0,0.0,1197.0,,5.0,1180.0,0.0,0.0,,0.0,6319.0
2013-04-22,,2800.0,4.0,177.0,450.0,0.0,604.0,1.0,0.0,0.0,71.0,47.0,0.0,0.0,100.0,0.0,600.0,500.0,,10.0,206.0,5.0,13.0,1.0,3.0,0.0,0.0,0.0,0.0,0.0,1343.0,,19.0,1460.0,60.0,20.0,,0.0,8494.0
2013-04-23,,1500.0,4.0,175.0,550.0,0.0,76.0,4.0,2.0,0.0,42.0,110.0,0.0,0.0,100.0,0.0,600.0,500.0,,46.0,373.0,3.0,4.0,1.0,1.0,0.0,0.0,205.0,0.0,0.0,1264.0,,6.0,1660.0,0.0,0.0,,0.0,7226.0
2013-04-24,,2500.0,1.0,254.0,400.0,0.0,230.0,3.0,1.0,0.0,32.0,94.0,0.0,0.0,100.0,0.0,1000.0,500.0,,38.0,722.0,5.0,35.0,3.0,2.0,0.0,0.0,288.0,0.0,0.0,1699.0,,40.0,1500.0,75.0,10.0,,0.0,9532.0
2013-04-25,,2000.0,5.0,223.0,300.0,0.0,63.0,1.0,1.0,0.0,51.0,59.0,0.0,0.0,100.0,0.0,800.0,500.0,,14.0,566.0,1.0,3.0,2.0,4.0,0.0,0.0,0.0,0.0,0.0,1904.0,,40.0,1235.0,75.0,20.0,,0.0,7967.0
2013-04-26,,2625.0,7.0,207.0,220.0,0.0,92.0,7.0,3.0,0.0,45.0,692.0,0.0,25.0,100.0,0.0,750.0,500.0,,85.0,685.0,3.0,5.0,1.0,2.0,0.0,0.0,0.0,0.0,0.0,2282.0,,20.0,2370.0,60.0,56.0,,0.0,10842.0
2013-04-27,,1750.0,4.0,198.0,70.0,0.0,61.0,1.0,0.0,0.0,51.0,40.0,0.0,0.0,100.0,0.0,750.0,500.0,,10.0,483.0,6.0,35.0,3.0,7.0,0.0,0.0,0.0,0.0,0.0,1924.0,,7.0,1500.0,0.0,14.0,,0.0,7514.0
2013-04-28,,1750.0,7.0,156.0,400.0,0.0,61.0,1.0,0.0,0.0,0.0,40.0,0.0,0.0,100.0,0.0,500.0,450.0,,10.0,252.0,5.0,32.0,9.0,6.0,0.0,0.0,0.0,0.0,0.0,497.0,,17.0,1180.0,0.0,14.0,,0.0,5487.0
2013-04-29,,1800.0,2.0,185.0,450.0,0.0,65.0,2.0,1.0,3.0,1.0,65.0,44.0,0.0,100.0,0.0,600.0,500.0,,20.0,370.0,4.0,10.0,2.0,2.0,0.0,0.0,0.0,0.0,0.0,2032.0,,2.0,1405.0,0.0,28.0,,0.0,7693.0
2013-04-30,,2800.0,2.0,156.0,600.0,0.0,64.0,1.0,1.0,0.0,1.0,60.0,0.0,0.0,100.0,0.0,600.0,500.0,,18.0,663.0,2.0,10.0,3.0,3.0,0.0,0.0,0.0,0.0,0.0,2261.0,,25.0,1780.0,0.0,106.0,,200.0,9956.0
2013-05-01,,2000.0,10.0,116.0,500.0,0.0,56.0,0.0,0.0,0.0,50.0,36.0,0.0,0.0,100.0,0.0,500.0,450.0,,0.0,55.0,5.0,1.0,3.0,1.0,0.0,0.0,0.0,0.0,0.0,2203.0,,24.0,1465.0,0.0,0.0,,0.0,7575.0
2013-05-02,,2500.0,17.0,132.0,100.0,0.0,56.0,0.0,0.0,0.0,40.0,40.0,0.0,0.0,100.0,0.0,600.0,500.0,,0.0,334.0,25.0,1.0,4.0,12.0,100.0,0.0,0.0,0.0,0.0,2331.0,,37.0,1920.0,0.0,14.0,,0.0,8863.0
2013-05-03,,2500.0,5.0,163.0,200.0,0.0,68.0,2.0,1.0,0.0,51.0,56.0,0.0,0.0,100.0,0.0,500.0,500.0,,27.0,184.0,18.0,4.0,13.0,3.0,0.0,0.0,0.0,0.0,0.0,842.0,,50.0,1680.0,215.0,5.0,,0.0,7187.0
2013-05-04,,2200.0,14.0,247.0,225.0,0.0,82.0,5.0,2.0,0.0,43.0,72.0,0.0,0.0,100.0,63.0,400.0,500.0,,58.0,352.0,2.0,7.0,15.0,1.0,0.0,0.0,0.0,0.0,0.0,1942.0,,14.0,1150.0,70.0,31.0,,0.0,7595.0
2013-05-05,,2000.0,15.0,217.0,175.0,0.0,103.0,0.0,0.0,0.0,0.0,15.0,0.0,0.0,100.0,57.0,350.0,450.0,,0.0,149.0,3.0,5.0,14.0,1.0,0.0,0.0,0.0,0.0,0.0,2067.0,,4.0,1660.0,0.0,39.0,,0.0,7424.0
2013-05-06,,1800.0,2.0,133.0,500.0,0.0,67.0,2.0,1.0,0.0,61.0,72.0,133.0,0.0,100.0,154.0,800.0,500.0,,25.0,406.0,1.0,5.0,11.0,2.0,0.0,0.0,0.0,0.0,0.0,2287.0,,19.0,2480.0,75.0,20.0,,0.0,9656.0
2013-05-07,,3000.0,2.0,73.0,400.0,0.0,109.0,2.0,1.0,0.0,87.0,88.0,247.0,0.0,100.0,0.0,300.0,500.0,,33.0,444.0,2.0,4.0,4.0,2.0,0.0,0.0,0.0,0.0,0.0,1131.0,,26.0,2120.0,215.0,20.0,,0.0,8910.0
2013-05-08,,3800.0,3.0,181.0,600.0,0.0,56.0,0.0,0.0,0.0,45.0,36.0,0.0,0.0,100.0,18.0,500.0,500.0,,0.0,409.0,7.0,12.0,2.0,6.0,0.0,20.0,0.0,0.0,0.0,1537.0,,17.0,2150.0,160.0,22.0,,0.0,10181.0
2013-05-09,,2500.0,2.0,162.0,550.0,0.0,54.0,1.0,0.0,0.0,46.0,48.0,0.0,0.0,100.0,0.0,600.0,520.0,,10.0,563.0,1.0,0.0,4.0,3.0,0.0,40.0,0.0,37.0,0.0,542.0,,14.0,2475.0,0.0,8.0,,0.0,8280.0
2013-05-10,,2000.0,3.0,151.0,200.0,0.0,61.0,1.0,0.0,4.0,41.0,52.0,0.0,0.0,100.0,0.0,600.0,500.0,,10.0,470.0,4.0,18.0,4.0,4.0,0.0,30.0,0.0,0.0,0.0,556.0,,34.0,2000.0,0.0,0.0,,0.0,6843.0
2013-05-11,,1300.0,12.0,151.0,100.0,0.0,56.0,0.0,0.0,0.0,35.0,28.0,0.0,0.0,100.0,0.0,450.0,500.0,,0.0,456.0,3.0,8.0,8.0,9.0,0.0,0.0,0.0,0.0,0.0,590.0,,22.0,200.0,0.0,0.0,,0.0,4028.0
2013-05-12,,0.0,14.0,167.0,240.0,0.0,56.0,0.0,0.0,3.0,0.0,40.0,0.0,0.0,100.0,0.0,350.0,450.0,,0.0,333.0,15.0,4.0,7.0,18.0,0.0,0.0,0.0,0.0,0.0,580.0,,14.0,0.0,0.0,0.0,,0.0,2391.0
2013-05-13,,2000.0,8.0,147.0,250.0,0.0,61.0,1.0,0.0,0.0,61.0,55.0,0.0,0.0,100.0,10.0,450.0,500.0,,12.0,543.0,8.0,2.0,2.0,7.0,0.0,0.0,0.0,0.0,0.0,568.0,,39.0,1800.0,75.0,0.0,,0.0,6699.0
2013-05-14,,1750.0,9.0,46.0,550.0,0.0,103.0,0.0,0.0,0.0,65.0,36.0,0.0,4.0,100.0,0.0,500.0,500.0,,0.0,553.0,4.0,1.0,2.0,14.0,0.0,0.0,0.0,0.0,0.0,613.0,,12.0,1230.0,225.0,0.0,,0.0,6317.0
2013-05-15,,2500.0,8.0,134.0,600.0,0.0,102.0,0.0,0.0,0.0,40.0,41.0,31.0,0.0,100.0,0.0,500.0,500.0,,2.0,439.0,4.0,7.0,4.0,9.0,0.0,0.0,0.0,0.0,0.0,583.0,,2.0,1390.0,135.0,4.0,,0.0,7135.0
2013-05-16,,1500.0,5.0,186.0,500.0,0.0,100.0,0.0,0.0,0.0,40.0,32.0,0.0,0.0,100.0,0.0,600.0,500.0,,2.0,332.0,2.0,8.0,5.0,5.0,0.0,0.0,0.0,0.0,0.0,1262.0,,37.0,1390.0,0.0,3.0,,0.0,6609.0
2013-05-17,,2500.0,1.0,164.0,600.0,0.0,57.0,0.0,0.0,0.0,35.0,23.0,0.0,0.0,100.0,0.0,500.0,500.0,,2.0,526.0,2.0,8.0,1.0,1.0,0.0,0.0,0.0,0.0,0.0,1717.0,,5.0,1390.0,35.0,0.0,,0.0,8167.0
2013-05-18,,2000.0,2.0,168.0,300.0,0.0,95.0,0.0,0.0,15.0,30.0,32.0,0.0,0.0,100.0,0.0,600.0,500.0,,2.0,493.0,1.0,1.0,2.0,1.0,0.0,0.0,0.0,0.0,0.0,1282.0,,6.0,1390.0,0.0,0.0,,0.0,7020.0
2013-05-19,,1800.0,9.0,121.0,300.0,0.0,56.0,0.0,0.0,4.0,0.0,18.0,0.0,0.0,100.0,0.0,500.0,450.0,,0.0,330.0,6.0,1.0,6.0,8.0,0.0,0.0,0.0,0.0,0.0,876.0,,1.0,1100.0,0.0,0.0,,0.0,5686.0
2013-05-20,,1800.0,2.0,159.0,220.0,0.0,56.0,0.0,0.0,6.0,0.0,23.0,0.0,0.0,100.0,0.0,400.0,500.0,,0.0,495.0,5.0,4.0,10.0,4.0,0.0,0.0,0.0,0.0,0.0,2700.0,,12.0,1360.0,0.0,0.0,,0.0,7856.0
2013-05-21,,2000.0,4.0,199.0,50.0,0.0,56.0,0.0,0.0,0.0,0.0,13.0,0.0,0.0,100.0,0.0,450.0,500.0,,0.0,0.0,16.0,15.0,10.0,6.0,0.0,0.0,0.0,0.0,0.0,534.0,,2.0,2230.0,80.0,0.0,,0.0,6265.0
2013-05-22,,2000.0,7.0,297.0,425.0,0.0,59.0,1.0,0.0,0.0,60.0,44.0,0.0,0.0,100.0,0.0,500.0,500.0,,7.0,82.0,1.0,14.0,10.0,1.0,0.0,0.0,0.0,0.0,0.0,569.0,,8.0,2625.0,0.0,8.0,,0.0,7318.0
2013-05-23,,2500.0,2.0,238.0,450.0,0.0,60.0,1.0,0.0,34.0,50.0,48.0,0.0,13.0,100.0,0.0,500.0,500.0,,10.0,83.0,2.0,10.0,6.0,0.0,0.0,0.0,0.0,0.0,0.0,558.0,,9.0,1880.0,70.0,13.0,,0.0,7137.0
2013-05-24,,1500.0,1.0,163.0,400.0,0.0,56.0,0.0,0.0,3.0,50.0,16.0,0.0,13.0,100.0,0.0,500.0,500.0,,0.0,62.0,1.0,2.0,5.0,3.0,250.0,0.0,0.0,0.0,0.0,615.0,,12.0,2175.0,80.0,13.0,,0.0,6520.0
2013-05-25,,2000.0,3.0,119.0,460.0,0.0,58.0,0.0,0.0,45.0,50.0,25.0,0.0,0.0,100.0,0.0,350.0,450.0,,5.0,70.0,9.0,25.0,5.0,4.0,0.0,10.0,0.0,0.0,0.0,602.0,,30.0,1880.0,75.0,0.0,,0.0,6375.0
2013-05-26,,1500.0,2.0,135.0,100.0,0.0,58.0,0.0,0.0,0.0,0.0,62.0,0.0,0.0,100.0,0.0,400.0,400.0,,5.0,69.0,4.0,11.0,2.0,2.0,0.0,0.0,0.0,0.0,0.0,400.0,,16.0,1610.0,75.0,0.0,,0.0,4951.0
2013-05-27,,1600.0,14.0,261.0,150.0,0.0,19.0,0.0,0.0,0.0,0.0,40.0,0.0,0.0,100.0,0.0,600.0,500.0,,5.0,70.0,4.0,18.0,1.0,2.0,0.0,0.0,0.0,0.0,0.0,613.0,,12.0,230.0,75.0,17.0,,0.0,4331.0
2013-05-28,,1600.0,4.0,187.0,220.0,0.0,19.0,0.0,0.0,0.0,0.0,40.0,0.0,0.0,100.0,0.0,400.0,500.0,,5.0,70.0,3.0,8.0,2.0,2.0,0.0,20.0,0.0,0.0,0.0,540.0,,2.0,1360.0,140.0,0.0,,0.0,5222.0
2013-05-29,,1750.0,8.0,126.0,50.0,0.0,17.0,0.0,0.0,0.0,0.0,19.0,0.0,0.0,100.0,0.0,400.0,450.0,,0.0,60.0,3.0,11.0,4.0,14.0,0.0,0.0,0.0,0.0,0.0,1891.0,,16.0,980.0,75.0,0.0,,0.0,5974.0
2013-05-31,,1700.0,4.0,146.0,800.0,0.0,18.0,2.0,1.0,0.0,1.0,79.0,134.0,0.0,100.0,0.0,500.0,450.0,,25.0,119.0,1.0,6.0,4.0,8.0,0.0,0.0,0.0,0.0,0.0,573.0,,2.0,1200.0,0.0,0.0,,0.0,5873.0
2013-06-02,,1000.0,3.0,134.0,300.0,0.0,12.0,1.0,0.0,0.0,1.0,23.0,0.0,0.0,100.0,0.0,400.0,400.0,,11.0,151.0,3.0,17.0,3.0,4.0,0.0,0.0,0.0,0.0,0.0,578.0,,10.0,1800.0,0.0,5.0,,0.0,4956.0
2013-06-04,,1800.0,17.0,164.0,250.0,0.0,7.0,0.0,0.0,0.0,0.0,36.0,0.0,0.0,100.0,0.0,600.0,350.0,,0.0,340.0,3.0,6.0,7.0,5.0,150.0,20.0,0.0,0.0,0.0,574.0,,30.0,1890.0,0.0,15.0,,0.0,6364.0
2013-06-05,,1800.0,3.0,152.0,500.0,0.0,9.0,2.0,1.0,0.0,1.0,73.0,0.0,0.0,100.0,0.0,600.0,500.0,,21.0,445.0,3.0,12.0,3.0,3.0,0.0,40.0,0.0,0.0,0.0,1271.0,,50.0,1540.0,0.0,12.0,,0.0,7141.0
2013-06-06,,1700.0,5.0,155.0,600.0,0.0,7.0,0.0,0.0,0.0,40.0,18.0,0.0,3.0,100.0,0.0,600.0,450.0,,0.0,283.0,1.0,2.0,5.0,7.0,0.0,0.0,0.0,0.0,0.0,526.0,,34.0,1280.0,0.0,32.0,,0.0,5848.0
2013-06-07,,1700.0,4.0,310.0,300.0,0.0,7.0,0.0,0.0,0.0,30.0,30.0,33.0,0.0,100.0,0.0,600.0,400.0,,0.0,229.0,10.0,-17.0,8.0,21.0,0.0,0.0,0.0,0.0,0.0,573.0,,10.0,1980.0,0.0,36.0,,0.0,6364.0
2013-06-08,,1000.0,7.0,173.0,450.0,0.0,10.0,1.0,0.0,4.0,0.0,55.0,0.0,0.0,100.0,137.0,600.0,450.0,,6.0,240.0,5.0,4.0,2.0,4.0,0.0,0.0,0.0,0.0,0.0,617.0,,27.0,1640.0,0.0,12.0,,0.0,5544.0
2013-06-09,,1000.0,1.0,189.0,300.0,0.0,12.0,1.0,0.0,4.0,1.0,40.0,0.0,0.0,100.0,0.0,300.0,500.0,,10.0,81.0,4.0,8.0,3.0,10.0,200.0,0.0,0.0,0.0,0.0,553.0,,50.0,1360.0,0.0,9.0,,0.0,4736.0
2013-06-10,,1500.0,2.0,148.0,500.0,0.0,11.0,1.0,0.0,0.0,1.0,91.0,0.0,87.0,100.0,0.0,600.0,500.0,,10.0,83.0,1.0,0.0,1.0,5.0,0.0,15.0,85.0,22.0,0.0,598.0,,19.0,1832.0,0.0,0.0,,0.0,6212.0
2013-06-11,,1000.0,2.0,151.0,0.0,0.0,11.0,1.0,0.0,0.0,1.0,30.0,0.0,0.0,100.0,0.0,500.0,450.0,,10.0,82.0,4.0,12.0,1.0,1.0,0.0,30.0,0.0,0.0,0.0,566.0,,22.0,1320.0,0.0,18.0,,0.0,4312.0
2013-06-12,,1500.0,10.0,153.0,50.0,0.0,5.0,0.0,0.0,0.0,0.0,40.0,0.0,35.0,100.0,0.0,600.0,400.0,,4.0,82.0,2.0,5.0,8.0,2.0,100.0,40.0,0.0,0.0,0.0,620.0,,47.0,1360.0,0.0,0.0,,0.0,5163.0
2013-06-13,,1500.0,4.0,256.0,75.0,0.0,6.0,0.0,0.0,29.0,0.0,47.0,0.0,0.0,100.0,0.0,450.0,400.0,,4.0,70.0,9.0,13.0,8.0,2.0,0.0,0.0,0.0,0.0,0.0,583.0,,61.0,1340.0,0.0,18.0,,0.0,4975.0
2013-06-14,,1000.0,1.0,10.0,270.0,0.0,4.0,0.0,0.0,0.0,0.0,54.0,0.0,0.0,100.0,0.0,500.0,450.0,,0.0,80.0,4.0,11.0,10.0,8.0,0.0,10.0,0.0,0.0,0.0,586.0,,7.0,1040.0,0.0,8.0,,0.0,4153.0
2013-06-15,,1500.0,8.0,133.0,400.0,0.0,5.0,0.0,0.0,4.0,0.0,30.0,0.0,0.0,100.0,0.0,500.0,450.0,,2.0,118.0,11.0,7.0,11.0,12.0,0.0,18.0,0.0,0.0,0.0,1103.0,,10.0,1320.0,0.0,19.0,,0.0,5761.0
2013-06-16,,1300.0,5.0,80.0,200.0,0.0,5.0,0.0,0.0,17.0,0.0,37.0,0.0,0.0,100.0,0.0,600.0,0.0,,2.0,100.0,2.0,4.0,8.0,2.0,0.0,0.0,0.0,0.0,0.0,547.0,,12.0,0.0,0.0,13.0,,0.0,3034.0
2013-06-17,,1300.0,4.0,140.0,500.0,0.0,40.0,8.0,3.0,12.0,5.0,160.0,0.0,0.0,100.0,0.0,650.0,0.0,,75.0,269.0,5.0,8.0,5.0,3.0,200.0,0.0,0.0,0.0,0.0,577.0,,21.0,1540.0,0.0,12.0,,100.0,5737.0
2013-06-18,,1000.0,4.0,195.0,300.0,0.0,329.0,5.0,2.0,14.0,4.0,120.0,0.0,0.0,100.0,0.0,600.0,125.0,,50.0,304.0,5.0,20.0,4.0,6.0,0.0,20.0,0.0,0.0,0.0,577.0,,39.0,1440.0,0.0,26.0,,0.0,5289.0
2013-06-19,,1000.0,1.0,74.0,0.0,0.0,29.0,6.0,2.0,0.0,4.0,100.0,0.0,0.0,100.0,0.0,600.0,150.0,,53.0,438.0,2.0,1.0,2.0,1.0,0.0,0.0,0.0,0.0,0.0,603.0,,23.0,1540.0,70.0,0.0,,150.0,4949.0
2013-06-20,,1500.0,7.0,160.0,100.0,0.0,275.0,3.0,1.0,0.0,52.0,79.0,20.0,0.0,100.0,0.0,600.0,150.0,,29.0,425.0,4.0,7.0,17.0,1.0,0.0,0.0,0.0,82.0,0.0,546.0,,23.0,810.0,0.0,0.0,,0.0,4991.0
2013-06-21,,1000.0,6.0,158.0,0.0,0.0,7.0,1.0,0.0,0.0,70.0,43.0,0.0,0.0,100.0,0.0,600.0,0.0,,6.0,316.0,11.0,13.0,13.0,2.0,0.0,0.0,180.0,0.0,0.0,565.0,,17.0,1360.0,0.0,0.0,,0.0,4468.0
2013-06-22,,1500.0,18.0,156.0,0.0,0.0,7.0,1.0,0.0,0.0,75.0,37.0,0.0,0.0,100.0,0.0,600.0,0.0,,6.0,215.0,1.0,20.0,11.0,5.0,0.0,20.0,255.0,0.0,0.0,595.0,,15.0,1570.0,0.0,0.0,,0.0,5207.0
2013-06-23,,1000.0,5.0,106.0,400.0,0.0,11.0,2.0,1.0,20.0,1.0,56.0,0.0,0.0,100.0,0.0,500.0,0.0,,15.0,260.0,3.0,3.0,5.0,5.0,0.0,0.0,180.0,0.0,0.0,556.0,,6.0,1360.0,0.0,8.0,,0.0,4603.0
2013-06-24,,1000.0,12.0,121.0,400.0,0.0,8.0,1.0,0.0,0.0,0.0,44.0,0.0,0.0,100.0,0.0,500.0,0.0,,7.0,110.0,2.0,5.0,2.0,2.0,0.0,0.0,0.0,0.0,0.0,566.0,,2.0,1595.0,220.0,13.0,,385.0,5095.0
2013-06-25,,800.0,2.0,183.0,400.0,0.0,13.0,2.0,1.0,0.0,1.0,68.0,67.0,0.0,100.0,0.0,600.0,0.0,,18.0,142.0,2.0,2.0,7.0,5.0,200.0,20.0,1035.0,103.0,0.0,616.0,,5.0,1710.0,140.0,19.0,,0.0,6261.0
2013-06-26,,1000.0,1.0,144.0,400.0,0.0,7.0,1.0,0.0,0.0,25.0,43.0,0.0,0.0,100.0,0.0,600.0,0.0,,5.0,175.0,2.0,1.0,3.0,2.0,200.0,20.0,725.0,0.0,0.0,586.0,,11.0,1690.0,75.0,23.0,,0.0,5839.0
2013-06-26,,1000.0,1.0,144.0,400.0,0.0,7.0,1.0,0.0,0.0,25.0,43.0,0.0,0.0,100.0,0.0,600.0,0.0,,5.0,175.0,2.0,1.0,3.0,2.0,200.0,20.0,725.0,0.0,0.0,586.0,,11.0,1690.0,75.0,23.0,,0.0,5839.0
2013-06-27,,800.0,5.0,164.0,0.0,0.0,317.0,1.0,0.0,7.0,23.0,16.0,0.0,0.0,100.0,122.0,600.0,150.0,,5.0,85.0,2.0,4.0,5.0,3.0,0.0,20.0,400.0,0.0,0.0,591.0,,0.0,950.0,145.0,13.0,,0.0,4528.0
2013-06-29,,1000.0,4.0,147.0,0.0,0.0,14.0,2.0,1.0,0.0,61.0,71.0,0.0,0.0,100.0,0.0,650.0,150.0,,21.0,249.0,0.0,2.0,12.0,0.0,0.0,0.0,400.0,0.0,0.0,587.0,,0.0,150.0,0.0,0.0,,0.0,3621.0
2013-06-30,,1000.0,8.0,180.0,0.0,0.0,10.0,1.0,1.0,120.0,1.0,53.0,18.0,0.0,100.0,0.0,600.0,0.0,,12.0,225.0,8.0,8.0,4.0,5.0,0.0,0.0,400.0,0.0,0.0,547.0,,4.0,1270.0,0.0,0.0,,0.0,4575.0
2013-07-01,,1000.0,4.0,98.0,200.0,0.0,17.0,3.0,1.0,0.0,52.0,55.0,0.0,0.0,100.0,0.0,900.0,350.0,,26.0,220.0,6.0,17.0,1.0,4.0,0.0,10.0,400.0,0.0,0.0,594.0,,17.0,1900.0,145.0,0.0,,350.0,6470.0
2013-07-02,,2500.0,2.0,20.0,200.0,0.0,12.0,2.0,1.0,0.0,36.0,62.0,0.0,0.0,100.0,0.0,600.0,0.0,,17.0,138.0,1.0,4.0,4.0,3.0,200.0,0.0,400.0,315.0,0.0,581.0,,1.0,1460.0,215.0,27.0,,300.0,7201.0
2013-07-03,,1200.0,3.0,179.0,250.0,0.0,13.0,2.0,1.0,0.0,51.0,79.0,0.0,0.0,100.0,0.0,450.0,150.0,,18.0,158.0,3.0,7.0,4.0,2.0,200.0,0.0,400.0,0.0,0.0,554.0,,3.0,1840.0,180.0,8.0,22.0,0.0,5877.0
2013-07-04,,1500.0,1.0,155.0,450.0,0.0,197.0,2.0,1.0,2.0,29.0,2.0,0.0,0.0,100.0,0.0,550.0,0.0,,18.0,120.0,2.0,2.0,5.0,3.0,200.0,0.0,400.0,0.0,0.0,554.0,,25.0,1500.0,75.0,11.0,4.0,0.0,5908.0
2013-07-04,,1500.0,1.0,155.0,450.0,0.0,197.0,2.0,1.0,2.0,29.0,2.0,0.0,0.0,100.0,0.0,550.0,0.0,,18.0,120.0,2.0,2.0,5.0,3.0,200.0,0.0,400.0,0.0,0.0,554.0,,25.0,1500.0,75.0,11.0,4.0,0.0,5908.0
2013-07-05,,2000.0,7.0,195.0,0.0,0.0,148.0,2.0,1.0,124.0,15.0,141.0,0.0,0.0,100.0,0.0,800.0,0.0,,19.0,133.0,4.0,5.0,3.0,2.0,150.0,0.0,1200.0,0.0,0.0,587.0,,31.0,2545.0,195.0,14.0,8.0,0.0,8429.0
2013-07-06,,900.0,2.0,75.0,100.0,0.0,4.0,0.0,0.0,0.0,0.0,25.0,0.0,0.0,100.0,0.0,600.0,0.0,,0.0,153.0,1.0,1.0,6.0,1.0,0.0,0.0,925.0,0.0,0.0,607.0,,1.0,1440.0,195.0,100.0,10.0,300.0,5546.0
2013-07-07,,1000.0,4.0,136.0,140.0,0.0,251.0,1.0,0.0,0.0,1.0,96.0,0.0,0.0,100.0,0.0,450.0,0.0,,10.0,95.0,8.0,3.0,2.0,1.0,0.0,0.0,400.0,0.0,0.0,548.0,,1.0,1040.0,70.0,11.0,14.0,0.0,4382.0
2013-07-08,,2000.0,3.0,221.0,0.0,0.0,176.0,0.0,0.0,0.0,65.0,33.0,0.0,0.0,100.0,0.0,500.0,150.0,,2.0,94.0,1.0,5.0,7.0,4.0,0.0,0.0,400.0,0.0,0.0,548.0,,26.0,940.0,155.0,6.0,7.0,0.0,5443.0
2013-07-09,,1000.0,4.0,165.0,540.0,0.0,4.0,0.0,0.0,0.0,60.0,8.0,0.0,0.0,100.0,0.0,500.0,75.0,,0.0,61.0,3.0,2.0,10.0,1.0,0.0,0.0,0.0,391.0,0.0,598.0,,72.0,1010.0,245.0,0.0,9.0,235.0,5093.0
2013-07-10,,1500.0,2.0,182.0,300.0,0.0,6.0,0.0,0.0,0.0,0.0,37.0,0.0,0.0,100.0,0.0,600.0,0.0,,4.0,70.0,2.0,6.0,2.0,4.0,0.0,0.0,0.0,123.0,0.0,598.0,,51.0,2050.0,225.0,11.0,1.0,0.0,5874.0
2013-07-11,,0.0,4.0,214.0,300.0,0.0,10.0,1.0,0.0,0.0,1.0,53.0,0.0,0.0,100.0,0.0,700.0,75.0,,12.0,84.0,5.0,13.0,6.0,4.0,250.0,0.0,0.0,0.0,0.0,599.0,,13.0,2190.0,265.0,12.0,24.0,0.0,4935.0
2013-07-12,,800.0,7.0,152.0,0.0,0.0,10.0,1.0,0.0,8.0,1.0,34.0,0.0,0.0,100.0,0.0,600.0,150.0,,12.0,80.0,2.0,15.0,1.0,2.0,0.0,0.0,400.0,0.0,0.0,599.0,,25.0,1900.0,155.0,0.0,3.0,0.0,5057.0
2013-07-13,,800.0,5.0,105.0,100.0,0.0,10.0,1.0,0.0,0.0,1.0,39.0,0.0,0.0,100.0,0.0,600.0,0.0,,12.0,84.0,2.0,0.0,2.0,1.0,0.0,0.0,750.0,0.0,0.0,586.0,,31.0,1900.0,75.0,13.0,24.0,0.0,5241.0
2013-07-14,,1000.0,4.0,162.0,0.0,0.0,51.0,1.0,0.0,13.0,1.0,46.0,0.0,0.0,100.0,0.0,550.0,0.0,,9.0,80.0,5.0,10.0,10.0,2.0,0.0,0.0,615.0,0.0,0.0,489.0,,41.0,1900.0,0.0,0.0,14.0,0.0,5103.0
2013-07-15,,800.0,1.0,168.0,0.0,0.0,9.0,1.0,0.0,62.0,1.0,40.0,0.0,0.0,100.0,0.0,500.0,0.0,,9.0,79.0,7.0,8.0,5.0,7.0,0.0,0.0,790.0,0.0,0.0,566.0,,35.0,1450.0,0.0,0.0,1.0,0.0,4639.0
2013-07-16,,1000.0,4.0,160.0,0.0,0.0,15.0,3.0,1.0,2.0,2.0,80.0,0.0,0.0,100.0,0.0,500.0,75.0,,29.0,129.0,1.0,14.0,3.0,4.0,0.0,0.0,865.0,0.0,0.0,594.0,,39.0,1680.0,0.0,5.0,3.0,0.0,5308.0
2013-07-17,,1000.0,6.0,161.0,350.0,0.0,101.0,3.0,1.0,0.0,2.0,79.0,0.0,0.0,100.0,0.0,600.0,75.0,,30.0,127.0,9.0,12.0,1.0,3.0,150.0,0.0,615.0,0.0,0.0,578.0,,18.0,2150.0,285.0,28.0,4.0,0.0,6488.0
2013-07-18,,0.0,5.0,143.0,300.0,0.0,40.0,2.0,1.0,48.0,1.0,72.0,0.0,0.0,100.0,0.0,600.0,75.0,,23.0,111.0,2.0,10.0,2.0,2.0,0.0,0.0,615.0,0.0,0.0,578.0,,33.0,1680.0,110.0,15.0,10.0,0.0,4578.0
2013-07-19,,0.0,3.0,155.0,450.0,0.0,17.0,1.0,0.0,0.0,1.0,46.0,64.0,0.0,100.0,0.0,600.0,150.0,,10.0,78.0,4.0,7.0,2.0,4.0,200.0,0.0,940.0,0.0,0.0,581.0,,24.0,1340.0,0.0,18.0,23.0,0.0,4818.0
2013-07-20,,600.0,3.0,198.0,300.0,0.0,17.0,1.0,0.0,0.0,1.0,37.0,0.0,0.0,100.0,0.0,600.0,75.0,,10.0,77.0,6.0,6.0,1.0,5.0,200.0,0.0,0.0,0.0,0.0,591.0,,40.0,1280.0,110.0,13.0,16.0,0.0,4287.0
2013-07-21,,500.0,6.0,158.0,0.0,0.0,17.0,1.0,0.0,0.0,1.0,10.0,0.0,0.0,100.0,0.0,300.0,0.0,,10.0,79.0,6.0,9.0,2.0,5.0,0.0,0.0,0.0,0.0,0.0,505.0,,22.0,1790.0,0.0,14.0,6.0,0.0,3541.0
2013-07-22,,800.0,6.0,168.0,0.0,0.0,16.0,1.0,0.0,0.0,0.0,46.0,0.0,0.0,100.0,0.0,400.0,0.0,,8.0,73.0,2.0,10.0,8.0,5.0,0.0,0.0,0.0,0.0,0.0,550.0,,43.0,640.0,200.0,34.0,3.0,0.0,3113.0
2013-07-23,,1000.0,10.0,196.0,0.0,0.0,26.0,103.0,1.0,8.0,2.0,77.0,0.0,0.0,100.0,0.0,400.0,75.0,,30.0,122.0,3.0,1.0,10.0,1.0,0.0,0.0,690.0,0.0,0.0,550.0,,21.0,3185.0,240.0,14.0,7.0,0.0,6872.0
2013-07-24,,500.0,32.0,159.0,0.0,0.0,22.0,102.0,1.0,0.0,1.0,61.0,0.0,0.0,100.0,0.0,300.0,75.0,,20.0,100.0,1.0,0.0,1.0,2.0,0.0,0.0,690.0,0.0,0.0,599.0,,37.0,1900.0,260.0,0.0,14.0,0.0,4977.0
2013-07-25,,500.0,30.0,236.0,400.0,0.0,24.0,72.0,1.0,0.0,1.0,68.0,0.0,0.0,100.0,0.0,500.0,75.0,,23.0,112.0,1.0,1.0,1.0,2.0,0.0,0.0,610.0,0.0,0.0,564.0,,29.0,2340.0,230.0,28.0,4.0,0.0,5952.0
2013-07-26,,300.0,7.0,302.0,400.0,0.0,12.0,55.0,0.0,0.0,0.0,21.0,123.0,0.0,100.0,0.0,700.0,150.0,,0.0,53.0,2.0,3.0,1.0,1.0,0.0,30.0,610.0,0.0,0.0,576.0,,40.0,1850.0,35.0,12.0,1.0,0.0,5384.0
2013-07-28,,500.0,1.0,98.0,550.0,0.0,257.0,32.0,1.0,0.0,1.0,62.0,0.0,0.0,100.0,0.0,500.0,0.0,,19.0,103.0,1.0,1.0,4.0,2.0,0.0,0.0,800.0,0.0,0.0,543.0,,29.0,1900.0,0.0,0.0,18.0,100.0,5622.0
2013-07-29,,500.0,1.0,207.0,0.0,0.0,40.0,33.0,1.0,0.0,2.0,72.0,0.0,0.0,100.0,0.0,850.0,150.0,,26.0,108.0,1.0,1.0,1.0,1.0,0.0,0.0,875.0,184.0,0.0,542.0,,44.0,1900.0,0.0,21.0,23.0,0.0,5683.0
2013-07-30,,1000.0,4.0,181.0,100.0,0.0,37.0,18.0,1.0,131.0,2.0,70.0,0.0,0.0,100.0,0.0,600.0,150.0,,23.0,108.0,1.0,2.0,2.0,4.0,0.0,40.0,870.0,126.0,0.0,588.0,,22.0,2612.0,30.0,21.0,15.0,0.0,6858.0
2013-07-31,,500.0,5.0,184.0,0.0,0.0,27.0,15.0,0.0,0.0,0.0,49.0,0.0,0.0,100.0,0.0,400.0,0.0,,0.0,50.0,6.0,13.0,2.0,1.0,0.0,30.0,1015.0,0.0,0.0,566.0,,23.0,1900.0,80.0,0.0,5.0,350.0,5321.0
2013-08-01,,500.0,4.0,204.0,0.0,0.0,27.0,0.0,0.0,1.0,0.0,40.0,0.0,0.0,100.0,0.0,450.0,75.0,,0.0,50.0,4.0,8.0,1.0,8.0,0.0,20.0,690.0,390.0,0.0,584.0,,10.0,2520.0,0.0,17.0,4.0,0.0,5707.0
2013-08-02,,0.0,5.0,210.0,350.0,0.0,38.0,2.0,1.0,0.0,1.0,63.0,9.0,0.0,100.0,0.0,700.0,150.0,,21.0,100.0,6.0,1.0,1.0,2.0,0.0,0.0,615.0,64.0,0.0,558.0,,13.0,1890.0,0.0,15.0,16.0,0.0,4931.0
2013-08-03,,0.0,2.0,265.0,300.0,0.0,41.0,3.0,1.0,0.0,2.0,73.0,9.0,0.0,100.0,0.0,500.0,150.0,,30.0,120.0,2.0,10.0,1.0,7.0,0.0,30.0,915.0,0.0,0.0,567.0,,40.0,2350.0,0.0,27.0,21.0,0.0,5566.0
2013-08-04,,0.0,3.0,116.0,300.0,0.0,163.0,3.0,1.0,0.0,1.0,65.0,17.0,0.0,100.0,0.0,500.0,0.0,,24.0,105.0,1.0,7.0,2.0,3.0,0.0,0.0,765.0,0.0,0.0,561.0,,18.0,1820.0,0.0,64.0,1.0,0.0,4640.0
2013-08-05,,0.0,3.0,208.0,300.0,0.0,35.0,2.0,1.0,75.0,1.0,55.0,0.0,63.0,100.0,0.0,850.0,150.0,,18.0,95.0,8.0,5.0,1.0,3.0,200.0,30.0,615.0,0.0,0.0,579.0,,37.0,1820.0,155.0,25.0,23.0,0.0,5457.0
2013-08-06,,0.0,2.0,165.0,0.0,0.0,30.0,1.0,0.0,5.0,0.0,37.0,0.0,0.0,100.0,0.0,800.0,150.0,,6.0,69.0,3.0,5.0,1.0,2.0,0.0,40.0,0.0,0.0,0.0,512.0,,46.0,1400.0,355.0,22.0,0.0,0.0,3751.0
2013-08-07,,0.0,2.0,205.0,100.0,0.0,35.0,2.0,1.0,0.0,1.0,59.0,0.0,0.0,100.0,0.0,1000.0,150.0,,18.0,102.0,5.0,5.0,2.0,1.0,0.0,30.0,0.0,0.0,0.0,565.0,,46.0,1320.0,100.0,22.0,1.0,0.0,3872.0
2013-08-08,,0.0,1.0,230.0,0.0,0.0,55.0,7.0,3.0,20.0,5.0,134.0,0.0,0.0,100.0,0.0,1100.0,0.0,,62.0,211.0,1.0,1.0,1.0,1.0,0.0,30.0,0.0,0.0,0.0,503.0,,15.0,1740.0,190.0,0.0,5.0,200.0,4615.0
2013-08-09,,200.0,6.0,270.0,0.0,0.0,66.0,6.0,3.0,0.0,4.0,129.0,0.0,0.0,100.0,0.0,900.0,75.0,,60.0,205.0,2.0,2.0,7.0,2.0,0.0,0.0,0.0,0.0,0.0,538.0,,24.0,130.0,0.0,0.0,5.0,0.0,2734.0
2013-08-10,,750.0,3.0,133.0,300.0,0.0,127.0,7.0,3.0,0.0,4.0,43.0,0.0,0.0,100.0,0.0,500.0,150.0,,62.0,207.0,3.0,6.0,1.0,3.0,0.0,30.0,0.0,0.0,0.0,562.0,,28.0,1870.0,0.0,3.0,4.0,0.0,4899.0
2013-08-11,,1000.0,3.0,137.0,375.0,0.0,14.0,1.0,1.0,0.0,1.0,52.0,0.0,0.0,100.0,0.0,550.0,0.0,,14.0,89.0,1.0,6.0,7.0,13.0,0.0,0.0,0.0,0.0,0.0,582.0,,17.0,1810.0,0.0,8.0,1.0,0.0,4782.0
2013-08-12,,2500.0,2.0,114.0,350.0,0.0,13.0,1.0,0.0,0.0,1.0,49.0,0.0,0.0,100.0,0.0,1000.0,150.0,,12.0,123.0,3.0,5.0,3.0,1.0,200.0,0.0,0.0,0.0,0.0,574.0,,10.0,1580.0,195.0,31.0,1.0,75.0,7093.0
2013-08-14,,50.0,1.0,157.0,250.0,0.0,8.0,0.0,0.0,0.0,0.0,34.0,0.0,0.0,100.0,0.0,1200.0,150.0,,2.0,181.0,2.0,5.0,2.0,1.0,200.0,20.0,0.0,0.0,0.0,590.0,,34.0,1830.0,235.0,40.0,0.0,35.0,5127.0
2013-08-15,,0.0,3.0,134.0,0.0,0.0,14.0,1.0,0.0,0.0,1.0,54.0,0.0,0.0,100.0,0.0,600.0,75.0,,14.0,110.0,7.0,10.0,2.0,1.0,0.0,0.0,0.0,0.0,0.0,300.0,,42.0,2030.0,25.0,34.0,1.0,0.0,3558.0
2013-08-16,,0.0,8.0,153.0,250.0,0.0,13.0,2.0,1.0,0.0,1.0,52.0,0.0,0.0,100.0,0.0,600.0,150.0,,14.0,287.0,1.0,15.0,5.0,3.0,0.0,0.0,0.0,0.0,0.0,510.0,,36.0,1830.0,0.0,0.0,1.0,0.0,4032.0
2013-08-17,,0.0,3.0,181.0,100.0,0.0,13.0,2.0,0.0,0.0,1.0,80.0,0.0,0.0,100.0,0.0,300.0,150.0,,14.0,217.0,2.0,6.0,1.0,1.0,0.0,0.0,0.0,0.0,0.0,300.0,,40.0,1750.0,0.0,0.0,1.0,0.0,3262.0
2013-08-18,,0.0,15.0,121.0,400.0,0.0,13.0,2.0,1.0,0.0,1.0,71.0,0.0,0.0,100.0,0.0,400.0,0.0,,13.0,235.0,8.0,10.0,2.0,7.0,0.0,0.0,0.0,0.0,0.0,234.0,,34.0,1300.0,0.0,12.0,1.0,55.0,3035.0
2013-08-19,,0.0,5.0,173.0,300.0,0.0,12.0,2.0,1.0,0.0,1.0,40.0,0.0,0.0,100.0,0.0,300.0,150.0,,13.0,259.0,1.0,15.0,3.0,2.0,0.0,30.0,0.0,0.0,0.0,207.0,,53.0,1880.0,100.0,15.0,1.0,0.0,3663.0
2013-08-20,,0.0,5.0,159.0,200.0,0.0,12.0,1.0,0.0,0.0,1.0,40.0,0.0,0.0,100.0,0.0,250.0,150.0,,12.0,271.0,1.0,7.0,2.0,5.0,200.0,0.0,0.0,0.0,0.0,200.0,,40.0,2270.0,140.0,15.0,1.0,0.0,4082.0
2013-08-21,,0.0,2.0,160.0,500.0,0.0,131.0,3.0,1.0,0.0,2.0,79.0,0.0,0.0,100.0,0.0,350.0,150.0,,27.0,441.0,5.0,2.0,1.0,3.0,0.0,0.0,0.0,60.0,0.0,212.0,,33.0,1830.0,150.0,36.0,1.0,0.0,4279.0
2013-08-22,,0.0,1.0,106.0,300.0,0.0,300.0,6.0,2.0,0.0,3.0,502.0,0.0,0.0,100.0,0.0,300.0,150.0,,42.0,630.0,2.0,7.0,1.0,1.0,0.0,0.0,0.0,242.0,0.0,214.0,,36.0,2270.0,0.0,27.0,2.0,400.0,5644.0
2013-08-23,,0.0,1.0,176.0,200.0,0.0,48.0,7.0,3.0,205.0,4.0,628.0,0.0,14.0,100.0,0.0,300.0,150.0,,59.0,393.0,5.0,11.0,2.0,3.0,250.0,30.0,0.0,281.0,0.0,210.0,,61.0,2220.0,105.0,9.0,3.0,300.0,5778.0
2013-08-24,,0.0,1.0,166.0,100.0,0.0,464.0,3.0,1.0,205.0,2.0,79.0,0.0,0.0,100.0,0.0,300.0,75.0,,27.0,360.0,5.0,5.0,1.0,2.0,0.0,0.0,0.0,101.0,0.0,360.0,,39.0,2340.0,70.0,15.0,1.0,0.0,4822.0
2013-08-25,,0.0,5.0,142.0,0.0,0.0,219.0,3.0,1.0,5.0,2.0,40.0,0.0,0.0,100.0,0.0,400.0,75.0,,23.0,327.0,0.0,2.0,-3.0,2.0,0.0,0.0,0.0,0.0,0.0,235.0,,26.0,1860.0,0.0,0.0,1.0,0.0,3465.0
2013-08-26,,0.0,1.0,170.0,475.0,0.0,256.0,1.0,3.0,0.0,2.0,72.0,474.0,0.0,100.0,0.0,500.0,150.0,,24.0,363.0,19.0,0.0,1.0,1.0,0.0,0.0,0.0,0.0,0.0,205.0,,5.0,1950.0,80.0,100.0,1.0,0.0,4953.0
2013-08-27,,0.0,6.0,186.0,500.0,0.0,32.0,4.0,1.0,0.0,2.0,89.0,123.0,0.0,100.0,0.0,600.0,250.0,,33.0,527.0,3.0,14.0,7.0,3.0,0.0,50.0,0.0,0.0,0.0,198.0,,46.0,1380.0,0.0,6.0,2.0,0.0,4162.0
2013-08-30,,500.0,2.0,224.0,200.0,0.0,412.0,7.0,3.0,0.0,5.0,63.0,493.0,0.0,100.0,0.0,300.0,150.0,,69.0,719.0,1.0,1.0,1.0,8.0,0.0,0.0,0.0,86.0,0.0,1444.0,,10.0,1860.0,150.0,0.0,4.0,100.0,6912.0
2013-08-31,,0.0,11.0,173.0,0.0,0.0,258.0,3.0,1.0,0.0,2.0,95.0,225.0,7.0,100.0,0.0,300.0,150.0,,29.0,657.0,2.0,13.0,1.0,4.0,0.0,0.0,0.0,256.0,0.0,1098.0,,48.0,2100.0,250.0,0.0,2.0,200.0,5985.0
2013-09-01,,0.0,2.0,159.0,300.0,0.0,32.0,3.0,1.0,0.0,2.0,40.0,0.0,0.0,100.0,0.0,350.0,75.0,,28.0,617.0,3.0,5.0,4.0,6.0,0.0,0.0,0.0,0.0,0.0,229.0,,46.0,3530.0,105.0,13.0,2.0,0.0,5652.0
2013-09-02,,200.0,2.0,184.0,0.0,0.0,26.0,2.0,1.0,0.0,1.0,55.0,402.0,0.0,100.0,0.0,300.0,75.0,,17.0,696.0,4.0,0.0,0.0,0.0,0.0,0.0,0.0,0.0,0.0,1339.0,,37.0,2867.0,155.0,0.0,1.0,0.0,6464.0
2013-09-03,,200.0,5.0,155.0,350.0,0.0,40.0,5.0,2.0,0.0,3.0,3.0,182.0,0.0,100.0,0.0,400.0,75.0,,51.0,750.0,8.0,2.0,2.0,3.0,120.0,0.0,0.0,362.0,0.0,205.0,,42.0,3610.0,75.0,25.0,3.0,0.0,6778.0
2013-09-04,,300.0,3.0,182.0,400.0,0.0,45.0,8.0,3.0,42.0,39.0,141.0,387.0,0.0,100.0,0.0,400.0,0.0,,78.0,1034.0,5.0,1.0,2.0,3.0,0.0,20.0,0.0,297.0,0.0,189.0,,40.0,3740.0,150.0,17.0,4.0,0.0,7630.0
2013-09-05,,0.0,2.0,201.0,250.0,0.0,31.0,4.0,2.0,29.0,3.0,106.0,13.0,0.0,100.0,0.0,450.0,150.0,,45.0,762.0,5.0,11.0,1.0,5.0,200.0,0.0,0.0,0.0,0.0,201.0,,23.0,3925.0,185.0,18.0,2.0,0.0,6724.0
2013-09-06,,275.0,3.0,198.0,300.0,0.0,32.0,4.0,2.0,0.0,3.0,71.0,0.0,0.0,100.0,0.0,450.0,150.0,,46.0,743.0,10.0,20.0,4.0,6.0,200.0,0.0,0.0,905.0,0.0,206.0,,40.0,3775.0,150.0,13.0,2.0,0.0,7708.0
2013-09-07,,300.0,2.0,170.0,200.0,0.0,32.0,4.0,2.0,0.0,3.0,431.0,713.0,0.0,100.0,0.0,300.0,150.0,,46.0,792.0,5.0,1.0,1.0,1.0,0.0,0.0,0.0,265.0,0.0,208.0,,49.0,1830.0,295.0,0.0,2.0,0.0,5902.0
2013-09-08,,200.0,2.0,141.0,200.0,0.0,197.0,2.0,1.0,0.0,1.0,70.0,0.0,0.0,100.0,0.0,300.0,0.0,,26.0,721.0,3.0,3.0,3.0,6.0,0.0,0.0,0.0,0.0,0.0,219.0,,50.0,1780.0,75.0,0.0,1.0,0.0,4101.0
2013-09-09,,0.0,3.0,141.0,100.0,0.0,70.0,2.0,1.0,0.0,1.0,31.0,0.0,0.0,100.0,0.0,400.0,150.0,,22.0,100.0,5.0,13.0,2.0,4.0,0.0,0.0,0.0,0.0,0.0,204.0,,37.0,2075.0,195.0,14.0,1.0,0.0,3671.0
2013-09-10,,0.0,7.0,201.0,0.0,0.0,58.0,2.0,1.0,0.0,1.0,156.0,231.0,47.0,100.0,0.0,300.0,75.0,,24.0,309.0,7.0,12.0,5.0,6.0,0.0,0.0,0.0,213.0,0.0,218.0,,45.0,2985.0,225.0,13.0,1.0,0.0,5242.0
2013-09-11,,0.0,3.0,233.0,400.0,0.0,20.0,2.0,1.0,0.0,1.0,86.0,0.0,0.0,100.0,0.0,300.0,150.0,,24.0,106.0,11.0,46.0,2.0,4.0,0.0,0.0,0.0,0.0,0.0,202.0,,21.0,2660.0,155.0,11.0,1.0,0.0,4539.0
2013-09-12,,0.0,2.0,166.0,550.0,0.0,43.0,6.0,3.0,0.0,4.0,147.0,12.0,0.0,100.0,0.0,0.0,0.0,,323.0,217.0,5.0,17.0,8.0,1.0,0.0,0.0,0.0,54.0,0.0,180.0,,27.0,2760.0,225.0,30.0,3.0,205.0,5088.0
2013-09-13,,0.0,11.0,227.0,0.0,0.0,16.0,1.0,0.0,0.0,1.0,51.0,0.0,17.0,100.0,0.0,300.0,150.0,,16.0,86.0,5.0,2.0,2.0,1.0,200.0,0.0,0.0,251.0,0.0,190.0,,32.0,2450.0,195.0,85.0,1.0,0.0,4390.0
2013-09-15,,0.0,1.0,182.0,150.0,0.0,10.0,0.0,0.0,0.0,0.0,0.0,0.0,44.0,100.0,0.0,300.0,0.0,,0.0,54.0,1.0,0.0,6.0,2.0,0.0,0.0,0.0,0.0,0.0,222.0,,9.0,2050.0,225.0,13.0,0.0,0.0,3369.0
2013-09-16,,0.0,3.0,142.0,0.0,0.0,10.0,0.0,0.0,0.0,0.0,12.0,30.0,0.0,100.0,0.0,300.0,0.0,,0.0,55.0,1.0,15.0,6.0,3.0,0.0,0.0,0.0,0.0,0.0,187.0,,27.0,2000.0,225.0,30.0,0.0,80.0,3226.0
2013-09-17,,0.0,2.0,167.0,0.0,0.0,10.0,0.0,0.0,6.0,0.0,20.0,0.0,76.0,100.0,0.0,300.0,0.0,,0.0,55.0,1.0,1.0,1.0,2.0,0.0,0.0,0.0,0.0,0.0,211.0,,1.0,2005.0,155.0,0.0,0.0,0.0,3113.0
2013-09-18,,0.0,5.0,152.0,0.0,0.0,10.0,0.0,0.0,0.0,0.0,33.0,42.0,37.0,100.0,0.0,300.0,0.0,,0.0,55.0,16.0,14.0,2.0,7.0,0.0,0.0,0.0,0.0,0.0,195.0,,23.0,1580.0,250.0,28.0,0.0,0.0,2849.0
2013-09-19,,0.0,8.0,147.0,500.0,0.0,14.0,1.0,0.0,0.0,1.0,52.0,128.0,0.0,100.0,0.0,300.0,0.0,,10.0,75.0,2.0,13.0,4.0,13.0,0.0,0.0,0.0,0.0,0.0,211.0,,3.0,1920.0,205.0,4.0,0.0,0.0,3711.0
2013-09-21,,0.0,2.0,114.0,400.0,0.0,10.0,0.0,0.0,0.0,0.0,0.0,0.0,0.0,100.0,0.0,300.0,0.0,,0.0,94.0,2.0,7.0,8.0,2.0,200.0,0.0,0.0,0.0,0.0,188.0,,16.0,2220.0,0.0,18.0,0.0,0.0,3681.0
2013-09-22,,0.0,1.0,118.0,400.0,0.0,10.0,0.0,0.0,5.0,0.0,50.0,0.0,0.0,100.0,0.0,250.0,0.0,,0.0,148.0,2.0,11.0,2.0,2.0,200.0,0.0,0.0,0.0,0.0,198.0,,43.0,2155.0,80.0,20.0,0.0,0.0,3795.0
2013-09-24,,0.0,0.0,170.0,0.0,0.0,22.0,0.0,0.0,0.0,0.0,24.0,0.0,0.0,100.0,0.0,300.0,150.0,,0.0,128.0,9.0,0.0,6.0,2.0,0.0,40.0,0.0,0.0,0.0,222.0,,23.0,1950.0,150.0,48.0,1.0,0.0,3345.0
2013-09-25,,0.0,3.0,130.0,0.0,0.0,24.0,0.0,0.0,0.0,0.0,37.0,73.0,0.0,100.0,0.0,300.0,150.0,,5.0,415.0,7.0,7.0,3.0,4.0,0.0,40.0,0.0,0.0,0.0,207.0,,26.0,1900.0,270.0,65.0,0.0,0.0,3766.0
2013-09-26,,0.0,5.0,203.0,0.0,0.0,26.0,1.0,0.0,0.0,1.0,40.0,0.0,0.0,100.0,0.0,0.0,150.0,,9.0,338.0,8.0,11.0,5.0,2.0,0.0,40.0,0.0,0.0,0.0,200.0,,23.0,1930.0,225.0,24.0,0.0,300.0,3641.0
2013-09-27,,250.0,2.0,236.0,-500.0,0.0,26.0,1.0,0.0,0.0,1.0,40.0,343.0,0.0,100.0,0.0,500.0,150.0,,9.0,86.0,14.0,14.0,2.0,2.0,0.0,30.0,0.0,0.0,0.0,190.0,,42.0,2215.0,310.0,-23.0,0.0,-390.0,3650.0
2013-09-28,,0.0,9.0,378.0,500.0,0.0,22.0,0.0,0.0,0.0,0.0,43.0,0.0,0.0,100.0,0.0,300.0,0.0,,0.0,340.0,7.0,2.0,2.0,28.0,0.0,20.0,0.0,0.0,0.0,183.0,,27.0,1880.0,155.0,32.0,0.0,0.0,4028.0
2013-09-29,,0.0,6.0,209.0,300.0,0.0,22.0,0.0,0.0,0.0,0.0,18.0,18.0,0.0,100.0,0.0,300.0,150.0,,0.0,133.0,9.0,17.0,2.0,3.0,200.0,0.0,0.0,0.0,0.0,213.0,,16.0,2150.0,0.0,0.0,0.0,0.0,3866.0
2013-09-30,,150.0,3.0,117.0,0.0,0.0,22.0,0.0,0.0,0.0,0.0,37.0,0.0,0.0,100.0,0.0,300.0,150.0,,0.0,482.0,2.0,13.0,2.0,5.0,0.0,0.0,0.0,0.0,0.0,203.0,,35.0,2100.0,225.0,0.0,0.0,0.0,3946.0
2013-10-01,,500.0,2.0,92.0,0.0,0.0,22.0,0.0,0.0,0.0,0.0,33.0,334.0,0.0,100.0,0.0,300.0,150.0,,0.0,507.0,1.0,4.0,5.0,2.0,0.0,0.0,0.0,0.0,0.0,309.0,,42.0,2485.0,70.0,29.0,0.0,0.0,4987.0
2013-10-02,,0.0,1.0,142.0,100.0,0.0,22.0,0.0,0.0,0.0,0.0,20.0,0.0,0.0,100.0,0.0,300.0,150.0,,0.0,338.0,2.0,5.0,4.0,4.0,0.0,0.0,0.0,0.0,0.0,530.0,,7.0,2230.0,0.0,8.0,0.0,200.0,4163.0
2013-10-03,,0.0,1.0,165.0,0.0,0.0,68.0,0.0,0.0,0.0,0.0,33.0,0.0,0.0,100.0,0.0,300.0,176.0,,4.0,309.0,3.0,13.0,4.0,3.0,0.0,55.0,0.0,0.0,0.0,667.0,,20.0,2460.0,0.0,0.0,0.0,0.0,4381.0
2013-10-04,,1200.0,2.0,102.0,0.0,0.0,34.0,3.0,1.0,0.0,2.0,74.0,0.0,0.0,100.0,0.0,300.0,550.0,,26.0,135.0,9.0,8.0,10.0,3.0,0.0,70.0,0.0,0.0,0.0,633.0,,49.0,2130.0,60.0,0.0,0.0,0.0,5501.0
2013-10-05,,1500.0,8.0,149.0,350.0,0.0,24.0,0.0,0.0,0.0,0.0,37.0,61.0,0.0,100.0,0.0,350.0,300.0,,4.0,66.0,11.0,8.0,4.0,1.0,0.0,65.0,0.0,0.0,0.0,671.0,,14.0,2115.0,80.0,18.0,0.0,0.0,5936.0
2013-10-06,,600.0,2.0,175.0,300.0,0.0,22.0,0.0,0.0,0.0,0.0,37.0,0.0,0.0,100.0,0.0,400.0,125.0,,0.0,53.0,1.0,5.0,2.0,2.0,0.0,15.0,0.0,0.0,0.0,627.0,,2.0,2615.0,0.0,12.0,0.0,0.0,5095.0
2013-10-07,,3500.0,1.0,204.0,100.0,0.0,27.0,2.0,1.0,31.0,1.0,58.0,489.0,4.0,100.0,0.0,300.0,150.0,,20.0,106.0,4.0,5.0,7.0,1.0,200.0,45.0,0.0,0.0,0.0,525.0,,3.0,2505.0,80.0,0.0,1.0,0.0,8470.0
2013-10-08,,2500.0,2.0,127.0,300.0,0.0,19.0,0.0,0.0,0.0,0.0,37.0,99.0,0.0,100.0,0.0,350.0,150.0,,0.0,61.0,2.0,1.0,4.0,4.0,0.0,45.0,0.0,0.0,0.0,654.0,,10.0,2365.0,75.0,0.0,0.0,0.0,6905.0
2013-10-09,,2000.0,1.0,107.0,150.0,0.0,19.0,0.0,0.0,0.0,0.0,17.0,208.0,0.0,100.0,0.0,300.0,150.0,,0.0,62.0,5.0,1.0,6.0,2.0,0.0,30.0,0.0,0.0,0.0,657.0,,0.0,2695.0,75.0,0.0,0.0,0.0,6585.0
2013-10-10,,500.0,2.0,104.0,0.0,0.0,19.0,0.0,0.0,0.0,0.0,30.0,374.0,0.0,100.0,0.0,300.0,75.0,,0.0,58.0,1.0,13.0,7.0,1.0,0.0,28.0,0.0,0.0,0.0,643.0,,5.0,2150.0,145.0,78.0,0.0,0.0,4633.0
2013-10-11,,200.0,4.0,85.0,0.0,0.0,19.0,0.0,0.0,0.0,0.0,12.0,287.0,0.0,100.0,0.0,350.0,150.0,,0.0,52.0,2.0,10.0,3.0,1.0,0.0,40.0,0.0,0.0,0.0,610.0,,2.0,2100.0,0.0,0.0,0.0,0.0,4027.0
2013-10-12,,0.0,4.0,43.0,0.0,0.0,19.0,0.0,0.0,0.0,0.0,30.0,168.0,0.0,100.0,0.0,350.0,450.0,,0.0,55.0,8.0,3.0,1.0,2.0,0.0,20.0,0.0,0.0,0.0,651.0,,0.0,1780.0,0.0,25.0,0.0,0.0,3709.0
2013-10-13,,0.0,6.0,72.0,900.0,0.0,19.0,0.0,0.0,0.0,0.0,6.0,0.0,0.0,100.0,0.0,400.0,150.0,,0.0,50.0,1.0,19.0,2.0,2.0,0.0,0.0,0.0,0.0,0.0,669.0,,2.0,1430.0,0.0,0.0,0.0,0.0,3828.0
2013-10-14,,0.0,4.0,53.0,1200.0,0.0,20.0,0.0,0.0,0.0,20.0,33.0,93.0,0.0,100.0,0.0,500.0,450.0,,2.0,415.0,3.0,1.0,4.0,3.0,0.0,50.0,0.0,0.0,0.0,615.0,,0.0,1930.0,0.0,0.0,0.0,0.0,5496.0
2013-10-16,,1500.0,1.0,68.0,250.0,0.0,19.0,0.0,0.0,0.0,0.0,11.0,437.0,0.0,100.0,186.0,300.0,150.0,,0.0,123.0,1.0,2.0,4.0,1.0,0.0,59.0,0.0,0.0,0.0,672.0,,0.0,2870.0,155.0,0.0,0.0,0.0,6909.0
2013-10-17,,1000.0,4.0,73.0,0.0,0.0,19.0,0.0,0.0,0.0,0.0,7.0,0.0,0.0,100.0,0.0,600.0,150.0,,0.0,105.0,3.0,9.0,3.0,1.0,0.0,40.0,0.0,0.0,0.0,667.0,,1.0,2200.0,35.0,0.0,0.0,0.0,5017.0
2013-10-18,,1000.0,4.0,124.0,0.0,0.0,19.0,0.0,0.0,0.0,0.0,3.0,0.0,0.0,100.0,0.0,600.0,150.0,,0.0,76.0,2.0,5.0,5.0,6.0,0.0,0.0,0.0,0.0,0.0,1024.0,,1.0,2100.0,75.0,0.0,0.0,0.0,5294.0
2013-10-19,,0.0,1.0,101.0,100.0,0.0,19.0,0.0,0.0,0.0,0.0,18.0,0.0,0.0,100.0,0.0,600.0,150.0,,0.0,289.0,3.0,2.0,2.0,3.0,0.0,25.0,0.0,0.0,0.0,1763.0,,1.0,2170.0,75.0,15.0,0.0,400.0,5837.0
2013-10-20,,0.0,3.0,143.0,300.0,0.0,19.0,0.0,0.0,10.0,0.0,7.0,0.0,0.0,100.0,0.0,300.0,25.0,,0.0,271.0,2.0,3.0,1.0,6.0,0.0,0.0,0.0,0.0,0.0,614.0,,24.0,2230.0,75.0,7.0,0.0,0.0,4140.0
2013-10-21,,0.0,0.0,143.0,600.0,0.0,19.0,0.0,0.0,0.0,0.0,9.0,0.0,0.0,100.0,0.0,500.0,150.0,,0.0,425.0,0.0,1.0,0.0,0.0,0.0,30.0,0.0,0.0,0.0,671.0,,13.0,2230.0,75.0,15.0,0.0,0.0,4981.0
2013-10-22,,0.0,6.0,160.0,250.0,0.0,20.0,0.0,0.0,0.0,0.0,36.0,0.0,0.0,100.0,0.0,400.0,150.0,,2.0,335.0,16.0,14.0,3.0,4.0,0.0,0.0,0.0,0.0,0.0,683.0,,15.0,1800.0,95.0,9.0,0.0,0.0,4098.0
2013-10-23,,0.0,5.0,67.0,150.0,0.0,39.0,5.0,2.0,0.0,3.0,103.0,0.0,0.0,100.0,0.0,300.0,100.0,,51.0,497.0,3.0,5.0,4.0,3.0,0.0,0.0,0.0,0.0,0.0,612.0,,28.0,2230.0,75.0,8.0,2.0,150.0,4542.0
2013-10-24,,0.0,2.0,112.0,250.0,0.0,19.0,0.0,0.0,0.0,0.0,21.0,0.0,0.0,100.0,0.0,300.0,150.0,,0.0,576.0,3.0,1.0,3.0,1.0,0.0,0.0,0.0,0.0,0.0,619.0,,8.0,2380.0,135.0,0.0,0.0,0.0,4680.0
2013-10-25,,0.0,1.0,104.0,0.0,0.0,19.0,0.0,0.0,0.0,0.0,25.0,0.0,0.0,100.0,0.0,300.0,150.0,,0.0,351.0,3.0,1.0,10.0,2.0,0.0,30.0,0.0,0.0,0.0,650.0,,33.0,2230.0,215.0,0.0,0.0,0.0,4224.0
2013-10-26,,0.0,2.0,74.0,100.0,0.0,9.0,0.0,0.0,0.0,0.0,40.0,0.0,0.0,100.0,0.0,300.0,150.0,,0.0,515.0,1.0,10.0,1.0,1.0,0.0,40.0,0.0,0.0,0.0,688.0,,34.0,1730.0,75.0,0.0,0.0,0.0,3870.0
2013-10-27,,0.0,1.0,43.0,0.0,0.0,9.0,0.0,0.0,2.0,0.0,40.0,0.0,0.0,100.0,0.0,300.0,150.0,,0.0,537.0,4.0,13.0,2.0,2.0,0.0,0.0,0.0,0.0,0.0,623.0,,34.0,980.0,75.0,0.0,0.0,0.0,2915.0
2013-10-28,,0.0,14.0,83.0,0.0,0.0,9.0,0.0,0.0,0.0,0.0,10.0,556.0,0.0,100.0,0.0,350.0,150.0,,0.0,597.0,10.0,1.0,3.0,9.0,0.0,0.0,0.0,0.0,0.0,693.0,,17.0,2030.0,75.0,0.0,0.0,0.0,4707.0
2013-10-29,,0.0,14.0,64.0,450.0,0.0,9.0,0.0,0.0,0.0,0.0,5.0,0.0,0.0,100.0,0.0,400.0,300.0,,0.0,600.0,3.0,1.0,5.0,4.0,0.0,30.0,0.0,0.0,0.0,1661.0,,1.0,2100.0,75.0,3.0,0.0,0.0,5825.0
2013-10-30,,0.0,4.0,65.0,0.0,0.0,21.0,3.0,1.0,0.0,12.0,81.0,0.0,0.0,100.0,0.0,400.0,100.0,,35.0,578.0,4.0,5.0,2.0,5.0,0.0,40.0,0.0,0.0,0.0,1971.0,,11.0,2000.0,75.0,0.0,1.0,0.0,5514.0
2013-10-31,,0.0,3.0,163.0,200.0,0.0,9.0,0.0,0.0,0.0,10.0,14.0,307.0,0.0,100.0,0.0,300.0,150.0,,0.0,59.0,4.0,4.0,2.0,2.0,0.0,20.0,0.0,0.0,0.0,666.0,,32.0,2200.0,75.0,0.0,0.0,200.0,4520.0
2013-11-01,,0.0,2.0,40.0,100.0,0.0,9.0,0.0,0.0,0.0,10.0,0.0,0.0,0.0,100.0,0.0,300.0,150.0,,0.0,88.0,2.0,5.0,5.0,3.0,0.0,0.0,0.0,0.0,0.0,639.0,,10.0,1180.0,75.0,0.0,0.0,150.0,2868.0
2013-11-02,,0.0,2.0,92.0,150.0,0.0,11.0,0.0,0.0,0.0,0.0,3.0,0.0,0.0,100.0,0.0,300.0,75.0,,6.0,74.0,1.0,2.0,2.0,2.0,0.0,0.0,0.0,0.0,0.0,462.0,,0.0,215.0,75.0,0.0,0.0,0.0,1572.0
2013-11-03,,0.0,7.0,13.0,0.0,0.0,9.0,0.0,0.0,0.0,0.0,0.0,0.0,0.0,100.0,0.0,300.0,450.0,,0.0,63.0,12.0,1.0,5.0,1.0,0.0,0.0,0.0,0.0,0.0,563.0,,3.0,0.0,120.0,0.0,0.0,0.0,1647.0
2013-11-04,,0.0,1.0,50.0,300.0,0.0,9.0,0.0,0.0,0.0,0.0,0.0,0.0,0.0,90.0,0.0,400.0,150.0,,0.0,57.0,2.0,3.0,3.0,1.0,0.0,0.0,0.0,0.0,0.0,641.0,,17.0,60.0,30.0,0.0,0.0,300.0,2114.0
2013-11-05,,0.0,3.0,49.0,100.0,0.0,9.0,0.0,0.0,0.0,0.0,31.0,0.0,0.0,100.0,0.0,300.0,300.0,,0.0,61.0,2.0,1.0,1.0,3.0,0.0,0.0,0.0,0.0,0.0,659.0,,1.0,1280.0,40.0,0.0,0.0,0.0,2940.0
2013-11-06,,0.0,3.0,37.0,300.0,0.0,9.0,0.0,0.0,0.0,0.0,32.0,0.0,0.0,100.0,0.0,400.0,150.0,,0.0,299.0,4.0,1.0,4.0,1.0,0.0,0.0,0.0,3.0,0.0,667.0,,1.0,1280.0,40.0,0.0,0.0,500.0,3831.0
2013-11-07,,0.0,3.0,22.0,300.0,0.0,13.0,1.0,0.0,0.0,1.0,13.0,16.0,0.0,100.0,0.0,500.0,950.0,,11.0,291.0,2.0,4.0,5.0,2.0,0.0,0.0,0.0,0.0,0.0,1582.0,,4.0,1580.0,75.0,8.0,0.0,0.0,5483.0
2013-11-08,,0.0,3.0,12.0,300.0,0.0,9.0,0.0,0.0,0.0,0.0,0.0,0.0,0.0,100.0,0.0,500.0,300.0,,0.0,273.0,5.0,2.0,5.0,5.0,0.0,0.0,0.0,0.0,0.0,1502.0,,3.0,1580.0,75.0,0.0,0.0,50.0,4724.0
2013-11-09,,0.0,14.0,33.0,200.0,0.0,9.0,0.0,0.0,0.0,0.0,55.0,0.0,0.0,100.0,0.0,500.0,150.0,,0.0,401.0,8.0,3.0,4.0,5.0,0.0,0.0,0.0,0.0,0.0,1841.0,,10.0,2030.0,75.0,0.0,0.0,100.0,5538.0
2013-11-10,,0.0,7.0,14.0,150.0,0.0,9.0,0.0,0.0,0.0,0.0,54.0,0.0,0.0,100.0,0.0,400.0,150.0,,0.0,345.0,6.0,3.0,6.0,6.0,0.0,0.0,0.0,0.0,0.0,1201.0,,28.0,2030.0,75.0,0.0,0.0,0.0,4584.0
2013-11-11,,0.0,1.0,23.0,200.0,0.0,9.0,0.0,0.0,0.0,0.0,37.0,0.0,0.0,100.0,0.0,600.0,250.0,,0.0,375.0,4.0,9.0,4.0,4.0,0.0,0.0,0.0,0.0,0.0,1836.0,,45.0,1880.0,110.0,0.0,0.0,200.0,5687.0
2013-11-12,,0.0,5.0,109.0,0.0,0.0,9.0,0.0,0.0,0.0,0.0,4.0,0.0,0.0,100.0,62.0,450.0,150.0,,6.0,382.0,6.0,10.0,4.0,3.0,0.0,0.0,0.0,0.0,0.0,1653.0,,38.0,1580.0,75.0,0.0,0.0,300.0,4946.0
2013-11-13,,0.0,7.0,30.0,0.0,0.0,9.0,0.0,0.0,0.0,0.0,0.0,0.0,0.0,90.0,0.0,700.0,150.0,,5.0,546.0,17.0,4.0,1.0,5.0,0.0,0.0,0.0,0.0,0.0,2394.0,,13.0,1730.0,75.0,5.0,0.0,0.0,5781.0
2013-11-14,,0.0,8.0,167.0,800.0,0.0,9.0,0.0,0.0,0.0,0.0,0.0,458.0,0.0,100.0,0.0,600.0,200.0,,5.0,420.0,4.0,1.0,1.0,4.0,0.0,20.0,0.0,0.0,0.0,2512.0,,7.0,1580.0,75.0,31.0,0.0,0.0,7002.0
2013-11-15,,0.0,2.0,193.0,800.0,0.0,7.0,0.0,0.0,0.0,0.0,0.0,221.0,0.0,100.0,0.0,300.0,300.0,,0.0,288.0,2.0,3.0,4.0,5.0,0.0,0.0,0.0,0.0,0.0,2335.0,,28.0,1380.0,75.0,0.0,0.0,0.0,6043.0
2013-11-16,,0.0,2.0,70.0,200.0,0.0,7.0,0.0,0.0,0.0,0.0,0.0,0.0,0.0,100.0,0.0,300.0,250.0,,0.0,505.0,3.0,5.0,3.0,3.0,0.0,0.0,0.0,0.0,0.0,1109.0,,9.0,1430.0,75.0,4.0,0.0,100.0,4175.0
2013-11-17,,0.0,7.0,22.0,200.0,0.0,7.0,0.0,0.0,0.0,0.0,0.0,0.0,0.0,100.0,0.0,300.0,0.0,,0.0,505.0,6.0,5.0,3.0,4.0,0.0,0.0,0.0,0.0,0.0,1472.0,,21.0,680.0,75.0,0.0,0.0,0.0,3407.0
2013-11-18,,0.0,6.0,38.0,0.0,0.0,7.0,0.0,0.0,0.0,0.0,0.0,0.0,0.0,100.0,0.0,350.0,150.0,,0.0,401.0,1.0,17.0,5.0,6.0,0.0,0.0,0.0,0.0,0.0,1884.0,,19.0,1580.0,80.0,0.0,0.0,0.0,4644.0
2013-11-19,,0.0,1.0,106.0,200.0,0.0,7.0,0.0,0.0,0.0,0.0,19.0,0.0,0.0,100.0,0.0,450.0,150.0,,0.0,541.0,2.0,10.0,2.0,4.0,0.0,0.0,0.0,0.0,0.0,2192.0,,17.0,1580.0,80.0,0.0,0.0,0.0,5461.0
2013-11-20,,0.0,2.0,61.0,250.0,0.0,15.0,2.0,1.0,2.0,1.0,15.0,0.0,0.0,100.0,0.0,600.0,225.0,,25.0,618.0,3.0,14.0,1.0,3.0,0.0,0.0,0.0,0.0,0.0,2424.0,,20.0,2020.0,75.0,0.0,1.0,0.0,6478.0
2013-11-21,,0.0,10.0,76.0,200.0,0.0,17.0,2.0,1.0,0.0,2.0,29.0,78.0,0.0,100.0,0.0,650.0,450.0,,29.0,695.0,1.0,1.0,2.0,4.0,0.0,0.0,0.0,0.0,0.0,2680.0,,29.0,2030.0,110.0,0.0,1.0,250.0,7447.0
2013-11-22,,0.0,11.0,196.0,750.0,0.0,17.0,3.0,1.0,0.0,2.0,34.0,123.0,0.0,100.0,0.0,500.0,250.0,,32.0,733.0,2.0,3.0,3.0,10.0,0.0,0.0,69.0,0.0,0.0,2586.0,,23.0,2030.0,75.0,13.0,2.0,190.0,7758.0
2013-11-23,,0.0,10.0,126.0,550.0,0.0,18.0,3.0,1.0,0.0,1.0,0.0,0.0,0.0,100.0,0.0,450.0,300.0,,34.0,689.0,10.0,4.0,3.0,6.0,0.0,0.0,44.0,0.0,0.0,2480.0,,9.0,2190.0,75.0,0.0,2.0,0.0,7105.0
2013-11-24,,0.0,3.0,17.0,250.0,0.0,17.0,2.0,1.0,0.0,1.0,35.0,50.0,12.0,100.0,0.0,400.0,35.0,,34.0,492.0,2.0,2.0,6.0,2.0,0.0,0.0,0.0,0.0,0.0,1618.0,,2.0,2190.0,75.0,0.0,2.0,50.0,5398.0
2013-11-25,,0.0,5.0,82.0,350.0,0.0,9.0,0.0,0.0,0.0,0.0,4.0,197.0,0.0,100.0,0.0,350.0,150.0,,5.0,816.0,7.0,4.0,2.0,7.0,0.0,0.0,0.0,0.0,0.0,2335.0,,22.0,2615.0,75.0,0.0,0.0,0.0,7135.0
2013-11-26,,0.0,6.0,79.0,200.0,0.0,10.0,1.0,0.0,0.0,0.0,0.0,368.0,0.0,100.0,0.0,300.0,450.0,,8.0,746.0,5.0,13.0,2.0,4.0,0.0,0.0,138.0,0.0,0.0,2519.0,,20.0,1880.0,80.0,0.0,0.0,0.0,6929.0
2013-11-27,,0.0,4.0,12.0,0.0,0.0,7.0,0.0,0.0,0.0,10.0,6.0,302.0,0.0,100.0,0.0,400.0,200.0,,0.0,616.0,3.0,7.0,2.0,3.0,0.0,0.0,0.0,0.0,0.0,2601.0,,20.0,1825.0,75.0,0.0,0.0,0.0,6193.0
2013-11-28,,0.0,6.0,32.0,250.0,0.0,11.0,1.0,0.0,4.0,11.0,8.0,307.0,0.0,90.0,0.0,300.0,225.0,,11.0,578.0,6.0,7.0,2.0,5.0,0.0,0.0,0.0,0.0,0.0,2507.0,,19.0,2225.0,75.0,0.0,0.0,0.0,6680.0
2013-11-29,,0.0,5.0,72.0,200.0,0.0,10.0,1.0,0.0,0.0,11.0,11.0,69.0,0.0,90.0,0.0,800.0,600.0,,10.0,480.0,1.0,2.0,3.0,6.0,0.0,10.0,0.0,0.0,0.0,2289.0,,5.0,2160.0,35.0,0.0,0.0,200.0,7070.0
2013-11-30,,0.0,5.0,27.0,500.0,0.0,7.0,0.0,0.0,0.0,10.0,36.0,0.0,0.0,100.0,0.0,600.0,650.0,,0.0,517.0,4.0,5.0,1.0,8.0,0.0,20.0,0.0,0.0,0.0,2171.0,,8.0,2275.0,75.0,2.0,0.0,0.0,7021.0
2013-12-01,,500.0,7.0,42.0,600.0,0.0,7.0,0.0,0.0,0.0,0.0,0.0,0.0,0.0,100.0,0.0,450.0,160.0,,0.0,561.0,1.0,1.0,2.0,8.0,0.0,0.0,0.0,0.0,0.0,645.0,,11.0,1775.0,75.0,4.0,0.0,0.0,4949.0
2013-12-02,,500.0,2.0,102.0,400.0,0.0,7.0,0.0,0.0,11.0,0.0,0.0,0.0,0.0,100.0,0.0,800.0,300.0,,0.0,686.0,1.0,7.0,2.0,4.0,0.0,30.0,0.0,0.0,0.0,1087.0,,11.0,1975.0,75.0,0.0,0.0,100.0,6200.0
2013-12-03,,250.0,8.0,96.0,500.0,0.0,43.0,0.0,0.0,0.0,0.0,27.0,0.0,0.0,100.0,0.0,350.0,350.0,,0.0,551.0,2.0,2.0,3.0,2.0,0.0,20.0,0.0,0.0,0.0,707.0,,14.0,2230.0,70.0,0.0,0.0,50.0,5375.0
2013-12-04,,125.0,10.0,96.0,300.0,0.0,105.0,0.0,0.0,0.0,0.0,0.0,0.0,0.0,100.0,0.0,300.0,400.0,,0.0,536.0,5.0,8.0,3.0,1.0,0.0,0.0,0.0,0.0,0.0,820.0,,21.0,2860.0,125.0,0.0,0.0,300.0,6115.0
2013-12-05,,0.0,2.0,123.0,100.0,0.0,2.0,0.0,0.0,0.0,0.0,12.0,60.0,0.0,100.0,0.0,300.0,450.0,,0.0,586.0,22.0,22.0,6.0,4.0,0.0,1.0,0.0,0.0,0.0,1489.0,,1.0,2025.0,125.0,0.0,0.0,100.0,5530.0
2013-12-06,,0.0,6.0,112.0,200.0,0.0,3.0,0.0,0.0,0.0,0.0,4.0,28.0,0.0,100.0,0.0,500.0,150.0,,3.0,544.0,6.0,8.0,2.0,3.0,0.0,0.0,0.0,0.0,0.0,1317.0,,2.0,2425.0,75.0,0.0,0.0,100.0,5588.0
2013-12-07,,0.0,3.0,97.0,300.0,0.0,2.0,0.0,0.0,148.0,0.0,4.0,116.0,0.0,100.0,0.0,400.0,150.0,,0.0,570.0,6.0,1.0,1.0,1.0,0.0,0.0,0.0,0.0,0.0,1585.0,,12.0,2065.0,75.0,0.0,0.0,350.0,5986.0
2013-12-08,,0.0,3.0,4.0,400.0,0.0,2.0,0.0,0.0,0.0,0.0,44.0,0.0,1.0,100.0,0.0,400.0,150.0,,0.0,331.0,10.0,1.0,3.0,3.0,0.0,0.0,0.0,0.0,0.0,625.0,,2.0,1700.0,75.0,0.0,0.0,0.0,3854.0
2013-12-09,,0.0,7.0,108.0,600.0,0.0,46.0,3.0,1.0,1.0,2.0,46.0,0.0,0.0,100.0,0.0,500.0,450.0,,35.0,323.0,1.0,3.0,0.0,2.0,0.0,0.0,0.0,0.0,0.0,1456.0,,23.0,2920.0,75.0,0.0,1.0,0.0,6703.0
2013-12-10,,0.0,11.0,91.0,300.0,0.0,4.0,0.0,0.0,0.0,0.0,8.0,0.0,0.0,100.0,0.0,300.0,150.0,,6.0,365.0,4.0,1.0,2.0,5.0,0.0,0.0,0.0,0.0,0.0,1177.0,,17.0,1495.0,75.0,7.0,0.0,100.0,4218.0
2013-12-11,,100.0,5.0,83.0,300.0,0.0,9.0,1.0,1.0,0.0,1.0,21.0,0.0,0.0,100.0,0.0,550.0,150.0,,20.0,553.0,4.0,10.0,2.0,6.0,0.0,0.0,0.0,0.0,0.0,2023.0,,8.0,1875.0,75.0,5.0,0.0,20.0,5922.0
2013-12-12,,50.0,9.0,112.0,100.0,0.0,2.0,0.0,0.0,0.0,0.0,0.0,0.0,0.0,100.0,22.0,300.0,150.0,,0.0,477.0,2.0,3.0,2.0,3.0,0.0,0.0,0.0,0.0,0.0,720.0,,3.0,1765.0,75.0,0.0,0.0,0.0,3895.0
2013-12-13,,0.0,1.0,171.0,100.0,0.0,7.0,1.0,0.0,0.0,1.0,19.0,0.0,0.0,100.0,0.0,300.0,150.0,,15.0,686.0,6.0,11.0,2.0,8.0,0.0,0.0,0.0,0.0,0.0,678.0,,27.0,1480.0,75.0,0.0,0.0,0.0,3838.0
2013-12-14,,300.0,6.0,161.0,0.0,0.0,32.0,0.0,0.0,0.0,0.0,15.0,0.0,0.0,100.0,0.0,450.0,150.0,,0.0,517.0,12.0,7.0,6.0,5.0,0.0,0.0,0.0,0.0,0.0,1885.0,,3.0,1769.0,75.0,0.0,0.0,0.0,5493.0
2013-12-15,,0.0,3.0,119.0,0.0,0.0,2.0,0.0,0.0,0.0,0.0,20.0,0.0,0.0,100.0,0.0,300.0,150.0,,0.0,379.0,2.0,2.0,8.0,12.0,0.0,0.0,0.0,0.0,0.0,0.0,,2.0,1905.0,75.0,4.0,0.0,0.0,3083.0
2013-12-16,,0.0,7.0,188.0,0.0,0.0,2.0,0.0,0.0,0.0,0.0,22.0,0.0,1.0,100.0,0.0,600.0,150.0,,0.0,346.0,2.0,1.0,4.0,2.0,0.0,0.0,0.0,0.0,0.0,1781.0,,7.0,2300.0,75.0,0.0,0.0,0.0,5588.0
2013-12-17,,500.0,4.0,186.0,0.0,0.0,6.0,0.0,0.0,0.0,0.0,0.0,21.0,1.0,100.0,0.0,600.0,150.0,,3.0,521.0,5.0,7.0,4.0,3.0,0.0,0.0,0.0,0.0,0.0,706.0,,5.0,2715.0,75.0,0.0,0.0,0.0,5612.0
2013-12-18,,500.0,8.0,167.0,350.0,0.0,8.0,1.0,0.0,0.0,0.0,0.0,0.0,0.0,100.0,199.0,750.0,150.0,,9.0,567.0,15.0,3.0,5.0,9.0,0.0,0.0,0.0,0.0,0.0,1529.0,,14.0,2205.0,75.0,5.0,0.0,100.0,6769.0
2013-12-19,,0.0,3.0,87.0,600.0,0.0,12.0,1.0,0.0,0.0,1.0,19.0,0.0,8.0,100.0,0.0,850.0,150.0,,20.0,641.0,5.0,6.0,4.0,6.0,0.0,0.0,325.0,0.0,0.0,1283.0,,22.0,2075.0,155.0,80.0,1.0,150.0,6604.0
2013-12-20,,0.0,10.0,190.0,250.0,0.0,15.0,2.0,1.0,0.0,1.0,34.0,0.0,8.0,100.0,0.0,1300.0,75.0,,30.0,630.0,8.0,11.0,3.0,6.0,0.0,0.0,0.0,0.0,0.0,1357.0,,14.0,1780.0,75.0,0.0,1.0,0.0,5901.0
2013-12-21,,0.0,13.0,198.0,100.0,0.0,13.0,2.0,1.0,0.0,1.0,22.0,0.0,0.0,100.0,0.0,500.0,150.0,,26.0,274.0,2.0,6.0,1.0,10.0,0.0,0.0,0.0,0.0,0.0,632.0,,26.0,1830.0,75.0,0.0,1.0,0.0,3983.0
2013-12-22,,0.0,13.0,175.0,90.0,0.0,19.0,3.0,1.0,0.0,2.0,20.0,0.0,0.0,100.0,0.0,450.0,150.0,,40.0,243.0,8.0,1.0,2.0,1.0,0.0,0.0,0.0,0.0,0.0,688.0,,1.0,805.0,75.0,0.0,2.0,48.0,2937.0
2013-12-23,,0.0,14.0,168.0,0.0,0.0,17.0,3.0,1.0,2.0,2.0,42.0,0.0,0.0,100.0,0.0,600.0,150.0,,34.0,351.0,4.0,2.0,2.0,5.0,0.0,0.0,0.0,0.0,0.0,731.0,,13.0,1430.0,75.0,0.0,2.0,25.0,3773.0
2013-12-24,,0.0,15.0,158.0,600.0,0.0,16.0,2.0,1.0,2.0,2.0,30.0,0.0,1.0,100.0,0.0,800.0,150.0,,33.0,299.0,5.0,1.0,1.0,1.0,0.0,0.0,0.0,0.0,0.0,1608.0,,3.0,2510.0,75.0,0.0,2.0,0.0,6415.0
2013-12-25,,0.0,7.0,190.0,800.0,0.0,15.0,2.0,1.0,6.0,1.0,22.0,0.0,0.0,100.0,0.0,500.0,150.0,,30.0,529.0,8.0,1.0,5.0,2.0,0.0,0.0,0.0,0.0,0.0,1384.0,,3.0,2310.0,75.0,0.0,1.0,55.0,6197.0
2013-12-26,,0.0,4.0,159.0,450.0,0.0,8.0,1.0,0.0,4.0,0.0,0.0,0.0,0.0,100.0,0.0,300.0,150.0,,9.0,238.0,5.0,3.0,4.0,1.0,300.0,0.0,0.0,0.0,0.0,995.0,,35.0,1905.0,130.0,0.0,0.0,100.0,4901.0
2013-12-27,,200.0,5.0,205.0,350.0,0.0,26.0,5.0,2.0,0.0,3.0,59.0,0.0,0.0,100.0,0.0,550.0,150.0,,60.0,274.0,1.0,2.0,2.0,1.0,0.0,0.0,0.0,0.0,0.0,650.0,,19.0,2180.0,75.0,0.0,2.0,300.0,5221.0
2013-12-28,,0.0,9.0,216.0,200.0,0.0,175.0,2.0,1.0,0.0,1.0,19.0,0.0,0.0,100.0,0.0,300.0,150.0,,23.0,228.0,5.0,0.0,1.0,6.0,0.0,0.0,0.0,0.0,0.0,641.0,,28.0,1680.0,75.0,0.0,1.0,0.0,3861.0
2013-12-29,,300.0,12.0,88.0,0.0,0.0,13.0,2.0,1.0,0.0,1.0,-32.0,21.0,0.0,100.0,0.0,300.0,75.0,,22.0,201.0,1.0,1.0,4.0,2.0,0.0,0.0,0.0,0.0,0.0,654.0,,3.0,470.0,75.0,0.0,1.0,0.0,2315.0
2013-12-30,,300.0,3.0,171.0,0.0,0.0,5.0,0.0,0.0,0.0,0.0,35.0,0.0,0.0,100.0,0.0,400.0,150.0,,0.0,92.0,1.0,2.0,1.0,1.0,0.0,0.0,0.0,0.0,0.0,1718.0,,4.0,1405.0,75.0,0.0,0.0,0.0,4463.0
2013-12-31,,0.0,2.0,165.0,25.0,0.0,5.0,0.0,0.0,0.0,0.0,19.0,0.0,0.0,100.0,130.0,300.0,150.0,,0.0,73.0,1.0,1.0,1.0,1.0,0.0,0.0,0.0,0.0,0.0,728.0,,0.0,2285.0,40.0,0.0,0.0,200.0,4226.0
2013-12-31,,0.0,2.0,165.0,25.0,0.0,5.0,0.0,0.0,0.0,0.0,19.0,0.0,0.0,100.0,130.0,300.0,150.0,,0.0,73.0,1.0,1.0,1.0,1.0,0.0,0.0,0.0,0.0,0.0,728.0,,0.0,2285.0,40.0,0.0,0.0,200.0,4226.0
2014-01-08,,0.0,1.0,190.0,190.0,0.0,12.0,2.0,1.0,0.0,1.0,15.0,0.0,10.0,100.0,0.0,350.0,150.0,,19.0,447.0,1.0,3.0,1.0,1.0,0.0,0.0,0.0,0.0,0.0,730.0,,0.0,1555.0,75.0,0.0,1.0,150.0,4005.0
2014-01-09,,300.0,1.0,261.0,200.0,0.0,17.0,3.0,1.0,7.0,2.0,31.0,752.0,0.0,100.0,0.0,400.0,150.0,,33.0,681.0,1.0,2.0,2.0,2.0,0.0,0.0,0.0,0.0,0.0,683.0,,0.0,1425.0,40.0,0.0,1.0,0.0,5095.0
2014-01-10,,1000.0,3.0,120.0,700.0,0.0,6.0,0.0,0.0,0.0,0.0,0.0,110.0,19.0,100.0,0.0,300.0,150.0,,3.0,206.0,3.0,3.0,1.0,4.0,0.0,0.0,0.0,0.0,0.0,676.0,,1.0,1940.0,40.0,0.0,0.0,0.0,5385.0
2014-01-11,,700.0,3.0,99.0,300.0,0.0,5.0,0.0,0.0,0.0,0.0,0.0,0.0,10.0,100.0,0.0,300.0,400.0,,0.0,265.0,3.0,5.0,2.0,5.0,0.0,0.0,0.0,0.0,0.0,739.0,,1.0,1330.0,40.0,8.0,0.0,0.0,4315.0
2014-01-12,,400.0,8.0,138.0,100.0,0.0,5.0,0.0,0.0,7.0,0.0,0.0,0.0,10.0,100.0,0.0,300.0,150.0,,0.0,118.0,5.0,2.0,4.0,7.0,0.0,0.0,0.0,0.0,0.0,709.0,,1.0,1630.0,40.0,0.0,0.0,0.0,3734.0
2014-01-13,,500.0,2.0,104.0,350.0,0.0,5.0,0.0,0.0,0.0,0.0,15.0,0.0,10.0,100.0,0.0,300.0,150.0,,0.0,237.0,1.0,3.0,4.0,2.0,0.0,0.0,0.0,0.0,0.0,656.0,,1.0,1630.0,40.0,0.0,0.0,0.0,4110.0
2014-01-14,,0.0,5.0,16.0,150.0,0.0,5.0,0.0,0.0,6.0,0.0,15.0,0.0,10.0,100.0,0.0,300.0,150.0,,0.0,181.0,3.0,15.0,3.0,1.0,0.0,0.0,0.0,0.0,0.0,636.0,,1.0,1555.0,40.0,0.0,0.0,0.0,3192.0
2014-01-15,,0.0,2.0,157.0,150.0,0.0,8.0,1.0,0.0,0.0,0.0,3.0,35.0,10.0,100.0,0.0,300.0,150.0,,8.0,390.0,4.0,13.0,1.0,2.0,0.0,0.0,0.0,0.0,0.0,634.0,,15.0,1345.0,40.0,5.0,0.0,0.0,3373.0
2014-01-16,,0.0,2.0,178.0,100.0,0.0,207.0,1.0,0.0,0.0,0.0,0.0,103.0,0.0,100.0,0.0,400.0,150.0,,8.0,477.0,13.0,1.0,1.0,3.0,0.0,0.0,50.0,0.0,0.0,630.0,,1.0,1780.0,40.0,0.0,0.0,150.0,4395.0
2014-01-17,,0.0,5.0,214.0,500.0,0.0,7.0,0.0,0.0,0.0,0.0,4.0,292.0,9.0,100.0,0.0,400.0,150.0,,5.0,302.0,14.0,1.0,3.0,1.0,0.0,0.0,0.0,0.0,0.0,734.0,,0.0,150.0,40.0,0.0,0.0,0.0,2931.0
2014-01-18,,600.0,3.0,128.0,450.0,0.0,16.0,2.0,1.0,0.0,1.0,34.0,87.0,0.0,100.0,0.0,500.0,150.0,,27.0,223.0,4.0,9.0,3.0,3.0,0.0,0.0,0.0,0.0,0.0,699.0,,1.0,2180.0,0.0,8.0,1.0,0.0,5230.0
2014-01-19,,500.0,6.0,71.0,325.0,0.0,5.0,0.0,0.0,1.0,0.0,0.0,0.0,0.0,100.0,0.0,400.0,75.0,,0.0,175.0,4.0,8.0,2.0,5.0,0.0,0.0,50.0,0.0,0.0,737.0,,1.0,1680.0,10.0,0.0,0.0,0.0,4155.0
2014-01-20,,500.0,6.0,184.0,300.0,0.0,208.0,1.0,1.0,0.0,1.0,0.0,0.0,8.0,100.0,0.0,350.0,300.0,,15.0,533.0,17.0,1.0,4.0,15.0,0.0,0.0,0.0,0.0,0.0,755.0,,1.0,2155.0,40.0,0.0,0.0,30.0,5525.0
2014-01-21,,500.0,5.0,159.0,0.0,0.0,137.0,1.0,0.0,7.0,1.0,0.0,0.0,0.0,100.0,0.0,400.0,150.0,,9.0,484.0,13.0,2.0,8.0,14.0,0.0,0.0,0.0,0.0,0.0,658.0,,1.0,2180.0,40.0,0.0,0.0,0.0,4869.0
2014-01-22,,500.0,5.0,256.0,100.0,0.0,33.0,2.0,1.0,0.0,1.0,29.0,0.0,0.0,100.0,0.0,400.0,150.0,,20.0,637.0,2.0,15.0,9.0,1.0,0.0,0.0,0.0,0.0,0.0,719.0,,1.0,2180.0,40.0,0.0,1.0,0.0,5202.0
2014-01-23,,500.0,7.0,247.0,0.0,0.0,34.0,2.0,1.0,0.0,1.0,26.0,0.0,0.0,100.0,0.0,300.0,685.0,,22.0,511.0,2.0,15.0,8.0,4.0,0.0,0.0,0.0,0.0,0.0,150.0,,1.0,2070.0,80.0,38.0,1.0,0.0,4805.0
2014-01-24,,300.0,6.0,261.0,0.0,0.0,88.0,0.0,0.0,0.0,0.0,18.0,0.0,0.0,100.0,0.0,350.0,150.0,,2.0,127.0,1.0,1.0,2.0,1.0,0.0,0.0,0.0,0.0,0.0,685.0,,0.0,2000.0,40.0,34.0,0.0,0.0,4166.0
2014-01-25,,200.0,2.0,230.0,550.0,0.0,27.0,1.0,0.0,0.0,1.0,11.0,284.0,0.0,100.0,0.0,500.0,150.0,,9.0,148.0,2.0,2.0,1.0,1.0,0.0,0.0,0.0,0.0,0.0,756.0,,0.0,2325.0,40.0,37.0,0.0,0.0,5377.0
2014-01-26,,0.0,2.0,164.0,350.0,0.0,26.0,0.0,0.0,0.0,0.0,0.0,0.0,0.0,100.0,37.0,500.0,75.0,,6.0,96.0,5.0,5.0,1.0,2.0,0.0,0.0,0.0,0.0,0.0,676.0,,1.0,780.0,0.0,36.0,0.0,0.0,2862.0
2014-01-27,,1000.0,6.0,146.0,250.0,0.0,79.0,0.0,0.0,0.0,0.0,0.0,98.0,6.0,100.0,0.0,300.0,150.0,,0.0,129.0,8.0,5.0,4.0,3.0,0.0,0.0,0.0,0.0,0.0,746.0,,1.0,1780.0,40.0,34.0,0.0,0.0,4885.0
2014-01-28,,300.0,14.0,293.0,200.0,0.0,32.0,2.0,1.0,6.0,1.0,0.0,0.0,18.0,100.0,0.0,300.0,150.0,,18.0,202.0,10.0,18.0,6.0,11.0,0.0,0.0,0.0,0.0,0.0,771.0,,1.0,1180.0,40.0,57.0,1.0,0.0,3732.0
2014-01-29,,1000.0,12.0,230.0,0.0,0.0,37.0,3.0,1.0,0.0,2.0,0.0,0.0,60.0,100.0,0.0,300.0,150.0,,32.0,205.0,15.0,12.0,3.0,8.0,0.0,0.0,0.0,0.0,0.0,1044.0,,1.0,980.0,40.0,0.0,1.0,0.0,4236.0
2014-01-30,,700.0,15.0,247.0,0.0,0.0,38.0,3.0,1.0,48.0,2.0,49.0,86.0,42.0,100.0,147.0,600.0,150.0,,35.0,322.0,6.0,4.0,1.0,3.0,0.0,0.0,0.0,0.0,0.0,1377.0,,1.0,795.0,75.0,30.0,2.0,0.0,4879.0
2014-01-31,,600.0,10.0,161.0,0.0,0.0,32.0,2.0,1.0,4.0,1.0,19.0,10.0,0.0,100.0,43.0,450.0,150.0,,21.0,231.0,8.0,10.0,4.0,2.0,0.0,0.0,0.0,0.0,0.0,757.0,,2.0,795.0,80.0,25.0,1.0,0.0,3519.0
2014-02-01,,400.0,5.0,281.0,0.0,0.0,34.0,2.0,1.0,5.0,1.0,23.0,0.0,0.0,100.0,52.0,500.0,150.0,,24.0,278.0,4.0,2.0,1.0,1.0,0.0,0.0,0.0,0.0,0.0,866.0,,0.0,2115.0,75.0,0.0,1.0,0.0,4921.0
2014-02-02,,0.0,4.0,211.0,550.0,0.0,24.0,0.0,0.0,0.0,0.0,11.0,0.0,7.0,100.0,0.0,300.0,75.0,,2.0,244.0,2.0,12.0,6.0,1.0,0.0,0.0,0.0,0.0,0.0,636.0,,0.0,1495.0,40.0,21.0,0.0,0.0,3741.0
2014-02-03,,600.0,9.0,204.0,550.0,0.0,23.0,0.0,0.0,46.0,0.0,0.0,0.0,0.0,100.0,0.0,400.0,150.0,,0.0,614.0,8.0,17.0,3.0,6.0,0.0,0.0,0.0,0.0,0.0,737.0,,2.0,3355.0,40.0,19.0,0.0,0.0,6883.0
2014-02-04,,0.0,6.0,273.0,350.0,0.0,33.0,2.0,1.0,5.0,1.0,30.0,0.0,0.0,100.0,0.0,500.0,150.0,,23.0,307.0,7.0,7.0,1.0,3.0,0.0,0.0,0.0,0.0,0.0,1577.0,,2.0,1180.0,40.0,18.0,1.0,0.0,4617.0
2014-02-05,,800.0,10.0,245.0,355.0,0.0,40.0,3.0,1.0,9.0,2.0,0.0,0.0,0.0,100.0,0.0,600.0,150.0,,39.0,383.0,5.0,6.0,3.0,3.0,0.0,0.0,0.0,372.0,0.0,1446.0,,4.0,1130.0,40.0,30.0,2.0,0.0,5778.0
2014-02-06,,1000.0,15.0,99.0,0.0,0.0,24.0,0.0,0.0,0.0,0.0,0.0,0.0,12.0,100.0,0.0,550.0,150.0,,3.0,260.0,14.0,2.0,3.0,10.0,0.0,0.0,358.0,0.0,0.0,864.0,,1.0,1390.0,75.0,16.0,0.0,0.0,4946.0
2014-02-07,,600.0,13.0,101.0,0.0,0.0,35.0,2.0,1.0,0.0,2.0,34.0,0.0,0.0,100.0,0.0,700.0,150.0,,29.0,145.0,2.0,9.0,2.0,3.0,0.0,0.0,0.0,0.0,0.0,735.0,,1.0,1405.0,75.0,0.0,1.0,0.0,4145.0
2014-02-08,,300.0,10.0,150.0,0.0,0.0,34.0,2.0,1.0,53.0,1.0,18.0,0.0,0.0,100.0,0.0,850.0,75.0,,27.0,95.0,10.0,13.0,4.0,5.0,0.0,0.0,0.0,452.0,0.0,760.0,,1.0,1985.0,35.0,0.0,1.0,125.0,5107.0
2014-02-09,,0.0,4.0,32.0,0.0,0.0,32.0,2.0,1.0,10.0,1.0,0.0,0.0,0.0,100.0,0.0,550.0,150.0,,21.0,69.0,2.0,12.0,7.0,4.0,0.0,0.0,0.0,252.0,0.0,733.0,,0.0,1560.0,40.0,21.0,1.0,0.0,3604.0
2014-02-10,,0.0,5.0,96.0,350.0,0.0,33.0,2.0,1.0,0.0,1.0,0.0,0.0,0.0,100.0,0.0,400.0,150.0,,25.0,85.0,8.0,1.0,5.0,2.0,0.0,0.0,0.0,575.0,0.0,706.0,,0.0,2210.0,75.0,36.0,1.0,0.0,4867.0
2014-02-11,,800.0,6.0,193.0,400.0,0.0,24.0,0.0,0.0,0.0,0.0,7.0,0.0,0.0,100.0,0.0,600.0,150.0,,3.0,55.0,2.0,3.0,2.0,4.0,0.0,0.0,38.0,328.0,0.0,777.0,,1.0,2700.0,40.0,21.0,0.0,0.0,6254.0
2014-02-12,,1000.0,7.0,154.0,300.0,0.0,23.0,0.0,0.0,0.0,0.0,0.0,0.0,6.0,100.0,0.0,450.0,150.0,,0.0,114.0,3.0,11.0,1.0,2.0,0.0,0.0,0.0,0.0,0.0,794.0,,2.0,1650.0,40.0,29.0,0.0,0.0,4836.0
2014-02-13,,300.0,4.0,148.0,500.0,0.0,23.0,0.0,0.0,0.0,0.0,0.0,0.0,0.0,100.0,0.0,350.0,150.0,,0.0,45.0,4.0,2.0,3.0,2.0,0.0,0.0,0.0,25.0,0.0,799.0,,1.0,990.0,0.0,32.0,0.0,0.0,3478.0
2014-02-14,,1200.0,10.0,122.0,0.0,0.0,23.0,0.0,0.0,34.0,0.0,0.0,0.0,0.0,100.0,0.0,400.0,150.0,,0.0,42.0,8.0,6.0,5.0,0.0,0.0,0.0,0.0,0.0,0.0,761.0,,2.0,1100.0,40.0,0.0,0.0,0.0,4003.0
2014-02-15,,500.0,8.0,84.0,0.0,0.0,23.0,0.0,0.0,22.0,0.0,18.0,0.0,0.0,100.0,0.0,300.0,150.0,,0.0,132.0,5.0,6.0,1.0,2.0,0.0,0.0,0.0,0.0,0.0,845.0,,1.0,1330.0,40.0,0.0,0.0,0.0,3567.0
2014-02-16,,300.0,9.0,174.0,0.0,0.0,24.0,0.0,0.0,0.0,0.0,13.0,0.0,42.0,100.0,0.0,300.0,150.0,,2.0,91.0,10.0,7.0,8.0,1.0,0.0,0.0,0.0,0.0,0.0,690.0,,2.0,1095.0,40.0,0.0,0.0,0.0,3058.0
2014-02-17,,400.0,5.0,82.0,0.0,0.0,32.0,2.0,1.0,0.0,1.0,18.0,0.0,0.0,100.0,0.0,400.0,75.0,,20.0,319.0,1.0,3.0,1.0,5.0,0.0,0.0,0.0,137.0,0.0,1308.0,,0.0,1510.0,75.0,0.0,1.0,0.0,4496.0
2014-02-18,,300.0,1.0,170.0,550.0,0.0,31.0,2.0,1.0,0.0,1.0,18.0,0.0,0.0,100.0,0.0,500.0,100.0,,21.0,187.0,1.0,1.0,1.0,1.0,0.0,0.0,0.0,28.0,0.0,1377.0,,0.0,1510.0,40.0,4.0,1.0,0.0,4946.0
2014-02-19,,1000.0,3.0,193.0,450.0,0.0,23.0,0.0,0.0,29.0,0.0,4.0,135.0,0.0,100.0,0.0,500.0,125.0,,0.0,188.0,5.0,11.0,1.0,3.0,0.0,0.0,0.0,92.0,0.0,1516.0,,4.0,3335.0,75.0,9.0,0.0,0.0,7801.0
2014-02-20,,800.0,2.0,140.0,200.0,0.0,23.0,0.0,0.0,21.0,0.0,0.0,0.0,0.0,100.0,0.0,500.0,150.0,,0.0,123.0,4.0,7.0,2.0,2.0,0.0,0.0,50.0,214.0,0.0,1443.0,,1.0,1670.0,75.0,4.0,0.0,150.0,5681.0
2014-02-21,,1500.0,7.0,83.0,200.0,0.0,26.0,1.0,0.0,0.0,0.0,11.0,0.0,10.0,100.0,0.0,450.0,150.0,,7.0,105.0,6.0,8.0,2.0,5.0,0.0,0.0,363.0,0.0,0.0,745.0,,0.0,960.0,75.0,6.0,0.0,250.0,5070.0
2014-02-22,,1000.0,3.0,163.0,0.0,0.0,23.0,0.0,0.0,0.0,0.0,0.0,0.0,10.0,100.0,0.0,400.0,150.0,,0.0,102.0,13.0,12.0,2.0,5.0,0.0,0.0,363.0,54.0,0.0,657.0,,0.0,1125.0,30.0,0.0,0.0,0.0,4212.0
2014-02-23,,300.0,6.0,129.0,0.0,0.0,23.0,0.0,0.0,0.0,0.0,58.0,0.0,0.0,100.0,0.0,300.0,150.0,,0.0,85.0,3.0,19.0,1.0,3.0,0.0,0.0,0.0,0.0,0.0,659.0,,1.0,1220.0,0.0,0.0,0.0,0.0,3057.0
2014-02-24,,500.0,4.0,196.0,100.0,0.0,24.0,0.0,0.0,13.0,0.0,14.0,0.0,0.0,100.0,0.0,400.0,150.0,,2.0,159.0,5.0,18.0,8.0,8.0,0.0,0.0,0.0,0.0,0.0,753.0,,0.0,1110.0,0.0,0.0,0.0,0.0,3564.0
2014-02-25,,1000.0,1.0,176.0,0.0,0.0,26.0,1.0,0.0,51.0,0.0,0.0,0.0,0.0,100.0,0.0,450.0,150.0,,6.0,107.0,2.0,17.0,1.0,2.0,0.0,0.0,0.0,205.0,0.0,628.0,,0.0,1830.0,35.0,0.0,1.0,0.0,4789.0
2014-02-26,,500.0,2.0,175.0,600.0,0.0,50.0,0.0,0.0,0.0,0.0,0.0,0.0,0.0,100.0,104.0,400.0,150.0,,2.0,170.0,3.0,12.0,1.0,1.0,0.0,0.0,0.0,0.0,0.0,1184.0,,0.0,1205.0,75.0,0.0,0.0,0.0,4734.0
2014-02-27,,800.0,2.0,146.0,300.0,0.0,49.0,0.0,0.0,1.0,0.0,0.0,0.0,0.0,100.0,92.0,650.0,75.0,,0.0,28.0,2.0,17.0,2.0,2.0,0.0,0.0,0.0,0.0,0.0,855.0,,2.0,1405.0,35.0,7.0,0.0,0.0,4570.0
2014-02-28,,1400.0,1.0,222.0,250.0,0.0,80.0,6.0,3.0,36.0,5.0,0.0,0.0,63.0,100.0,0.0,400.0,75.0,,60.0,232.0,4.0,3.0,3.0,6.0,0.0,0.0,0.0,205.0,0.0,1400.0,,34.0,1745.0,35.0,5.0,4.0,120.0,6497.0
2014-03-01,,1300.0,16.0,336.0,250.0,0.0,59.0,2.0,1.0,51.0,1.0,40.0,48.0,0.0,100.0,0.0,300.0,150.0,,21.0,113.0,7.0,23.0,18.0,15.0,0.0,0.0,0.0,0.0,0.0,767.0,,26.0,1155.0,75.0,0.0,1.0,120.0,4995.0
2014-03-02,,0.0,5.0,236.0,0.0,0.0,52.0,1.0,0.0,63.0,0.0,7.0,0.0,0.0,100.0,0.0,400.0,150.0,,6.0,54.0,9.0,3.0,16.0,3.0,0.0,0.0,0.0,0.0,0.0,693.0,,2.0,1830.0,30.0,0.0,0.0,0.0,3660.0
2014-03-03,,300.0,9.0,250.0,0.0,0.0,57.0,2.0,1.0,17.0,1.0,18.0,0.0,0.0,100.0,0.0,400.0,150.0,,17.0,59.0,3.0,10.0,4.0,1.0,0.0,0.0,0.0,0.0,0.0,1188.0,,3.0,1555.0,75.0,0.0,1.0,0.0,4221.0
2014-03-04,,300.0,3.0,193.0,0.0,0.0,59.0,2.0,1.0,0.0,1.0,15.0,0.0,0.0,100.0,0.0,400.0,125.0,,21.0,122.0,10.0,13.0,7.0,2.0,0.0,0.0,0.0,0.0,0.0,1404.0,,1.0,1480.0,75.0,14.0,2.0,0.0,4350.0
2014-03-05,,0.0,1.0,166.0,0.0,0.0,50.0,0.0,0.0,0.0,0.0,4.0,0.0,186.0,100.0,0.0,450.0,150.0,,2.0,19.0,1.0,15.0,1.0,1.0,0.0,0.0,0.0,0.0,0.0,697.0,,0.0,1430.0,70.0,0.0,0.0,0.0,3343.0
2014-03-06,,500.0,1.0,93.0,500.0,0.0,51.0,0.0,0.0,10.0,0.0,4.0,0.0,60.0,100.0,0.0,400.0,150.0,,4.0,29.0,2.0,14.0,4.0,2.0,0.0,0.0,0.0,0.0,0.0,1241.0,,0.0,1255.0,35.0,0.0,0.0,0.0,4455.0
2014-03-07,,0.0,2.0,132.0,450.0,0.0,49.0,0.0,0.0,52.0,0.0,0.0,0.0,0.0,100.0,0.0,400.0,150.0,,0.0,88.0,7.0,6.0,2.0,1.0,0.0,0.0,138.0,0.0,0.0,756.0,,1.0,1465.0,40.0,12.0,0.0,0.0,3851.0
2014-03-08,,0.0,2.0,76.0,300.0,0.0,49.0,0.0,0.0,0.0,0.0,23.0,0.0,0.0,100.0,0.0,400.0,125.0,,0.0,88.0,3.0,2.0,1.0,2.0,0.0,0.0,0.0,13.0,0.0,356.0,,2.0,1840.0,85.0,20.0,0.0,70.0,3557.0
2014-03-09,,500.0,2.0,91.0,250.0,0.0,56.0,1.0,1.0,0.0,1.0,21.0,0.0,0.0,100.0,0.0,300.0,2.0,,15.0,39.0,7.0,33.0,1.0,4.0,0.0,0.0,0.0,0.0,0.0,703.0,,2.0,1275.0,0.0,13.0,1.0,0.0,3418.0
2014-03-10,,400.0,1.0,179.0,200.0,0.0,49.0,0.0,0.0,38.0,0.0,0.0,0.0,0.0,100.0,0.0,400.0,8.0,,0.0,8.0,11.0,2.0,2.0,2.0,0.0,0.0,0.0,0.0,0.0,743.0,,1.0,2135.0,40.0,13.0,0.0,0.0,4332.0
2014-03-11,,400.0,2.0,18.0,0.0,0.0,49.0,0.0,0.0,0.0,0.0,11.0,0.0,0.0,100.0,0.0,400.0,8.0,,0.0,94.0,7.0,4.0,2.0,3.0,0.0,0.0,0.0,0.0,0.0,798.0,,4.0,1520.0,75.0,0.0,0.0,0.0,3495.0
2014-03-12,,400.0,3.0,94.0,0.0,0.0,60.0,2.0,1.0,14.0,2.0,33.0,0.0,0.0,100.0,0.0,500.0,8.0,,24.0,158.0,9.0,5.0,9.0,2.0,0.0,0.0,0.0,0.0,0.0,788.0,,1.0,2445.0,0.0,0.0,2.0,0.0,4660.0
2014-03-13,,400.0,10.0,209.0,0.0,0.0,54.0,1.0,0.0,0.0,1.0,16.0,3.0,0.0,100.0,0.0,500.0,0.0,,11.0,123.0,3.0,17.0,5.0,2.0,0.0,0.0,425.0,0.0,0.0,811.0,,0.0,1345.0,40.0,0.0,1.0,0.0,4077.0
2014-03-14,,400.0,4.0,106.0,420.0,0.0,57.0,2.0,1.0,0.0,1.0,0.0,0.0,0.0,100.0,0.0,400.0,0.0,,256.0,101.0,3.0,17.0,5.0,1.0,0.0,0.0,0.0,0.0,0.0,751.0,,1.0,2100.0,75.0,0.0,1.0,0.0,4802.0
2014-03-15,,400.0,2.0,284.0,500.0,0.0,53.0,1.0,0.0,0.0,1.0,8.0,56.0,0.0,100.0,0.0,400.0,8.0,,9.0,82.0,2.0,3.0,1.0,2.0,0.0,0.0,800.0,0.0,0.0,741.0,,2.0,1975.0,0.0,31.0,1.0,0.0,5462.0
2014-03-16,,600.0,2.0,85.0,200.0,0.0,55.0,1.0,0.0,69.0,1.0,13.0,0.0,0.0,100.0,0.0,850.0,0.0,,13.0,96.0,3.0,12.0,2.0,3.0,0.0,0.0,0.0,0.0,0.0,659.0,,2.0,675.0,0.0,18.0,1.0,0.0,3460.0
2014-03-17,,500.0,16.0,103.0,100.0,0.0,50.0,0.0,0.0,0.0,0.0,0.0,0.0,0.0,100.0,0.0,650.0,0.0,,2.0,62.0,5.0,9.0,4.0,5.0,0.0,0.0,0.0,0.0,0.0,757.0,,1.0,400.0,0.0,30.0,0.0,0.0,2794.0
2014-03-18,,1000.0,5.0,146.0,200.0,0.0,49.0,0.0,0.0,0.0,0.0,0.0,0.0,0.0,100.0,0.0,800.0,0.0,,0.0,85.0,8.0,12.0,2.0,11.0,0.0,0.0,0.0,0.0,0.0,696.0,,1.0,1750.0,0.0,140.0,0.0,0.0,5005.0
2014-03-19,,1500.0,22.0,215.0,0.0,0.0,158.0,1.0,1.0,0.0,36.0,22.0,67.0,0.0,100.0,0.0,700.0,40.0,,16.0,572.0,12.0,8.0,5.0,12.0,0.0,0.0,0.0,0.0,0.0,977.0,,1.0,1525.0,45.0,0.0,1.0,0.0,6036.0
2014-03-20,,1200.0,3.0,136.0,100.0,0.0,67.0,3.0,1.0,190.0,47.0,56.0,58.0,0.0,100.0,58.0,1100.0,0.0,,37.0,212.0,22.0,16.0,5.0,3.0,0.0,0.0,0.0,0.0,0.0,2465.0,,2.0,1420.0,150.0,0.0,3.0,100.0,7554.0
2014-03-21,,500.0,3.0,85.0,200.0,0.0,63.0,2.0,1.0,17.0,1.0,0.0,0.0,0.0,100.0,0.0,650.0,0.0,,25.0,77.0,10.0,17.0,4.0,1.0,0.0,0.0,0.0,0.0,0.0,2383.0,,0.0,1765.0,75.0,46.0,2.0,100.0,6127.0
2014-03-22,,300.0,7.0,72.0,500.0,0.0,56.0,1.0,0.0,0.0,1.0,0.0,32.0,0.0,100.0,0.0,400.0,0.0,,14.0,106.0,15.0,16.0,3.0,7.0,0.0,0.0,0.0,0.0,0.0,1308.0,,0.0,1615.0,0.0,60.0,1.0,0.0,4614.0
2014-03-23,,800.0,5.0,80.0,800.0,0.0,56.0,1.0,0.0,0.0,1.0,0.0,0.0,0.0,100.0,0.0,450.0,0.0,,14.0,76.0,2.0,5.0,4.0,2.0,0.0,0.0,0.0,0.0,0.0,668.0,,2.0,1445.0,0.0,39.0,1.0,30.0,4581.0
2014-03-24,,1200.0,2.0,55.0,550.0,0.0,56.0,1.0,0.0,2.0,1.0,0.0,0.0,0.0,100.0,0.0,750.0,0.0,,14.0,76.0,2.0,14.0,1.0,1.0,0.0,0.0,0.0,0.0,0.0,752.0,,2.0,1835.0,140.0,26.0,1.0,0.0,5581.0
2014-03-25,,1000.0,4.0,49.0,350.0,0.0,222.0,0.0,0.0,12.0,0.0,0.0,0.0,0.0,100.0,0.0,800.0,125.0,,2.0,78.0,9.0,15.0,1.0,8.0,0.0,0.0,0.0,0.0,0.0,801.0,,1.0,1550.0,75.0,81.0,0.0,0.0,5283.0
2014-03-26,,1000.0,1.0,138.0,0.0,0.0,56.0,1.0,0.0,23.0,1.0,0.0,0.0,0.0,100.0,0.0,400.0,0.0,,14.0,193.0,13.0,9.0,1.0,2.0,0.0,0.0,0.0,0.0,0.0,778.0,,1.0,1635.0,75.0,0.0,1.0,0.0,4442.0
2014-03-27,,1000.0,3.0,144.0,0.0,0.0,227.0,1.0,0.0,0.0,1.0,8.0,0.0,0.0,100.0,0.0,800.0,0.0,,12.0,295.0,4.0,2.0,4.0,8.0,0.0,0.0,0.0,0.0,0.0,1326.0,,1.0,1298.0,35.0,0.0,1.0,0.0,5270.0
2014-03-28,,1000.0,5.0,165.0,25.0,0.0,302.0,3.0,1.0,47.0,47.0,43.0,0.0,0.0,100.0,0.0,1200.0,0.0,,33.0,246.0,8.0,16.0,3.0,5.0,0.0,0.0,0.0,0.0,0.0,754.0,,1.0,1136.0,25.0,72.0,3.0,0.0,5240.0
2014-03-29,,1500.0,5.0,77.0,32.0,0.0,60.0,2.0,1.0,42.0,51.0,27.0,57.0,0.0,100.0,0.0,500.0,150.0,,22.0,309.0,5.0,14.0,1.0,1.0,0.0,0.0,0.0,0.0,0.0,1926.0,,0.0,1771.0,75.0,0.0,2.0,0.0,6730.0
2014-03-30,,500.0,7.0,90.0,700.0,0.0,113.0,3.0,1.0,0.0,2.0,52.0,0.0,0.0,100.0,0.0,400.0,150.0,,31.0,168.0,15.0,10.0,4.0,5.0,0.0,0.0,0.0,0.0,0.0,725.0,,0.0,1141.0,0.0,52.0,2.0,85.0,4356.0
2014-03-31,,800.0,1.0,147.0,500.0,0.0,100.0,0.0,0.0,0.0,40.0,0.0,0.0,0.0,100.0,0.0,400.0,75.0,,0.0,53.0,5.0,5.0,2.0,1.0,0.0,0.0,0.0,0.0,0.0,743.0,,1.0,2353.0,0.0,55.0,0.0,45.0,5426.0
2014-04-01,,1000.0,3.0,154.0,200.0,0.0,95.0,0.0,0.0,100.0,50.0,0.0,0.0,0.0,100.0,0.0,350.0,150.0,,2.0,28.0,3.0,14.0,3.0,2.0,0.0,0.0,0.0,0.0,0.0,735.0,,3.0,1350.0,0.0,0.0,0.0,0.0,4342.0
2014-04-02,,1000.0,4.0,185.0,200.0,0.0,57.0,1.0,1.0,0.0,51.0,15.0,0.0,0.0,100.0,0.0,400.0,150.0,,17.0,60.0,8.0,21.0,6.0,2.0,0.0,0.0,0.0,0.0,0.0,1477.0,,1.0,1900.0,0.0,69.0,1.0,0.0,5726.0
2014-04-03,,1000.0,4.0,122.0,0.0,0.0,57.0,1.0,1.0,18.0,46.0,35.0,0.0,0.0,100.0,0.0,400.0,150.0,,17.0,97.0,11.0,26.0,9.0,1.0,0.0,0.0,0.0,0.0,0.0,1800.0,,0.0,1925.0,0.0,0.0,1.0,0.0,5821.0
2014-04-04,,1200.0,5.0,150.0,0.0,0.0,641.0,3.0,1.0,0.0,2.0,35.0,0.0,0.0,100.0,0.0,800.0,150.0,,32.0,102.0,8.0,18.0,13.0,4.0,0.0,0.0,0.0,0.0,0.0,2344.0,,1.0,1295.0,75.0,0.0,2.0,0.0,6981.0
2014-04-05,,1200.0,3.0,178.0,0.0,0.0,107.0,1.0,0.0,46.0,1.0,12.0,0.0,0.0,100.0,0.0,600.0,150.0,,14.0,58.0,13.0,12.0,6.0,5.0,0.0,0.0,0.0,0.0,0.0,2225.0,,1.0,2420.0,75.0,165.0,1.0,40.0,7433.0
2014-04-05,,1200.0,3.0,178.0,0.0,0.0,107.0,1.0,0.0,46.0,1.0,12.0,0.0,0.0,100.0,0.0,600.0,150.0,,14.0,58.0,13.0,12.0,6.0,5.0,0.0,0.0,0.0,0.0,0.0,2225.0,,1.0,2420.0,75.0,165.0,1.0,40.0,7433.0
2014-04-06,,1500.0,5.0,97.0,0.0,0.0,55.0,1.0,0.0,0.0,1.0,15.0,0.0,0.0,100.0,0.0,300.0,0.0,,12.0,58.0,14.0,16.0,6.0,5.0,0.0,0.0,0.0,0.0,0.0,1392.0,,0.0,1865.0,75.0,38.0,1.0,0.0,5556.0
2014-04-07,,1200.0,5.0,164.0,450.0,0.0,58.0,2.0,1.0,0.0,1.0,20.0,154.0,0.0,100.0,0.0,400.0,0.0,,20.0,256.0,10.0,17.0,1.0,2.0,0.0,0.0,0.0,0.0,0.0,1165.0,,0.0,1645.0,0.0,51.0,1.0,430.0,6153.0
2014-04-08,,1800.0,3.0,190.0,500.0,0.0,49.0,0.0,0.0,0.0,0.0,0.0,135.0,0.0,100.0,0.0,400.0,75.0,,0.0,62.0,2.0,7.0,1.0,1.0,0.0,0.0,0.0,0.0,0.0,768.0,,3.0,1830.0,0.0,76.0,0.0,0.0,6002.0
2014-04-08,,1800.0,3.0,190.0,500.0,0.0,49.0,0.0,0.0,0.0,0.0,0.0,135.0,0.0,100.0,0.0,400.0,75.0,,0.0,62.0,2.0,7.0,1.0,1.0,0.0,0.0,0.0,0.0,0.0,768.0,,3.0,1830.0,0.0,76.0,0.0,0.0,6002.0
2014-04-09,,800.0,3.0,80.0,150.0,0.0,51.0,0.0,0.0,26.0,0.0,0.0,0.0,0.0,100.0,0.0,200.0,75.0,,5.0,39.0,7.0,7.0,3.0,4.0,0.0,0.0,0.0,0.0,0.0,735.0,,2.0,2240.0,75.0,62.0,0.0,100.0,4764.0
2014-04-10,,1500.0,10.0,152.0,350.0,0.0,51.0,0.0,0.0,0.0,0.0,32.0,0.0,8.0,100.0,0.0,400.0,0.0,,5.0,42.0,6.0,8.0,1.0,3.0,0.0,0.0,75.0,0.0,0.0,1238.0,,0.0,1765.0,75.0,68.0,0.0,240.0,6129.0
2014-04-11,,1500.0,2.0,183.0,0.0,0.0,51.0,0.0,0.0,110.0,0.0,60.0,277.0,1.0,100.0,0.0,300.0,50.0,,5.0,17.0,18.0,18.0,1.0,10.0,0.0,0.0,0.0,221.0,0.0,769.0,,0.0,2085.0,75.0,0.0,0.0,0.0,5853.0
2014-04-11,,1500.0,2.0,183.0,0.0,0.0,51.0,0.0,0.0,110.0,0.0,60.0,277.0,1.0,100.0,0.0,300.0,50.0,,5.0,17.0,18.0,18.0,1.0,10.0,0.0,0.0,0.0,221.0,0.0,769.0,,0.0,2085.0,75.0,0.0,0.0,0.0,5853.0
2014-04-12,,2000.0,7.0,226.0,0.0,0.0,76.0,5.0,2.0,0.0,3.0,80.0,262.0,0.0,100.0,0.0,550.0,75.0,,55.0,165.0,3.0,13.0,4.0,2.0,0.0,0.0,0.0,0.0,0.0,738.0,,1.0,1880.0,75.0,76.0,4.0,200.0,6602.0
2014-04-13,,1800.0,14.0,156.0,400.0,0.0,49.0,0.0,0.0,0.0,0.0,30.0,0.0,0.0,100.0,128.0,300.0,0.0,,0.0,63.0,12.0,24.0,1.0,5.0,0.0,0.0,0.0,0.0,0.0,745.0,,0.0,2100.0,0.0,70.0,0.0,50.0,6047.0
2014-04-14,,1000.0,2.0,97.0,300.0,0.0,49.0,0.0,0.0,0.0,0.0,0.0,231.0,0.0,100.0,42.0,300.0,0.0,,0.0,108.0,14.0,16.0,5.0,2.0,0.0,0.0,0.0,0.0,0.0,680.0,,0.0,2200.0,145.0,98.0,0.0,100.0,5489.0
2014-04-15,,1500.0,18.0,105.0,0.0,0.0,61.0,2.0,1.0,0.0,1.0,41.0,162.0,0.0,100.0,0.0,300.0,0.0,,26.0,307.0,15.0,7.0,2.0,2.0,0.0,0.0,0.0,0.0,0.0,790.0,,1.0,1880.0,105.0,51.0,2.0,0.0,5479.0
2014-04-16,,1600.0,25.0,225.0,300.0,0.0,64.0,3.0,1.0,1.0,102.0,0.0,18.0,0.0,100.0,0.0,300.0,0.0,,30.0,171.0,10.0,13.0,2.0,5.0,0.0,0.0,0.0,0.0,0.0,782.0,,0.0,2460.0,205.0,105.0,2.0,0.0,6524.0
2014-04-17,,1200.0,6.0,142.0,0.0,0.0,49.0,0.0,0.0,0.0,120.0,0.0,218.0,0.0,100.0,0.0,400.0,30.0,,0.0,204.0,9.0,5.0,3.0,3.0,0.0,0.0,0.0,0.0,0.0,899.0,,0.0,1680.0,75.0,112.0,0.0,0.0,5255.0
2014-04-18,,1000.0,2.0,220.0,200.0,0.0,56.0,1.0,1.0,3.0,121.0,70.0,9.0,0.0,100.0,0.0,400.0,0.0,,12.0,136.0,2.0,5.0,6.0,2.0,0.0,0.0,0.0,0.0,0.0,835.0,,4.0,1510.0,75.0,83.0,1.0,48.0,4902.0
2014-04-19,,1000.0,5.0,223.0,0.0,0.0,58.0,2.0,1.0,0.0,101.0,21.0,152.0,0.0,100.0,0.0,300.0,0.0,,18.0,143.0,15.0,11.0,2.0,3.0,0.0,0.0,0.0,28.0,0.0,716.0,,1.0,1470.0,155.0,0.0,1.0,0.0,4526.0
2014-04-20,,1500.0,2.0,147.0,0.0,0.0,49.0,0.0,0.0,0.0,0.0,25.0,0.0,0.0,100.0,0.0,350.0,0.0,,0.0,187.0,1.0,3.0,9.0,1.0,0.0,0.0,0.0,28.0,0.0,703.0,,1.0,1925.0,0.0,0.0,0.0,0.0,5031.0
2014-04-21,,1000.0,1.0,205.0,200.0,0.0,58.0,2.0,1.0,0.0,1.0,16.0,261.0,0.0,100.0,34.0,300.0,75.0,,15.0,283.0,5.0,5.0,2.0,3.0,0.0,0.0,0.0,0.0,0.0,1345.0,,11.0,1955.0,75.0,53.0,1.0,0.0,6007.0
2014-04-21,,1000.0,1.0,205.0,200.0,0.0,58.0,2.0,1.0,0.0,1.0,16.0,261.0,0.0,100.0,34.0,300.0,75.0,,15.0,283.0,5.0,5.0,2.0,3.0,0.0,0.0,0.0,0.0,0.0,1345.0,,11.0,1955.0,75.0,53.0,1.0,0.0,6007.0
2014-04-22,,1000.0,3.0,156.0,0.0,0.0,55.0,1.0,0.0,0.0,1.0,17.0,0.0,0.0,100.0,0.0,450.0,150.0,,11.0,117.0,1.0,10.0,1.0,3.0,0.0,0.0,0.0,0.0,0.0,1466.0,,1.0,2195.0,145.0,55.0,1.0,0.0,5939.0
2014-04-23,,2000.0,2.0,111.0,300.0,0.0,70.0,4.0,2.0,0.0,3.0,69.0,563.0,0.0,100.0,0.0,400.0,125.0,,44.0,167.0,4.0,7.0,1.0,3.0,0.0,0.0,350.0,0.0,0.0,894.0,,14.0,1965.0,210.0,130.0,2.0,0.0,7540.0
2014-04-24,,1600.0,4.0,125.0,400.0,0.0,61.0,2.0,1.0,31.0,121.0,21.0,226.0,0.0,100.0,0.0,400.0,50.0,,23.0,78.0,3.0,10.0,4.0,1.0,0.0,0.0,0.0,0.0,0.0,383.0,,5.0,2395.0,210.0,50.0,1.0,0.0,6305.0
2014-04-25,,1800.0,2.0,246.0,100.0,0.0,175.0,2.0,1.0,0.0,61.0,13.0,511.0,0.0,100.0,0.0,450.0,150.0,,16.0,182.0,3.0,13.0,2.0,2.0,0.0,0.0,0.0,0.0,0.0,773.0,,1.0,2665.0,160.0,56.0,1.0,0.0,7485.0
2014-04-26,,1500.0,5.0,227.0,100.0,0.0,72.0,4.0,2.0,0.0,22.0,67.0,0.0,0.0,100.0,0.0,400.0,150.0,,48.0,297.0,18.0,4.0,1.0,8.0,0.0,0.0,0.0,0.0,0.0,673.0,,16.0,1945.0,75.0,57.0,2.0,0.0,5793.0
2014-04-27,,1000.0,1.0,178.0,150.0,0.0,59.0,2.0,1.0,0.0,11.0,28.0,0.0,0.0,100.0,198.0,300.0,0.0,,22.0,186.0,14.0,21.0,10.0,2.0,0.0,0.0,0.0,0.0,0.0,676.0,,5.0,1295.0,75.0,0.0,1.0,0.0,4335.0
2014-04-28,,1500.0,2.0,248.0,0.0,0.0,49.0,0.0,0.0,0.0,0.0,22.0,53.0,0.0,100.0,0.0,400.0,250.0,,0.0,183.0,7.0,5.0,5.0,3.0,0.0,0.0,0.0,0.0,0.0,1275.0,,2.0,1645.0,85.0,59.0,0.0,0.0,5893.0
2014-04-28,,600.0,2.0,274.0,100.0,0.0,49.0,0.0,0.0,0.0,0.0,9.0,71.0,0.0,100.0,105.0,450.0,150.0,,0.0,84.0,9.0,2.0,5.0,5.0,0.0,0.0,0.0,339.0,0.0,1500.0,,27.0,1910.0,75.0,46.0,0.0,0.0,5912.0
2014-04-30,,1000.0,2.0,145.0,0.0,0.0,61.0,2.0,1.0,0.0,2.0,42.0,0.0,0.0,100.0,0.0,1400.0,763.0,,27.0,181.0,5.0,29.0,6.0,2.0,0.0,0.0,0.0,1189.0,0.0,75.0,,11.0,1680.0,90.0,49.0,1.0,0.0,6863.0
2014-05-01,,0.0,9.0,276.0,0.0,0.0,49.0,0.0,0.0,0.0,0.0,0.0,0.0,0.0,100.0,0.0,300.0,0.0,,0.0,76.0,11.0,9.0,11.0,4.0,0.0,0.0,0.0,0.0,0.0,681.0,,7.0,1550.0,75.0,23.0,0.0,0.0,3181.0
2014-05-02,,800.0,2.0,128.0,300.0,0.0,49.0,0.0,0.0,0.0,0.0,0.0,0.0,0.0,100.0,0.0,600.0,75.0,,0.0,55.0,2.0,5.0,1.0,3.0,0.0,0.0,0.0,0.0,0.0,1145.0,,2.0,1350.0,75.0,0.0,0.0,0.0,4692.0
2014-05-03,,1200.0,6.0,173.0,200.0,0.0,49.0,0.0,0.0,0.0,0.0,0.0,0.0,0.0,100.0,0.0,600.0,75.0,,0.0,39.0,21.0,6.0,8.0,0.0,0.0,0.0,0.0,0.0,0.0,777.0,,4.0,1400.0,0.0,0.0,0.0,0.0,4658.0
2014-05-04,,800.0,6.0,8.0,200.0,0.0,53.0,1.0,0.0,0.0,0.0,4.0,0.0,0.0,100.0,0.0,300.0,0.0,,8.0,48.0,5.0,14.0,7.0,1.0,0.0,0.0,0.0,0.0,0.0,657.0,,2.0,1710.0,0.0,52.0,1.0,0.0,3977.0
2014-05-05,,500.0,4.0,113.0,500.0,0.0,54.0,1.0,0.0,0.0,51.0,17.0,0.0,0.0,100.0,0.0,300.0,75.0,,10.0,671.0,6.0,17.0,7.0,7.0,0.0,0.0,0.0,0.0,0.0,795.0,,2.0,1700.0,0.0,2.0,1.0,100.0,5033.0
2014-05-06,,500.0,8.0,269.0,0.0,0.0,50.0,0.0,0.0,0.0,0.0,16.0,0.0,0.0,100.0,0.0,400.0,75.0,,2.0,594.0,2.0,4.0,5.0,1.0,0.0,0.0,0.0,0.0,0.0,745.0,,3.0,1400.0,0.0,0.0,0.0,0.0,4174.0
2014-05-07,,1000.0,25.0,279.0,200.0,0.0,53.0,1.0,0.0,0.0,1.0,4.0,0.0,0.0,100.0,0.0,450.0,75.0,,10.0,110.0,18.0,9.0,13.0,6.0,0.0,0.0,0.0,0.0,0.0,743.0,,11.0,1550.0,0.0,0.0,1.0,0.0,4659.0
2014-05-08,,0.0,3.0,223.0,200.0,0.0,49.0,0.0,0.0,0.0,0.0,0.0,0.0,0.0,100.0,0.0,0.0,0.0,,0.0,159.0,9.0,5.0,8.0,1.0,0.0,0.0,0.0,0.0,0.0,690.0,,71.0,830.0,155.0,0.0,0.0,0.0,2503.0
2014-05-09,,0.0,2.0,224.0,400.0,0.0,57.0,2.0,1.0,0.0,1.0,37.0,307.0,0.0,100.0,0.0,400.0,150.0,,19.0,175.0,10.0,15.0,1.0,1.0,0.0,0.0,0.0,0.0,0.0,781.0,,16.0,1830.0,75.0,0.0,1.0,0.0,4605.0
2014-05-10,,600.0,1.0,175.0,400.0,0.0,60.0,2.0,1.0,0.0,2.0,0.0,0.0,0.0,100.0,0.0,400.0,150.0,,24.0,175.0,3.0,8.0,2.0,4.0,0.0,0.0,0.0,0.0,0.0,785.0,,7.0,1550.0,75.0,9.0,2.0,0.0,4535.0
2014-05-11,,500.0,2.0,202.0,0.0,0.0,49.0,0.0,0.0,0.0,0.0,0.0,0.0,0.0,100.0,0.0,300.0,150.0,,0.0,74.0,1.0,3.0,1.0,2.0,0.0,0.0,0.0,0.0,0.0,773.0,,1.0,1370.0,35.0,0.0,0.0,0.0,3563.0
2014-05-12,,1500.0,2.0,219.0,300.0,0.0,49.0,0.0,0.0,14.0,0.0,23.0,203.0,0.0,100.0,67.0,800.0,580.0,,0.0,176.0,0.0,4.0,2.0,3.0,0.0,0.0,0.0,0.0,0.0,765.0,,12.0,1370.0,0.0,5.0,0.0,0.0,6194.0
2014-05-13,,1000.0,2.0,286.0,0.0,0.0,51.0,0.0,0.0,0.0,0.0,0.0,0.0,0.0,100.0,0.0,400.0,550.0,,5.0,588.0,4.0,3.0,4.0,7.0,0.0,10.0,0.0,0.0,0.0,761.0,,3.0,2015.0,0.0,0.0,0.0,0.0,5789.0
2014-05-14,,500.0,3.0,249.0,0.0,0.0,51.0,0.0,0.0,0.0,0.0,0.0,123.0,0.0,100.0,0.0,700.0,450.0,,5.0,359.0,2.0,7.0,5.0,3.0,0.0,0.0,0.0,0.0,0.0,793.0,,23.0,1715.0,75.0,0.0,0.0,0.0,5163.0
2014-05-15,,600.0,3.0,308.0,0.0,0.0,71.0,5.0,2.0,0.0,3.0,52.0,0.0,10.0,100.0,205.0,500.0,150.0,,51.0,177.0,7.0,8.0,11.0,1.0,0.0,0.0,0.0,0.0,0.0,732.0,,33.0,2720.0,155.0,11.0,3.0,0.0,5918.0
2014-05-16,,1000.0,5.0,291.0,300.0,0.0,65.0,3.0,1.0,0.0,2.0,57.0,321.0,17.0,100.0,0.0,550.0,150.0,,36.0,336.0,9.0,8.0,6.0,3.0,0.0,0.0,25.0,0.0,0.0,782.0,,25.0,2775.0,70.0,8.0,2.0,0.0,6947.0
2014-05-17,,1500.0,6.0,228.0,400.0,0.0,69.0,4.0,1.0,0.0,3.0,62.0,151.0,0.0,100.0,0.0,400.0,75.0,,44.0,524.0,8.0,7.0,4.0,2.0,0.0,0.0,0.0,0.0,0.0,791.0,,15.0,2925.0,75.0,21.0,3.0,45.0,7463.0
2014-05-18,,400.0,10.0,238.0,500.0,0.0,58.0,2.0,1.0,7.0,1.0,22.0,0.0,0.0,100.0,0.0,300.0,75.0,,21.0,234.0,6.0,7.0,5.0,5.0,0.0,0.0,0.0,0.0,0.0,694.0,,35.0,1900.0,75.0,17.0,1.0,0.0,4714.0
2014-05-19,,600.0,6.0,296.0,200.0,0.0,100.0,4.0,1.0,0.0,2.0,47.0,339.0,0.0,100.0,0.0,350.0,150.0,,37.0,709.0,5.0,9.0,5.0,6.0,0.0,30.0,0.0,0.0,0.0,1453.0,,29.0,2135.0,75.0,41.0,1.0,40.0,6770.0
2014-05-20,,1500.0,8.0,286.0,150.0,0.0,62.0,3.0,1.0,0.0,2.0,32.0,288.0,0.0,100.0,0.0,400.0,150.0,,427.0,675.0,16.0,6.0,3.0,4.0,150.0,0.0,0.0,0.0,0.0,766.0,,34.0,1935.0,75.0,9.0,2.0,150.0,7234.0
2014-05-21,,1000.0,10.0,262.0,0.0,0.0,52.0,1.0,0.0,0.0,0.0,4.0,0.0,0.0,100.0,0.0,300.0,75.0,,8.0,661.0,6.0,14.0,4.0,3.0,0.0,0.0,0.0,0.0,0.0,675.0,,35.0,2285.0,75.0,44.0,1.0,0.0,5615.0
2014-05-22,,500.0,13.0,348.0,0.0,0.0,236.0,4.0,2.0,0.0,3.0,25.0,0.0,0.0,100.0,0.0,300.0,500.0,,47.0,788.0,2.0,33.0,4.0,12.0,0.0,0.0,0.0,0.0,0.0,658.0,,56.0,2415.0,75.0,0.0,3.0,0.0,6124.0
2014-05-23,,600.0,17.0,340.0,100.0,0.0,70.0,4.0,1.0,6.0,3.0,16.0,0.0,18.0,100.0,0.0,400.0,450.0,,46.0,714.0,11.0,6.0,10.0,12.0,0.0,0.0,0.0,0.0,0.0,725.0,,75.0,1885.0,0.0,5.0,3.0,0.0,5617.0
2014-05-24,,250.0,30.0,407.0,100.0,0.0,61.0,3.0,1.0,0.0,2.0,16.0,0.0,0.0,100.0,77.0,450.0,450.0,,459.0,751.0,20.0,6.0,25.0,29.0,0.0,0.0,0.0,0.0,0.0,770.0,,46.0,1295.0,75.0,0.0,2.0,60.0,5485.0
2014-05-25,,1500.0,16.0,359.0,450.0,0.0,49.0,0.0,0.0,0.0,0.0,0.0,0.0,0.0,100.0,0.0,300.0,400.0,,0.0,151.0,20.0,5.0,7.0,8.0,0.0,0.0,0.0,0.0,0.0,686.0,,5.0,985.0,75.0,14.0,0.0,0.0,5130.0
2014-05-26,,3800.0,16.0,314.0,540.0,0.0,53.0,1.0,0.0,4.0,1.0,12.0,0.0,0.0,100.0,0.0,400.0,150.0,,10.0,558.0,15.0,19.0,5.0,10.0,0.0,30.0,0.0,0.0,0.0,778.0,,45.0,1685.0,75.0,26.0,1.0,0.0,8648.0
2014-05-27,,800.0,2.0,301.0,200.0,0.0,53.0,1.0,0.0,4.0,71.0,12.0,0.0,0.0,100.0,0.0,300.0,300.0,,10.0,45.0,4.0,38.0,14.0,9.0,0.0,20.0,0.0,0.0,0.0,716.0,,66.0,1885.0,75.0,20.0,1.0,0.0,5047.0
2014-05-28,,1000.0,4.0,336.0,200.0,0.0,209.0,2.0,1.0,90.0,48.0,25.0,0.0,0.0,100.0,0.0,450.0,200.0,,144.0,533.0,18.0,35.0,12.0,25.0,0.0,0.0,0.0,0.0,0.0,668.0,,58.0,2030.0,75.0,51.0,1.0,0.0,6315.0
2014-05-29,,1500.0,3.0,325.0,0.0,0.0,124.0,5.0,2.0,0.0,45.0,79.0,0.0,0.0,100.0,0.0,300.0,300.0,,352.0,538.0,3.0,4.0,5.0,5.0,0.0,0.0,0.0,0.0,0.0,660.0,,75.0,2030.0,75.0,0.0,3.0,0.0,6533.0
2014-05-30,,1000.0,27.0,324.0,0.0,0.0,325.0,0.0,0.0,0.0,50.0,4.0,0.0,0.0,100.0,0.0,300.0,250.0,,2.0,403.0,3.0,40.0,13.0,9.0,0.0,0.0,0.0,0.0,0.0,670.0,,32.0,0.0,0.0,0.0,0.0,0.0,3552.0
2014-05-31,,1000.0,14.0,283.0,300.0,0.0,59.0,2.0,1.0,0.0,61.0,29.0,0.0,0.0,100.0,0.0,550.0,200.0,,22.0,803.0,5.0,29.0,9.0,11.0,0.0,40.0,0.0,0.0,0.0,680.0,,38.0,280.0,0.0,0.0,1.0,40.0,4557.0
2014-06-01,,100.0,12.0,132.0,400.0,0.0,63.0,3.0,1.0,0.0,2.0,42.0,0.0,0.0,100.0,0.0,450.0,180.0,,36.0,611.0,6.0,12.0,3.0,41.0,0.0,0.0,0.0,0.0,0.0,0.0,,11.0,1735.0,40.0,0.0,2.0,0.0,3982.0
2014-06-02,,200.0,8.0,219.0,300.0,0.0,59.0,2.0,1.0,0.0,1.0,24.0,0.0,0.0,100.0,0.0,0.0,750.0,,24.0,609.0,10.0,23.0,3.0,6.0,0.0,0.0,0.0,0.0,0.0,0.0,200.0,17.0,1990.0,75.0,15.0,2.0,0.0,4638.0
2014-06-03,,1200.0,8.0,280.0,500.0,0.0,76.0,6.0,2.0,0.0,34.0,0.0,0.0,0.0,100.0,0.0,400.0,750.0,,690.0,896.0,9.0,10.0,10.0,9.0,0.0,0.0,0.0,0.0,0.0,1935.0,500.0,29.0,2390.0,75.0,333.0,4.0,190.0,10436.0
2014-06-04,,1500.0,5.0,305.0,400.0,0.0,128.0,3.0,1.0,0.0,37.0,0.0,0.0,0.0,100.0,0.0,300.0,750.0,,591.0,679.0,5.0,13.0,4.0,5.0,0.0,0.0,0.0,0.0,0.0,0.0,0.0,43.0,1990.0,75.0,0.0,2.0,0.0,6936.0
2014-06-05,,400.0,9.0,243.0,200.0,0.0,286.0,2.0,1.0,28.0,36.0,33.0,0.0,0.0,100.0,0.0,300.0,700.0,,26.0,748.0,13.0,18.0,7.0,6.0,0.0,0.0,0.0,388.0,0.0,0.0,500.0,40.0,1925.0,75.0,0.0,2.0,0.0,6086.0
2014-06-06,,500.0,12.0,276.0,0.0,0.0,71.0,4.0,2.0,0.0,73.0,77.0,0.0,0.0,100.0,0.0,300.0,650.0,,49.0,536.0,22.0,7.0,11.0,11.0,0.0,0.0,0.0,0.0,0.0,0.0,75.0,13.0,1625.0,75.0,18.0,3.0,0.0,4510.0
2014-06-07,,500.0,14.0,220.0,0.0,0.0,63.0,3.0,1.0,0.0,52.0,51.0,0.0,0.0,100.0,0.0,300.0,650.0,,32.0,277.0,15.0,19.0,5.0,6.0,0.0,0.0,0.0,0.0,0.0,0.0,500.0,52.0,1790.0,75.0,0.0,2.0,0.0,4727.0
2014-06-08,,500.0,8.0,152.0,100.0,0.0,58.0,2.0,1.0,0.0,61.0,12.0,0.0,0.0,100.0,0.0,400.0,450.0,,22.0,139.0,5.0,34.0,11.0,6.0,0.0,0.0,0.0,0.0,0.0,0.0,150.0,37.0,1690.0,0.0,7.0,1.0,0.0,3946.0
2014-06-09,,100.0,6.0,186.0,200.0,0.0,66.0,4.0,1.0,57.0,2.0,53.0,0.0,0.0,100.0,0.0,0.0,575.0,,41.0,750.0,8.0,9.0,7.0,6.0,0.0,0.0,0.0,0.0,0.0,0.0,1400.0,41.0,2135.0,75.0,0.0,3.0,0.0,5825.0
2014-06-10,,500.0,7.0,272.0,400.0,0.0,76.0,6.0,2.0,0.0,3.0,76.0,0.0,0.0,100.0,0.0,400.0,500.0,,62.0,830.0,7.0,16.0,14.0,10.0,0.0,30.0,0.0,0.0,0.0,0.0,2000.0,23.0,1785.0,75.0,0.0,3.0,200.0,7397.0
2014-06-11,,400.0,13.0,271.0,750.0,0.0,382.0,2.0,1.0,43.0,71.0,20.0,0.0,0.0,100.0,48.0,400.0,700.0,,19.0,473.0,9.0,3.0,7.0,19.0,0.0,0.0,0.0,0.0,0.0,0.0,500.0,15.0,1450.0,0.0,70.0,1.0,120.0,5887.0
2014-06-12,,500.0,7.0,263.0,100.0,0.0,228.0,4.0,2.0,0.0,72.0,49.0,0.0,0.0,100.0,0.0,800.0,650.0,,39.0,637.0,4.0,17.0,9.0,2.0,0.0,0.0,0.0,0.0,0.0,0.0,500.0,55.0,1450.0,0.0,42.0,3.0,150.0,5683.0
2014-06-13,,500.0,7.0,282.0,150.0,0.0,72.0,5.0,2.0,0.0,3.0,89.0,0.0,0.0,100.0,86.0,500.0,700.0,,53.0,246.0,16.0,5.0,13.0,23.0,0.0,45.0,0.0,0.0,0.0,565.0,350.0,27.0,1450.0,0.0,14.0,3.0,0.0,5306.0
2014-06-14,,400.0,6.0,272.0,0.0,0.0,63.0,3.0,1.0,0.0,27.0,40.0,0.0,0.0,100.0,0.0,450.0,700.0,,33.0,263.0,11.0,30.0,6.0,7.0,0.0,40.0,0.0,0.0,0.0,0.0,500.0,49.0,1740.0,75.0,0.0,2.0,0.0,4818.0
2014-06-15,,200.0,18.0,211.0,0.0,0.0,56.0,1.0,1.0,0.0,17.0,11.0,0.0,0.0,100.0,0.0,300.0,500.0,,15.0,100.0,16.0,37.0,15.0,15.0,0.0,0.0,0.0,0.0,0.0,0.0,400.0,42.0,1450.0,0.0,0.0,1.0,0.0,3506.0
2014-06-16,,500.0,11.0,254.0,0.0,0.0,64.0,3.0,1.0,0.0,2.0,88.0,0.0,0.0,100.0,0.0,1100.0,700.0,,89.0,112.0,13.0,28.0,10.0,11.0,0.0,0.0,0.0,0.0,0.0,0.0,600.0,54.0,1690.0,75.0,22.0,2.0,0.0,5529.0
2014-06-17,,800.0,8.0,456.0,0.0,0.0,77.0,7.0,3.0,0.0,4.0,77.0,13.0,0.0,100.0,0.0,900.0,650.0,,63.0,180.0,9.0,18.0,5.0,9.0,0.0,0.0,0.0,0.0,0.0,0.0,600.0,46.0,1745.0,0.0,14.0,3.0,0.0,5787.0
2014-06-18,,500.0,13.0,282.0,500.0,0.0,267.0,5.0,2.0,0.0,3.0,76.0,13.0,0.0,100.0,0.0,550.0,550.0,,50.0,216.0,6.0,18.0,8.0,4.0,0.0,0.0,0.0,0.0,0.0,0.0,300.0,55.0,1760.0,75.0,18.0,4.0,0.0,5375.0
2014-06-19,,0.0,10.0,394.0,500.0,0.0,54.0,1.0,0.0,12.0,1.0,16.0,0.0,0.0,100.0,0.0,350.0,575.0,,11.0,95.0,6.0,16.0,7.0,12.0,0.0,0.0,0.0,0.0,0.0,0.0,150.0,3.0,1250.0,0.0,19.0,1.0,0.0,3583.0
2014-06-20,,400.0,9.0,170.0,200.0,0.0,59.0,3.0,1.0,20.0,2.0,41.0,0.0,0.0,100.0,0.0,350.0,500.0,,29.0,129.0,14.0,33.0,4.0,4.0,500.0,10.0,0.0,0.0,0.0,0.0,150.0,23.0,1450.0,0.0,44.0,2.0,0.0,4247.0
2014-06-21,,500.0,6.0,284.0,100.0,0.0,51.0,0.0,0.0,249.0,0.0,4.0,0.0,0.0,100.0,0.0,350.0,575.0,,4.0,81.0,6.0,8.0,12.0,15.0,0.0,0.0,0.0,0.0,0.0,0.0,200.0,7.0,1390.0,0.0,12.0,0.0,0.0,3954.0
2014-06-22,,400.0,5.0,150.0,0.0,0.0,56.0,2.0,1.0,0.0,1.0,19.0,0.0,0.0,100.0,0.0,300.0,550.0,,15.0,111.0,13.0,19.0,5.0,3.0,0.0,0.0,0.0,0.0,0.0,0.0,800.0,20.0,1450.0,0.0,0.0,1.0,0.0,4021.0
2014-06-23,,800.0,10.0,281.0,100.0,0.0,65.0,4.0,1.0,5.0,2.0,40.0,0.0,0.0,100.0,0.0,300.0,650.0,,36.0,231.0,18.0,14.0,8.0,7.0,100.0,0.0,0.0,0.0,0.0,0.0,500.0,35.0,1240.0,75.0,0.0,2.0,0.0,4624.0
2014-06-24,,1000.0,5.0,310.0,100.0,0.0,66.0,3.0,1.0,0.0,2.0,49.0,0.0,0.0,100.0,0.0,1150.0,650.0,,38.0,226.0,19.0,15.0,5.0,6.0,0.0,0.0,0.0,0.0,0.0,0.0,800.0,45.0,1240.0,75.0,5.0,2.0,350.0,6262.0
2014-06-25,,500.0,4.0,238.0,300.0,0.0,59.0,2.0,1.0,0.0,1.0,38.0,0.0,0.0,100.0,0.0,900.0,650.0,,22.0,211.0,20.0,4.0,8.0,6.0,200.0,0.0,0.0,0.0,0.0,0.0,700.0,52.0,1630.0,10.0,31.0,1.0,0.0,5688.0
2014-06-26,,750.0,8.0,317.0,300.0,0.0,116.0,4.0,2.0,0.0,3.0,80.0,50.0,0.0,100.0,0.0,800.0,650.0,,50.0,642.0,24.0,6.0,14.0,10.0,0.0,0.0,0.0,0.0,0.0,0.0,700.0,65.0,1865.0,0.0,14.0,3.0,400.0,6973.0
2014-06-27,,1000.0,3.0,248.0,70.0,0.0,187.0,5.0,2.0,0.0,3.0,89.0,0.0,0.0,100.0,0.0,350.0,150.0,,56.0,738.0,10.0,15.0,12.0,3.0,300.0,0.0,75.0,0.0,0.0,0.0,500.0,44.0,1850.0,75.0,7.0,3.0,95.0,5990.0
2014-06-28,,400.0,5.0,237.0,200.0,0.0,182.0,2.0,1.0,0.0,1.0,38.0,0.0,0.0,100.0,0.0,355.0,270.0,,27.0,655.0,15.0,27.0,7.0,6.0,300.0,0.0,0.0,0.0,0.0,0.0,800.0,52.0,1450.0,0.0,7.0,2.0,70.0,5209.0
2014-06-29,,750.0,11.0,211.0,200.0,0.0,52.0,1.0,0.0,0.0,0.0,0.0,0.0,0.0,100.0,0.0,450.0,150.0,,7.0,70.0,14.0,8.0,9.0,12.0,200.0,0.0,0.0,0.0,0.0,0.0,400.0,28.0,1895.0,0.0,105.0,0.0,0.0,4673.0
2014-06-30,,600.0,14.0,210.0,150.0,0.0,257.0,1.0,0.0,0.0,0.0,64.0,0.0,0.0,100.0,0.0,400.0,150.0,,7.0,79.0,10.0,12.0,10.0,11.0,0.0,0.0,0.0,0.0,0.0,0.0,400.0,13.0,1380.0,40.0,0.0,0.0,0.0,3908.0
2014-07-01,,1000.0,8.0,248.0,100.0,0.0,341.0,2.0,1.0,0.0,101.0,17.0,0.0,0.0,100.0,0.0,700.0,150.0,,43.0,98.0,7.0,22.0,6.0,4.0,0.0,0.0,0.0,0.0,0.0,0.0,500.0,10.0,1840.0,75.0,0.0,1.0,0.0,5374.0
2014-07-02,,750.0,8.0,243.0,0.0,0.0,342.0,1.0,0.0,0.0,20.0,9.0,0.0,0.0,100.0,0.0,600.0,150.0,,26.0,80.0,3.0,20.0,15.0,10.0,0.0,0.0,0.0,0.0,0.0,0.0,700.0,1.0,1695.0,40.0,14.0,1.0,0.0,4828.0
2014-07-03,,700.0,13.0,309.0,100.0,0.0,442.0,5.0,2.0,12.0,48.0,99.0,0.0,0.0,100.0,0.0,750.0,150.0,,230.0,238.0,53.0,2.0,8.0,3.0,0.0,0.0,0.0,0.0,0.0,0.0,500.0,40.0,2040.0,35.0,0.0,3.0,0.0,5882.0
2014-07-04,,900.0,7.0,316.0,400.0,0.0,299.0,5.0,2.0,0.0,48.0,107.0,0.0,0.0,100.0,0.0,800.0,150.0,,152.0,238.0,4.0,2.0,2.0,2.0,0.0,0.0,0.0,7.0,0.0,0.0,600.0,43.0,2110.0,75.0,0.0,4.0,100.0,6473.0
2014-07-05,,600.0,5.0,376.0,500.0,0.0,155.0,5.0,2.0,7.0,42.0,67.0,0.0,0.0,100.0,0.0,900.0,150.0,,42.0,465.0,10.0,17.0,9.0,5.0,0.0,20.0,0.0,80.0,0.0,0.0,800.0,54.0,2095.0,130.0,0.0,3.0,0.0,6639.0
2014-07-06,,0.0,10.0,291.0,0.0,0.0,63.0,3.0,1.0,0.0,1.0,0.0,0.0,0.0,100.0,0.0,300.0,150.0,,26.0,132.0,12.0,8.0,4.0,5.0,0.0,0.0,0.0,0.0,0.0,0.0,500.0,50.0,2070.0,40.0,0.0,1.0,0.0,3767.0
2014-07-07,,300.0,17.0,269.0,300.0,0.0,281.0,5.0,2.0,11.0,2.0,77.0,0.0,0.0,100.0,0.0,500.0,180.0,,167.0,211.0,6.0,38.0,7.0,12.0,400.0,0.0,0.0,0.0,0.0,0.0,800.0,40.0,2205.0,75.0,0.0,2.0,45.0,6052.0
2014-07-08,,450.0,15.0,289.0,200.0,0.0,75.0,6.0,2.0,0.0,3.0,73.0,36.0,0.0,100.0,0.0,400.0,150.0,,697.0,206.0,7.0,37.0,2.0,11.0,200.0,0.0,280.0,50.0,0.0,0.0,400.0,40.0,1985.0,60.0,35.0,2.0,0.0,5811.0
2014-07-09,,400.0,5.0,253.0,100.0,0.0,115.0,0.0,0.0,0.0,0.0,90.0,0.0,100.0,0.0,0.0,500.0,150.0,,486.0,434.0,2.0,9.0,2.0,6.0,150.0,0.0,225.0,0.0,0.0,0.0,1000.0,6.0,2365.0,75.0,0.0,2.0,0.0,6475.0
2014-07-10,,500.0,3.0,268.0,200.0,0.0,270.0,0.0,0.0,0.0,0.0,0.0,0.0,100.0,0.0,0.0,400.0,150.0,,375.0,61.0,3.0,31.0,11.0,4.0,0.0,0.0,925.0,711.0,0.0,0.0,800.0,48.0,2185.0,75.0,25.0,4.0,0.0,7149.0
2014-07-10,,500.0,3.0,268.0,200.0,0.0,270.0,0.0,0.0,0.0,0.0,0.0,0.0,100.0,0.0,0.0,400.0,150.0,,375.0,61.0,3.0,31.0,11.0,4.0,0.0,0.0,925.0,711.0,0.0,0.0,800.0,48.0,2185.0,75.0,25.0,4.0,0.0,7149.0
2014-07-11,,0.0,8.0,274.0,100.0,0.0,88.0,0.0,0.0,0.0,0.0,0.0,0.0,100.0,0.0,0.0,250.0,150.0,,0.0,59.0,3.0,8.0,6.0,6.0,0.0,0.0,300.0,85.0,0.0,0.0,0.0,48.0,2295.0,75.0,6.0,0.0,0.0,3861.0
2014-07-12,,0.0,5.0,302.0,600.0,0.0,191.0,0.0,0.0,0.0,0.0,0.0,0.0,100.0,0.0,88.0,280.0,150.0,,0.0,108.0,9.0,5.0,9.0,8.0,0.0,0.0,1375.0,0.0,0.0,0.0,900.0,53.0,3335.0,110.0,0.0,3.0,0.0,7631.0
2014-07-13,,0.0,4.0,268.0,300.0,0.0,49.0,0.0,0.0,0.0,0.0,0.0,0.0,0.0,100.0,0.0,300.0,0.0,,0.0,54.0,3.0,9.0,3.0,3.0,0.0,0.0,700.0,0.0,0.0,0.0,0.0,5.0,1775.0,75.0,0.0,2.0,0.0,3650.0
2014-07-14,,250.0,1.0,246.0,40.0,0.0,115.0,0.0,0.0,0.0,50.0,22.0,0.0,0.0,100.0,0.0,280.0,50.0,,0.0,53.0,2.0,2.0,1.0,2.0,200.0,0.0,775.0,328.0,0.0,0.0,800.0,6.0,2695.0,70.0,0.0,0.0,0.0,6088.0
2014-07-15,,0.0,3.0,199.0,400.0,0.0,49.0,40.0,0.0,58.0,0.0,38.0,594.0,0.0,100.0,0.0,300.0,150.0,,0.0,55.0,6.0,19.0,0.0,5.0,0.0,0.0,1835.0,1108.0,0.0,0.0,0.0,14.0,4185.0,70.0,0.0,0.0,0.0,9228.0
2014-07-16,,0.0,4.0,249.0,300.0,0.0,72.0,0.0,0.0,3.0,0.0,46.0,0.0,0.0,100.0,0.0,300.0,250.0,,29.0,51.0,1.0,16.0,1.0,12.0,0.0,0.0,1200.0,0.0,0.0,0.0,500.0,16.0,3745.0,575.0,0.0,0.0,0.0,7470.0
2014-07-17,,400.0,1.0,282.0,100.0,0.0,127.0,0.0,0.0,0.0,0.0,46.0,0.0,0.0,100.0,0.0,300.0,600.0,,7.0,51.0,3.0,9.0,2.0,10.0,50.0,0.0,1150.0,220.0,0.0,0.0,0.0,7.0,3385.0,60.0,0.0,0.0,0.0,6910.0
2014-07-18,,500.0,5.0,273.0,0.0,0.0,130.0,0.0,0.0,0.0,0.0,0.0,0.0,0.0,100.0,0.0,450.0,150.0,,0.0,51.0,9.0,17.0,2.0,3.0,0.0,0.0,0.0,0.0,0.0,0.0,700.0,3.0,3025.0,130.0,0.0,0.0,0.0,5548.0
2014-07-19,,300.0,5.0,273.0,0.0,0.0,130.0,0.0,0.0,0.0,0.0,0.0,0.0,0.0,-100.0,0.0,300.0,150.0,,0.0,53.0,9.0,17.0,2.0,3.0,0.0,0.0,0.0,0.0,0.0,0.0,500.0,3.0,-3240.0,-70.0,0.0,0.0,0.0,-1665.0
2014-07-20,,0.0,5.0,182.0,500.0,0.0,130.0,0.0,0.0,4.0,0.0,0.0,0.0,0.0,100.0,0.0,300.0,0.0,,0.0,52.0,3.0,3.0,3.0,2.0,0.0,0.0,0.0,0.0,0.0,0.0,0.0,1.0,3195.0,0.0,0.0,0.0,0.0,4480.0
2014-07-21,,450.0,2.0,288.0,280.0,0.0,0.0,0.0,0.0,0.0,0.0,0.0,0.0,0.0,100.0,0.0,500.0,450.0,,0.0,68.0,3.0,4.0,1.0,4.0,0.0,15.0,0.0,0.0,0.0,0.0,450.0,7.0,3425.0,75.0,0.0,0.0,0.0,6122.0
2014-07-22,,300.0,2.0,265.0,250.0,0.0,130.0,0.0,0.0,32.0,0.0,77.0,0.0,0.0,100.0,0.0,280.0,150.0,,0.0,53.0,2.0,7.0,2.0,1.0,280.0,50.0,0.0,0.0,0.0,0.0,600.0,8.0,3045.0,185.0,0.0,0.0,100.0,5919.0
2014-07-23,,200.0,3.0,221.0,200.0,0.0,273.0,0.0,0.0,-3.0,0.0,40.0,0.0,-162.0,-100.0,0.0,300.0,150.0,,0.0,50.0,2.0,6.0,1.0,0.0,250.0,0.0,-1200.0,0.0,0.0,0.0,400.0,6.0,-3670.0,-195.0,7.0,0.0,50.0,-3171.0
2014-07-24,,200.0,5.0,247.0,250.0,0.0,130.0,0.0,0.0,3.0,0.0,0.0,0.0,0.0,100.0,0.0,300.0,150.0,,0.0,54.0,1.0,9.0,5.0,2.0,150.0,50.0,0.0,479.0,0.0,0.0,300.0,22.0,3490.0,40.0,20.0,0.0,50.0,6057.0
2014-07-25,,0.0,1.0,304.0,150.0,0.0,130.0,61.0,0.0,0.0,0.0,61.0,0.0,0.0,100.0,0.0,300.0,150.0,,0.0,52.0,2.0,22.0,7.0,4.0,0.0,0.0,0.0,0.0,0.0,0.0,1200.0,17.0,2850.0,200.0,0.0,0.0,0.0,5611.0
2014-07-26,,300.0,2.0,306.0,0.0,0.0,130.0,53.0,0.0,3.0,0.0,13.0,0.0,0.0,100.0,0.0,300.0,150.0,,0.0,51.0,2.0,5.0,2.0,2.0,0.0,0.0,0.0,0.0,0.0,0.0,900.0,17.0,2820.0,105.0,0.0,0.0,200.0,5461.0
2014-07-27,,0.0,5.0,213.0,0.0,0.0,130.0,0.0,0.0,0.0,0.0,0.0,0.0,0.0,100.0,0.0,300.0,150.0,,156.0,56.0,6.0,3.0,5.0,2.0,0.0,0.0,0.0,0.0,0.0,0.0,500.0,58.0,3205.0,75.0,15.0,0.0,200.0,5179.0
2014-07-28,,0.0,1.0,231.0,0.0,0.0,0.0,0.0,0.0,-2.0,53.0,130.0,0.0,0.0,-100.0,0.0,400.0,150.0,,0.0,0.0,1.0,2.0,1.0,5.0,0.0,53.0,0.0,0.0,0.0,0.0,500.0,55.0,-2335.0,-75.0,0.0,0.0,100.0,-830.0
2014-07-29,,0.0,5.0,142.0,200.0,0.0,130.0,0.0,0.0,0.0,0.0,23.0,0.0,0.0,100.0,0.0,400.0,150.0,,0.0,52.0,3.0,17.0,3.0,6.0,0.0,30.0,0.0,0.0,0.0,0.0,300.0,10.0,1670.0,75.0,0.0,0.0,0.0,3316.0
2014-07-30,,0.0,2.0,201.0,250.0,0.0,130.0,0.0,0.0,3.0,0.0,71.0,0.0,0.0,100.0,0.0,300.0,150.0,,0.0,55.0,5.0,15.0,5.0,6.0,200.0,30.0,0.0,0.0,0.0,0.0,800.0,2.0,3325.0,70.0,17.0,0.0,0.0,5737.0
2014-07-31,,0.0,1.0,211.0,200.0,0.0,294.0,0.0,0.0,5.0,0.0,44.0,0.0,0.0,100.0,0.0,280.0,150.0,,45.0,108.0,2.0,10.0,12.0,2.0,300.0,40.0,0.0,0.0,0.0,0.0,600.0,3.0,3355.0,265.0,0.0,0.0,0.0,6027.0
2014-08-01,,0.0,2.0,201.0,100.0,0.0,207.0,0.0,0.0,21.0,0.0,74.0,398.0,0.0,100.0,55.0,300.0,150.0,,0.0,108.0,3.0,3.0,2.0,4.0,0.0,50.0,0.0,0.0,0.0,0.0,700.0,19.0,4175.0,210.0,0.0,0.0,150.0,7032.0
2014-08-02,,0.0,6.0,171.0,150.0,0.0,130.0,0.0,0.0,0.0,0.0,48.0,121.0,0.0,100.0,0.0,300.0,200.0,,45.0,55.0,4.0,14.0,2.0,4.0,0.0,45.0,0.0,357.0,0.0,0.0,1200.0,26.0,2980.0,110.0,0.0,0.0,0.0,6068.0
2014-08-03,,0.0,2.0,127.0,0.0,0.0,130.0,0.0,0.0,0.0,0.0,0.0,0.0,0.0,100.0,0.0,300.0,75.0,,41.0,50.0,1.0,7.0,7.0,2.0,0.0,0.0,0.0,0.0,0.0,0.0,1500.0,4.0,3750.0,70.0,0.0,0.0,0.0,6166.0
2014-08-04,,0.0,2.0,212.0,107.0,0.0,130.0,0.0,0.0,-7.0,0.0,0.0,0.0,0.0,100.0,0.0,300.0,250.0,,0.0,51.0,2.0,5.0,8.0,7.0,-300.0,0.0,0.0,0.0,0.0,0.0,800.0,61.0,1830.0,75.0,-18.0,0.0,0.0,3615.0
2014-08-05,,0.0,2.0,228.0,250.0,0.0,130.0,0.0,0.0,0.0,0.0,0.0,0.0,0.0,100.0,0.0,350.0,427.0,,0.0,51.0,1.0,5.0,1.0,5.0,0.0,31.0,0.0,194.0,0.0,111.0,500.0,41.0,2450.0,75.0,0.0,0.0,0.0,4952.0
2014-08-06,,0.0,6.0,209.0,100.0,0.0,195.0,0.0,0.0,0.0,0.0,0.0,0.0,0.0,100.0,0.0,300.0,150.0,,0.0,52.0,11.0,5.0,2.0,10.0,0.0,40.0,0.0,0.0,0.0,0.0,400.0,7.0,2890.0,40.0,0.0,0.0,0.0,4517.0
2014-08-07,,400.0,2.0,267.0,250.0,0.0,42.0,30.0,0.0,-2.0,0.0,0.0,0.0,0.0,100.0,0.0,300.0,150.0,,0.0,50.0,4.0,20.0,1.0,2.0,-150.0,40.0,0.0,0.0,0.0,0.0,400.0,10.0,3255.0,120.0,0.0,0.0,0.0,5291.0
2014-08-08,,0.0,2.0,198.0,100.0,0.0,42.0,0.0,0.0,7.0,0.0,21.0,0.0,0.0,100.0,0.0,300.0,150.0,,0.0,51.0,1.0,12.0,1.0,2.0,350.0,40.0,0.0,235.0,0.0,0.0,200.0,3.0,3090.0,230.0,21.0,0.0,0.0,5156.0
2014-08-09,,0.0,3.0,228.0,125.0,0.0,42.0,5.0,0.0,0.0,0.0,10.0,0.0,0.0,100.0,0.0,300.0,150.0,,0.0,51.0,2.0,7.0,1.0,5.0,0.0,20.0,0.0,0.0,0.0,0.0,200.0,6.0,3525.0,75.0,0.0,0.0,100.0,4955.0
2014-08-10,,300.0,4.0,172.0,150.0,0.0,42.0,0.0,0.0,0.0,0.0,0.0,0.0,0.0,100.0,0.0,300.0,150.0,,0.0,51.0,4.0,24.0,3.0,1.0,0.0,0.0,0.0,0.0,0.0,0.0,800.0,5.0,3175.0,0.0,0.0,0.0,100.0,5381.0
2014-08-11,,300.0,2.0,180.0,0.0,0.0,261.0,0.0,0.0,133.0,0.0,46.0,0.0,0.0,100.0,0.0,300.0,150.0,,37.0,55.0,2.0,4.0,2.0,1.0,0.0,0.0,0.0,0.0,0.0,0.0,600.0,8.0,3070.0,120.0,13.0,0.0,250.0,5634.0
2014-08-12,,0.0,1.0,134.0,100.0,0.0,42.0,45.0,0.0,0.0,0.0,44.0,0.0,0.0,100.0,0.0,600.0,150.0,,18.0,51.0,2.0,8.0,1.0,3.0,0.0,0.0,-1250.0,115.0,0.0,0.0,0.0,3.0,3205.0,210.0,9.0,0.0,250.0,3841.0
2014-08-13,,400.0,2.0,183.0,240.0,0.0,42.0,0.0,0.0,3.0,45.0,45.0,0.0,0.0,100.0,0.0,280.0,200.0,,0.0,53.0,1.0,10.0,1.0,4.0,0.0,0.0,0.0,0.0,0.0,0.0,700.0,9.0,3435.0,65.0,0.0,0.0,400.0,6218.0
2014-08-14,,250.0,1.0,147.0,400.0,0.0,167.0,0.0,0.0,0.0,0.0,0.0,0.0,0.0,100.0,0.0,500.0,450.0,,0.0,55.0,2.0,15.0,2.0,4.0,0.0,20.0,0.0,0.0,0.0,0.0,250.0,6.0,3770.0,110.0,0.0,0.0,250.0,6499.0
2014-08-15,,0.0,6.0,145.0,100.0,0.0,42.0,0.0,0.0,0.0,0.0,0.0,0.0,0.0,50.0,0.0,280.0,0.0,,0.0,360.0,1.0,8.0,1.0,5.0,150.0,0.0,0.0,0.0,0.0,0.0,300.0,6.0,2985.0,0.0,48.0,0.0,0.0,4487.0
2014-08-16,,0.0,2.0,246.0,250.0,0.0,211.0,0.0,0.0,0.0,45.0,20.0,0.0,0.0,100.0,0.0,700.0,150.0,,70.0,174.0,8.0,5.0,5.0,3.0,200.0,0.0,0.0,0.0,0.0,0.0,1500.0,7.0,3610.0,75.0,0.0,0.0,0.0,7381.0
2014-08-17,,0.0,22.0,228.0,200.0,0.0,79.0,0.0,0.0,0.0,0.0,0.0,0.0,0.0,100.0,0.0,300.0,75.0,,0.0,598.0,5.0,0.0,13.0,13.0,0.0,0.0,0.0,273.0,0.0,0.0,1500.0,36.0,3325.0,55.0,0.0,0.0,0.0,6822.0
2014-08-18,,800.0,17.0,198.0,200.0,0.0,185.0,0.0,0.0,26.0,0.0,0.0,0.0,-40.0,100.0,0.0,500.0,200.0,,333.0,616.0,2.0,0.0,8.0,3.0,0.0,0.0,0.0,322.0,0.0,453.0,1000.0,46.0,3635.0,0.0,0.0,0.0,0.0,8604.0
2014-08-19,,600.0,1.0,133.0,0.0,0.0,79.0,0.0,0.0,144.0,60.0,114.0,0.0,-100.0,100.0,0.0,700.0,150.0,,516.0,350.0,3.0,2.0,4.0,1.0,0.0,0.0,0.0,1432.0,0.0,466.0,500.0,7.0,3835.0,105.0,0.0,0.0,150.0,9352.0
2014-08-20,,400.0,2.0,206.0,0.0,0.0,42.0,0.0,0.0,101.0,0.0,0.0,0.0,-72.0,100.0,0.0,800.0,250.0,,684.0,467.0,3.0,6.0,1.0,3.0,0.0,0.0,-825.0,370.0,0.0,501.0,1500.0,25.0,1630.0,245.0,19.0,0.0,150.0,6608.0
2014-08-21,,500.0,2.0,288.0,100.0,0.0,176.0,0.0,0.0,120.0,0.0,0.0,0.0,0.0,50.0,0.0,400.0,300.0,,1169.0,457.0,5.0,2.0,2.0,1.0,0.0,0.0,-300.0,277.0,0.0,0.0,400.0,62.0,4460.0,110.0,0.0,0.0,300.0,8881.0
2014-08-22,,800.0,13.0,287.0,400.0,0.0,42.0,0.0,0.0,61.0,0.0,0.0,0.0,0.0,100.0,0.0,400.0,150.0,,416.0,490.0,8.0,4.0,8.0,1.0,0.0,0.0,0.0,0.0,0.0,0.0,200.0,35.0,3515.0,190.0,0.0,0.0,300.0,7420.0
2014-08-23,,500.0,6.0,263.0,800.0,0.0,42.0,0.0,0.0,0.0,0.0,0.0,0.0,0.0,100.0,166.0,300.0,250.0,,0.0,67.0,3.0,1.0,2.0,1.0,0.0,25.0,-675.0,443.0,0.0,0.0,900.0,21.0,4900.0,155.0,0.0,0.0,200.0,8470.0
2014-08-24,,0.0,2.0,207.0,500.0,0.0,80.0,0.0,0.0,3.0,0.0,12.0,0.0,0.0,100.0,100.0,250.0,150.0,,0.0,780.0,2.0,3.0,1.0,2.0,250.0,0.0,-500.0,512.0,0.0,0.0,200.0,7.0,3200.0,70.0,105.0,0.0,0.0,6036.0
2014-08-25,,0.0,2.0,221.0,350.0,0.0,42.0,0.0,0.0,3.0,0.0,31.0,0.0,0.0,100.0,150.0,400.0,250.0,,0.0,785.0,2.0,7.0,1.0,2.0,0.0,0.0,1375.0,233.0,0.0,0.0,500.0,6.0,4720.0,270.0,0.0,0.0,0.0,9450.0
2014-08-26,,0.0,1.0,306.0,250.0,0.0,42.0,0.0,0.0,147.0,0.0,74.0,0.0,-117.0,100.0,76.0,300.0,150.0,,607.0,62.0,3.0,34.0,1.0,4.0,0.0,10.0,1475.0,318.0,0.0,0.0,500.0,12.0,4545.0,280.0,0.0,0.0,0.0,9180.0
2014-08-27,,0.0,1.0,231.0,150.0,0.0,0.0,0.0,0.0,97.0,0.0,65.0,0.0,0.0,100.0,61.0,450.0,150.0,,53.0,63.0,3.0,23.0,7.0,3.0,0.0,0.0,1725.0,2888.0,0.0,0.0,400.0,26.0,4320.0,210.0,12.0,0.0,0.0,11038.0
2014-08-28,,0.0,2.0,247.0,250.0,0.0,42.0,0.0,0.0,21.0,0.0,0.0,0.0,0.0,100.0,0.0,450.0,75.0,,0.0,545.0,2.0,8.0,10.0,0.0,0.0,45.0,1475.0,2531.0,0.0,0.0,400.0,0.0,3405.0,245.0,500.0,0.0,350.0,10703.0
2014-08-29,,0.0,1.0,305.0,450.0,0.0,42.0,0.0,0.0,59.0,0.0,0.0,241.0,-78.0,100.0,100.0,300.0,0.0,,0.0,60.0,1.0,0.0,4.0,0.0,0.0,0.0,850.0,1266.0,0.0,0.0,300.0,10.0,3390.0,210.0,16.0,0.0,0.0,7627.0
2014-08-30,,0.0,1.0,327.0,100.0,0.0,42.0,0.0,0.0,0.0,0.0,0.0,21.0,-557.0,100.0,0.0,200.0,150.0,,0.0,276.0,11.0,1.0,1.0,2.0,0.0,0.0,1325.0,1168.0,0.0,0.0,200.0,5.0,3150.0,200.0,17.0,0.0,0.0,6740.0
2014-08-31,,0.0,1.0,259.0,100.0,0.0,42.0,0.0,0.0,0.0,0.0,0.0,0.0,141.0,100.0,100.0,250.0,75.0,,0.0,59.0,11.0,2.0,1.0,2.0,200.0,0.0,850.0,0.0,0.0,0.0,300.0,10.0,3205.0,0.0,0.0,0.0,0.0,5708.0
2014-09-01,,0.0,1.0,201.0,300.0,0.0,42.0,0.0,0.0,0.0,0.0,0.0,0.0,0.0,100.0,100.0,250.0,150.0,,0.0,103.0,1.0,3.0,1.0,9.0,250.0,20.0,0.0,0.0,0.0,0.0,250.0,4.0,2190.0,70.0,68.0,0.0,150.0,4263.0
2014-09-02,,400.0,2.0,269.0,150.0,0.0,42.0,0.0,0.0,12.0,0.0,48.0,0.0,0.0,100.0,50.0,400.0,150.0,,0.0,54.0,2.0,3.0,1.0,2.0,100.0,45.0,75.0,0.0,0.0,0.0,200.0,5.0,3110.0,130.0,55.0,0.0,100.0,5505.0
2014-09-03,,300.0,1.0,222.0,100.0,0.0,42.0,0.0,0.0,0.0,0.0,0.0,0.0,0.0,100.0,0.0,400.0,150.0,,0.0,54.0,1.0,0.0,0.0,0.0,0.0,30.0,0.0,0.0,0.0,0.0,400.0,6.0,2540.0,225.0,0.0,0.0,250.0,4821.0
2014-09-04,,0.0,3.0,204.0,0.0,0.0,42.0,0.0,0.0,0.0,0.0,0.0,0.0,0.0,100.0,0.0,400.0,50.0,,0.0,56.0,2.0,1.0,3.0,13.0,0.0,20.0,0.0,0.0,0.0,0.0,0.0,11.0,2670.0,120.0,17.0,0.0,100.0,3812.0
2014-09-05,,0.0,1.0,213.0,0.0,0.0,92.0,0.0,0.0,5.0,20.0,27.0,0.0,0.0,100.0,0.0,400.0,100.0,,0.0,54.0,6.0,0.0,5.0,0.0,0.0,0.0,0.0,0.0,0.0,0.0,0.0,31.0,4970.0,70.0,0.0,0.0,0.0,6094.0
2014-09-06,,0.0,0.0,220.0,200.0,0.0,42.0,0.0,0.0,0.0,0.0,93.0,639.0,0.0,100.0,0.0,300.0,75.0,,0.0,54.0,2.0,0.0,3.0,1.0,0.0,0.0,0.0,0.0,0.0,0.0,200.0,41.0,3335.0,75.0,0.0,0.0,100.0,5480.0
2014-09-07,,0.0,1.0,169.0,200.0,0.0,42.0,0.0,0.0,0.0,0.0,0.0,677.0,9.0,100.0,0.0,350.0,0.0,,0.0,51.0,4.0,2.0,1.0,2.0,110.0,0.0,0.0,0.0,0.0,0.0,0.0,15.0,3250.0,110.0,0.0,0.0,0.0,5093.0
2014-09-08,,0.0,2.0,257.0,250.0,0.0,42.0,0.0,0.0,15.0,0.0,0.0,188.0,0.0,100.0,0.0,400.0,0.0,,0.0,53.0,3.0,2.0,2.0,2.0,300.0,0.0,0.0,0.0,0.0,0.0,0.0,16.0,3665.0,70.0,16.0,0.0,50.0,5433.0
2014-09-09,,0.0,3.0,259.0,100.0,0.0,42.0,0.0,0.0,13.0,0.0,0.0,6.0,49.0,100.0,0.0,500.0,75.0,,307.0,50.0,2.0,12.0,1.0,2.0,320.0,35.0,0.0,0.0,0.0,0.0,0.0,14.0,4330.0,70.0,16.0,0.0,80.0,6386.0
2014-09-10,,0.0,2.0,224.0,250.0,0.0,42.0,0.0,0.0,137.0,0.0,0.0,0.0,0.0,0.0,100.0,400.0,75.0,,0.0,51.0,1.0,8.0,1.0,3.0,180.0,25.0,0.0,0.0,0.0,0.0,145.0,4.0,3945.0,75.0,0.0,0.0,180.0,5848.0
2014-09-11,,138.0,3.0,222.0,200.0,0.0,149.0,0.0,0.0,20.0,5.0,0.0,0.0,0.0,0.0,50.0,350.0,75.0,,0.0,51.0,2.0,1.0,4.0,2.0,250.0,0.0,0.0,0.0,0.0,16.0,3.0,8.0,2345.0,190.0,0.0,0.0,200.0,4284.0
2014-09-12,,200.0,2.0,263.0,0.0,0.0,42.0,0.0,0.0,161.0,60.0,44.0,0.0,0.0,0.0,0.0,400.0,100.0,,0.0,57.0,2.0,3.0,2.0,2.0,0.0,0.0,0.0,0.0,0.0,0.0,0.0,1.0,4530.0,70.0,19.0,0.0,50.0,6008.0
2014-09-13,,0.0,4.0,224.0,200.0,0.0,42.0,0.0,0.0,0.0,0.0,0.0,0.0,0.0,0.0,0.0,350.0,150.0,,0.0,54.0,1.0,0.0,0.0,2.0,0.0,0.0,0.0,0.0,0.0,0.0,0.0,1.0,4810.0,70.0,0.0,0.0,0.0,5908.0
2014-09-14,,200.0,6.0,164.0,400.0,0.0,42.0,0.0,0.0,0.0,0.0,0.0,0.0,0.0,0.0,102.0,300.0,0.0,,0.0,389.0,6.0,0.0,7.0,8.0,0.0,0.0,0.0,0.0,0.0,0.0,0.0,18.0,3550.0,0.0,0.0,0.0,0.0,5192.0
2014-09-15,,400.0,1.0,231.0,300.0,0.0,42.0,0.0,0.0,0.0,0.0,0.0,708.0,0.0,0.0,0.0,300.0,100.0,,0.0,60.0,0.0,0.0,1.0,0.0,0.0,0.0,0.0,0.0,0.0,0.0,0.0,1.0,5010.0,155.0,50.0,0.0,0.0,7359.0
2014-09-16,,100.0,2.0,235.0,400.0,0.0,42.0,0.0,0.0,190.0,0.0,0.0,707.0,0.0,0.0,110.0,400.0,150.0,,0.0,66.0,1.0,8.0,2.0,6.0,250.0,0.0,1175.0,0.0,0.0,0.0,200.0,2.0,4790.0,140.0,28.0,0.0,0.0,9004.0
2014-09-17,,50.0,2.0,115.0,250.0,0.0,42.0,0.0,0.0,0.0,0.0,48.0,0.0,0.0,0.0,59.0,280.0,0.0,,0.0,52.0,3.0,2.0,1.0,1.0,250.0,0.0,1100.0,0.0,0.0,0.0,300.0,4.0,3615.0,75.0,17.0,0.0,0.0,6266.0
2014-09-18,,600.0,2.0,241.0,100.0,0.0,42.0,0.0,0.0,0.0,0.0,64.0,384.0,0.0,0.0,80.0,800.0,0.0,,0.0,54.0,10.0,6.0,2.0,4.0,0.0,0.0,0.0,0.0,0.0,0.0,200.0,5.0,5700.0,235.0,0.0,0.0,0.0,8529.0
2014-09-19,,200.0,1.0,176.0,250.0,0.0,0.0,0.0,0.0,0.0,0.0,0.0,687.0,155.0,0.0,0.0,400.0,50.0,,0.0,57.0,1.0,1.0,2.0,6.0,0.0,0.0,1475.0,392.0,0.0,0.0,0.0,8.0,4180.0,275.0,0.0,0.0,0.0,8316.0
2014-09-20,,500.0,6.0,174.0,50.0,0.0,0.0,0.0,0.0,0.0,0.0,0.0,631.0,0.0,0.0,0.0,400.0,75.0,,0.0,57.0,2.0,2.0,2.0,4.0,0.0,20.0,725.0,215.0,0.0,0.0,0.0,3.0,4057.0,155.0,50.0,0.0,0.0,7128.0
2014-09-21,,300.0,4.0,144.0,0.0,0.0,0.0,0.0,0.0,1.0,0.0,0.0,0.0,0.0,0.0,0.0,500.0,0.0,,0.0,53.0,7.0,0.0,8.0,9.0,0.0,0.0,0.0,440.0,0.0,0.0,200.0,16.0,3985.0,0.0,21.0,0.0,0.0,5688.0
2014-09-22,,450.0,8.0,331.0,350.0,0.0,42.0,0.0,0.0,0.0,0.0,53.0,286.0,0.0,0.0,0.0,500.0,100.0,,0.0,51.0,6.0,1.0,5.0,4.0,0.0,0.0,0.0,944.0,0.0,940.0,0.0,45.0,5095.0,75.0,20.0,0.0,0.0,9306.0
2014-09-23,,500.0,0.0,231.0,100.0,0.0,88.0,0.0,0.0,0.0,0.0,0.0,0.0,113.0,0.0,50.0,850.0,150.0,,207.0,70.0,1.0,2.0,0.0,0.0,0.0,25.0,0.0,386.0,0.0,600.0,400.0,1.0,5225.0,225.0,41.0,0.0,200.0,9465.0
2014-09-24,,400.0,0.0,197.0,50.0,0.0,94.0,0.0,0.0,2.0,0.0,0.0,0.0,0.0,0.0,100.0,600.0,150.0,,0.0,55.0,0.0,0.0,0.0,1.0,150.0,35.0,0.0,440.0,0.0,992.0,800.0,1.0,4640.0,265.0,24.0,0.0,100.0,9096.0
2014-09-25,,0.0,2.0,190.0,50.0,0.0,0.0,0.0,0.0,0.0,0.0,0.0,11.0,0.0,0.0,0.0,700.0,300.0,,0.0,53.0,1.0,1.0,1.0,2.0,250.0,10.0,0.0,683.0,0.0,911.0,800.0,2.0,2265.0,70.0,22.0,0.0,0.0,6324.0
2014-09-26,,0.0,5.0,187.0,100.0,0.0,64.0,0.0,0.0,0.0,0.0,0.0,0.0,0.0,0.0,142.0,1100.0,150.0,,0.0,111.0,1.0,4.0,1.0,17.0,100.0,30.0,0.0,770.0,0.0,940.0,800.0,3.0,2950.0,130.0,16.0,0.0,0.0,7621.0
2014-09-27,,0.0,3.0,167.0,100.0,0.0,330.0,0.0,0.0,0.0,0.0,57.0,0.0,0.0,0.0,77.0,1000.0,150.0,,0.0,386.0,5.0,1.0,3.0,6.0,0.0,20.0,0.0,1214.0,0.0,1117.0,500.0,11.0,4315.0,210.0,0.0,0.0,50.0,9722.0
2014-09-28,,0.0,0.0,133.0,0.0,0.0,165.0,0.0,0.0,0.0,0.0,57.0,0.0,0.0,0.0,50.0,550.0,150.0,,0.0,171.0,2.0,8.0,1.0,2.0,70.0,0.0,0.0,714.0,0.0,779.0,400.0,1.0,6120.0,70.0,16.0,0.0,100.0,9559.0
2014-09-29,,500.0,2.0,290.0,0.0,0.0,0.0,0.0,0.0,38.0,0.0,105.0,788.0,0.0,0.0,127.0,1200.0,550.0,,42.0,659.0,5.0,3.0,2.0,1.0,0.0,0.0,0.0,536.0,0.0,2149.0,400.0,0.0,4515.0,145.0,47.0,0.0,100.0,12204.0
2014-09-30,,500.0,4.0,178.0,0.0,0.0,18.0,0.0,0.0,0.0,36.0,48.0,729.0,0.0,0.0,0.0,600.0,350.0,,0.0,829.0,4.0,3.0,1.0,2.0,0.0,0.0,0.0,712.0,0.0,2593.0,400.0,0.0,4220.0,270.0,0.0,0.0,0.0,11497.0
2014-10-01,,150.0,1.0,136.0,300.0,0.0,73.0,0.0,0.0,0.0,30.0,0.0,1127.0,0.0,0.0,0.0,1000.0,250.0,,0.0,535.0,0.0,1.0,0.0,1.0,0.0,40.0,850.0,1278.0,0.0,2153.0,600.0,1.0,3400.0,275.0,0.0,0.0,0.0,12201.0
2014-10-02,,0.0,1.0,70.0,50.0,0.0,18.0,0.0,0.0,0.0,0.0,0.0,0.0,0.0,0.0,0.0,300.0,150.0,,0.0,105.0,2.0,8.0,1.0,0.0,150.0,0.0,1000.0,0.0,0.0,731.0,0.0,1.0,2910.0,280.0,0.0,0.0,0.0,5777.0
2014-10-03,,0.0,3.0,157.0,200.0,0.0,18.0,0.0,0.0,0.0,0.0,0.0,0.0,0.0,0.0,0.0,600.0,150.0,,0.0,141.0,6.0,5.0,4.0,3.0,200.0,35.0,0.0,0.0,0.0,1467.0,200.0,0.0,2130.0,0.0,0.0,0.0,0.0,5319.0
2014-10-04,,0.0,1.0,132.0,0.0,0.0,18.0,0.0,0.0,0.0,0.0,24.0,0.0,0.0,0.0,0.0,600.0,150.0,,0.0,873.0,1.0,2.0,1.0,1.0,0.0,25.0,800.0,0.0,0.0,858.0,200.0,2.0,3290.0,110.0,20.0,0.0,0.0,7108.0
2014-10-05,,0.0,1.0,115.0,150.0,0.0,18.0,0.0,0.0,0.0,0.0,0.0,0.0,0.0,0.0,0.0,500.0,0.0,,0.0,221.0,3.0,1.0,9.0,9.0,0.0,32.0,600.0,0.0,0.0,839.0,500.0,2.0,3420.0,70.0,0.0,0.0,70.0,6560.0
2014-10-06,,0.0,2.0,107.0,0.0,0.0,18.0,0.0,0.0,0.0,0.0,92.0,0.0,0.0,0.0,0.0,800.0,300.0,,0.0,763.0,6.0,1.0,8.0,2.0,0.0,40.0,0.0,129.0,0.0,796.0,1400.0,1.0,3590.0,245.0,18.0,0.0,0.0,8318.0
2014-10-07,,0.0,1.0,164.0,0.0,0.0,18.0,0.0,0.0,0.0,0.0,106.0,0.0,0.0,0.0,30.0,750.0,0.0,,0.0,571.0,2.0,3.0,1.0,1.0,0.0,35.0,1050.0,509.0,0.0,935.0,300.0,1.0,4345.0,495.0,35.0,0.0,50.0,9402.0
2014-10-08,,0.0,10.0,171.0,50.0,0.0,18.0,0.0,0.0,0.0,0.0,106.0,0.0,0.0,0.0,0.0,600.0,150.0,,0.0,571.0,5.0,0.0,0.0,2.0,0.0,35.0,350.0,784.0,0.0,803.0,400.0,17.0,3410.0,180.0,19.0,0.0,0.0,7681.0
2014-10-09,,0.0,3.0,194.0,100.0,0.0,47.0,0.0,0.0,35.0,0.0,0.0,0.0,0.0,0.0,0.0,500.0,150.0,,0.0,64.0,1.0,0.0,3.0,4.0,0.0,35.0,0.0,136.0,0.0,770.0,800.0,6.0,3690.0,270.0,0.0,0.0,0.0,6808.0
2014-10-10,,0.0,4.0,179.0,50.0,0.0,18.0,0.0,0.0,0.0,0.0,0.0,0.0,0.0,0.0,0.0,600.0,400.0,,0.0,193.0,2.0,3.0,4.0,2.0,250.0,25.0,1106.0,1046.0,0.0,0.0,800.0,3.0,4640.0,215.0,0.0,0.0,50.0,9590.0
2014-10-11,,0.0,2.0,171.0,150.0,0.0,18.0,0.0,0.0,0.0,0.0,0.0,0.0,0.0,0.0,100.0,400.0,150.0,,0.0,486.0,1.0,4.0,1.0,2.0,0.0,31.0,788.0,300.0,0.0,748.0,1000.0,2.0,3840.0,525.0,41.0,0.0,0.0,8760.0
2014-10-12,,0.0,2.0,106.0,100.0,0.0,0.0,0.0,0.0,0.0,0.0,9.0,0.0,0.0,0.0,294.0,300.0,150.0,,0.0,414.0,3.0,2.0,1.0,2.0,0.0,25.0,210.0,0.0,0.0,705.0,2000.0,1.0,3500.0,115.0,25.0,0.0,0.0,7964.0
2014-10-13,,1000.0,2.0,138.0,300.0,0.0,0.0,0.0,0.0,0.0,0.0,33.0,0.0,0.0,0.0,111.0,500.0,450.0,,0.0,738.0,2.0,1.0,1.0,5.0,0.0,30.0,910.0,0.0,0.0,781.0,2000.0,1.0,3585.0,130.0,92.0,0.0,0.0,10810.0
2014-10-14,,1200.0,3.0,157.0,300.0,0.0,18.0,0.0,0.0,0.0,0.0,0.0,0.0,0.0,0.0,30.0,750.0,350.0,,0.0,598.0,2.0,1.0,1.0,1.0,0.0,40.0,0.0,0.0,0.0,1520.0,900.0,1.0,580.0,70.0,12.0,0.0,100.0,6634.0
2014-10-15,,1100.0,4.0,239.0,150.0,0.0,18.0,0.0,0.0,9.0,0.0,19.0,0.0,0.0,0.0,80.0,650.0,350.0,,0.0,175.0,5.0,2.0,3.0,4.0,0.0,45.0,0.0,0.0,0.0,1476.0,1200.0,0.0,2370.0,105.0,29.0,0.0,0.0,8033.0
2014-10-16,,1000.0,4.0,230.0,200.0,0.0,18.0,0.0,0.0,0.0,0.0,38.0,0.0,0.0,0.0,0.0,500.0,300.0,,0.0,202.0,7.0,3.0,5.0,4.0,0.0,40.0,613.0,0.0,0.0,1500.0,1200.0,14.0,2660.0,145.0,26.0,0.0,0.0,8709.0
2014-10-17,,1200.0,1.0,176.0,350.0,0.0,18.0,0.0,0.0,0.0,0.0,0.0,491.0,0.0,0.0,0.0,1000.0,150.0,,0.0,561.0,16.0,1.0,1.0,1.0,0.0,10.0,0.0,0.0,0.0,831.0,800.0,23.0,2705.0,75.0,0.0,0.0,0.0,8410.0
2014-10-18,,700.0,2.0,170.0,300.0,0.0,18.0,0.0,0.0,13.0,0.0,0.0,689.0,0.0,0.0,0.0,1000.0,150.0,,0.0,294.0,1.0,0.0,0.0,0.0,350.0,20.0,700.0,0.0,0.0,932.0,400.0,1.0,3230.0,245.0,0.0,0.0,0.0,9215.0
2014-10-19,,1000.0,22.0,234.0,200.0,0.0,18.0,0.0,0.0,1.0,0.0,0.0,322.0,0.0,0.0,0.0,400.0,100.0,,0.0,60.0,1.0,2.0,1.0,2.0,250.0,15.0,840.0,0.0,0.0,753.0,800.0,4.0,3205.0,70.0,30.0,0.0,0.0,8330.0
2014-10-20,,900.0,10.0,270.0,0.0,0.0,18.0,0.0,0.0,0.0,0.0,0.0,164.0,0.0,0.0,0.0,600.0,75.0,,0.0,210.0,1.0,2.0,2.0,2.0,0.0,30.0,1085.0,0.0,0.0,838.0,500.0,2.0,3255.0,75.0,0.0,0.0,0.0,8039.0
2014-10-21,,450.0,2.0,126.0,50.0,0.0,18.0,0.0,0.0,0.0,0.0,0.0,0.0,0.0,0.0,0.0,600.0,150.0,,0.0,165.0,1.0,1.0,1.0,2.0,0.0,25.0,0.0,0.0,0.0,809.0,1600.0,2.0,980.0,145.0,0.0,0.0,0.0,5127.0
2014-10-22,,500.0,0.0,166.0,100.0,0.0,18.0,0.0,0.0,0.0,0.0,0.0,0.0,0.0,0.0,0.0,650.0,0.0,,0.0,183.0,1.0,2.0,1.0,1.0,0.0,0.0,0.0,0.0,0.0,701.0,1200.0,1.0,1340.0,75.0,27.0,0.0,0.0,4966.0
2014-10-23,,0.0,1.0,139.0,0.0,0.0,18.0,0.0,0.0,0.0,0.0,0.0,0.0,0.0,0.0,0.0,450.0,350.0,,0.0,146.0,1.0,1.0,1.0,1.0,0.0,0.0,0.0,0.0,0.0,676.0,600.0,1.0,650.0,185.0,0.0,0.0,0.0,3220.0
2014-10-24,,0.0,5.0,115.0,0.0,0.0,18.0,0.0,0.0,0.0,0.0,0.0,0.0,0.0,0.0,0.0,300.0,400.0,,0.0,160.0,1.0,1.0,1.0,1.0,0.0,0.0,0.0,0.0,0.0,869.0,600.0,0.0,480.0,0.0,40.0,0.0,0.0,2991.0
2014-10-25,,400.0,1.0,159.0,100.0,0.0,18.0,0.0,0.0,0.0,0.0,0.0,4.0,0.0,0.0,0.0,300.0,150.0,,0.0,228.0,2.0,1.0,0.0,1.0,0.0,50.0,0.0,0.0,0.0,803.0,430.0,2.0,1555.0,40.0,12.0,0.0,0.0,4256.0
2014-10-26,,300.0,2.0,69.0,200.0,0.0,18.0,0.0,0.0,0.0,0.0,0.0,0.0,0.0,0.0,48.0,300.0,0.0,,0.0,125.0,5.0,4.0,2.0,1.0,150.0,0.0,0.0,0.0,0.0,819.0,200.0,4.0,1625.0,0.0,13.0,0.0,0.0,3885.0
2014-10-27,,500.0,4.0,70.0,150.0,0.0,18.0,0.0,0.0,0.0,0.0,0.0,0.0,0.0,0.0,0.0,300.0,150.0,,0.0,66.0,6.0,7.0,1.0,9.0,200.0,0.0,0.0,0.0,0.0,788.0,300.0,1.0,2855.0,150.0,0.0,0.0,0.0,5575.0
2014-10-28,,0.0,5.0,154.0,0.0,0.0,18.0,0.0,0.0,0.0,0.0,0.0,0.0,0.0,0.0,0.0,300.0,400.0,,0.0,774.0,9.0,11.0,2.0,4.0,0.0,0.0,0.0,0.0,0.0,834.0,500.0,2.0,3130.0,320.0,0.0,0.0,0.0,6463.0
2014-10-29,,450.0,1.0,121.0,0.0,0.0,18.0,0.0,0.0,80.0,0.0,4.0,8.0,6.0,0.0,0.0,300.0,250.0,,0.0,260.0,1.0,1.0,1.0,1.0,0.0,25.0,0.0,0.0,0.0,800.0,500.0,5.0,2190.0,150.0,0.0,0.0,70.0,5242.0
2014-10-30,,410.0,1.0,86.0,0.0,0.0,18.0,0.0,0.0,0.0,0.0,48.0,34.0,0.0,0.0,0.0,400.0,450.0,,0.0,125.0,2.0,1.0,1.0,1.0,0.0,15.0,105.0,0.0,0.0,0.0,400.0,2.0,2530.0,260.0,0.0,0.0,0.0,4889.0
2014-10-31,,400.0,0.0,45.0,400.0,0.0,18.0,0.0,0.0,0.0,0.0,36.0,43.0,0.0,0.0,0.0,450.0,450.0,,0.0,819.0,1.0,2.0,0.0,1.0,0.0,20.0,0.0,0.0,0.0,1129.0,700.0,2.0,2600.0,275.0,0.0,0.0,100.0,7491.0
2014-11-01,,300.0,1.0,144.0,300.0,0.0,18.0,0.0,0.0,0.0,0.0,29.0,0.0,0.0,0.0,0.0,300.0,300.0,,0.0,654.0,1.0,1.0,1.0,1.0,100.0,0.0,0.0,0.0,0.0,0.0,400.0,1.0,2570.0,75.0,0.0,0.0,0.0,5196.0
2014-11-02,,300.0,0.0,30.0,350.0,0.0,18.0,0.0,0.0,0.0,0.0,0.0,0.0,0.0,0.0,0.0,300.0,150.0,,0.0,140.0,0.0,4.0,1.0,1.0,0.0,0.0,0.0,0.0,0.0,0.0,1300.0,2.0,1360.0,40.0,8.0,0.0,0.0,4004.0
2014-11-03,,300.0,1.0,81.0,50.0,0.0,18.0,0.0,0.0,0.0,0.0,0.0,0.0,0.0,0.0,0.0,400.0,150.0,,0.0,936.0,0.0,1.0,2.0,1.0,180.0,0.0,0.0,0.0,0.0,0.0,400.0,1.0,2610.0,70.0,0.0,0.0,0.0,5201.0
2014-11-04,,160.0,3.0,53.0,0.0,0.0,18.0,0.0,0.0,0.0,0.0,0.0,0.0,0.0,0.0,0.0,600.0,400.0,,0.0,876.0,2.0,2.0,1.0,17.0,100.0,0.0,0.0,0.0,0.0,869.0,300.0,18.0,2670.0,235.0,0.0,0.0,0.0,6324.0
2014-11-05,,400.0,4.0,22.0,100.0,0.0,18.0,0.0,0.0,0.0,0.0,0.0,0.0,0.0,0.0,0.0,500.0,350.0,,0.0,430.0,2.0,15.0,1.0,13.0,0.0,0.0,0.0,0.0,0.0,876.0,0.0,18.0,1920.0,150.0,0.0,0.0,0.0,4819.0
2014-11-06,,0.0,2.0,112.0,120.0,0.0,18.0,0.0,0.0,0.0,0.0,13.0,0.0,0.0,0.0,37.0,650.0,150.0,,0.0,1159.0,2.0,2.0,2.0,3.0,0.0,0.0,0.0,0.0,0.0,871.0,400.0,23.0,2325.0,150.0,0.0,0.0,0.0,6039.0
2014-11-07,,200.0,1.0,144.0,300.0,0.0,18.0,0.0,0.0,0.0,0.0,0.0,7.0,0.0,0.0,0.0,650.0,150.0,,0.0,500.0,1.0,1.0,1.0,2.0,0.0,0.0,0.0,0.0,0.0,1700.0,400.0,4.0,3695.0,185.0,0.0,0.0,100.0,8059.0
2014-11-08,,0.0,7.0,110.0,200.0,0.0,18.0,0.0,0.0,0.0,0.0,31.0,0.0,0.0,0.0,0.0,500.0,150.0,,0.0,207.0,5.0,0.0,3.0,4.0,0.0,0.0,0.0,0.0,0.0,1687.0,400.0,11.0,2985.0,75.0,0.0,0.0,0.0,6393.0
2014-11-09,,250.0,6.0,81.0,250.0,0.0,18.0,0.0,0.0,0.0,0.0,0.0,0.0,0.0,0.0,0.0,400.0,150.0,,0.0,562.0,7.0,1.0,4.0,3.0,0.0,0.0,0.0,0.0,0.0,751.0,400.0,22.0,1900.0,80.0,0.0,0.0,0.0,4885.0
2014-11-10,,200.0,0.0,50.0,400.0,0.0,18.0,0.0,0.0,0.0,0.0,0.0,0.0,0.0,0.0,0.0,700.0,150.0,,0.0,868.0,2.0,1.0,1.0,1.0,0.0,0.0,0.0,0.0,0.0,1462.0,400.0,18.0,3860.0,220.0,0.0,0.0,0.0,8351.0
2014-11-11,,200.0,0.0,70.0,150.0,0.0,18.0,0.0,0.0,1.0,0.0,0.0,0.0,0.0,0.0,87.0,800.0,150.0,,0.0,836.0,3.0,2.0,2.0,0.0,100.0,0.0,0.0,0.0,0.0,1182.0,400.0,5.0,3365.0,150.0,0.0,0.0,60.0,7581.0
2014-11-12,,0.0,1.0,75.0,100.0,0.0,18.0,0.0,0.0,0.0,0.0,0.0,0.0,17.0,0.0,0.0,600.0,150.0,,0.0,861.0,2.0,2.0,1.0,2.0,50.0,0.0,0.0,0.0,0.0,773.0,300.0,2.0,2550.0,40.0,0.0,0.0,0.0,5544.0
2014-11-13,,300.0,1.0,64.0,200.0,0.0,18.0,0.0,0.0,0.0,0.0,0.0,0.0,0.0,0.0,0.0,300.0,450.0,,0.0,527.0,1.0,5.0,1.0,3.0,0.0,0.0,0.0,0.0,0.0,795.0,200.0,2.0,2820.0,80.0,0.0,0.0,80.0,5847.0
2014-11-14,,700.0,2.0,59.0,100.0,0.0,18.0,0.0,0.0,89.0,0.0,0.0,0.0,0.0,0.0,0.0,500.0,150.0,,0.0,92.0,1.0,1.0,2.0,2.0,0.0,0.0,0.0,0.0,0.0,752.0,400.0,2.0,3565.0,150.0,0.0,0.0,0.0,6585.0
2014-11-15,,100.0,2.0,91.0,200.0,0.0,18.0,0.0,0.0,15.0,0.0,0.0,0.0,0.0,0.0,0.0,450.0,200.0,,0.0,65.0,1.0,1.0,2.0,2.0,0.0,0.0,0.0,0.0,0.0,813.0,500.0,1.0,2640.0,150.0,8.0,0.0,0.0,5259.0
2014-11-16,,0.0,6.0,32.0,400.0,0.0,18.0,0.0,0.0,0.0,0.0,0.0,0.0,0.0,0.0,0.0,400.0,100.0,,0.0,124.0,8.0,4.0,6.0,3.0,0.0,0.0,0.0,0.0,0.0,0.0,400.0,0.0,3045.0,150.0,8.0,0.0,0.0,4704.0
2014-11-17,,0.0,7.0,91.0,200.0,0.0,53.0,0.0,0.0,0.0,0.0,4.0,0.0,0.0,0.0,0.0,400.0,125.0,,0.0,153.0,8.0,0.0,3.0,4.0,0.0,0.0,0.0,0.0,0.0,802.0,200.0,0.0,3735.0,150.0,0.0,0.0,0.0,5935.0
2014-11-18,,0.0,0.0,50.0,0.0,0.0,18.0,0.0,0.0,16.0,0.0,0.0,0.0,0.0,0.0,0.0,400.0,125.0,,0.0,62.0,1.0,1.0,4.0,3.0,0.0,0.0,0.0,0.0,0.0,763.0,240.0,3.0,4150.0,150.0,0.0,0.0,0.0,5986.0
2014-11-19,,700.0,0.0,125.0,50.0,0.0,18.0,0.0,0.0,0.0,0.0,0.0,0.0,0.0,0.0,0.0,450.0,0.0,,0.0,65.0,1.0,1.0,2.0,2.0,0.0,0.0,0.0,0.0,0.0,795.0,280.0,1.0,1690.0,150.0,0.0,0.0,50.0,4380.0
2014-11-20,,0.0,4.0,116.0,50.0,0.0,18.0,0.0,0.0,3.0,0.0,0.0,0.0,0.0,0.0,0.0,300.0,275.0,,0.0,221.0,5.0,0.0,3.0,4.0,0.0,0.0,0.0,0.0,0.0,783.0,0.0,0.0,1250.0,80.0,0.0,0.0,0.0,3112.0
2014-11-21,,200.0,1.0,125.0,100.0,0.0,18.0,0.0,0.0,0.0,0.0,0.0,0.0,0.0,0.0,0.0,600.0,125.0,,0.0,58.0,3.0,0.0,1.0,6.0,0.0,0.0,210.0,0.0,0.0,766.0,0.0,5.0,1250.0,80.0,0.0,0.0,0.0,3548.0
2014-11-22,,700.0,2.0,110.0,100.0,0.0,18.0,0.0,0.0,0.0,0.0,0.0,0.0,0.0,0.0,0.0,600.0,125.0,,0.0,58.0,1.0,1.0,2.0,2.0,0.0,0.0,0.0,0.0,0.0,945.0,300.0,6.0,3825.0,80.0,0.0,0.0,0.0,6875.0
2014-11-23,,300.0,1.0,64.0,0.0,0.0,18.0,0.0,0.0,2.0,0.0,0.0,0.0,0.0,0.0,0.0,450.0,125.0,,0.0,65.0,2.0,1.0,1.0,1.0,0.0,0.0,0.0,0.0,0.0,719.0,200.0,0.0,3205.0,0.0,0.0,0.0,0.0,5154.0
2014-11-24,,391.0,6.0,66.0,0.0,0.0,18.0,0.0,0.0,0.0,40.0,40.0,0.0,0.0,0.0,0.0,619.0,125.0,,0.0,59.0,7.0,2.0,4.0,5.0,30.0,0.0,0.0,0.0,0.0,1076.0,2.0,18.0,1490.0,80.0,0.0,0.0,100.0,4178.0
2014-11-25,,0.0,7.0,69.0,50.0,0.0,18.0,0.0,0.0,0.0,0.0,22.0,405.0,0.0,0.0,0.0,850.0,125.0,,0.0,916.0,8.0,0.0,4.0,5.0,30.0,1.0,0.0,0.0,0.0,2910.0,0.0,13.0,1975.0,150.0,5.0,0.0,0.0,7563.0
2014-11-26,,0.0,2.0,77.0,350.0,0.0,18.0,0.0,0.0,0.0,0.0,0.0,0.0,0.0,0.0,0.0,900.0,125.0,,0.0,115.0,1.0,3.0,2.0,1.0,0.0,0.0,0.0,0.0,0.0,1932.0,0.0,0.0,3390.0,80.0,0.0,0.0,0.0,6996.0
2014-11-27,,0.0,3.0,87.0,140.0,0.0,18.0,0.0,0.0,0.0,0.0,0.0,0.0,0.0,0.0,0.0,800.0,129.0,,0.0,63.0,2.0,2.0,0.0,1.0,150.0,0.0,0.0,0.0,0.0,1957.0,0.0,3.0,1160.0,80.0,0.0,0.0,0.0,4595.0
2014-11-28,,0.0,7.0,84.0,0.0,0.0,18.0,0.0,0.0,0.0,0.0,44.0,0.0,0.0,482.0,0.0,900.0,250.0,,0.0,124.0,11.0,22.0,4.0,6.0,100.0,0.0,0.0,0.0,0.0,1525.0,300.0,21.0,1700.0,80.0,0.0,0.0,0.0,5678.0
2014-11-29,,411.0,7.0,84.0,200.0,0.0,18.0,0.0,0.0,0.0,0.0,13.0,0.0,0.0,481.0,0.0,906.0,125.0,,0.0,1116.0,11.0,22.0,4.0,6.0,0.0,0.0,0.0,0.0,0.0,820.0,305.0,21.0,1550.0,40.0,0.0,0.0,50.0,6190.0
2014-11-30,,0.0,4.0,50.0,200.0,0.0,209.0,0.0,0.0,0.0,0.0,0.0,0.0,0.0,478.0,0.0,400.0,75.0,,0.0,139.0,4.0,4.0,3.0,5.0,0.0,0.0,0.0,0.0,0.0,763.0,202.0,3.0,1235.0,80.0,0.0,0.0,0.0,3854.0
2014-12-01,,200.0,1.0,59.0,500.0,0.0,82.0,0.0,0.0,0.0,0.0,0.0,157.0,0.0,498.0,0.0,1013.0,170.0,,0.0,141.0,2.0,2.0,1.0,2.0,0.0,1.0,0.0,0.0,0.0,781.0,214.0,1.0,1210.0,150.0,0.0,0.0,50.0,5235.0
2014-12-02,,53.0,7.0,73.0,400.0,0.0,18.0,0.0,0.0,0.0,0.0,4.0,86.0,0.0,342.0,0.0,1000.0,149.0,,0.0,202.0,9.0,0.0,4.0,6.0,0.0,15.0,0.0,0.0,0.0,856.0,0.0,5.0,1470.0,0.0,5.0,0.0,120.0,4824.0
2014-12-03,,21.0,7.0,125.0,100.0,0.0,18.0,0.0,0.0,52.0,0.0,26.0,0.0,0.0,496.0,0.0,850.0,125.0,,0.0,68.0,7.0,1.0,4.0,5.0,0.0,0.0,0.0,0.0,0.0,1532.0,0.0,5.0,2180.0,150.0,0.0,0.0,0.0,5772.0
2014-12-04,,11.0,0.0,64.0,300.0,0.0,18.0,0.0,0.0,0.0,0.0,0.0,0.0,0.0,493.0,0.0,600.0,125.0,,0.0,70.0,2.0,0.0,2.0,0.0,0.0,0.0,0.0,0.0,0.0,909.0,212.0,20.0,3175.0,150.0,7.0,0.0,0.0,6158.0
2014-12-05,,0.0,0.0,119.0,300.0,0.0,48.0,0.0,0.0,6.0,0.0,0.0,0.0,14.0,491.0,200.0,800.0,125.0,,0.0,60.0,7.0,5.0,3.0,3.0,130.0,1.0,0.0,0.0,0.0,855.0,0.0,1.0,1500.0,0.0,0.0,0.0,80.0,4748.0
2014-12-06,,0.0,3.0,104.0,150.0,0.0,185.0,0.0,0.0,0.0,0.0,0.0,0.0,40.0,475.0,0.0,300.0,125.0,,0.0,58.0,8.0,19.0,2.0,2.0,0.0,1.0,0.0,0.0,0.0,844.0,0.0,24.0,1145.0,0.0,0.0,0.0,100.0,3585.0
2014-12-07,,300.0,2.0,119.0,0.0,0.0,18.0,0.0,0.0,0.0,0.0,0.0,0.0,0.0,525.0,24.0,425.0,127.0,,0.0,59.0,3.0,9.0,1.0,3.0,0.0,0.0,0.0,0.0,0.0,702.0,233.0,7.0,1840.0,0.0,0.0,0.0,0.0,4397.0
2014-12-08,,23.0,2.0,27.0,50.0,0.0,18.0,0.0,0.0,0.0,0.0,0.0,316.0,0.0,495.0,0.0,400.0,125.0,,0.0,137.0,2.0,3.0,3.0,2.0,0.0,0.0,0.0,0.0,0.0,842.0,0.0,1.0,3660.0,150.0,0.0,0.0,0.0,6256.0
2014-12-09,,36.0,2.0,71.0,200.0,0.0,18.0,0.0,0.0,0.0,0.0,0.0,205.0,0.0,511.0,0.0,400.0,125.0,,0.0,57.0,2.0,1.0,3.0,2.0,0.0,624.0,0.0,0.0,0.0,794.0,17.0,0.0,2290.0,150.0,0.0,0.0,80.0,5588.0
2014-12-10,,7.0,6.0,44.0,200.0,0.0,18.0,0.0,0.0,0.0,0.0,34.0,276.0,0.0,511.0,0.0,450.0,125.0,,0.0,68.0,6.0,1.0,4.0,4.0,0.0,0.0,0.0,0.0,0.0,953.0,36.0,0.0,2200.0,150.0,11.0,0.0,0.0,5104.0
2014-12-10,,7.0,6.0,44.0,200.0,0.0,18.0,0.0,0.0,0.0,0.0,34.0,276.0,0.0,511.0,0.0,450.0,125.0,,0.0,68.0,6.0,1.0,4.0,4.0,0.0,0.0,0.0,0.0,0.0,953.0,36.0,0.0,2200.0,150.0,11.0,0.0,0.0,5104.0
2014-12-11,,0.0,6.0,107.0,100.0,0.0,94.0,0.0,0.0,57.0,0.0,0.0,0.0,8.0,344.0,0.0,417.0,125.0,,0.0,64.0,8.0,1.0,4.0,5.0,0.0,0.0,0.0,0.0,0.0,824.0,36.0,0.0,2290.0,0.0,0.0,0.0,0.0,4490.0
2014-12-12,,300.0,1.0,77.0,300.0,0.0,18.0,0.0,0.0,23.0,0.0,0.0,0.0,0.0,346.0,0.0,300.0,125.0,,0.0,123.0,1.0,1.0,2.0,0.0,0.0,0.0,0.0,0.0,0.0,782.0,53.0,0.0,2290.0,150.0,0.0,0.0,0.0,4892.0
2014-12-12,,300.0,1.0,77.0,300.0,0.0,18.0,0.0,0.0,23.0,0.0,0.0,0.0,0.0,346.0,0.0,300.0,125.0,,0.0,123.0,1.0,1.0,2.0,0.0,0.0,0.0,0.0,0.0,0.0,782.0,53.0,0.0,2290.0,150.0,0.0,0.0,0.0,4892.0
2014-12-13,,0.0,2.0,55.0,250.0,0.0,18.0,0.0,0.0,83.0,0.0,0.0,0.0,0.0,350.0,0.0,359.0,125.0,,0.0,109.0,1.0,0.0,3.0,2.0,100.0,0.0,0.0,0.0,0.0,831.0,11.0,10.0,1790.0,40.0,0.0,0.0,0.0,4139.0
2014-12-15,,0.0,2.0,67.0,100.0,0.0,18.0,0.0,0.0,0.0,0.0,0.0,0.0,0.0,350.0,0.0,350.0,0.0,,0.0,89.0,6.0,8.0,2.0,2.0,0.0,0.0,0.0,0.0,0.0,768.0,0.0,1.0,1690.0,150.0,0.0,0.0,0.0,3603.0
2014-12-16,,14.0,5.0,63.0,0.0,0.0,18.0,0.0,0.0,58.0,0.0,0.0,0.0,0.0,350.0,100.0,306.0,175.0,,0.0,63.0,6.0,0.0,3.0,4.0,100.0,2.0,0.0,0.0,0.0,896.0,230.0,7.0,1690.0,0.0,0.0,0.0,0.0,4090.0
2014-12-17,,0.0,0.0,63.0,150.0,0.0,18.0,0.0,0.0,30.0,0.0,0.0,528.0,42.0,337.0,0.0,300.0,125.0,,0.0,70.0,6.0,0.0,4.0,2.0,0.0,0.0,0.0,0.0,0.0,841.0,200.0,2.0,1940.0,0.0,0.0,0.0,0.0,4658.0
2014-12-18,,0.0,1.0,105.0,250.0,0.0,176.0,0.0,0.0,0.0,0.0,66.0,778.0,42.0,341.0,0.0,300.0,125.0,,0.0,62.0,40.0,1.0,3.0,2.0,0.0,0.0,0.0,0.0,0.0,832.0,200.0,5.0,2675.0,0.0,10.0,0.0,100.0,6114.0
2014-12-19,,0.0,2.0,124.0,600.0,0.0,18.0,0.0,0.0,132.0,0.0,53.0,719.0,42.0,346.0,0.0,400.0,125.0,,0.0,61.0,6.0,0.0,3.0,2.0,0.0,0.0,0.0,0.0,0.0,200.0,300.0,14.0,2145.0,60.0,0.0,0.0,0.0,5352.0
2014-12-20,,0.0,0.0,134.0,400.0,0.0,52.0,0.0,0.0,0.0,0.0,50.0,595.0,0.0,348.0,0.0,300.0,125.0,,7.0,127.0,2.0,1.0,5.0,0.0,0.0,0.0,0.0,0.0,0.0,200.0,400.0,9.0,2515.0,75.0,0.0,0.0,0.0,5345.0
2014-12-21,,0.0,2.0,70.0,200.0,0.0,59.0,0.0,0.0,0.0,0.0,36.0,0.0,10.0,338.0,0.0,300.0,125.0,,0.0,60.0,6.0,3.0,5.0,1.0,150.0,0.0,0.0,0.0,0.0,766.0,200.0,8.0,2940.0,80.0,0.0,0.0,0.0,5359.0
2014-12-22,,0.0,1.0,96.0,100.0,0.0,181.0,0.0,0.0,0.0,0.0,0.0,380.0,20.0,601.0,0.0,450.0,125.0,,0.0,63.0,3.0,8.0,5.0,2.0,200.0,0.0,0.0,0.0,0.0,863.0,200.0,5.0,2485.0,0.0,0.0,0.0,110.0,5898.0
2014-12-23,,100.0,1.0,39.0,100.0,0.0,69.0,0.0,0.0,22.0,0.0,0.0,515.0,20.0,360.0,0.0,400.0,125.0,,0.0,67.0,3.0,4.0,3.0,2.0,0.0,0.0,0.0,0.0,0.0,1828.0,200.0,6.0,4295.0,75.0,10.0,0.0,50.0,8294.0
2014-12-24,,350.0,2.0,56.0,0.0,0.0,18.0,0.0,0.0,90.0,0.0,0.0,680.0,20.0,335.0,0.0,326.0,0.0,,0.0,63.0,1.0,1.0,8.0,3.0,0.0,7.0,0.0,0.0,0.0,0.0,135.0,1.0,4910.0,75.0,0.0,0.0,0.0,7081.0
2014-12-25,,0.0,2.0,93.0,0.0,0.0,61.0,0.0,0.0,187.0,0.0,84.0,165.0,20.0,340.0,0.0,350.0,125.0,,0.0,78.0,3.0,10.0,11.0,4.0,0.0,0.0,0.0,0.0,0.0,1807.0,300.0,1.0,3885.0,90.0,0.0,0.0,0.0,7616.0
2014-12-26,,300.0,4.0,192.0,300.0,0.0,183.0,0.0,0.0,0.0,0.0,81.0,614.0,20.0,346.0,0.0,400.0,125.0,,0.0,58.0,7.0,0.0,2.0,4.0,100.0,0.0,0.0,0.0,0.0,1947.0,0.0,46.0,3835.0,45.0,10.0,0.0,0.0,8619.0
2014-12-27,,0.0,5.0,61.0,300.0,0.0,54.0,0.0,0.0,0.0,0.0,43.0,217.0,20.0,353.0,0.0,300.0,125.0,,0.0,65.0,6.0,0.0,3.0,4.0,0.0,0.0,0.0,0.0,0.0,1500.0,300.0,8.0,3380.0,0.0,0.0,0.0,0.0,6744.0
2014-12-27,,100.0,5.0,61.0,300.0,0.0,54.0,0.0,0.0,0.0,0.0,43.0,217.0,20.0,353.0,0.0,400.0,125.0,,0.0,65.0,6.0,0.0,3.0,4.0,0.0,0.0,0.0,0.0,0.0,896.0,0.0,8.0,3380.0,0.0,0.0,0.0,0.0,6040.0
2014-12-28,,0.0,1.0,91.0,175.0,0.0,18.0,0.0,0.0,0.0,0.0,0.0,178.0,15.0,356.0,58.0,300.0,125.0,,0.0,67.0,6.0,5.0,3.0,3.0,0.0,0.0,0.0,0.0,0.0,516.0,300.0,3.0,2515.0,0.0,0.0,0.0,0.0,4735.0
2014-12-29,,0.0,2.0,66.0,200.0,0.0,70.0,0.0,0.0,18.0,0.0,0.0,0.0,0.0,344.0,0.0,680.0,75.0,,0.0,61.0,23.0,2.0,2.0,1.0,300.0,0.0,0.0,0.0,0.0,815.0,400.0,15.0,3135.0,75.0,0.0,0.0,100.0,6384.0
2014-12-30,,0.0,3.0,84.0,0.0,0.0,56.0,0.0,0.0,0.0,0.0,0.0,58.0,0.0,365.0,0.0,600.0,125.0,,0.0,711.0,4.0,2.0,1.0,0.0,200.0,0.0,0.0,0.0,0.0,549.0,300.0,2.0,3055.0,0.0,0.0,0.0,50.0,6165.0
2014-12-31,,0.0,10.0,99.0,100.0,0.0,186.0,0.0,0.0,0.0,0.0,0.0,293.0,0.0,338.0,0.0,400.0,125.0,,0.0,67.0,4.0,5.0,2.0,11.0,0.0,0.0,0.0,0.0,0.0,1588.0,200.0,6.0,3980.0,0.0,0.0,0.0,0.0,7414.0
2014-12-31,,0.0,10.0,99.0,100.0,0.0,186.0,0.0,0.0,0.0,0.0,0.0,293.0,0.0,338.0,0.0,400.0,125.0,,0.0,67.0,4.0,5.0,2.0,11.0,0.0,0.0,0.0,0.0,0.0,1588.0,200.0,6.0,3980.0,0.0,0.0,0.0,0.0,7414.0
2015-01-01,,0.0,2.0,37.0,0.0,0.0,18.0,0.0,0.0,0.0,0.0,0.0,0.0,0.0,346.0,119.0,300.0,125.0,,0.0,57.0,2.0,1.0,1.0,3.0,0.0,0.0,0.0,0.0,0.0,891.0,300.0,2.0,3645.0,0.0,0.0,0.0,0.0,5849.0
2015-01-02,,0.0,2.0,66.0,100.0,0.0,18.0,0.0,0.0,109.0,0.0,0.0,0.0,0.0,368.0,0.0,299.0,125.0,,0.0,56.0,1.0,1.0,1.0,2.0,0.0,0.0,0.0,0.0,0.0,1380.0,136.0,1.0,2230.0,0.0,0.0,0.0,0.0,4895.0
2015-01-03,,50.0,6.0,63.0,200.0,0.0,19.0,0.0,0.0,0.0,0.0,0.0,0.0,0.0,338.0,0.0,400.0,125.0,,0.0,61.0,7.0,1.0,3.0,4.0,0.0,0.0,0.0,0.0,0.0,1361.0,0.0,0.0,2765.0,38.0,13.0,0.0,0.0,5454.0
2015-01-04,,0.0,5.0,102.0,0.0,0.0,18.0,0.0,0.0,0.0,0.0,0.0,0.0,0.0,358.0,0.0,400.0,125.0,,0.0,62.0,6.0,1.0,3.0,4.0,0.0,0.0,0.0,0.0,0.0,200.0,0.0,0.0,2915.0,0.0,0.0,0.0,0.0,4199.0
2015-01-05,,0.0,5.0,100.0,100.0,0.0,18.0,0.0,0.0,0.0,0.0,0.0,0.0,0.0,345.0,0.0,150.0,125.0,,0.0,61.0,0.0,2.0,0.0,1.0,0.0,0.0,0.0,0.0,0.0,1473.0,300.0,9.0,3235.0,150.0,0.0,0.0,0.0,6074.0
2015-01-06,,0.0,2.0,56.0,250.0,0.0,18.0,0.0,0.0,0.0,0.0,55.0,0.0,3.0,347.0,0.0,750.0,125.0,,0.0,63.0,5.0,1.0,1.0,3.0,200.0,0.0,0.0,0.0,0.0,1147.0,300.0,9.0,3935.0,150.0,35.0,0.0,0.0,7455.0
2015-01-07,,0.0,6.0,104.0,300.0,0.0,18.0,0.0,0.0,5.0,0.0,0.0,0.0,14.0,352.0,0.0,0.0,0.0,,0.0,53.0,5.0,7.0,0.0,2.0,150.0,0.0,0.0,0.0,0.0,0.0,0.0,6.0,4315.0,150.0,50.0,0.0,0.0,5537.0
2015-01-08,,100.0,7.0,77.0,0.0,0.0,18.0,0.0,0.0,0.0,0.0,0.0,0.0,0.0,343.0,100.0,600.0,0.0,,0.0,63.0,5.0,2.0,1.0,2.0,0.0,0.0,0.0,0.0,0.0,786.0,300.0,7.0,4795.0,35.0,25.0,0.0,0.0,7266.0
2015-01-09,,0.0,6.0,110.0,0.0,0.0,18.0,0.0,0.0,0.0,0.0,0.0,0.0,0.0,374.0,0.0,500.0,125.0,,0.0,61.0,6.0,0.0,3.0,5.0,0.0,0.0,0.0,0.0,0.0,993.0,135.0,0.0,4025.0,150.0,0.0,0.0,0.0,6511.0
2015-01-10,,0.0,6.0,76.0,100.0,0.0,18.0,0.0,0.0,0.0,0.0,0.0,0.0,0.0,348.0,0.0,300.0,125.0,,0.0,68.0,7.0,1.0,4.0,5.0,0.0,0.0,0.0,0.0,0.0,895.0,125.0,0.0,3055.0,150.0,0.0,0.0,0.0,5283.0
2015-01-11,,0.0,1.0,45.0,200.0,0.0,18.0,0.0,0.0,25.0,0.0,0.0,0.0,0.0,341.0,0.0,400.0,125.0,,0.0,59.0,2.0,3.0,2.0,4.0,0.0,0.0,0.0,0.0,0.0,200.0,300.0,1.0,3390.0,40.0,0.0,0.0,0.0,5156.0
2015-01-12,,0.0,2.0,67.0,200.0,0.0,18.0,0.0,0.0,0.0,0.0,0.0,0.0,0.0,340.0,0.0,400.0,125.0,,0.0,63.0,1.0,4.0,1.0,2.0,0.0,0.0,0.0,0.0,0.0,200.0,200.0,4.0,3265.0,80.0,0.0,0.0,0.0,4972.0
2015-01-13,,0.0,8.0,80.0,100.0,0.0,45.0,0.0,0.0,1.0,0.0,0.0,0.0,0.0,387.0,0.0,300.0,50.0,,0.0,61.0,0.0,4.0,1.0,4.0,0.0,0.0,0.0,0.0,0.0,875.0,200.0,4.0,3245.0,75.0,13.0,0.0,0.0,5453.0
2015-01-14,,0.0,0.0,25.0,150.0,0.0,132.0,0.0,0.0,0.0,0.0,0.0,0.0,0.0,355.0,0.0,500.0,0.0,,0.0,482.0,5.0,1.0,8.0,8.0,230.0,0.0,0.0,0.0,0.0,870.0,300.0,2.0,3630.0,0.0,0.0,0.0,0.0,6698.0
2015-01-15,,0.0,8.0,81.0,0.0,0.0,96.0,0.0,0.0,0.0,0.0,0.0,0.0,29.0,341.0,0.0,900.0,135.0,,0.0,559.0,5.0,2.0,7.0,5.0,0.0,0.0,0.0,0.0,0.0,576.0,100.0,43.0,2970.0,0.0,19.0,0.0,0.0,5876.0
2015-01-16,,0.0,5.0,157.0,150.0,0.0,138.0,0.0,0.0,0.0,0.0,0.0,0.0,0.0,345.0,50.0,800.0,125.0,,0.0,144.0,4.0,3.0,4.0,1.0,0.0,0.0,0.0,0.0,0.0,698.0,100.0,2.0,3740.0,75.0,0.0,0.0,0.0,6541.0
2015-01-17,,0.0,6.0,97.0,300.0,0.0,187.0,0.0,0.0,0.0,0.0,0.0,0.0,0.0,335.0,47.0,500.0,125.0,,0.0,446.0,6.0,0.0,4.0,3.0,0.0,0.0,0.0,0.0,0.0,200.0,135.0,13.0,3405.0,75.0,0.0,0.0,0.0,5884.0
2015-01-18,,0.0,4.0,75.0,100.0,0.0,143.0,0.0,0.0,0.0,0.0,0.0,0.0,0.0,349.0,0.0,400.0,125.0,,0.0,138.0,4.0,0.0,1.0,4.0,0.0,0.0,0.0,0.0,0.0,797.0,135.0,0.0,3005.0,0.0,0.0,0.0,0.0,5280.0
2015-01-19,,0.0,2.0,67.0,200.0,0.0,240.0,0.0,0.0,0.0,0.0,0.0,0.0,0.0,348.0,0.0,350.0,125.0,,0.0,65.0,3.0,3.0,1.0,2.0,0.0,0.0,0.0,0.0,0.0,869.0,200.0,2.0,2885.0,75.0,0.0,0.0,0.0,5437.0
2015-01-20,,0.0,2.0,151.0,100.0,0.0,146.0,0.0,0.0,0.0,0.0,0.0,0.0,0.0,349.0,0.0,450.0,125.0,,0.0,207.0,3.0,5.0,1.0,2.0,0.0,0.0,0.0,0.0,0.0,630.0,0.0,9.0,3785.0,75.0,0.0,0.0,0.0,6040.0
2015-01-21,,0.0,5.0,120.0,100.0,0.0,136.0,0.0,0.0,0.0,0.0,0.0,0.0,73.0,346.0,0.0,300.0,125.0,,0.0,170.0,1.0,5.0,1.0,2.0,0.0,0.0,0.0,0.0,0.0,886.0,300.0,17.0,4220.0,150.0,0.0,0.0,0.0,6957.0
2015-01-22,,0.0,5.0,110.0,250.0,0.0,147.0,0.0,0.0,0.0,0.0,0.0,0.0,0.0,342.0,0.0,400.0,128.0,,0.0,684.0,1.0,13.0,7.0,6.0,0.0,0.0,0.0,0.0,0.0,1284.0,300.0,2.0,1830.0,0.0,0.0,0.0,0.0,5509.0
2015-01-23,,0.0,2.0,50.0,300.0,0.0,147.0,0.0,0.0,10.0,0.0,37.0,0.0,0.0,361.0,0.0,400.0,125.0,,0.0,686.0,0.0,2.0,2.0,8.0,0.0,0.0,0.0,0.0,0.0,1218.0,300.0,23.0,2560.0,40.0,0.0,0.0,0.0,6271.0
2015-01-24,,0.0,1.0,45.0,0.0,0.0,96.0,0.0,0.0,0.0,9.0,61.0,0.0,18.0,344.0,0.0,400.0,125.0,,0.0,209.0,2.0,5.0,1.0,2.0,0.0,0.0,0.0,0.0,0.0,868.0,200.0,2.0,2415.0,80.0,0.0,0.0,0.0,4883.0
2015-01-25,,0.0,0.0,140.0,150.0,0.0,96.0,0.0,0.0,5.0,0.0,0.0,0.0,0.0,352.0,0.0,400.0,70.0,,0.0,63.0,2.0,1.0,2.0,3.0,0.0,0.0,0.0,0.0,0.0,200.0,0.0,1.0,3285.0,40.0,46.0,0.0,0.0,4856.0
2015-01-26,,0.0,2.0,38.0,100.0,0.0,96.0,0.0,0.0,0.0,0.0,0.0,0.0,0.0,353.0,0.0,300.0,30.0,,0.0,71.0,3.0,1.0,1.0,2.0,0.0,0.0,0.0,0.0,0.0,200.0,135.0,2.0,2310.0,40.0,35.0,0.0,0.0,3719.0
2015-01-27,,0.0,5.0,86.0,175.0,0.0,96.0,0.0,0.0,3.0,0.0,0.0,16.0,0.0,343.0,0.0,400.0,30.0,,0.0,86.0,7.0,0.0,3.0,4.0,0.0,0.0,0.0,0.0,0.0,200.0,0.0,23.0,2825.0,75.0,18.0,0.0,100.0,4495.0
2015-01-27,,0.0,5.0,86.0,175.0,0.0,96.0,0.0,0.0,3.0,0.0,0.0,16.0,0.0,343.0,0.0,400.0,30.0,,0.0,86.0,7.0,0.0,3.0,4.0,0.0,0.0,0.0,0.0,0.0,200.0,0.0,23.0,2825.0,75.0,18.0,0.0,100.0,4495.0
2015-01-28,,0.0,6.0,92.0,0.0,0.0,176.0,0.0,0.0,0.0,0.0,0.0,0.0,0.0,338.0,0.0,300.0,15.0,,0.0,91.0,7.0,0.0,3.0,5.0,0.0,0.0,0.0,0.0,0.0,717.0,0.0,24.0,3075.0,75.0,0.0,0.0,0.0,4924.0
2015-01-29,,0.0,7.0,74.0,100.0,0.0,0.0,0.0,0.0,0.0,0.0,0.0,0.0,0.0,355.0,0.0,310.0,0.0,,0.0,894.0,2.0,0.0,2.0,7.0,0.0,0.0,0.0,0.0,0.0,684.0,200.0,13.0,3450.0,75.0,0.0,0.0,0.0,6173.0
2015-01-30,,0.0,5.0,106.0,200.0,0.0,96.0,0.0,0.0,0.0,0.0,0.0,0.0,0.0,356.0,0.0,200.0,125.0,,0.0,738.0,3.0,2.0,2.0,3.0,0.0,0.0,0.0,0.0,0.0,705.0,300.0,8.0,2735.0,0.0,0.0,0.0,0.0,5584.0
2015-01-31,,0.0,1.0,82.0,100.0,0.0,96.0,0.0,0.0,0.0,0.0,0.0,0.0,9.0,390.0,0.0,400.0,125.0,,0.0,63.0,3.0,3.0,2.0,4.0,0.0,0.0,0.0,0.0,0.0,837.0,300.0,5.0,2815.0,80.0,27.0,0.0,0.0,5342.0
2015-02-01,,0.0,3.0,58.0,0.0,0.0,96.0,0.0,0.0,5.0,0.0,0.0,0.0,0.0,345.0,0.0,400.0,0.0,,0.0,187.0,3.0,2.0,1.0,2.0,0.0,0.0,0.0,0.0,0.0,737.0,300.0,1.0,1850.0,0.0,0.0,0.0,0.0,3990.0
2015-02-02,,0.0,1.0,84.0,0.0,0.0,96.0,0.0,0.0,0.0,0.0,0.0,0.0,0.0,377.0,0.0,400.0,25.0,,0.0,88.0,1.0,1.0,4.0,2.0,0.0,0.0,0.0,0.0,0.0,963.0,135.0,2.0,2160.0,75.0,0.0,0.0,0.0,4414.0
2015-02-03,,0.0,7.0,112.0,50.0,0.0,96.0,0.0,0.0,0.0,0.0,0.0,0.0,0.0,334.0,0.0,400.0,29.0,,0.0,873.0,7.0,0.0,2.0,4.0,0.0,0.0,0.0,0.0,0.0,200.0,135.0,19.0,2735.0,40.0,34.0,0.0,0.0,5077.0
2015-02-04,,0.0,5.0,147.0,200.0,0.0,134.0,0.0,0.0,0.0,0.0,0.0,0.0,0.0,339.0,0.0,450.0,30.0,,0.0,131.0,6.0,0.0,3.0,2.0,0.0,0.0,0.0,0.0,0.0,909.0,200.0,0.0,3005.0,0.0,31.0,0.0,0.0,5592.0
2015-02-05,,0.0,5.0,188.0,0.0,0.0,96.0,0.0,0.0,0.0,0.0,0.0,0.0,0.0,346.0,0.0,300.0,125.0,,0.0,573.0,6.0,0.0,3.0,4.0,0.0,0.0,0.0,0.0,0.0,797.0,0.0,0.0,3455.0,80.0,0.0,0.0,0.0,5978.0
2015-02-05,,0.0,5.0,188.0,0.0,0.0,96.0,0.0,0.0,0.0,0.0,0.0,0.0,0.0,346.0,0.0,300.0,125.0,,0.0,573.0,6.0,0.0,3.0,4.0,0.0,0.0,0.0,0.0,0.0,797.0,0.0,0.0,3455.0,80.0,0.0,0.0,0.0,5978.0
2015-02-06,,0.0,1.0,95.0,250.0,0.0,96.0,0.0,0.0,0.0,0.0,0.0,0.0,0.0,382.0,0.0,300.0,125.0,,0.0,890.0,3.0,6.0,4.0,4.0,0.0,0.0,0.0,0.0,0.0,200.0,600.0,4.0,3820.0,80.0,0.0,0.0,0.0,6860.0
2015-02-07,,0.0,2.0,100.0,0.0,0.0,96.0,0.0,0.0,0.0,0.0,0.0,0.0,0.0,347.0,0.0,300.0,125.0,,0.0,955.0,0.0,1.0,5.0,7.0,100.0,0.0,0.0,0.0,0.0,1306.0,600.0,2.0,2875.0,80.0,0.0,0.0,0.0,6901.0
2015-02-08,,0.0,2.0,45.0,250.0,0.0,96.0,0.0,0.0,0.0,0.0,4.0,0.0,0.0,402.0,0.0,400.0,125.0,,0.0,1079.0,1.0,1.0,3.0,1.0,80.0,0.0,0.0,0.0,0.0,727.0,500.0,1.0,2560.0,75.0,0.0,0.0,0.0,6352.0
2015-02-09,,0.0,1.0,80.0,0.0,0.0,96.0,0.0,0.0,0.0,0.0,12.0,0.0,0.0,343.0,0.0,600.0,125.0,,0.0,871.0,3.0,2.0,5.0,4.0,0.0,0.0,0.0,0.0,0.0,200.0,400.0,4.0,3085.0,140.0,0.0,0.0,0.0,5971.0
2015-02-10,,0.0,2.0,91.0,0.0,0.0,96.0,0.0,0.0,0.0,0.0,8.0,0.0,0.0,345.0,0.0,400.0,175.0,,0.0,568.0,4.0,0.0,4.0,2.0,0.0,0.0,0.0,0.0,0.0,0.0,135.0,5.0,2395.0,15.0,0.0,0.0,0.0,4245.0
2015-02-11,,0.0,1.0,134.0,200.0,0.0,96.0,0.0,0.0,0.0,0.0,0.0,0.0,0.0,346.0,0.0,500.0,172.0,,0.0,60.0,5.0,0.0,2.0,1.0,0.0,0.0,0.0,0.0,0.0,886.0,135.0,2.0,3180.0,0.0,0.0,0.0,100.0,5820.0
2015-02-12,,21.0,7.0,86.0,0.0,0.0,96.0,0.0,0.0,0.0,0.0,0.0,0.0,22.0,336.0,0.0,300.0,125.0,,0.0,568.0,6.0,4.0,1.0,4.0,0.0,0.0,0.0,0.0,0.0,200.0,140.0,17.0,2605.0,0.0,27.0,0.0,0.0,4565.0
2015-02-13,,11.0,3.0,147.0,0.0,0.0,96.0,0.0,0.0,0.0,0.0,0.0,0.0,0.0,359.0,0.0,600.0,125.0,,0.0,667.0,5.0,1.0,2.0,7.0,0.0,0.0,0.0,0.0,0.0,752.0,300.0,34.0,2650.0,0.0,0.0,0.0,0.0,5759.0
2015-02-14,,25.0,7.0,123.0,100.0,0.0,96.0,0.0,0.0,0.0,0.0,0.0,0.0,0.0,342.0,0.0,400.0,125.0,,0.0,682.0,4.0,0.0,8.0,6.0,0.0,0.0,0.0,0.0,0.0,743.0,600.0,31.0,2310.0,75.0,0.0,0.0,0.0,5677.0
2015-02-15,,0.0,5.0,65.0,200.0,0.0,0.0,0.0,0.0,32.0,0.0,0.0,0.0,0.0,338.0,0.0,400.0,30.0,,0.0,637.0,7.0,0.0,3.0,4.0,150.0,0.0,0.0,0.0,0.0,200.0,800.0,8.0,2110.0,0.0,0.0,0.0,0.0,4989.0
2015-02-16,,0.0,1.0,137.0,100.0,0.0,96.0,0.0,0.0,0.0,0.0,0.0,0.0,0.0,330.0,0.0,800.0,125.0,,0.0,844.0,1.0,2.0,3.0,1.0,200.0,0.0,0.0,0.0,0.0,841.0,500.0,2.0,2490.0,80.0,0.0,0.0,0.0,6553.0
2015-02-17,,0.0,1.0,99.0,0.0,0.0,96.0,0.0,0.0,0.0,0.0,0.0,0.0,0.0,343.0,0.0,500.0,125.0,,0.0,718.0,12.0,4.0,2.0,2.0,0.0,0.0,0.0,0.0,0.0,1076.0,500.0,1.0,1855.0,80.0,0.0,0.0,0.0,5414.0
2015-02-18,,0.0,0.0,63.0,0.0,0.0,96.0,0.0,0.0,0.0,0.0,0.0,0.0,0.0,343.0,0.0,400.0,138.0,,0.0,879.0,1.0,2.0,3.0,2.0,0.0,0.0,0.0,0.0,0.0,1041.0,140.0,6.0,2310.0,0.0,0.0,0.0,0.0,5424.0
2015-02-19,,50.0,2.0,74.0,100.0,0.0,96.0,0.0,0.0,19.0,0.0,4.0,0.0,0.0,329.0,0.0,400.0,119.0,,0.0,414.0,2.0,2.0,1.0,1.0,0.0,0.0,0.0,0.0,0.0,464.0,200.0,3.0,1695.0,0.0,0.0,0.0,0.0,3975.0
2015-02-20,,150.0,6.0,86.0,100.0,0.0,96.0,0.0,0.0,0.0,0.0,0.0,0.0,0.0,313.0,0.0,400.0,125.0,,0.0,915.0,8.0,1.0,4.0,5.0,0.0,0.0,0.0,0.0,0.0,886.0,600.0,0.0,1605.0,40.0,0.0,0.0,0.0,5340.0
2015-02-21,,0.0,6.0,170.0,100.0,0.0,96.0,0.0,0.0,0.0,0.0,0.0,0.0,25.0,339.0,0.0,300.0,125.0,,0.0,10.0,8.0,2.0,4.0,5.0,0.0,0.0,0.0,0.0,0.0,682.0,500.0,31.0,1785.0,40.0,0.0,0.0,0.0,4228.0
2015-02-22,,0.0,4.0,50.0,0.0,0.0,96.0,0.0,0.0,0.0,0.0,0.0,0.0,4.0,340.0,0.0,400.0,40.0,,0.0,773.0,2.0,0.0,2.0,3.0,0.0,0.0,0.0,0.0,0.0,200.0,200.0,1.0,1613.0,0.0,0.0,0.0,0.0,3728.0
2015-02-23,,0.0,3.0,84.0,100.0,0.0,96.0,0.0,0.0,0.0,0.0,0.0,0.0,0.0,339.0,0.0,400.0,125.0,,0.0,390.0,5.0,16.0,1.0,1.0,200.0,0.0,0.0,0.0,0.0,839.0,300.0,2.0,2205.0,0.0,0.0,0.0,0.0,5106.0
2015-02-24,,0.0,0.0,99.0,150.0,0.0,0.0,0.0,0.0,40.0,0.0,0.0,0.0,0.0,328.0,0.0,500.0,150.0,,0.0,75.0,5.0,2.0,1.0,1.0,200.0,0.0,0.0,0.0,0.0,0.0,500.0,2.0,2165.0,45.0,0.0,0.0,0.0,4263.0
2015-02-25,,0.0,2.0,112.0,50.0,0.0,96.0,0.0,0.0,0.0,0.0,0.0,0.0,0.0,322.0,0.0,850.0,175.0,,0.0,71.0,2.0,3.0,4.0,3.0,60.0,0.0,0.0,0.0,0.0,968.0,300.0,0.0,2225.0,40.0,0.0,0.0,0.0,5283.0
2015-02-26,,0.0,2.0,118.0,50.0,0.0,96.0,0.0,0.0,0.0,0.0,0.0,0.0,0.0,327.0,0.0,400.0,125.0,,0.0,99.0,3.0,1.0,3.0,1.0,0.0,0.0,0.0,0.0,0.0,858.0,135.0,12.0,1715.0,40.0,0.0,0.0,100.0,4085.0
2015-02-27,,0.0,1.0,120.0,150.0,0.0,96.0,0.0,0.0,59.0,0.0,0.0,0.0,0.0,369.0,0.0,500.0,122.0,,0.0,65.0,2.0,2.0,2.0,1.0,0.0,0.0,0.0,0.0,0.0,869.0,135.0,3.0,1745.0,40.0,0.0,0.0,0.0,4281.0
2015-02-28,,0.0,1.0,258.0,100.0,0.0,96.0,0.0,0.0,9.0,0.0,0.0,0.0,0.0,367.0,0.0,300.0,125.0,,0.0,62.0,6.0,1.0,2.0,4.0,0.0,0.0,0.0,0.0,0.0,463.0,0.0,22.0,1815.0,0.0,0.0,0.0,0.0,3631.0
2015-03-01,,0.0,5.0,25.0,125.0,0.0,96.0,0.0,0.0,0.0,0.0,0.0,0.0,0.0,335.0,0.0,300.0,125.0,,0.0,58.0,10.0,1.0,0.0,1.0,0.0,0.0,0.0,0.0,0.0,200.0,0.0,1.0,495.0,0.0,0.0,0.0,0.0,1777.0
2015-03-02,,0.0,2.0,116.0,0.0,0.0,96.0,0.0,0.0,0.0,0.0,0.0,0.0,0.0,314.0,0.0,300.0,50.0,,0.0,94.0,1.0,3.0,3.0,2.0,0.0,0.0,0.0,0.0,0.0,850.0,0.0,1.0,1670.0,0.0,0.0,0.0,0.0,3502.0
2015-03-03,,0.0,2.0,150.0,200.0,0.0,96.0,0.0,0.0,106.0,0.0,0.0,0.0,0.0,333.0,0.0,300.0,125.0,,0.0,67.0,0.0,1.0,0.0,3.0,150.0,0.0,0.0,0.0,0.0,833.0,0.0,3.0,2665.0,40.0,0.0,0.0,0.0,5074.0
2015-03-04,,0.0,4.0,147.0,150.0,0.0,96.0,0.0,0.0,0.0,0.0,0.0,0.0,0.0,336.0,0.0,400.0,125.0,,0.0,67.0,3.0,6.0,1.0,2.0,120.0,0.0,0.0,0.0,0.0,200.0,300.0,2.0,2550.0,40.0,0.0,0.0,0.0,4549.0
2015-03-05,,0.0,3.0,61.0,0.0,0.0,96.0,0.0,0.0,0.0,0.0,0.0,0.0,18.0,377.0,50.0,650.0,125.0,,0.0,67.0,4.0,8.0,2.0,1.0,0.0,0.0,0.0,0.0,0.0,200.0,0.0,3.0,2295.0,80.0,0.0,0.0,0.0,4040.0
2015-03-06,,0.0,1.0,46.0,0.0,0.0,96.0,0.0,0.0,0.0,0.0,0.0,0.0,8.0,327.0,0.0,450.0,0.0,,0.0,119.0,1.0,2.0,1.0,1.0,0.0,0.0,0.0,0.0,0.0,725.0,137.0,1.0,0.0,0.0,0.0,0.0,0.0,1915.0
2015-03-07,,0.0,2.0,94.0,200.0,0.0,96.0,0.0,0.0,0.0,0.0,0.0,0.0,0.0,356.0,0.0,400.0,0.0,,0.0,62.0,2.0,3.0,4.0,0.0,0.0,0.0,0.0,0.0,0.0,843.0,136.0,29.0,0.0,80.0,0.0,0.0,0.0,2307.0
2015-03-08,,0.0,5.0,49.0,100.0,0.0,96.0,0.0,0.0,42.0,0.0,0.0,0.0,0.0,278.0,0.0,300.0,0.0,,0.0,69.0,6.0,2.0,8.0,5.0,0.0,0.0,0.0,0.0,0.0,704.0,0.0,21.0,1865.0,305.0,0.0,0.0,0.0,3855.0
2015-03-09,,0.0,6.0,96.0,60.0,0.0,96.0,0.0,0.0,0.0,0.0,0.0,0.0,0.0,319.0,0.0,435.0,132.0,,0.0,63.0,6.0,0.0,4.0,6.0,0.0,0.0,0.0,0.0,0.0,878.0,0.0,29.0,2345.0,75.0,0.0,0.0,50.0,4600.0
2015-03-10,,0.0,0.0,152.0,250.0,0.0,96.0,0.0,0.0,0.0,0.0,0.0,0.0,0.0,341.0,0.0,300.0,30.0,,0.0,65.0,0.0,3.0,2.0,4.0,0.0,0.0,0.0,0.0,0.0,851.0,0.0,3.0,1925.0,150.0,0.0,0.0,0.0,4172.0
2015-03-11,,0.0,0.0,140.0,200.0,0.0,96.0,0.0,0.0,0.0,0.0,0.0,68.0,0.0,337.0,0.0,400.0,35.0,,0.0,62.0,3.0,2.0,2.0,6.0,100.0,0.0,0.0,0.0,0.0,819.0,300.0,1.0,2075.0,0.0,48.0,0.0,0.0,4694.0
2015-03-12,,0.0,0.0,140.0,250.0,0.0,0.0,0.0,0.0,0.0,0.0,0.0,0.0,0.0,341.0,0.0,600.0,125.0,,0.0,51.0,3.0,2.0,2.0,6.0,200.0,0.0,0.0,0.0,0.0,824.0,300.0,1.0,2345.0,80.0,48.0,0.0,0.0,5318.0
2015-03-13,,0.0,3.0,118.0,0.0,0.0,0.0,0.0,0.0,0.0,0.0,8.0,0.0,0.0,329.0,0.0,400.0,30.0,,0.0,46.0,1.0,21.0,3.0,3.0,0.0,0.0,0.0,0.0,0.0,824.0,300.0,3.0,1385.0,80.0,0.0,0.0,100.0,3654.0
2015-03-14,,0.0,1.0,157.0,0.0,0.0,0.0,0.0,0.0,0.0,0.0,0.0,0.0,0.0,333.0,0.0,400.0,0.0,,0.0,48.0,1.0,5.0,0.0,2.0,0.0,0.0,0.0,0.0,0.0,851.0,135.0,7.0,1545.0,75.0,0.0,0.0,120.0,3680.0
2015-03-15,,6.0,0.0,89.0,0.0,0.0,0.0,0.0,0.0,0.0,0.0,0.0,0.0,0.0,329.0,0.0,400.0,30.0,,0.0,51.0,0.0,7.0,3.0,4.0,0.0,0.0,0.0,0.0,0.0,725.0,135.0,6.0,780.0,0.0,0.0,0.0,0.0,2565.0
2015-03-16,,0.0,5.0,116.0,100.0,0.0,0.0,0.0,0.0,0.0,0.0,0.0,0.0,0.0,274.0,0.0,450.0,0.0,,0.0,51.0,6.0,3.0,3.0,4.0,0.0,0.0,0.0,0.0,0.0,179.0,300.0,24.0,2420.0,0.0,0.0,0.0,0.0,3935.0
2015-03-17,,21.0,4.0,121.0,100.0,0.0,0.0,0.0,0.0,0.0,0.0,0.0,0.0,0.0,313.0,0.0,400.0,125.0,,0.0,42.0,7.0,1.0,4.0,5.0,0.0,0.0,0.0,0.0,0.0,1444.0,500.0,0.0,2730.0,0.0,0.0,0.0,0.0,5817.0
2015-03-18,,0.0,1.0,125.0,50.0,0.0,96.0,0.0,0.0,0.0,0.0,0.0,0.0,0.0,313.0,0.0,400.0,125.0,,0.0,47.0,15.0,1.0,0.0,3.0,0.0,0.0,0.0,0.0,0.0,1177.0,0.0,1.0,2145.0,80.0,0.0,0.0,0.0,4579.0
2015-03-19,,0.0,1.0,126.0,150.0,0.0,96.0,0.0,0.0,0.0,0.0,0.0,0.0,0.0,319.0,0.0,400.0,125.0,,0.0,49.0,9.0,1.0,2.0,2.0,0.0,0.0,0.0,0.0,0.0,867.0,0.0,1.0,2560.0,40.0,0.0,0.0,0.0,4748.0
2015-03-21,,200.0,2.0,109.0,0.0,0.0,96.0,0.0,0.0,56.0,0.0,36.0,0.0,0.0,336.0,0.0,300.0,125.0,,0.0,48.0,1.0,8.0,3.0,2.0,0.0,0.0,0.0,0.0,0.0,1022.0,300.0,5.0,3465.0,75.0,0.0,0.0,0.0,6189.0
2015-03-22,,0.0,4.0,84.0,0.0,0.0,96.0,0.0,0.0,0.0,0.0,0.0,0.0,0.0,326.0,150.0,400.0,30.0,,0.0,55.0,0.0,2.0,1.0,2.0,0.0,0.0,0.0,0.0,0.0,0.0,135.0,8.0,2670.0,0.0,0.0,0.0,0.0,3963.0
2015-03-22,,0.0,4.0,84.0,0.0,0.0,96.0,0.0,0.0,0.0,0.0,0.0,0.0,0.0,326.0,150.0,400.0,30.0,,0.0,55.0,0.0,2.0,1.0,2.0,0.0,0.0,0.0,0.0,0.0,0.0,108.0,8.0,2670.0,0.0,0.0,0.0,0.0,3936.0
2015-03-23,,0.0,5.0,118.0,174.0,0.0,0.0,0.0,0.0,19.0,0.0,0.0,0.0,0.0,340.0,0.0,912.0,125.0,,0.0,43.0,6.0,5.0,1.0,2.0,0.0,0.0,83.0,0.0,0.0,793.0,135.0,25.0,2890.0,0.0,0.0,0.0,0.0,5676.0
2015-03-24,,0.0,7.0,194.0,80.0,0.0,148.0,0.0,0.0,16.0,0.0,0.0,0.0,0.0,340.0,47.0,800.0,125.0,,0.0,48.0,7.0,3.0,4.0,5.0,0.0,0.0,0.0,0.0,0.0,808.0,300.0,38.0,3012.0,0.0,0.0,0.0,0.0,5982.0
2015-03-25,,0.0,5.0,245.0,0.0,0.0,232.0,0.0,0.0,0.0,0.0,0.0,0.0,13.0,324.0,241.0,400.0,125.0,,0.0,54.0,7.0,1.0,3.0,4.0,0.0,0.0,0.0,0.0,0.0,1210.0,0.0,23.0,3110.0,75.0,0.0,0.0,0.0,6072.0
2015-03-26,,0.0,5.0,172.0,250.0,0.0,96.0,0.0,0.0,0.0,0.0,0.0,0.0,0.0,324.0,150.0,400.0,125.0,,0.0,53.0,1.0,2.0,4.0,24.0,0.0,0.0,0.0,0.0,0.0,880.0,300.0,1.0,2785.0,75.0,0.0,0.0,0.0,5647.0
2015-03-27,,0.0,11.0,114.0,150.0,0.0,96.0,0.0,0.0,0.0,0.0,0.0,0.0,0.0,324.0,0.0,300.0,125.0,,0.0,61.0,9.0,14.0,2.0,24.0,250.0,0.0,0.0,0.0,0.0,908.0,40.0,6.0,2530.0,40.0,66.0,0.0,0.0,5070.0
2015-03-28,,200.0,3.0,136.0,300.0,0.0,0.0,0.0,0.0,0.0,0.0,0.0,0.0,0.0,340.0,0.0,1050.0,125.0,,0.0,79.0,3.0,5.0,2.0,3.0,0.0,0.0,0.0,0.0,0.0,950.0,300.0,3.0,2855.0,0.0,48.0,0.0,0.0,6402.0
2015-03-29,,0.0,3.0,70.0,0.0,0.0,0.0,0.0,0.0,55.0,0.0,26.0,0.0,0.0,324.0,50.0,0.0,0.0,,0.0,74.0,3.0,2.0,1.0,3.0,0.0,0.0,0.0,0.0,0.0,0.0,0.0,12.0,2400.0,0.0,0.0,0.0,0.0,3023.0
2015-03-30,,0.0,0.0,130.0,0.0,0.0,96.0,0.0,0.0,1.0,0.0,9.0,0.0,0.0,324.0,0.0,500.0,125.0,,0.0,61.0,1.0,2.0,4.0,3.0,0.0,0.0,0.0,0.0,0.0,932.0,135.0,1.0,2100.0,0.0,0.0,0.0,0.0,4424.0
2015-03-31,,0.0,1.0,155.0,100.0,0.0,96.0,0.0,0.0,0.0,0.0,0.0,258.0,0.0,324.0,0.0,500.0,128.0,,0.0,61.0,3.0,3.0,4.0,4.0,0.0,0.0,0.0,0.0,0.0,471.0,135.0,5.0,2660.0,40.0,21.0,0.0,0.0,4969.0
2015-04-01,,0.0,5.0,178.0,300.0,0.0,96.0,0.0,0.0,0.0,0.0,0.0,0.0,0.0,288.0,0.0,400.0,125.0,,0.0,61.0,7.0,2.0,3.0,4.0,0.0,0.0,0.0,0.0,0.0,310.0,0.0,0.0,2200.0,0.0,63.0,0.0,0.0,4042.0
2015-04-02,,0.0,6.0,170.0,200.0,0.0,132.0,0.0,0.0,0.0,0.0,0.0,0.0,0.0,340.0,100.0,400.0,125.0,,0.0,66.0,8.0,2.0,4.0,5.0,0.0,0.0,0.0,0.0,0.0,200.0,0.0,90.0,2905.0,40.0,0.0,0.0,0.0,4793.0
2015-04-03,,0.0,2.0,115.0,200.0,0.0,139.0,0.0,0.0,0.0,0.0,0.0,0.0,0.0,324.0,0.0,400.0,125.0,,0.0,53.0,8.0,5.0,1.0,3.0,0.0,0.0,0.0,0.0,0.0,458.0,150.0,39.0,2980.0,40.0,0.0,0.0,150.0,5192.0
2015-04-04,,0.0,1.0,55.0,100.0,0.0,150.0,0.0,0.0,0.0,0.0,0.0,51.0,0.0,340.0,0.0,300.0,125.0,,0.0,42.0,9.0,3.0,1.0,2.0,100.0,0.0,0.0,0.0,0.0,905.0,0.0,12.0,2130.0,0.0,0.0,0.0,50.0,4376.0
2015-04-05,,0.0,2.0,154.0,200.0,0.0,96.0,0.0,0.0,1.0,0.0,0.0,0.0,0.0,354.0,0.0,300.0,125.0,,0.0,42.0,20.0,3.0,1.0,2.0,0.0,0.0,0.0,0.0,0.0,1121.0,300.0,11.0,3500.0,225.0,0.0,0.0,0.0,6457.0
2015-04-05,,0.0,1.0,361.0,250.0,0.0,96.0,0.0,0.0,0.0,0.0,0.0,0.0,0.0,355.0,0.0,500.0,30.0,,0.0,42.0,18.0,7.0,5.0,1.0,200.0,0.0,0.0,0.0,0.0,754.0,300.0,62.0,2420.0,0.0,0.0,0.0,0.0,5402.0
2015-04-07,,0.0,2.0,80.0,100.0,0.0,96.0,0.0,0.0,0.0,0.0,0.0,12.0,0.0,356.0,0.0,600.0,97.0,,0.0,42.0,4.0,3.0,4.0,3.0,0.0,0.0,0.0,0.0,0.0,881.0,136.0,7.0,3105.0,75.0,0.0,0.0,0.0,5603.0
2015-04-08,,0.0,0.0,166.0,150.0,0.0,0.0,0.0,0.0,0.0,0.0,9.0,83.0,0.0,372.0,0.0,700.0,125.0,,0.0,66.0,24.0,4.0,5.0,6.0,0.0,0.0,0.0,0.0,0.0,950.0,138.0,13.0,3590.0,150.0,13.0,0.0,0.0,6564.0
2015-04-08,,0.0,0.0,166.0,150.0,0.0,0.0,0.0,0.0,0.0,0.0,9.0,83.0,0.0,372.0,0.0,700.0,125.0,,0.0,66.0,24.0,4.0,5.0,6.0,0.0,0.0,0.0,0.0,0.0,950.0,138.0,13.0,3590.0,150.0,13.0,0.0,0.0,6564.0
2015-04-09,,0.0,5.0,231.0,340.0,0.0,96.0,0.0,0.0,1.0,0.0,0.0,0.0,0.0,365.0,55.0,800.0,125.0,,0.0,49.0,7.0,0.0,3.0,4.0,0.0,0.0,0.0,0.0,0.0,931.0,0.0,44.0,2965.0,225.0,12.0,0.0,0.0,6258.0
2015-04-10,,0.0,5.0,159.0,100.0,0.0,96.0,0.0,0.0,0.0,0.0,0.0,0.0,0.0,361.0,0.0,400.0,125.0,,0.0,47.0,6.0,2.0,3.0,4.0,0.0,0.0,0.0,0.0,0.0,934.0,0.0,9.0,3680.0,215.0,0.0,0.0,50.0,6196.0
2015-04-11,,0.0,0.0,156.0,250.0,0.0,96.0,0.0,0.0,1.0,0.0,0.0,0.0,0.0,372.0,0.0,400.0,125.0,,0.0,39.0,0.0,0.0,1.0,1.0,0.0,0.0,0.0,0.0,0.0,907.0,0.0,1.0,2055.0,75.0,0.0,0.0,0.0,4479.0
2015-04-12,,0.0,4.0,52.0,150.0,0.0,96.0,0.0,0.0,0.0,0.0,0.0,0.0,0.0,378.0,0.0,400.0,125.0,,0.0,41.0,0.0,1.0,2.0,4.0,0.0,0.0,0.0,0.0,0.0,900.0,0.0,2.0,2510.0,0.0,0.0,0.0,0.0,4665.0
2015-04-13,,0.0,2.0,61.0,0.0,0.0,0.0,0.0,0.0,0.0,0.0,0.0,0.0,0.0,365.0,0.0,450.0,125.0,,0.0,43.0,3.0,5.0,1.0,2.0,200.0,0.0,0.0,0.0,0.0,824.0,0.0,2.0,3060.0,75.0,13.0,0.0,0.0,5231.0
2015-04-14,,0.0,1.0,76.0,0.0,0.0,96.0,0.0,0.0,0.0,0.0,0.0,0.0,20.0,364.0,0.0,400.0,125.0,,0.0,42.0,5.0,4.0,1.0,2.0,0.0,0.0,0.0,0.0,0.0,810.0,0.0,2.0,2575.0,75.0,0.0,0.0,0.0,4598.0
2015-04-15,,0.0,1.0,84.0,0.0,0.0,96.0,0.0,0.0,1.0,0.0,0.0,0.0,0.0,353.0,0.0,300.0,125.0,,0.0,46.0,5.0,6.0,1.0,7.0,0.0,0.0,0.0,0.0,0.0,973.0,132.0,3.0,2470.0,40.0,0.0,0.0,0.0,4643.0
2015-04-16,,0.0,3.0,130.0,0.0,0.0,96.0,0.0,0.0,6.0,0.0,0.0,0.0,0.0,364.0,0.0,300.0,40.0,,0.0,45.0,2.0,4.0,1.0,1.0,0.0,0.0,0.0,0.0,0.0,917.0,137.0,30.0,3125.0,40.0,0.0,0.0,0.0,5241.0
2015-04-17,,0.0,5.0,150.0,-100.0,0.0,96.0,0.0,0.0,0.0,0.0,0.0,0.0,0.0,369.0,0.0,400.0,125.0,,0.0,584.0,6.0,8.0,3.0,4.0,0.0,0.0,0.0,0.0,0.0,903.0,0.0,0.0,2435.0,150.0,0.0,0.0,0.0,5138.0
2015-04-18,,0.0,5.0,473.0,300.0,0.0,96.0,0.0,0.0,1.0,0.0,0.0,0.0,0.0,359.0,0.0,400.0,125.0,,0.0,59.0,6.0,1.0,4.0,5.0,0.0,0.0,358.0,0.0,0.0,906.0,0.0,39.0,3765.0,75.0,0.0,0.0,0.0,6977.0
2015-04-19,,0.0,6.0,96.0,200.0,0.0,96.0,0.0,0.0,0.0,0.0,0.0,0.0,0.0,345.0,0.0,300.0,125.0,,0.0,45.0,1.0,9.0,0.0,0.0,0.0,0.0,0.0,0.0,0.0,873.0,0.0,11.0,3360.0,75.0,0.0,0.0,0.0,5542.0
2015-04-20,,0.0,6.0,164.0,300.0,0.0,96.0,0.0,0.0,81.0,0.0,0.0,0.0,0.0,366.0,0.0,300.0,125.0,,0.0,366.0,1.0,9.0,0.0,0.0,100.0,0.0,0.0,0.0,0.0,916.0,0.0,12.0,3655.0,75.0,16.0,0.0,0.0,6588.0
2015-04-21,,0.0,3.0,192.0,300.0,0.0,0.0,0.0,0.0,0.0,0.0,0.0,0.0,0.0,368.0,0.0,600.0,40.0,,0.0,163.0,7.0,2.0,34.0,12.0,150.0,0.0,0.0,0.0,0.0,931.0,300.0,7.0,3485.0,75.0,0.0,0.0,0.0,6669.0
2015-04-22,,0.0,3.0,136.0,0.0,0.0,0.0,0.0,0.0,2.0,0.0,0.0,0.0,0.0,376.0,0.0,400.0,30.0,,0.0,219.0,12.0,3.0,7.0,16.0,0.0,0.0,0.0,0.0,0.0,200.0,134.0,13.0,2555.0,75.0,0.0,0.0,0.0,4181.0
2015-04-23,,0.0,6.0,180.0,0.0,0.0,96.0,0.0,0.0,0.0,0.0,0.0,0.0,0.0,372.0,0.0,300.0,200.0,,0.0,40.0,33.0,3.0,2.0,1.0,0.0,0.0,0.0,0.0,0.0,866.0,0.0,14.0,3055.0,75.0,0.0,0.0,0.0,5243.0
2015-04-24,,0.0,4.0,152.0,0.0,0.0,0.0,0.0,0.0,0.0,0.0,0.0,0.0,0.0,376.0,0.0,300.0,30.0,,0.0,49.0,8.0,25.0,5.0,2.0,0.0,0.0,0.0,0.0,0.0,200.0,141.0,5.0,1440.0,75.0,0.0,0.0,0.0,2812.0
2015-04-25,,0.0,5.0,141.0,0.0,0.0,0.0,0.0,0.0,0.0,0.0,0.0,0.0,0.0,366.0,0.0,400.0,125.0,,0.0,46.0,6.0,1.0,2.0,4.0,0.0,0.0,0.0,0.0,0.0,955.0,0.0,8.0,570.0,40.0,26.0,0.0,0.0,2695.0
2015-04-26,,0.0,4.0,121.0,450.0,0.0,0.0,0.0,0.0,0.0,0.0,0.0,0.0,0.0,362.0,0.0,300.0,0.0,,0.0,40.0,6.0,0.0,4.0,5.0,0.0,0.0,0.0,0.0,0.0,70.0,0.0,0.0,2020.0,0.0,0.0,0.0,0.0,3382.0
2015-04-27,,0.0,1.0,147.0,485.0,0.0,0.0,0.0,0.0,0.0,0.0,0.0,0.0,0.0,372.0,0.0,300.0,125.0,,0.0,253.0,0.0,0.0,5.0,6.0,0.0,0.0,0.0,0.0,0.0,945.0,0.0,7.0,1610.0,15.0,0.0,0.0,0.0,4271.0
2015-04-28,,0.0,0.0,28.0,0.0,0.0,0.0,0.0,0.0,21.0,9.0,0.0,0.0,0.0,373.0,0.0,400.0,550.0,,0.0,48.0,8.0,2.0,7.0,0.0,0.0,0.0,0.0,0.0,0.0,996.0,170.0,2.0,2140.0,0.0,0.0,0.0,0.0,4754.0
2015-04-29,,0.0,2.0,231.0,150.0,0.0,96.0,0.0,0.0,0.0,0.0,0.0,158.0,0.0,382.0,0.0,450.0,325.0,,0.0,48.0,3.0,4.0,1.0,4.0,150.0,0.0,0.0,0.0,0.0,948.0,300.0,1.0,2275.0,75.0,0.0,0.0,0.0,5603.0
2015-04-30,,0.0,1.0,100.0,0.0,0.0,0.0,0.0,0.0,0.0,0.0,0.0,0.0,0.0,358.0,0.0,0.0,325.0,,0.0,49.0,5.0,2.0,1.0,1.0,0.0,0.0,0.0,0.0,0.0,200.0,170.0,12.0,2355.0,75.0,0.0,0.0,0.0,3654.0
2015-05-01,,0.0,1.0,72.0,0.0,0.0,96.0,0.0,0.0,0.0,0.0,0.0,0.0,0.0,305.0,0.0,500.0,0.0,,0.0,63.0,1.0,1.0,1.0,4.0,0.0,0.0,0.0,0.0,0.0,50.0,147.0,18.0,2890.0,0.0,0.0,0.0,100.0,4249.0
2015-05-03,,0.0,4.0,92.0,0.0,0.0,0.0,0.0,0.0,45.0,0.0,0.0,0.0,0.0,394.0,0.0,300.0,125.0,,0.0,39.0,6.0,1.0,4.0,5.0,0.0,0.0,0.0,0.0,0.0,200.0,0.0,0.0,2890.0,0.0,0.0,0.0,0.0,4105.0
2015-05-04,,0.0,6.0,144.0,250.0,0.0,96.0,0.0,0.0,0.0,0.0,0.0,0.0,0.0,404.0,0.0,400.0,200.0,,0.0,41.0,6.0,2.0,4.0,5.0,0.0,0.0,0.0,0.0,0.0,200.0,0.0,3.0,3160.0,75.0,0.0,0.0,0.0,4996.0
2015-05-05,,0.0,2.0,94.0,550.0,0.0,96.0,0.0,0.0,0.0,0.0,0.0,413.0,0.0,394.0,0.0,300.0,176.0,,0.0,656.0,11.0,0.0,6.0,18.0,0.0,0.0,0.0,0.0,0.0,984.0,0.0,19.0,2885.0,110.0,0.0,0.0,0.0,6714.0
2015-05-06,,0.0,1.0,117.0,100.0,0.0,0.0,0.0,0.0,0.0,30.0,0.0,0.0,0.0,404.0,0.0,300.0,125.0,,0.0,40.0,1.0,4.0,3.0,2.0,200.0,0.0,0.0,0.0,0.0,937.0,0.0,2.0,2755.0,75.0,0.0,0.0,0.0,5096.0
2015-05-07,,0.0,1.0,196.0,150.0,0.0,96.0,0.0,0.0,0.0,0.0,0.0,0.0,0.0,408.0,0.0,400.0,125.0,,0.0,68.0,2.0,3.0,2.0,4.0,100.0,0.0,0.0,0.0,0.0,200.0,175.0,9.0,3685.0,135.0,10.0,0.0,0.0,5769.0
2015-05-08,,0.0,1.0,103.0,200.0,0.0,96.0,0.0,0.0,0.0,0.0,0.0,235.0,10.0,408.0,0.0,400.0,155.0,,0.0,47.0,1.0,1.0,1.0,2.0,0.0,0.0,885.0,0.0,0.0,916.0,156.0,2.0,2865.0,125.0,0.0,0.0,0.0,6609.0
2015-05-09,,0.0,0.0,85.0,200.0,0.0,96.0,0.0,0.0,0.0,0.0,0.0,0.0,0.0,394.0,0.0,300.0,300.0,,0.0,47.0,2.0,1.0,1.0,0.0,0.0,0.0,0.0,0.0,0.0,896.0,137.0,3.0,3190.0,75.0,0.0,0.0,0.0,5727.0
2015-05-09,,0.0,0.0,85.0,200.0,0.0,96.0,0.0,0.0,0.0,0.0,0.0,0.0,0.0,394.0,0.0,300.0,300.0,,0.0,47.0,2.0,1.0,1.0,0.0,0.0,0.0,0.0,0.0,0.0,896.0,137.0,3.0,3190.0,75.0,0.0,0.0,0.0,5727.0
2015-05-10,,0.0,0.0,86.0,100.0,0.0,96.0,0.0,0.0,0.0,0.0,18.0,0.0,0.0,363.0,0.0,300.0,125.0,,0.0,42.0,1.0,2.0,2.0,3.0,0.0,0.0,184.0,0.0,0.0,904.0,136.0,1.0,3315.0,35.0,0.0,0.0,0.0,5713.0
2015-05-11,,0.0,6.0,131.0,300.0,0.0,96.0,0.0,0.0,0.0,0.0,0.0,0.0,0.0,360.0,0.0,400.0,125.0,,0.0,152.0,7.0,0.0,3.0,6.0,0.0,0.0,425.0,0.0,0.0,200.0,0.0,0.0,3270.0,75.0,0.0,0.0,0.0,5556.0
2015-05-12,,0.0,5.0,349.0,200.0,0.0,96.0,0.0,0.0,0.0,0.0,0.0,0.0,0.0,348.0,0.0,400.0,125.0,,0.0,56.0,6.0,0.0,4.0,4.0,0.0,0.0,53.0,0.0,0.0,200.0,0.0,0.0,2405.0,40.0,0.0,0.0,0.0,4291.0
2015-05-13,,0.0,3.0,143.0,250.0,0.0,0.0,0.0,0.0,0.0,0.0,0.0,0.0,0.0,375.0,0.0,300.0,125.0,,0.0,178.0,2.0,2.0,1.0,11.0,0.0,0.0,0.0,0.0,0.0,0.0,0.0,0.0,2905.0,0.0,0.0,0.0,0.0,4295.0
2015-05-14,,0.0,1.0,169.0,150.0,0.0,0.0,0.0,0.0,0.0,0.0,0.0,0.0,0.0,343.0,0.0,300.0,125.0,,0.0,48.0,3.0,3.0,1.0,2.0,100.0,0.0,0.0,0.0,0.0,923.0,0.0,2.0,2065.0,0.0,0.0,0.0,0.0,4235.0
2015-05-15,,0.0,1.0,166.0,150.0,0.0,0.0,0.0,0.0,0.0,0.0,0.0,0.0,0.0,373.0,0.0,350.0,125.0,,0.0,50.0,2.0,2.0,2.0,2.0,0.0,0.0,0.0,0.0,0.0,923.0,180.0,1.0,2565.0,40.0,0.0,0.0,0.0,4932.0
2015-05-16,,0.0,2.0,125.0,0.0,0.0,0.0,0.0,0.0,6.0,0.0,0.0,0.0,0.0,378.0,0.0,350.0,125.0,,0.0,47.0,2.0,2.0,1.0,2.0,0.0,0.0,0.0,0.0,0.0,932.0,180.0,1.0,2220.0,75.0,14.0,0.0,0.0,4462.0
2015-05-17,,0.0,0.0,103.0,0.0,0.0,0.0,0.0,0.0,0.0,0.0,0.0,0.0,0.0,341.0,0.0,200.0,40.0,,0.0,44.0,4.0,2.0,2.0,3.0,0.0,0.0,0.0,0.0,0.0,800.0,139.0,1.0,2210.0,0.0,0.0,0.0,0.0,3889.0
2015-05-18,,0.0,1.0,130.0,50.0,0.0,301.0,0.0,0.0,0.0,0.0,19.0,0.0,0.0,377.0,0.0,200.0,125.0,,0.0,45.0,2.0,2.0,1.0,7.0,0.0,0.0,0.0,0.0,0.0,912.0,135.0,1.0,3162.0,75.0,0.0,0.0,0.0,5545.0
2015-05-19,,0.0,6.0,154.0,0.0,0.0,96.0,0.0,0.0,0.0,0.0,0.0,0.0,0.0,365.0,0.0,300.0,0.0,,0.0,73.0,6.0,0.0,4.0,4.0,0.0,0.0,0.0,0.0,0.0,915.0,200.0,0.0,2485.0,40.0,0.0,0.0,0.0,4648.0
2015-05-20,,0.0,6.0,149.0,350.0,0.0,96.0,0.0,0.0,2.0,0.0,0.0,0.0,0.0,364.0,0.0,400.0,0.0,,0.0,83.0,7.0,0.0,3.0,5.0,0.0,0.0,0.0,0.0,0.0,70.0,0.0,10.0,3685.0,75.0,0.0,0.0,0.0,5305.0
2015-05-21,,0.0,3.0,148.0,300.0,0.0,0.0,0.0,0.0,20.0,0.0,0.0,0.0,0.0,368.0,0.0,300.0,125.0,,0.0,101.0,2.0,2.0,1.0,4.0,0.0,0.0,0.0,0.0,0.0,969.0,200.0,1.0,3020.0,80.0,0.0,0.0,0.0,5644.0
2015-05-22,,0.0,6.0,270.0,100.0,0.0,0.0,0.0,0.0,65.0,0.0,0.0,0.0,0.0,367.0,0.0,300.0,125.0,,0.0,66.0,6.0,0.0,3.0,5.0,70.0,0.0,0.0,0.0,0.0,200.0,0.0,6.0,3095.0,75.0,5.0,0.0,0.0,4764.0
2015-05-23,,0.0,0.0,195.0,250.0,0.0,0.0,0.0,0.0,0.0,0.0,38.0,0.0,0.0,358.0,0.0,400.0,125.0,,0.0,46.0,1.0,1.0,1.0,1.0,200.0,0.0,0.0,0.0,0.0,977.0,200.0,8.0,3190.0,150.0,0.0,0.0,0.0,6141.0
2015-05-24,,0.0,1.0,121.0,100.0,0.0,0.0,0.0,0.0,11.0,0.0,0.0,0.0,0.0,374.0,0.0,300.0,175.0,,0.0,61.0,3.0,2.0,1.0,2.0,0.0,0.0,0.0,0.0,0.0,817.0,200.0,1.0,3095.0,40.0,0.0,0.0,0.0,5304.0
2015-05-25,,0.0,1.0,147.0,0.0,0.0,414.0,0.0,0.0,0.0,0.0,24.0,0.0,30.0,450.0,0.0,300.0,45.0,,0.0,38.0,0.0,3.0,1.0,2.0,0.0,0.0,0.0,0.0,0.0,200.0,136.0,9.0,2390.0,75.0,0.0,0.0,0.0,4265.0
2015-05-26,,0.0,5.0,114.0,0.0,0.0,507.0,0.0,0.0,45.0,0.0,61.0,0.0,0.0,470.0,0.0,400.0,142.0,,0.0,53.0,0.0,1.0,2.0,5.0,0.0,0.0,0.0,0.0,0.0,861.0,136.0,23.0,3275.0,75.0,0.0,0.0,0.0,6175.0
2015-05-27,,400.0,6.0,176.0,100.0,0.0,340.0,0.0,0.0,0.0,0.0,52.0,0.0,0.0,479.0,0.0,400.0,125.0,,0.0,49.0,7.0,0.0,3.0,5.0,0.0,0.0,0.0,0.0,0.0,200.0,0.0,1.0,3515.0,200.0,7.0,0.0,0.0,6065.0
2015-05-28,,0.0,3.0,213.0,300.0,0.0,96.0,0.0,0.0,0.0,0.0,116.0,600.0,0.0,479.0,0.0,400.0,200.0,,0.0,0.0,4.0,0.0,3.0,2.0,0.0,0.0,0.0,0.0,0.0,234.0,0.0,18.0,3185.0,75.0,0.0,0.0,0.0,5928.0
2015-05-29,,0.0,0.0,179.0,150.0,0.0,148.0,0.0,0.0,0.0,0.0,0.0,0.0,0.0,480.0,0.0,300.0,40.0,,0.0,0.0,4.0,6.0,0.0,5.0,0.0,0.0,0.0,0.0,0.0,200.0,0.0,27.0,3325.0,40.0,0.0,0.0,0.0,4904.0
2015-05-30,,0.0,2.0,138.0,200.0,0.0,96.0,0.0,0.0,0.0,0.0,0.0,0.0,45.0,434.0,0.0,300.0,125.0,,0.0,0.0,0.0,2.0,0.0,4.0,0.0,0.0,0.0,0.0,0.0,824.0,200.0,19.0,3245.0,15.0,0.0,0.0,0.0,5649.0
2015-05-31,,0.0,2.0,128.0,120.0,0.0,0.0,0.0,0.0,0.0,0.0,0.0,0.0,0.0,420.0,0.0,350.0,8.0,,0.0,40.0,2.0,2.0,1.0,2.0,80.0,0.0,0.0,0.0,0.0,729.0,200.0,1.0,3235.0,0.0,0.0,0.0,0.0,5320.0
2015-06-01,,0.0,2.0,172.0,0.0,0.0,0.0,0.0,0.0,0.0,0.0,0.0,0.0,0.0,425.0,0.0,350.0,0.0,,0.0,45.0,1.0,2.0,0.0,2.0,0.0,0.0,0.0,0.0,0.0,843.0,200.0,3.0,3050.0,0.0,0.0,0.0,0.0,5095.0
2015-06-02,,0.0,3.0,178.0,0.0,0.0,96.0,0.0,0.0,0.0,0.0,37.0,0.0,0.0,471.0,0.0,300.0,125.0,,0.0,44.0,2.0,2.0,1.0,1.0,0.0,0.0,0.0,0.0,0.0,882.0,141.0,19.0,3085.0,40.0,0.0,0.0,0.0,5427.0
2015-06-03,,0.0,0.0,129.0,100.0,0.0,96.0,0.0,0.0,0.0,0.0,32.0,0.0,0.0,472.0,0.0,300.0,475.0,,0.0,43.0,2.0,1.0,4.0,3.0,0.0,0.0,0.0,0.0,0.0,897.0,137.0,3.0,2575.0,75.0,0.0,0.0,0.0,5344.0
2015-06-07,,0.0,24.0,123.0,200.0,0.0,96.0,0.0,0.0,0.0,0.0,9.0,0.0,6.0,470.0,0.0,300.0,50.0,,0.0,50.0,4.0,12.0,6.0,8.0,0.0,0.0,0.0,0.0,0.0,0.0,0.0,1.0,3215.0,40.0,0.0,0.0,0.0,4614.0
2015-06-08,,0.0,12.0,210.0,100.0,0.0,0.0,0.0,0.0,5.0,0.0,0.0,0.0,0.0,453.0,0.0,350.0,0.0,,0.0,39.0,7.0,2.0,1.0,13.0,0.0,0.0,0.0,0.0,0.0,0.0,0.0,1.0,3425.0,75.0,6.0,0.0,0.0,4699.0
2015-06-09,,0.0,7.0,218.0,200.0,0.0,0.0,0.0,0.0,0.0,0.0,0.0,0.0,0.0,456.0,0.0,0.0,0.0,,0.0,35.0,8.0,1.0,5.0,5.0,0.0,0.0,0.0,0.0,0.0,0.0,0.0,26.0,2870.0,40.0,0.0,0.0,0.0,3871.0
2015-06-10,,0.0,5.0,157.0,200.0,0.0,0.0,0.0,0.0,0.0,0.0,0.0,0.0,0.0,444.0,0.0,330.0,225.0,,0.0,35.0,2.0,1.0,2.0,1.0,0.0,0.0,0.0,0.0,0.0,0.0,137.0,5.0,2370.0,40.0,0.0,0.0,0.0,3954.0
2015-06-11,,0.0,2.0,221.0,0.0,0.0,96.0,0.0,0.0,1.0,0.0,0.0,0.0,0.0,444.0,0.0,300.0,0.0,,0.0,41.0,2.0,0.0,0.0,1.0,0.0,0.0,0.0,0.0,0.0,0.0,138.0,0.0,3695.0,50.0,0.0,0.0,0.0,4991.0
2015-06-12,,0.0,7.0,164.0,0.0,0.0,136.0,0.0,0.0,0.0,0.0,0.0,0.0,0.0,427.0,0.0,300.0,0.0,,0.0,36.0,7.0,1.0,4.0,5.0,0.0,0.0,0.0,0.0,0.0,0.0,0.0,33.0,3450.0,40.0,0.0,0.0,0.0,4610.0
2015-06-13,,0.0,6.0,152.0,250.0,0.0,0.0,0.0,0.0,4.0,0.0,0.0,0.0,0.0,465.0,0.0,0.0,0.0,,0.0,44.0,6.0,0.0,4.0,5.0,0.0,0.0,0.0,0.0,0.0,0.0,0.0,33.0,2420.0,0.0,0.0,0.0,0.0,3389.0
2015-06-14,,0.0,3.0,212.0,0.0,0.0,0.0,0.0,0.0,0.0,0.0,0.0,0.0,0.0,444.0,0.0,300.0,0.0,,0.0,46.0,2.0,4.0,0.0,1.0,0.0,0.0,0.0,0.0,0.0,0.0,150.0,8.0,2140.0,0.0,0.0,0.0,0.0,3310.0
2015-06-15,,0.0,9.0,178.0,350.0,0.0,0.0,0.0,0.0,9.0,0.0,0.0,209.0,0.0,453.0,0.0,300.0,0.0,,0.0,43.0,3.0,0.0,0.0,1.0,0.0,0.0,0.0,0.0,0.0,0.0,0.0,0.0,3390.0,40.0,0.0,0.0,0.0,4985.0
2015-06-16,,0.0,3.0,235.0,250.0,0.0,0.0,0.0,0.0,0.0,0.0,0.0,18.0,29.0,469.0,0.0,400.0,0.0,,0.0,43.0,1.0,1.0,1.0,1.0,0.0,0.0,0.0,0.0,0.0,0.0,200.0,2.0,4040.0,40.0,0.0,0.0,0.0,5733.0
2015-06-17,,0.0,1.0,94.0,150.0,0.0,0.0,0.0,0.0,0.0,0.0,0.0,48.0,0.0,461.0,0.0,400.0,0.0,,0.0,42.0,2.0,1.0,1.0,2.0,0.0,0.0,0.0,0.0,0.0,0.0,200.0,1.0,3410.0,40.0,0.0,0.0,0.0,4853.0
2015-06-18,,0.0,1.0,67.0,0.0,0.0,0.0,0.0,0.0,6.0,0.0,0.0,253.0,0.0,462.0,0.0,200.0,0.0,,0.0,39.0,1.0,2.0,1.0,1.0,0.0,0.0,0.0,0.0,0.0,0.0,143.0,18.0,2775.0,40.0,0.0,0.0,0.0,4009.0
2015-06-19,,0.0,1.0,128.0,0.0,0.0,0.0,0.0,0.0,0.0,0.0,0.0,480.0,389.0,332.0,0.0,0.0,3.0,,0.0,41.0,2.0,4.0,1.0,2.0,0.0,0.0,0.0,0.0,0.0,0.0,141.0,3.0,2835.0,75.0,0.0,0.0,0.0,4437.0
2015-06-20,,0.0,6.0,194.0,100.0,0.0,96.0,0.0,0.0,13.0,0.0,0.0,34.0,0.0,466.0,0.0,300.0,0.0,,0.0,40.0,6.0,0.0,4.0,5.0,0.0,0.0,0.0,0.0,0.0,0.0,0.0,0.0,3975.0,40.0,0.0,0.0,0.0,5279.0
2015-06-21,,0.0,6.0,169.0,0.0,0.0,0.0,0.0,0.0,0.0,0.0,0.0,0.0,0.0,447.0,0.0,300.0,0.0,,0.0,40.0,7.0,1.0,3.0,5.0,0.0,0.0,0.0,0.0,0.0,0.0,0.0,6.0,3185.0,0.0,0.0,0.0,0.0,4169.0
2015-06-22,,0.0,1.0,185.0,200.0,0.0,96.0,0.0,0.0,0.0,0.0,21.0,32.0,35.0,454.0,0.0,300.0,0.0,,0.0,33.0,2.0,2.0,3.0,2.0,0.0,0.0,0.0,0.0,0.0,1264.0,0.0,2.0,3465.0,40.0,0.0,0.0,0.0,6137.0
2015-06-23,,0.0,2.0,145.0,100.0,0.0,96.0,0.0,0.0,3.0,0.0,0.0,0.0,0.0,471.0,0.0,400.0,200.0,,0.0,33.0,1.0,1.0,1.0,1.0,80.0,0.0,0.0,0.0,0.0,568.0,0.0,2.0,2925.0,40.0,0.0,0.0,0.0,5069.0
2015-06-24,,0.0,2.0,145.0,100.0,0.0,96.0,0.0,0.0,0.0,0.0,0.0,0.0,0.0,463.0,0.0,400.0,0.0,,0.0,37.0,1.0,1.0,1.0,1.0,0.0,0.0,0.0,0.0,0.0,733.0,0.0,2.0,2900.0,40.0,0.0,0.0,0.0,4922.0
2015-06-25,,0.0,2.0,143.0,150.0,0.0,0.0,0.0,0.0,0.0,0.0,0.0,27.0,0.0,478.0,0.0,300.0,125.0,,0.0,35.0,2.0,5.0,1.0,1.0,0.0,0.0,0.0,0.0,0.0,393.0,0.0,1.0,2150.0,75.0,11.0,0.0,0.0,3899.0
2015-06-26,,0.0,1.0,152.0,200.0,0.0,0.0,0.0,0.0,0.0,0.0,0.0,82.0,3.0,476.0,0.0,300.0,125.0,,0.0,34.0,1.0,5.0,1.0,1.0,0.0,0.0,0.0,0.0,0.0,0.0,0.0,2.0,2595.0,185.0,0.0,0.0,0.0,4163.0
2015-06-27,,0.0,2.0,111.0,0.0,0.0,96.0,0.0,0.0,0.0,0.0,0.0,44.0,0.0,476.0,0.0,0.0,0.0,,0.0,30.0,1.0,3.0,1.0,2.0,0.0,0.0,0.0,0.0,0.0,0.0,0.0,2.0,3190.0,85.0,0.0,0.0,0.0,4043.0
2015-06-28,,0.0,6.0,174.0,0.0,0.0,96.0,0.0,0.0,41.0,0.0,0.0,0.0,0.0,482.0,0.0,400.0,0.0,,0.0,41.0,3.0,0.0,1.0,4.0,0.0,0.0,0.0,0.0,0.0,0.0,0.0,1.0,1850.0,40.0,0.0,0.0,0.0,3139.0
2015-06-29,,0.0,5.0,155.0,250.0,0.0,514.0,0.0,0.0,0.0,0.0,0.0,25.0,0.0,465.0,0.0,300.0,0.0,,0.0,35.0,6.0,0.0,4.0,5.0,0.0,0.0,0.0,0.0,0.0,0.0,0.0,0.0,2400.0,40.0,0.0,0.0,0.0,4204.0
2015-06-30,,0.0,1.0,159.0,0.0,0.0,96.0,0.0,0.0,0.0,0.0,17.0,41.0,0.0,489.0,0.0,400.0,170.0,,0.0,39.0,1.0,1.0,2.0,3.0,0.0,15.0,0.0,0.0,0.0,0.0,0.0,1.0,2405.0,0.0,0.0,0.0,0.0,3840.0
2015-07-01,,0.0,2.0,151.0,300.0,0.0,96.0,0.0,0.0,0.0,0.0,50.0,0.0,0.0,477.0,0.0,800.0,125.0,,0.0,78.0,2.0,2.0,1.0,7.0,200.0,15.0,0.0,0.0,0.0,0.0,0.0,5.0,3120.0,0.0,25.0,0.0,0.0,5456.0
2015-07-02,,0.0,2.0,94.0,0.0,0.0,96.0,0.0,0.0,0.0,0.0,0.0,313.0,40.0,483.0,0.0,400.0,0.0,,0.0,50.0,2.0,2.0,1.0,2.0,0.0,0.0,0.0,0.0,0.0,0.0,0.0,1.0,3085.0,110.0,0.0,0.0,0.0,4681.0
2015-07-04,,0.0,2.0,188.0,150.0,0.0,96.0,0.0,0.0,3.0,0.0,0.0,0.0,0.0,492.0,0.0,371.0,125.0,,0.0,41.0,2.0,2.0,1.0,3.0,0.0,0.0,0.0,0.0,0.0,0.0,0.0,4.0,2885.0,155.0,0.0,0.0,0.0,4520.0
2015-07-05,,0.0,1.0,102.0,0.0,0.0,96.0,0.0,0.0,8.0,0.0,0.0,0.0,15.0,459.0,0.0,350.0,0.0,,0.0,44.0,2.0,1.0,2.0,1.0,0.0,0.0,0.0,0.0,0.0,0.0,0.0,1.0,2440.0,230.0,0.0,0.0,0.0,3752.0
2015-07-06,,0.0,6.0,174.0,300.0,0.0,0.0,0.0,0.0,0.0,0.0,0.0,0.0,0.0,465.0,0.0,500.0,200.0,,0.0,39.0,7.0,0.0,3.0,5.0,0.0,10.0,0.0,0.0,0.0,0.0,0.0,0.0,2260.0,40.0,0.0,0.0,0.0,4009.0
2015-07-07,,0.0,7.0,211.0,0.0,0.0,96.0,0.0,0.0,0.0,0.0,0.0,0.0,0.0,466.0,0.0,600.0,125.0,,20.0,41.0,7.0,1.0,5.0,7.0,0.0,45.0,0.0,0.0,0.0,0.0,0.0,50.0,2970.0,0.0,0.0,0.0,0.0,4651.0
2015-07-08,,0.0,9.0,158.0,150.0,0.0,96.0,0.0,0.0,0.0,0.0,0.0,0.0,73.0,474.0,0.0,1000.0,0.0,,0.0,65.0,1.0,5.0,5.0,2.0,0.0,0.0,0.0,0.0,0.0,0.0,0.0,0.0,2860.0,15.0,0.0,0.0,0.0,4913.0
2015-07-09,,0.0,1.0,204.0,0.0,0.0,96.0,0.0,0.0,7.0,0.0,0.0,0.0,0.0,480.0,0.0,400.0,40.0,,0.0,45.0,14.0,0.0,0.0,2.0,0.0,25.0,0.0,0.0,0.0,0.0,0.0,0.0,4345.0,145.0,0.0,0.0,0.0,5804.0
2015-07-10,,0.0,4.0,170.0,0.0,0.0,96.0,0.0,0.0,0.0,0.0,0.0,0.0,0.0,480.0,0.0,600.0,125.0,,0.0,32.0,1.0,6.0,1.0,1.0,0.0,0.0,0.0,2856.0,0.0,0.0,0.0,1.0,2965.0,255.0,0.0,0.0,0.0,7593.0
2015-07-11,,0.0,5.0,208.0,0.0,0.0,207.0,0.0,0.0,0.0,0.0,40.0,0.0,0.0,474.0,0.0,500.0,120.0,,0.0,43.0,7.0,0.0,4.0,2.0,0.0,0.0,0.0,0.0,0.0,0.0,0.0,3.0,1060.0,40.0,0.0,0.0,0.0,2713.0
2015-07-14,,0.0,5.0,193.0,0.0,0.0,96.0,0.0,0.0,12.0,0.0,100.0,60.0,0.0,474.0,0.0,400.0,0.0,,0.0,1235.0,6.0,1.0,4.0,5.0,0.0,0.0,0.0,0.0,0.0,0.0,0.0,0.0,3885.0,40.0,0.0,0.0,0.0,6516.0
2015-07-15,,0.0,4.0,193.0,0.0,0.0,96.0,0.0,0.0,12.0,0.0,35.0,346.0,0.0,475.0,0.0,600.0,0.0,,0.0,135.0,6.0,0.0,3.0,4.0,0.0,0.0,0.0,315.0,0.0,0.0,0.0,4.0,3765.0,40.0,0.0,0.0,0.0,6033.0
2015-07-16,,0.0,3.0,155.0,150.0,0.0,96.0,0.0,0.0,0.0,0.0,0.0,0.0,448.0,435.0,0.0,400.0,126.0,,0.0,129.0,0.0,5.0,2.0,2.0,0.0,0.0,0.0,871.0,0.0,0.0,0.0,1.0,4080.0,160.0,0.0,0.0,0.0,7063.0
2015-07-17,,0.0,0.0,170.0,0.0,0.0,0.0,0.0,0.0,2.0,0.0,0.0,17.0,0.0,482.0,0.0,400.0,0.0,,0.0,288.0,0.0,1.0,3.0,1.0,0.0,0.0,0.0,528.0,0.0,0.0,0.0,1.0,3475.0,225.0,0.0,0.0,0.0,5593.0
2015-07-18,,0.0,1.0,158.0,0.0,0.0,96.0,0.0,0.0,0.0,0.0,0.0,0.0,0.0,475.0,0.0,600.0,0.0,,0.0,160.0,2.0,1.0,1.0,3.0,0.0,0.0,0.0,51.0,0.0,0.0,0.0,3.0,3505.0,0.0,0.0,0.0,0.0,5056.0
2015-07-19,,0.0,2.0,154.0,100.0,0.0,96.0,0.0,0.0,0.0,0.0,0.0,0.0,0.0,464.0,0.0,0.0,0.0,,0.0,210.0,1.0,1.0,2.0,2.0,0.0,0.0,0.0,0.0,0.0,0.0,0.0,4.0,3680.0,0.0,0.0,0.0,0.0,4716.0
2015-07-20,,0.0,3.0,140.0,100.0,0.0,96.0,0.0,0.0,0.0,0.0,0.0,0.0,0.0,467.0,0.0,0.0,0.0,,0.0,45.0,1.0,2.0,1.0,1.0,0.0,0.0,0.0,0.0,0.0,0.0,0.0,2.0,3750.0,40.0,0.0,0.0,0.0,4648.0
2015-07-21,,0.0,1.0,142.0,0.0,0.0,96.0,0.0,0.0,5.0,0.0,0.0,9.0,321.0,438.0,0.0,300.0,0.0,,0.0,50.0,1.0,2.0,1.0,1.0,0.0,0.0,0.0,0.0,0.0,0.0,0.0,16.0,3620.0,0.0,15.0,0.0,0.0,5018.0
2015-07-22,,0.0,6.0,243.0,0.0,0.0,96.0,0.0,0.0,0.0,0.0,0.0,0.0,217.0,441.0,0.0,300.0,0.0,,0.0,51.0,7.0,0.0,4.0,3.0,0.0,0.0,0.0,0.0,0.0,0.0,0.0,43.0,4350.0,0.0,9.0,0.0,0.0,5770.0
2015-07-23,,0.0,4.0,179.0,0.0,0.0,96.0,0.0,0.0,11.0,0.0,0.0,172.0,0.0,455.0,0.0,300.0,0.0,,0.0,52.0,6.0,0.0,4.0,5.0,0.0,0.0,0.0,0.0,0.0,0.0,0.0,23.0,4050.0,0.0,0.0,0.0,0.0,5357.0
2015-07-24,,0.0,19.0,224.0,0.0,0.0,96.0,0.0,0.0,2.0,0.0,0.0,0.0,0.0,462.0,0.0,400.0,0.0,,0.0,46.0,0.0,1.0,7.0,0.0,0.0,20.0,0.0,0.0,0.0,0.0,0.0,23.0,3870.0,75.0,0.0,0.0,0.0,5245.0
2015-07-25,,0.0,15.0,183.0,200.0,0.0,0.0,0.0,0.0,0.0,35.0,0.0,0.0,0.0,462.0,0.0,400.0,0.0,,0.0,50.0,3.0,0.0,1.0,2.0,100.0,10.0,0.0,0.0,0.0,0.0,0.0,7.0,3380.0,0.0,0.0,0.0,0.0,4848.0
2015-07-26,,0.0,25.0,147.0,0.0,0.0,96.0,0.0,0.0,0.0,0.0,0.0,0.0,0.0,438.0,0.0,400.0,0.0,,0.0,52.0,4.0,1.0,1.0,2.0,0.0,0.0,0.0,0.0,0.0,0.0,0.0,1.0,3875.0,35.0,0.0,0.0,0.0,5077.0
2015-07-27,,0.0,1.0,165.0,0.0,0.0,96.0,0.0,0.0,0.0,0.0,9.0,0.0,15.0,440.0,0.0,600.0,0.0,,0.0,54.0,3.0,3.0,2.0,1.0,0.0,0.0,0.0,0.0,0.0,622.0,0.0,2.0,3910.0,0.0,0.0,0.0,0.0,5923.0
2015-07-28,,0.0,2.0,143.0,100.0,0.0,96.0,0.0,0.0,59.0,0.0,0.0,91.0,0.0,560.0,0.0,300.0,30.0,,0.0,47.0,1.0,1.0,2.0,2.0,0.0,0.0,0.0,0.0,0.0,827.0,0.0,1.0,3745.0,0.0,0.0,0.0,0.0,6007.0
2015-07-29,,0.0,1.0,165.0,0.0,0.0,0.0,0.0,0.0,18.0,0.0,0.0,0.0,0.0,438.0,0.0,500.0,200.0,,0.0,50.0,1.0,2.0,1.0,1.0,0.0,25.0,0.0,0.0,0.0,0.0,0.0,2.0,4070.0,0.0,0.0,0.0,0.0,5474.0
2015-07-30,,0.0,5.0,232.0,0.0,0.0,30.0,0.0,0.0,0.0,0.0,0.0,0.0,0.0,424.0,0.0,500.0,0.0,,0.0,47.0,6.0,1.0,3.0,3.0,0.0,0.0,0.0,0.0,0.0,0.0,0.0,2.0,4070.0,0.0,0.0,0.0,0.0,5323.0
2015-07-31,,0.0,4.0,157.0,0.0,0.0,148.0,0.0,0.0,0.0,0.0,0.0,0.0,0.0,465.0,55.0,1250.0,0.0,,0.0,47.0,6.0,0.0,3.0,4.0,0.0,10.0,0.0,0.0,0.0,1121.0,0.0,10.0,2910.0,0.0,0.0,0.0,0.0,6190.0
2015-08-01,,0.0,1.0,177.0,0.0,0.0,0.0,0.0,0.0,0.0,0.0,0.0,0.0,0.0,451.0,0.0,500.0,70.0,,0.0,48.0,3.0,1.0,1.0,1.0,0.0,0.0,0.0,0.0,0.0,0.0,0.0,1.0,3710.0,0.0,0.0,0.0,0.0,4964.0
2015-08-02,,0.0,1.0,168.0,0.0,0.0,139.0,0.0,0.0,0.0,0.0,0.0,0.0,0.0,456.0,0.0,400.0,0.0,,0.0,50.0,1.0,2.0,1.0,1.0,0.0,0.0,0.0,0.0,0.0,0.0,0.0,1.0,3600.0,0.0,0.0,0.0,0.0,4820.0
2015-08-03,,0.0,1.0,151.0,0.0,0.0,0.0,0.0,0.0,0.0,0.0,37.0,0.0,0.0,447.0,0.0,1000.0,150.0,,0.0,48.0,2.0,2.0,3.0,1.0,0.0,0.0,0.0,0.0,0.0,0.0,0.0,5.0,4415.0,105.0,0.0,0.0,0.0,6367.0
2015-08-04,,0.0,2.0,249.0,200.0,0.0,298.0,0.0,0.0,140.0,0.0,37.0,54.0,0.0,465.0,120.0,900.0,125.0,,0.0,46.0,2.0,3.0,1.0,1.0,0.0,0.0,0.0,68.0,0.0,0.0,0.0,4.0,4305.0,230.0,0.0,0.0,0.0,7250.0
2015-08-05,,0.0,1.0,188.0,200.0,0.0,96.0,0.0,0.0,0.0,0.0,0.0,0.0,28.0,450.0,0.0,300.0,0.0,,0.0,42.0,1.0,1.0,1.0,2.0,0.0,0.0,0.0,0.0,0.0,0.0,0.0,1.0,4710.0,140.0,0.0,0.0,0.0,6161.0
2015-08-06,,0.0,1.0,170.0,0.0,0.0,96.0,0.0,0.0,0.0,0.0,0.0,0.0,15.0,452.0,0.0,300.0,0.0,,0.0,39.0,1.0,1.0,1.0,2.0,0.0,9.0,0.0,0.0,0.0,0.0,0.0,1.0,4215.0,0.0,0.0,0.0,0.0,5303.0
2015-08-07,,0.0,6.0,158.0,0.0,0.0,96.0,0.0,0.0,6.0,0.0,4.0,0.0,0.0,449.0,0.0,800.0,0.0,,0.0,30.0,7.0,0.0,3.0,5.0,0.0,10.0,0.0,0.0,0.0,0.0,0.0,0.0,3790.0,0.0,0.0,0.0,0.0,5364.0
2015-08-08,,0.0,6.0,188.0,150.0,0.0,96.0,0.0,0.0,0.0,0.0,4.0,0.0,0.0,448.0,0.0,600.0,0.0,,0.0,29.0,3.0,0.0,4.0,4.0,120.0,0.0,0.0,0.0,0.0,0.0,0.0,21.0,4553.0,0.0,0.0,0.0,0.0,6226.0
2015-08-09,,0.0,0.0,124.0,100.0,0.0,96.0,0.0,0.0,0.0,0.0,0.0,117.0,250.0,432.0,0.0,400.0,0.0,,0.0,34.0,1.0,7.0,1.0,1.0,75.0,0.0,0.0,0.0,0.0,0.0,0.0,1.0,4640.0,0.0,0.0,0.0,0.0,6279.0
2015-08-10,,0.0,1.0,161.0,-300.0,0.0,0.0,0.0,0.0,83.0,0.0,0.0,0.0,39.0,449.0,0.0,1000.0,0.0,,0.0,30.0,1.0,0.0,0.0,1.0,-250.0,0.0,0.0,0.0,0.0,0.0,0.0,5.0,4940.0,140.0,0.0,0.0,0.0,6300.0
2015-08-11,,0.0,1.0,190.0,0.0,0.0,96.0,0.0,0.0,0.0,0.0,22.0,0.0,0.0,421.0,0.0,1000.0,0.0,,0.0,30.0,3.0,2.0,4.0,3.0,0.0,20.0,0.0,0.0,0.0,0.0,0.0,1.0,3570.0,0.0,0.0,0.0,0.0,5363.0
2015-08-12,,0.0,0.0,174.0,200.0,0.0,96.0,0.0,0.0,0.0,0.0,57.0,0.0,0.0,445.0,0.0,1500.0,250.0,,0.0,26.0,1.0,2.0,2.0,2.0,0.0,0.0,0.0,0.0,0.0,0.0,0.0,3.0,4615.0,150.0,0.0,0.0,0.0,7523.0
2015-08-13,,0.0,1.0,202.0,0.0,0.0,96.0,0.0,0.0,0.0,0.0,0.0,0.0,0.0,462.0,0.0,1300.0,0.0,,0.0,28.0,1.0,1.0,1.0,2.0,0.0,0.0,0.0,0.0,0.0,0.0,0.0,2.0,4265.0,155.0,0.0,0.0,0.0,6516.0
2015-08-14,,0.0,2.0,187.0,200.0,0.0,132.0,0.0,0.0,0.0,0.0,0.0,0.0,0.0,450.0,0.0,1446.0,0.0,,0.0,27.0,1.0,3.0,2.0,1.0,0.0,0.0,0.0,0.0,0.0,0.0,0.0,4.0,3820.0,230.0,0.0,0.0,0.0,6505.0
2015-08-15,,0.0,7.0,114.0,0.0,0.0,96.0,0.0,0.0,0.0,0.0,27.0,0.0,0.0,464.0,0.0,1000.0,0.0,,0.0,28.0,5.0,1.0,3.0,4.0,0.0,0.0,0.0,0.0,0.0,0.0,0.0,0.0,3530.0,0.0,0.0,0.0,0.0,5279.0
2015-08-16,,0.0,4.0,141.0,0.0,0.0,0.0,0.0,0.0,6.0,0.0,0.0,0.0,0.0,461.0,0.0,1000.0,0.0,,0.0,25.0,2.0,1.0,3.0,6.0,0.0,0.0,0.0,0.0,0.0,0.0,0.0,8.0,3680.0,0.0,0.0,0.0,0.0,5337.0
2015-08-17,,0.0,1.0,176.0,0.0,0.0,0.0,0.0,0.0,0.0,0.0,0.0,0.0,0.0,444.0,0.0,1000.0,200.0,,0.0,24.0,5.0,0.0,0.0,1.0,0.0,0.0,0.0,0.0,0.0,0.0,0.0,0.0,4380.0,0.0,0.0,0.0,0.0,6231.0
2015-08-18,,0.0,3.0,121.0,0.0,0.0,297.0,0.0,0.0,0.0,0.0,0.0,0.0,0.0,457.0,0.0,1000.0,0.0,,0.0,26.0,1.0,3.0,4.0,7.0,0.0,0.0,0.0,0.0,0.0,652.0,0.0,1.0,3705.0,0.0,0.0,0.0,0.0,6277.0
2015-08-19,,0.0,2.0,141.0,0.0,0.0,96.0,0.0,0.0,44.0,0.0,44.0,0.0,0.0,438.0,0.0,1400.0,200.0,,0.0,26.0,2.0,5.0,2.0,2.0,0.0,0.0,0.0,0.0,0.0,187.0,0.0,4.0,4175.0,230.0,0.0,0.0,0.0,6998.0
2015-08-20,,0.0,1.0,200.0,100.0,0.0,96.0,0.0,0.0,2.0,0.0,22.0,0.0,0.0,435.0,0.0,1300.0,125.0,,0.0,24.0,2.0,1.0,2.0,5.0,0.0,0.0,0.0,0.0,0.0,0.0,0.0,3.0,4575.0,35.0,18.0,0.0,0.0,6946.0
2015-08-21,,0.0,1.0,202.0,150.0,0.0,96.0,0.0,0.0,1.0,0.0,0.0,556.0,0.0,428.0,0.0,950.0,0.0,,0.0,27.0,1.0,2.0,0.0,2.0,0.0,0.0,0.0,0.0,0.0,0.0,0.0,1.0,3545.0,155.0,0.0,0.0,0.0,6117.0
2015-08-22,,0.0,2.0,102.0,0.0,0.0,133.0,0.0,0.0,0.0,0.0,0.0,0.0,0.0,428.0,0.0,600.0,0.0,,0.0,25.0,0.0,2.0,1.0,2.0,0.0,0.0,0.0,0.0,0.0,0.0,0.0,1.0,3725.0,0.0,0.0,0.0,0.0,5021.0
2015-08-23,,0.0,4.0,124.0,0.0,0.0,96.0,0.0,0.0,0.0,0.0,0.0,0.0,0.0,451.0,0.0,400.0,0.0,,0.0,25.0,6.0,1.0,4.0,3.0,0.0,0.0,0.0,0.0,0.0,0.0,0.0,0.0,3185.0,0.0,0.0,0.0,0.0,4299.0
2015-08-24,,0.0,5.0,199.0,300.0,0.0,96.0,0.0,0.0,3.0,0.0,52.0,0.0,0.0,452.0,0.0,800.0,0.0,,0.0,21.0,5.0,1.0,4.0,2.0,0.0,0.0,0.0,0.0,0.0,0.0,0.0,18.0,4655.0,75.0,0.0,0.0,0.0,6688.0
2015-08-25,,0.0,1.0,200.0,150.0,0.0,6.0,0.0,0.0,4.0,0.0,0.0,25.0,0.0,466.0,0.0,1150.0,0.0,,0.0,25.0,4.0,1.0,0.0,1.0,0.0,0.0,0.0,1.0,0.0,0.0,0.0,3.0,4285.0,155.0,0.0,0.0,0.0,6477.0
2015-08-26,,0.0,0.0,152.0,0.0,0.0,96.0,0.0,0.0,8.0,0.0,40.0,25.0,27.0,461.0,0.0,500.0,75.0,,0.0,31.0,1.0,0.0,0.0,1.0,0.0,0.0,0.0,0.0,0.0,0.0,0.0,4.0,3485.0,75.0,0.0,0.0,0.0,4981.0
2015-08-27,,0.0,3.0,86.0,150.0,0.0,96.0,0.0,0.0,4.0,0.0,55.0,0.0,5.0,453.0,0.0,0.0,0.0,,0.0,28.0,5.0,2.0,5.0,2.0,100.0,0.0,0.0,530.0,0.0,0.0,0.0,2.0,3715.0,295.0,0.0,0.0,0.0,5536.0
2015-08-28,,0.0,3.0,155.0,50.0,0.0,96.0,0.0,0.0,0.0,0.0,31.0,0.0,0.0,532.0,0.0,1300.0,0.0,,0.0,26.0,2.0,2.0,1.0,3.0,100.0,0.0,0.0,748.0,0.0,0.0,0.0,1.0,4075.0,75.0,0.0,0.0,0.0,7200.0
2015-08-29,,0.0,1.0,194.0,50.0,0.0,0.0,0.0,0.0,0.0,0.0,0.0,0.0,0.0,484.0,0.0,1000.0,0.0,,0.0,21.0,1.0,1.0,1.0,2.0,0.0,0.0,0.0,0.0,0.0,0.0,0.0,7.0,3320.0,155.0,0.0,0.0,0.0,5237.0
2015-08-30,,0.0,1.0,188.0,150.0,0.0,0.0,0.0,0.0,97.0,0.0,0.0,0.0,0.0,425.0,0.0,1000.0,0.0,,0.0,23.0,2.0,1.0,2.0,2.0,150.0,0.0,0.0,0.0,0.0,0.0,0.0,2.0,4510.0,40.0,10.0,0.0,0.0,6603.0
2015-08-31,,0.0,4.0,224.0,0.0,0.0,96.0,0.0,0.0,2.0,0.0,56.0,0.0,0.0,471.0,0.0,1000.0,40.0,,0.0,20.0,5.0,1.0,4.0,4.0,0.0,0.0,0.0,0.0,0.0,0.0,0.0,0.0,3870.0,75.0,0.0,0.0,0.0,5872.0
2015-09-01,,0.0,2.0,173.0,150.0,0.0,176.0,0.0,0.0,0.0,0.0,20.0,0.0,0.0,472.0,0.0,2000.0,75.0,,0.0,22.0,1.0,1.0,1.0,2.0,0.0,0.0,0.0,0.0,0.0,0.0,0.0,6.0,3835.0,155.0,0.0,0.0,0.0,7091.0
2015-09-02,,0.0,1.0,207.0,200.0,0.0,96.0,0.0,0.0,0.0,0.0,56.0,0.0,0.0,472.0,0.0,1000.0,0.0,,0.0,458.0,0.0,0.0,0.0,1.0,0.0,0.0,0.0,685.0,0.0,0.0,0.0,15.0,4065.0,125.0,0.0,0.0,0.0,7381.0
2015-09-03,,0.0,0.0,158.0,0.0,0.0,289.0,0.0,0.0,5.0,0.0,111.0,0.0,0.0,459.0,0.0,1500.0,300.0,,0.0,100.0,0.0,2.0,0.0,1.0,0.0,0.0,0.0,318.0,0.0,1308.0,0.0,14.0,4535.0,75.0,0.0,0.0,0.0,9175.0
2015-09-06,,0.0,1.0,144.0,200.0,0.0,96.0,0.0,0.0,0.0,0.0,0.0,0.0,0.0,481.0,176.0,500.0,0.0,,0.0,25.0,25.0,2.0,5.0,1.0,0.0,0.0,0.0,272.0,0.0,0.0,0.0,2.0,4055.0,0.0,0.0,0.0,0.0,5985.0
2015-09-07,,0.0,1.0,230.0,200.0,0.0,132.0,0.0,0.0,60.0,0.0,0.0,0.0,0.0,486.0,100.0,1800.0,200.0,,0.0,360.0,4.0,5.0,1.0,2.0,300.0,0.0,0.0,0.0,0.0,0.0,0.0,14.0,4775.0,145.0,24.0,0.0,0.0,8839.0
2015-09-08,,0.0,1.0,205.0,200.0,0.0,182.0,0.0,0.0,128.0,0.0,0.0,0.0,0.0,466.0,162.0,2000.0,125.0,,0.0,30.0,0.0,0.0,1.0,1.0,100.0,0.0,0.0,313.0,0.0,0.0,0.0,2.0,4540.0,300.0,18.0,0.0,0.0,8774.0
2015-09-09,,0.0,1.0,176.0,50.0,0.0,99.0,0.0,0.0,0.0,0.0,0.0,262.0,0.0,498.0,0.0,1800.0,0.0,,0.0,26.0,0.0,2.0,0.0,2.0,100.0,0.0,0.0,0.0,0.0,0.0,0.0,1.0,4890.0,260.0,0.0,0.0,0.0,8167.0
2015-09-10,,0.0,1.0,180.0,200.0,0.0,2.0,0.0,0.0,0.0,0.0,0.0,0.0,0.0,499.0,0.0,2000.0,0.0,,0.0,28.0,0.0,2.0,2.0,1.0,250.0,0.0,0.0,196.0,0.0,0.0,0.0,0.0,4455.0,225.0,0.0,0.0,0.0,8041.0
2015-09-11,,0.0,1.0,156.0,250.0,0.0,7.0,0.0,0.0,0.0,0.0,0.0,0.0,0.0,485.0,46.0,1500.0,125.0,,0.0,27.0,1.0,0.0,1.0,5.0,400.0,0.0,0.0,417.0,0.0,0.0,0.0,36.0,3475.0,0.0,15.0,0.0,165.0,7112.0
2015-09-12,,0.0,1.0,192.0,250.0,0.0,0.0,0.0,0.0,3.0,0.0,99.0,0.0,0.0,491.0,0.0,1500.0,150.0,,0.0,23.0,2.0,2.0,0.0,3.0,400.0,15.0,0.0,0.0,0.0,0.0,0.0,65.0,3635.0,0.0,0.0,0.0,0.0,6831.0
2015-09-13,,0.0,1.0,177.0,100.0,0.0,96.0,0.0,0.0,0.0,0.0,0.0,0.0,0.0,517.0,0.0,1220.0,0.0,,0.0,21.0,1.0,3.0,1.0,1.0,0.0,0.0,0.0,0.0,0.0,0.0,0.0,2.0,4215.0,0.0,0.0,0.0,0.0,6355.0
2015-09-14,,0.0,1.0,197.0,0.0,0.0,96.0,0.0,0.0,11.0,0.0,0.0,0.0,0.0,462.0,0.0,600.0,0.0,,0.0,22.0,1.0,1.0,2.0,2.0,250.0,0.0,0.0,0.0,0.0,0.0,0.0,8.0,3685.0,0.0,0.0,0.0,0.0,5338.0
2015-09-15,,0.0,1.0,132.0,0.0,0.0,96.0,0.0,0.0,3.0,0.0,0.0,0.0,0.0,459.0,0.0,800.0,0.0,,0.0,25.0,1.0,1.0,1.0,3.0,0.0,15.0,0.0,0.0,0.0,0.0,0.0,1.0,3600.0,0.0,0.0,0.0,0.0,5138.0
2015-09-16,,0.0,1.0,112.0,0.0,0.0,0.0,0.0,0.0,0.0,0.0,0.0,0.0,0.0,446.0,0.0,1000.0,0.0,,0.0,25.0,0.0,3.0,1.0,2.0,0.0,0.0,0.0,0.0,0.0,0.0,0.0,1.0,3665.0,0.0,0.0,0.0,0.0,5256.0
2015-09-17,,0.0,2.0,137.0,100.0,0.0,0.0,0.0,0.0,417.0,0.0,0.0,0.0,0.0,435.0,0.0,1000.0,0.0,,0.0,-25.0,1.0,3.0,1.0,2.0,0.0,0.0,0.0,0.0,0.0,0.0,0.0,2.0,3855.0,0.0,0.0,0.0,100.0,6030.0
2015-09-18,,0.0,1.0,91.0,100.0,0.0,96.0,0.0,0.0,0.0,0.0,0.0,0.0,0.0,418.0,0.0,700.0,200.0,,0.0,22.0,1.0,1.0,1.0,1.0,100.0,11.0,0.0,0.0,0.0,0.0,0.0,1.0,3520.0,0.0,0.0,0.0,0.0,5264.0
2015-09-19,,0.0,4.0,302.0,0.0,0.0,22.0,0.0,0.0,0.0,0.0,0.0,0.0,0.0,459.0,0.0,800.0,0.0,,0.0,21.0,2.0,1.0,5.0,3.0,0.0,0.0,0.0,0.0,0.0,0.0,0.0,7.0,4135.0,0.0,0.0,0.0,0.0,5761.0
2015-09-20,,0.0,2.0,195.0,0.0,0.0,96.0,0.0,0.0,0.0,0.0,0.0,0.0,0.0,463.0,0.0,800.0,0.0,,0.0,20.0,2.0,2.0,1.0,6.0,0.0,0.0,0.0,0.0,0.0,0.0,0.0,2.0,4105.0,0.0,0.0,0.0,0.0,5694.0
2015-09-21,,0.0,4.0,250.0,0.0,0.0,96.0,0.0,0.0,0.0,0.0,0.0,0.0,0.0,575.0,0.0,1800.0,0.0,,0.0,18.0,3.0,1.0,2.0,2.0,0.0,0.0,0.0,0.0,0.0,392.0,0.0,2.0,3290.0,155.0,0.0,0.0,0.0,6590.0
2015-09-23,,0.0,1.0,181.0,100.0,0.0,132.0,0.0,0.0,0.0,0.0,0.0,15.0,0.0,457.0,0.0,1800.0,125.0,,0.0,19.0,1.0,10.0,0.0,21.0,150.0,0.0,0.0,0.0,0.0,2333.0,0.0,1.0,3365.0,0.0,52.0,0.0,0.0,8763.0
2015-09-24,,0.0,5.0,192.0,0.0,0.0,135.0,0.0,0.0,0.0,0.0,12.0,0.0,0.0,487.0,0.0,1600.0,100.0,,0.0,18.0,6.0,0.0,4.0,5.0,0.0,20.0,0.0,0.0,0.0,1425.0,0.0,18.0,2855.0,0.0,0.0,0.0,0.0,6882.0
2015-09-25,,0.0,5.0,154.0,100.0,0.0,96.0,0.0,0.0,0.0,0.0,17.0,0.0,0.0,500.0,0.0,1000.0,200.0,,0.0,21.0,6.0,0.0,4.0,5.0,250.0,55.0,0.0,0.0,0.0,1321.0,0.0,15.0,2300.0,0.0,0.0,0.0,0.0,6049.0
2015-09-26,,0.0,2.0,154.0,150.0,0.0,482.0,0.0,0.0,0.0,40.0,0.0,0.0,0.0,495.0,0.0,1100.0,125.0,,0.0,20.0,1.0,2.0,1.0,2.0,250.0,45.0,0.0,0.0,0.0,90.0,0.0,3.0,3835.0,0.0,0.0,0.0,0.0,6797.0
2015-09-27,,0.0,1.0,120.0,-200.0,0.0,19.0,0.0,0.0,0.0,0.0,0.0,0.0,0.0,461.0,0.0,1200.0,40.0,,0.0,21.0,0.0,2.0,1.0,2.0,-350.0,0.0,0.0,0.0,0.0,0.0,0.0,1.0,3195.0,0.0,-6.0,0.0,-100.0,4407.0
2015-09-28,,0.0,1.0,183.0,200.0,0.0,96.0,0.0,0.0,0.0,0.0,23.0,0.0,0.0,487.0,0.0,1200.0,125.0,,0.0,521.0,1.0,2.0,1.0,8.0,300.0,0.0,0.0,210.0,0.0,0.0,0.0,37.0,4690.0,260.0,20.0,0.0,110.0,8475.0
2015-09-29,,0.0,4.0,239.0,200.0,0.0,96.0,0.0,0.0,45.0,0.0,59.0,0.0,0.0,484.0,0.0,1600.0,100.0,,0.0,100.0,6.0,0.0,3.0,4.0,150.0,0.0,0.0,197.0,0.0,0.0,0.0,53.0,4615.0,75.0,0.0,0.0,150.0,8180.0
2015-09-30,,0.0,2.0,160.0,0.0,0.0,96.0,0.0,0.0,97.0,0.0,0.0,0.0,0.0,470.0,0.0,1400.0,50.0,,0.0,77.0,1.0,1.0,1.0,2.0,0.0,0.0,0.0,367.0,0.0,0.0,0.0,4.0,4630.0,75.0,0.0,0.0,0.0,7433.0
2015-10-01,,0.0,1.0,198.0,100.0,0.0,96.0,0.0,0.0,0.0,0.0,0.0,0.0,0.0,469.0,0.0,1200.0,0.0,,0.0,652.0,2.0,0.0,1.0,2.0,200.0,0.0,0.0,125.0,0.0,0.0,0.0,1.0,3505.0,0.0,0.0,0.0,0.0,6552.0
2015-10-02,,0.0,5.0,214.0,0.0,0.0,96.0,0.0,0.0,0.0,0.0,0.0,0.0,0.0,490.0,0.0,1000.0,0.0,,0.0,467.0,6.0,0.0,4.0,5.0,0.0,0.0,0.0,0.0,0.0,0.0,0.0,0.0,3300.0,0.0,0.0,0.0,0.0,5587.0
2015-10-03,,0.0,4.0,203.0,0.0,0.0,96.0,0.0,0.0,0.0,0.0,5.0,0.0,0.0,523.0,60.0,1000.0,0.0,,0.0,406.0,5.0,2.0,4.0,5.0,200.0,0.0,0.0,0.0,0.0,0.0,0.0,23.0,3485.0,0.0,0.0,0.0,0.0,6021.0
2015-10-04,,0.0,1.0,123.0,150.0,0.0,96.0,0.0,0.0,0.0,0.0,0.0,0.0,0.0,492.0,0.0,1200.0,0.0,,0.0,28.0,2.0,1.0,0.0,1.0,200.0,0.0,0.0,0.0,0.0,0.0,0.0,0.0,3665.0,0.0,0.0,0.0,0.0,5959.0
2015-10-05,,0.0,1.0,123.0,200.0,0.0,96.0,0.0,0.0,0.0,0.0,0.0,0.0,0.0,485.0,0.0,1200.0,0.0,,0.0,26.0,2.0,1.0,0.0,1.0,0.0,0.0,0.0,0.0,0.0,0.0,0.0,0.0,3765.0,0.0,80.0,0.0,0.0,5980.0
2015-10-06,,0.0,1.0,212.0,150.0,0.0,96.0,0.0,0.0,0.0,30.0,40.0,0.0,0.0,454.0,0.0,1000.0,0.0,,0.0,28.0,3.0,12.0,2.0,10.0,350.0,0.0,0.0,0.0,0.0,0.0,0.0,0.0,4140.0,0.0,0.0,0.0,0.0,6528.0
2015-10-07,,0.0,5.0,203.0,0.0,0.0,96.0,0.0,0.0,0.0,0.0,25.0,469.0,0.0,477.0,0.0,1300.0,125.0,,0.0,45.0,4.0,2.0,3.0,5.0,0.0,0.0,0.0,0.0,0.0,0.0,0.0,5.0,3825.0,0.0,0.0,0.0,0.0,6589.0
2015-10-08,,0.0,2.0,147.0,0.0,0.0,96.0,0.0,0.0,0.0,0.0,0.0,0.0,0.0,466.0,0.0,1200.0,0.0,,0.0,52.0,2.0,2.0,1.0,1.0,0.0,0.0,0.0,0.0,0.0,0.0,0.0,1.0,4070.0,0.0,0.0,0.0,0.0,6040.0
2015-10-09,,0.0,1.0,194.0,200.0,0.0,148.0,0.0,0.0,0.0,0.0,0.0,0.0,0.0,485.0,30.0,1300.0,200.0,,0.0,460.0,2.0,1.0,2.0,2.0,0.0,0.0,0.0,0.0,0.0,0.0,0.0,2.0,3435.0,0.0,0.0,0.0,0.0,6462.0
2015-10-10,,0.0,4.0,330.0,0.0,0.0,96.0,0.0,0.0,0.0,0.0,0.0,0.0,0.0,474.0,0.0,1300.0,0.0,,0.0,376.0,5.0,0.0,3.0,4.0,0.0,0.0,0.0,0.0,0.0,0.0,0.0,0.0,2820.0,0.0,0.0,0.0,0.0,5412.0
2015-10-11,,0.0,5.0,119.0,0.0,0.0,96.0,0.0,0.0,0.0,0.0,0.0,0.0,15.0,484.0,0.0,1000.0,0.0,,0.0,271.0,6.0,0.0,4.0,4.0,0.0,0.0,0.0,0.0,0.0,0.0,0.0,0.0,2810.0,0.0,0.0,0.0,0.0,4814.0
2015-10-12,,0.0,3.0,140.0,150.0,0.0,189.0,0.0,0.0,0.0,0.0,10.0,0.0,0.0,486.0,0.0,1300.0,201.0,,0.0,538.0,3.0,2.0,0.0,3.0,0.0,0.0,0.0,0.0,0.0,359.0,5.0,1.0,5015.0,0.0,14.0,0.0,80.0,8499.0
2015-10-13,,0.0,7.0,136.0,150.0,0.0,149.0,0.0,0.0,29.0,0.0,69.0,0.0,0.0,495.0,0.0,1200.0,125.0,,0.0,239.0,2.0,7.0,1.0,4.0,0.0,20.0,0.0,0.0,0.0,0.0,0.0,1.0,4383.0,0.0,5.0,0.0,0.0,7022.0
2015-10-14,,0.0,3.0,115.0,0.0,0.0,155.0,0.0,0.0,5.0,0.0,25.0,0.0,0.0,482.0,0.0,1600.0,125.0,,0.0,274.0,2.0,1.0,1.0,5.0,250.0,0.0,0.0,0.0,0.0,0.0,0.0,1.0,3435.0,0.0,6.0,0.0,0.0,6485.0
2015-10-15,,0.0,3.0,75.0,0.0,0.0,96.0,0.0,0.0,0.0,0.0,5.0,0.0,0.0,492.0,0.0,1600.0,0.0,,0.0,350.0,3.0,2.0,2.0,1.0,0.0,25.0,0.0,0.0,0.0,0.0,0.0,2.0,2190.0,0.0,0.0,0.0,0.0,4846.0
2015-10-16,,0.0,3.0,101.0,0.0,0.0,96.0,0.0,0.0,6.0,0.0,0.0,0.0,0.0,509.0,0.0,1800.0,150.0,,0.0,264.0,4.0,5.0,1.0,1.0,0.0,0.0,0.0,0.0,0.0,0.0,0.0,1.0,1775.0,0.0,0.0,0.0,0.0,4716.0
2015-10-17,,0.0,2.0,80.0,100.0,0.0,96.0,0.0,0.0,0.0,0.0,0.0,0.0,0.0,512.0,0.0,1800.0,0.0,,0.0,367.0,1.0,3.0,1.0,2.0,0.0,0.0,0.0,0.0,0.0,0.0,0.0,2.0,1355.0,0.0,0.0,0.0,0.0,4321.0
2015-10-18,,0.0,6.0,158.0,300.0,0.0,96.0,0.0,0.0,0.0,0.0,0.0,0.0,0.0,-514.0,0.0,1500.0,0.0,,0.0,308.0,7.0,0.0,5.0,6.0,0.0,0.0,0.0,0.0,0.0,0.0,0.0,0.0,-2655.0,0.0,0.0,0.0,0.0,-783.0
2015-10-19,,0.0,6.0,135.0,0.0,0.0,96.0,0.0,0.0,0.0,0.0,30.0,0.0,0.0,460.0,0.0,1800.0,0.0,,0.0,350.0,6.0,1.0,4.0,5.0,0.0,0.0,0.0,489.0,0.0,0.0,0.0,0.0,3495.0,0.0,0.0,0.0,0.0,6877.0
2015-10-20,,0.0,1.0,94.0,150.0,0.0,96.0,0.0,0.0,0.0,0.0,0.0,0.0,0.0,468.0,0.0,1200.0,0.0,,0.0,201.0,3.0,1.0,1.0,3.0,0.0,0.0,0.0,0.0,0.0,0.0,0.0,1.0,1040.0,0.0,0.0,0.0,0.0,3259.0
2015-10-21,,0.0,6.0,57.0,150.0,0.0,96.0,0.0,0.0,0.0,0.0,0.0,0.0,0.0,480.0,0.0,1500.0,0.0,,0.0,334.0,4.0,0.0,0.0,1.0,0.0,0.0,0.0,0.0,0.0,0.0,0.0,1.0,1910.0,0.0,0.0,0.0,0.0,4539.0
2015-10-22,,0.0,3.0,71.0,150.0,0.0,0.0,0.0,0.0,0.0,0.0,0.0,0.0,0.0,484.0,0.0,1500.0,0.0,,0.0,62.0,0.0,2.0,4.0,2.0,0.0,10.0,0.0,0.0,0.0,0.0,0.0,1.0,550.0,0.0,0.0,0.0,0.0,2839.0
2015-10-23,,0.0,4.0,70.0,0.0,0.0,96.0,0.0,0.0,0.0,0.0,0.0,0.0,0.0,529.0,0.0,1500.0,0.0,,0.0,317.0,0.0,1.0,2.0,1.0,0.0,15.0,0.0,0.0,0.0,0.0,0.0,1.0,1040.0,0.0,0.0,0.0,0.0,3576.0
2015-10-24,,0.0,2.0,68.0,0.0,0.0,96.0,0.0,0.0,0.0,0.0,0.0,0.0,0.0,471.0,0.0,1000.0,0.0,,0.0,378.0,3.0,2.0,2.0,3.0,0.0,0.0,0.0,0.0,0.0,0.0,0.0,1.0,650.0,0.0,0.0,0.0,0.0,2676.0
2015-10-25,,0.0,4.0,60.0,100.0,0.0,96.0,0.0,0.0,0.0,0.0,0.0,0.0,0.0,469.0,0.0,1000.0,0.0,,0.0,967.0,2.0,4.0,5.0,7.0,0.0,0.0,0.0,0.0,0.0,0.0,0.0,2.0,770.0,0.0,0.0,0.0,0.0,3486.0
2015-10-26,,0.0,4.0,82.0,0.0,0.0,96.0,0.0,0.0,90.0,0.0,0.0,0.0,0.0,484.0,0.0,1500.0,0.0,,0.0,530.0,5.0,13.0,5.0,7.0,0.0,0.0,0.0,0.0,0.0,0.0,0.0,0.0,1460.0,0.0,0.0,0.0,0.0,4276.0
2015-10-27,,0.0,5.0,87.0,0.0,0.0,96.0,0.0,0.0,12.0,0.0,0.0,0.0,0.0,385.0,0.0,1500.0,0.0,,0.0,621.0,5.0,6.0,4.0,5.0,0.0,0.0,0.0,0.0,0.0,0.0,0.0,1.0,970.0,0.0,0.0,0.0,0.0,3697.0
2015-10-28,,0.0,0.0,47.0,0.0,0.0,96.0,0.0,0.0,0.0,0.0,5.0,0.0,0.0,376.0,0.0,1500.0,0.0,,0.0,422.0,2.0,5.0,1.0,1.0,0.0,0.0,0.0,0.0,0.0,0.0,0.0,1.0,80.0,0.0,0.0,0.0,0.0,2536.0
2015-10-30,,0.0,1.0,53.0,250.0,0.0,96.0,0.0,0.0,0.0,0.0,0.0,0.0,0.0,487.0,0.0,2000.0,0.0,,0.0,372.0,3.0,2.0,1.0,2.0,100.0,0.0,0.0,0.0,0.0,0.0,0.0,2.0,970.0,0.0,0.0,0.0,0.0,4339.0
2015-10-31,,0.0,1.0,49.0,0.0,0.0,96.0,0.0,0.0,0.0,0.0,0.0,0.0,0.0,476.0,0.0,800.0,0.0,,0.0,420.0,1.0,1.0,2.0,1.0,0.0,0.0,0.0,0.0,0.0,0.0,0.0,1.0,720.0,0.0,0.0,0.0,0.0,2568.0
2015-11-01,,0.0,1.0,54.0,150.0,0.0,96.0,0.0,0.0,0.0,0.0,0.0,0.0,0.0,487.0,0.0,700.0,0.0,,0.0,487.0,1.0,2.0,2.0,1.0,0.0,0.0,0.0,0.0,0.0,0.0,0.0,1.0,720.0,0.0,0.0,0.0,0.0,2702.0
2015-11-02,,0.0,1.0,35.0,200.0,0.0,96.0,0.0,0.0,0.0,0.0,0.0,0.0,0.0,505.0,0.0,0.0,0.0,,0.0,489.0,2.0,3.0,2.0,3.0,0.0,0.0,0.0,0.0,0.0,0.0,0.0,1.0,2140.0,0.0,0.0,0.0,0.0,3477.0
2015-11-03,,0.0,6.0,34.0,0.0,0.0,96.0,0.0,0.0,31.0,0.0,0.0,0.0,0.0,469.0,0.0,1000.0,0.0,,0.0,492.0,5.0,0.0,4.0,6.0,0.0,0.0,0.0,0.0,0.0,0.0,0.0,0.0,1080.0,0.0,0.0,0.0,0.0,3223.0
2015-11-04,,0.0,7.0,88.0,0.0,0.0,96.0,0.0,0.0,0.0,0.0,0.0,0.0,0.0,498.0,0.0,1000.0,0.0,,0.0,365.0,5.0,2.0,4.0,5.0,0.0,0.0,0.0,0.0,0.0,0.0,0.0,0.0,1250.0,0.0,0.0,0.0,100.0,3420.0
2015-11-05,,0.0,2.0,62.0,150.0,0.0,96.0,0.0,0.0,0.0,0.0,0.0,0.0,0.0,510.0,0.0,600.0,0.0,,0.0,395.0,1.0,3.0,1.0,2.0,0.0,0.0,0.0,0.0,0.0,0.0,0.0,1.0,1365.0,0.0,0.0,0.0,0.0,3188.0
2015-11-06,,0.0,6.0,67.0,250.0,0.0,96.0,0.0,0.0,0.0,0.0,0.0,12.0,0.0,471.0,0.0,1000.0,0.0,,0.0,509.0,2.0,6.0,1.0,8.0,0.0,0.0,0.0,0.0,0.0,0.0,0.0,1.0,1720.0,0.0,0.0,0.0,0.0,4149.0
2015-11-07,,0.0,4.0,9.0,150.0,0.0,96.0,0.0,0.0,0.0,0.0,0.0,0.0,40.0,471.0,0.0,1000.0,0.0,,0.0,350.0,1.0,2.0,1.0,2.0,0.0,0.0,0.0,0.0,0.0,0.0,0.0,3.0,1445.0,0.0,0.0,0.0,0.0,3574.0
2015-11-08,,0.0,1.0,3.0,0.0,0.0,96.0,0.0,0.0,0.0,0.0,18.0,0.0,0.0,480.0,0.0,800.0,0.0,,0.0,448.0,3.0,2.0,4.0,1.0,0.0,0.0,0.0,0.0,0.0,0.0,0.0,4.0,640.0,0.0,0.0,0.0,0.0,2500.0
2015-11-09,,0.0,2.0,26.0,0.0,0.0,96.0,0.0,0.0,0.0,0.0,18.0,0.0,0.0,490.0,0.0,800.0,0.0,,0.0,382.0,1.0,2.0,1.0,2.0,0.0,0.0,0.0,0.0,0.0,0.0,0.0,2.0,80.0,75.0,0.0,0.0,0.0,1977.0
2015-11-10,,0.0,3.0,3.0,100.0,0.0,96.0,0.0,0.0,0.0,0.0,0.0,0.0,0.0,485.0,0.0,1000.0,0.0,,0.0,289.0,2.0,1.0,1.0,3.0,0.0,0.0,0.0,0.0,0.0,0.0,0.0,2.0,530.0,75.0,0.0,0.0,0.0,2590.0
2015-11-11,,0.0,3.0,7.0,150.0,0.0,96.0,0.0,0.0,0.0,0.0,0.0,0.0,0.0,473.0,0.0,1000.0,0.0,,0.0,140.0,1.0,2.0,1.0,2.0,0.0,0.0,0.0,0.0,0.0,0.0,0.0,1.0,0.0,40.0,0.0,0.0,0.0,1916.0
2015-11-12,,0.0,2.0,20.0,0.0,0.0,96.0,0.0,0.0,93.0,0.0,0.0,0.0,0.0,463.0,0.0,800.0,0.0,,0.0,229.0,2.0,1.0,2.0,3.0,0.0,15.0,0.0,0.0,0.0,0.0,0.0,1.0,280.0,0.0,0.0,0.0,0.0,2007.0
2015-11-13,,0.0,5.0,32.0,150.0,0.0,96.0,0.0,0.0,0.0,0.0,0.0,0.0,0.0,476.0,0.0,1000.0,150.0,,0.0,229.0,8.0,4.0,2.0,4.0,0.0,0.0,0.0,0.0,0.0,0.0,0.0,2.0,490.0,0.0,0.0,0.0,0.0,2648.0
2015-11-14,,0.0,2.0,9.0,100.0,0.0,96.0,0.0,0.0,0.0,0.0,0.0,0.0,0.0,489.0,0.0,1000.0,0.0,,0.0,38.0,2.0,3.0,2.0,4.0,0.0,0.0,0.0,0.0,0.0,0.0,0.0,5.0,0.0,0.0,0.0,0.0,0.0,1750.0
2015-11-15,,0.0,6.0,10.0,50.0,0.0,96.0,0.0,0.0,0.0,0.0,18.0,0.0,0.0,488.0,0.0,600.0,0.0,,0.0,16.0,2.0,3.0,1.0,3.0,0.0,0.0,0.0,0.0,0.0,0.0,0.0,1.0,700.0,0.0,0.0,0.0,0.0,1994.0
2015-11-16,,0.0,4.0,11.0,0.0,0.0,96.0,0.0,0.0,11.0,0.0,4.0,0.0,0.0,501.0,0.0,800.0,0.0,,0.0,58.0,2.0,1.0,3.0,3.0,0.0,0.0,0.0,0.0,0.0,0.0,0.0,1.0,730.0,150.0,0.0,0.0,0.0,2375.0
2015-11-17,,0.0,2.0,34.0,0.0,0.0,96.0,0.0,0.0,0.0,0.0,0.0,0.0,0.0,499.0,0.0,500.0,125.0,,0.0,39.0,0.0,1.0,1.0,2.0,0.0,0.0,0.0,0.0,0.0,0.0,0.0,1.0,665.0,0.0,0.0,0.0,0.0,1965.0
2015-11-18,,0.0,1.0,7.0,0.0,0.0,96.0,0.0,0.0,0.0,0.0,0.0,0.0,0.0,495.0,0.0,400.0,0.0,,0.0,122.0,1.0,1.0,2.0,2.0,0.0,0.0,0.0,0.0,0.0,0.0,0.0,1.0,605.0,75.0,0.0,0.0,0.0,1808.0
2015-11-19,,0.0,2.0,22.0,200.0,0.0,96.0,0.0,0.0,13.0,0.0,4.0,0.0,0.0,490.0,0.0,800.0,0.0,,0.0,31.0,1.0,1.0,5.0,6.0,0.0,0.0,0.0,0.0,0.0,0.0,0.0,3.0,1530.0,75.0,0.0,0.0,0.0,3279.0
2015-11-20,,0.0,1.0,27.0,100.0,0.0,96.0,0.0,0.0,48.0,0.0,29.0,0.0,0.0,482.0,0.0,800.0,0.0,,0.0,18.0,3.0,2.0,5.0,3.0,0.0,0.0,0.0,0.0,0.0,0.0,0.0,4.0,1620.0,0.0,0.0,0.0,0.0,3238.0
2015-11-21,,0.0,0.0,31.0,0.0,0.0,96.0,0.0,0.0,9.0,0.0,30.0,0.0,0.0,498.0,0.0,800.0,125.0,,0.0,25.0,0.0,1.0,1.0,1.0,0.0,0.0,0.0,597.0,0.0,0.0,0.0,1.0,2025.0,75.0,0.0,0.0,0.0,4315.0
2015-11-22,,0.0,2.0,33.0,100.0,0.0,96.0,0.0,0.0,2.0,0.0,21.0,0.0,0.0,490.0,0.0,800.0,100.0,,0.0,21.0,1.0,1.0,4.0,4.0,0.0,0.0,0.0,0.0,0.0,0.0,0.0,3.0,880.0,0.0,7.0,0.0,0.0,2565.0
2015-11-23,,0.0,1.0,13.0,100.0,0.0,96.0,0.0,0.0,0.0,0.0,0.0,0.0,0.0,497.0,0.0,800.0,100.0,,0.0,15.0,2.0,1.0,2.0,3.0,0.0,0.0,0.0,0.0,0.0,0.0,0.0,1.0,995.0,105.0,0.0,0.0,0.0,2731.0
2015-11-24,,0.0,2.0,20.0,0.0,0.0,96.0,0.0,0.0,0.0,0.0,0.0,0.0,0.0,499.0,0.0,1000.0,0.0,,0.0,10.0,2.0,1.0,1.0,2.0,0.0,0.0,0.0,0.0,0.0,0.0,0.0,2.0,835.0,0.0,0.0,0.0,0.0,2470.0
2015-11-25,,0.0,1.0,13.0,100.0,0.0,96.0,0.0,0.0,142.0,0.0,0.0,0.0,0.0,486.0,0.0,500.0,0.0,,0.0,17.0,1.0,1.0,1.0,2.0,0.0,0.0,0.0,0.0,0.0,0.0,0.0,1.0,910.0,150.0,0.0,0.0,0.0,2421.0
2015-11-26,,0.0,2.0,8.0,0.0,0.0,96.0,0.0,0.0,0.0,0.0,0.0,0.0,0.0,482.0,0.0,800.0,0.0,,0.0,19.0,1.0,1.0,1.0,2.0,0.0,0.0,0.0,0.0,0.0,0.0,0.0,1.0,1200.0,0.0,0.0,0.0,0.0,2613.0
2015-11-27,,0.0,4.0,6.0,150.0,0.0,96.0,0.0,0.0,0.0,0.0,43.0,0.0,0.0,483.0,0.0,1200.0,0.0,,0.0,17.0,4.0,0.0,3.0,5.0,0.0,0.0,0.0,0.0,0.0,0.0,0.0,0.0,590.0,150.0,0.0,0.0,0.0,2751.0
2015-11-28,,0.0,4.0,18.0,0.0,0.0,96.0,0.0,0.0,0.0,0.0,17.0,0.0,6.0,483.0,88.0,1200.0,0.0,,0.0,15.0,6.0,5.0,2.0,7.0,0.0,0.0,0.0,0.0,0.0,0.0,0.0,6.0,1290.0,0.0,0.0,0.0,84.0,3327.0
2015-11-29,,0.0,1.0,4.0,0.0,0.0,96.0,0.0,0.0,0.0,0.0,20.0,0.0,0.0,501.0,88.0,1000.0,0.0,,0.0,15.0,6.0,3.0,0.0,0.0,0.0,0.0,0.0,0.0,0.0,0.0,0.0,2.0,640.0,0.0,0.0,0.0,0.0,2376.0
2015-11-30,,0.0,2.0,20.0,100.0,0.0,96.0,0.0,0.0,0.0,0.0,0.0,0.0,0.0,477.0,0.0,800.0,100.0,,0.0,18.0,0.0,2.0,0.0,3.0,0.0,0.0,0.0,0.0,0.0,0.0,0.0,1.0,1845.0,150.0,0.0,0.0,0.0,3614.0
2015-12-01,,0.0,6.0,22.0,0.0,0.0,96.0,0.0,0.0,0.0,0.0,0.0,0.0,0.0,477.0,0.0,1200.0,0.0,,0.0,14.0,4.0,0.0,4.0,5.0,0.0,0.0,0.0,0.0,0.0,0.0,0.0,0.0,1460.0,5.0,0.0,0.0,0.0,3293.0
2015-12-02,,0.0,1.0,19.0,0.0,0.0,136.0,0.0,0.0,2.0,0.0,0.0,0.0,0.0,473.0,0.0,1000.0,0.0,,0.0,18.0,1.0,3.0,1.0,3.0,0.0,0.0,0.0,0.0,0.0,0.0,0.0,1.0,590.0,0.0,0.0,0.0,0.0,2248.0
2015-12-03,,0.0,2.0,135.0,0.0,0.0,243.0,0.0,0.0,0.0,0.0,22.0,0.0,0.0,494.0,0.0,700.0,125.0,,0.0,29.0,1.0,1.0,1.0,2.0,0.0,0.0,0.0,0.0,0.0,0.0,0.0,1.0,1500.0,150.0,0.0,0.0,0.0,3406.0
2015-12-04,,0.0,1.0,77.0,150.0,0.0,96.0,0.0,0.0,0.0,0.0,0.0,0.0,0.0,469.0,40.0,400.0,0.0,,0.0,20.0,1.0,1.0,1.0,2.0,0.0,0.0,0.0,0.0,0.0,0.0,0.0,1.0,1210.0,0.0,0.0,0.0,150.0,2619.0
2015-12-05,,0.0,6.0,32.0,0.0,0.0,96.0,0.0,0.0,0.0,0.0,9.0,0.0,0.0,512.0,75.0,1000.0,0.0,,0.0,15.0,0.0,3.0,2.0,5.0,0.0,0.0,0.0,0.0,0.0,0.0,0.0,1.0,1330.0,0.0,7.0,0.0,0.0,3093.0
2015-12-06,,0.0,3.0,33.0,-200.0,0.0,96.0,0.0,0.0,0.0,0.0,0.0,0.0,13.0,507.0,0.0,800.0,0.0,,0.0,15.0,1.0,0.0,5.0,5.0,0.0,0.0,0.0,0.0,0.0,0.0,0.0,0.0,980.0,0.0,0.0,0.0,0.0,2258.0
2015-12-07,,0.0,1.0,12.0,250.0,0.0,96.0,0.0,0.0,0.0,0.0,13.0,0.0,0.0,481.0,0.0,1600.0,0.0,,0.0,20.0,0.0,5.0,0.0,6.0,0.0,0.0,0.0,0.0,0.0,0.0,0.0,1.0,1620.0,150.0,7.0,0.0,0.0,4262.0
2015-12-08,,0.0,1.0,3.0,0.0,0.0,96.0,0.0,0.0,0.0,0.0,9.0,0.0,0.0,472.0,0.0,1200.0,0.0,,0.0,18.0,0.0,0.0,1.0,4.0,100.0,0.0,0.0,0.0,0.0,0.0,0.0,0.0,1200.0,150.0,7.0,0.0,0.0,3261.0
2015-12-09,,0.0,13.0,2.0,0.0,0.0,96.0,0.0,0.0,0.0,0.0,17.0,0.0,0.0,559.0,0.0,1200.0,0.0,,0.0,22.0,1.0,1.0,2.0,8.0,0.0,0.0,0.0,0.0,0.0,0.0,0.0,0.0,2975.0,0.0,0.0,0.0,0.0,4896.0
2015-12-10,,0.0,1.0,20.0,0.0,0.0,96.0,0.0,0.0,0.0,0.0,0.0,0.0,0.0,477.0,0.0,800.0,0.0,,0.0,72.0,1.0,1.0,4.0,1.0,0.0,0.0,0.0,0.0,0.0,0.0,0.0,1.0,1835.0,75.0,0.0,0.0,0.0,3384.0
2015-12-11,,0.0,2.0,13.0,0.0,0.0,329.0,0.0,0.0,0.0,0.0,4.0,0.0,0.0,476.0,0.0,1200.0,0.0,,0.0,19.0,1.0,3.0,2.0,3.0,0.0,0.0,0.0,0.0,0.0,0.0,0.0,2.0,1050.0,5.0,0.0,0.0,0.0,3109.0
2015-12-12,,0.0,2.0,27.0,150.0,0.0,96.0,0.0,0.0,0.0,0.0,13.0,0.0,0.0,485.0,98.0,800.0,75.0,,0.0,20.0,1.0,1.0,1.0,2.0,0.0,0.0,0.0,0.0,0.0,0.0,0.0,2.0,1340.0,150.0,0.0,0.0,0.0,3263.0
2015-12-13,,0.0,6.0,46.0,300.0,0.0,96.0,0.0,0.0,0.0,0.0,30.0,0.0,0.0,493.0,71.0,1200.0,0.0,,0.0,15.0,0.0,1.0,3.0,5.0,0.0,0.0,0.0,0.0,0.0,0.0,0.0,0.0,1520.0,0.0,0.0,0.0,0.0,3786.0
2015-12-14,,0.0,7.0,30.0,150.0,0.0,96.0,0.0,0.0,0.0,0.0,9.0,0.0,0.0,488.0,106.0,1500.0,0.0,,0.0,22.0,2.0,4.0,3.0,4.0,0.0,0.0,0.0,0.0,0.0,0.0,0.0,0.0,910.0,75.0,0.0,0.0,0.0,3406.0
2015-12-15,,0.0,4.0,13.0,0.0,0.0,299.0,0.0,0.0,0.0,0.0,10.0,0.0,0.0,503.0,0.0,800.0,0.0,,0.0,21.0,4.0,1.0,1.0,1.0,0.0,0.0,0.0,0.0,0.0,0.0,0.0,4.0,1700.0,75.0,0.0,0.0,0.0,3436.0
2015-12-16,,0.0,1.0,15.0,150.0,0.0,96.0,0.0,0.0,0.0,0.0,12.0,0.0,0.0,494.0,50.0,1500.0,0.0,,0.0,21.0,1.0,1.0,2.0,1.0,100.0,0.0,0.0,0.0,0.0,0.0,0.0,1.0,1200.0,75.0,0.0,0.0,80.0,3800.0
2015-12-17,,0.0,2.0,34.0,100.0,0.0,253.0,0.0,0.0,0.0,0.0,22.0,0.0,0.0,491.0,0.0,1500.0,0.0,,0.0,20.0,2.0,1.0,1.0,2.0,0.0,10.0,0.0,0.0,0.0,0.0,0.0,1.0,1430.0,16.0,0.0,0.0,0.0,3885.0
2015-12-18,,0.0,-2.0,-5.0,100.0,0.0,393.0,0.0,0.0,23.0,0.0,0.0,0.0,0.0,490.0,0.0,700.0,0.0,,0.0,20.0,-1.0,-1.0,-2.0,-3.0,0.0,0.0,0.0,0.0,0.0,0.0,0.0,-1.0,1215.0,0.0,0.0,0.0,0.0,2926.0
2015-12-19,,0.0,2.0,28.0,100.0,0.0,96.0,0.0,0.0,23.0,0.0,18.0,0.0,0.0,504.0,50.0,900.0,0.0,,0.0,15.0,5.0,1.0,2.0,1.0,0.0,0.0,0.0,0.0,0.0,0.0,0.0,2.0,750.0,0.0,0.0,0.0,0.0,2497.0
2015-12-20,,0.0,2.0,4.0,150.0,0.0,96.0,0.0,0.0,2.0,0.0,13.0,0.0,0.0,514.0,0.0,1000.0,0.0,,0.0,14.0,2.0,1.0,1.0,1.0,0.0,0.0,0.0,0.0,0.0,0.0,0.0,2.0,955.0,0.0,0.0,0.0,0.0,2757.0
2015-12-21,,0.0,2.0,47.0,250.0,0.0,96.0,0.0,0.0,0.0,0.0,26.0,0.0,0.0,544.0,0.0,1500.0,0.0,,0.0,15.0,2.0,0.0,2.0,4.0,0.0,0.0,0.0,0.0,0.0,0.0,0.0,4.0,1190.0,0.0,0.0,0.0,100.0,3782.0
2015-12-22,,0.0,5.0,90.0,150.0,0.0,18.0,0.0,0.0,2.0,0.0,22.0,0.0,0.0,503.0,0.0,1000.0,0.0,,0.0,15.0,0.0,1.0,2.0,4.0,0.0,0.0,0.0,0.0,0.0,0.0,0.0,0.0,1135.0,75.0,0.0,0.0,92.0,3114.0
2015-12-23,,0.0,3.0,17.0,150.0,0.0,96.0,0.0,0.0,6.0,0.0,30.0,0.0,0.0,469.0,0.0,800.0,0.0,,0.0,15.0,1.0,4.0,1.0,2.0,0.0,0.0,0.0,0.0,0.0,0.0,0.0,4.0,1500.0,0.0,0.0,0.0,0.0,3098.0
2015-12-24,,0.0,1.0,26.0,0.0,0.0,96.0,0.0,0.0,21.0,0.0,26.0,0.0,0.0,501.0,0.0,900.0,0.0,,0.0,11.0,2.0,4.0,2.0,2.0,0.0,0.0,0.0,189.0,0.0,0.0,0.0,3.0,1580.0,0.0,3.0,0.0,0.0,3367.0
2015-12-25,,0.0,5.0,16.0,0.0,0.0,165.0,0.0,0.0,0.0,0.0,4.0,0.0,0.0,499.0,0.0,1200.0,0.0,,0.0,14.0,1.0,3.0,5.0,3.0,0.0,0.0,0.0,0.0,0.0,0.0,0.0,1.0,795.0,0.0,5.0,0.0,0.0,2716.0
2015-12-26,,0.0,6.0,43.0,0.0,0.0,96.0,0.0,0.0,2.0,0.0,0.0,0.0,0.0,543.0,0.0,1000.0,0.0,,0.0,16.0,2.0,1.0,2.0,3.0,0.0,0.0,0.0,0.0,0.0,0.0,0.0,2.0,1740.0,0.0,0.0,0.0,0.0,3456.0
2015-12-27,,0.0,1.0,57.0,0.0,0.0,138.0,0.0,0.0,0.0,0.0,13.0,0.0,0.0,516.0,0.0,800.0,0.0,,0.0,15.0,1.0,2.0,2.0,1.0,0.0,0.0,0.0,0.0,0.0,0.0,0.0,5.0,1090.0,0.0,0.0,0.0,0.0,2641.0
2015-12-28,,0.0,1.0,21.0,0.0,0.0,415.0,0.0,0.0,0.0,0.0,0.0,0.0,0.0,498.0,0.0,600.0,0.0,,0.0,13.0,1.0,2.0,1.0,2.0,0.0,0.0,0.0,0.0,0.0,0.0,0.0,2.0,960.0,0.0,0.0,0.0,0.0,2516.0
2015-12-29,,0.0,5.0,35.0,0.0,0.0,399.0,0.0,0.0,0.0,0.0,84.0,11.0,30.0,524.0,0.0,1000.0,0.0,,19.0,14.0,0.0,2.0,1.0,6.0,0.0,0.0,0.0,0.0,0.0,0.0,0.0,0.0,1260.0,0.0,0.0,0.0,0.0,3390.0
2015-12-30,,0.0,6.0,32.0,0.0,0.0,96.0,0.0,0.0,0.0,0.0,52.0,0.0,0.0,466.0,0.0,1000.0,0.0,,9.0,11.0,0.0,2.0,4.0,5.0,0.0,0.0,0.0,151.0,0.0,0.0,0.0,0.0,735.0,120.0,0.0,0.0,0.0,2689.0
2015-12-31,,0.0,7.0,44.0,0.0,0.0,96.0,0.0,0.0,0.0,1.0,18.0,0.0,1.0,502.0,0.0,600.0,0.0,,0.0,14.0,0.0,4.0,3.0,6.0,0.0,0.0,0.0,0.0,0.0,0.0,0.0,0.0,960.0,0.0,0.0,0.0,0.0,2256.0
2015-12-31,,0.0,7.0,44.0,0.0,0.0,96.0,0.0,0.0,0.0,1.0,18.0,0.0,1.0,502.0,0.0,600.0,0.0,,0.0,14.0,0.0,4.0,3.0,6.0,0.0,0.0,0.0,0.0,0.0,0.0,0.0,0.0,960.0,0.0,0.0,0.0,0.0,2256.0
2016-01-01,,0.0,2.0,24.0,150.0,0.0,96.0,0.0,0.0,0.0,0.0,13.0,0.0,0.0,507.0,140.0,600.0,0.0,,0.0,15.0,3.0,3.0,4.0,6.0,0.0,0.0,0.0,0.0,0.0,0.0,0.0,1.0,1055.0,0.0,-5.0,0.0,0.0,2614.0
2016-01-02,,0.0,6.0,22.0,0.0,0.0,96.0,0.0,0.0,0.0,0.0,13.0,0.0,0.0,500.0,0.0,600.0,0.0,,0.0,13.0,2.0,2.0,8.0,4.0,0.0,0.0,0.0,219.0,0.0,0.0,0.0,1.0,1195.0,0.0,0.0,0.0,0.0,2681.0
2016-01-03,,0.0,2.0,48.0,100.0,0.0,96.0,0.0,0.0,0.0,0.0,13.0,0.0,0.0,511.0,0.0,800.0,0.0,,0.0,14.0,4.0,2.0,2.0,2.0,0.0,0.0,0.0,0.0,0.0,0.0,0.0,1.0,825.0,0.0,0.0,0.0,0.0,2420.0
2016-01-04,,0.0,4.0,22.0,0.0,0.0,96.0,0.0,0.0,0.0,0.0,14.0,0.0,0.0,479.0,0.0,800.0,0.0,,0.0,14.0,5.0,2.0,1.0,5.0,0.0,0.0,0.0,0.0,0.0,0.0,0.0,2.0,1020.0,75.0,0.0,0.0,0.0,2539.0
2016-01-05,,0.0,3.0,21.0,100.0,0.0,96.0,0.0,0.0,0.0,0.0,0.0,0.0,0.0,506.0,0.0,500.0,0.0,,0.0,13.0,2.0,2.0,1.0,1.0,0.0,0.0,0.0,0.0,0.0,0.0,0.0,2.0,1585.0,0.0,0.0,0.0,0.0,2832.0
2016-01-06,,0.0,5.0,20.0,100.0,0.0,96.0,0.0,0.0,3.0,0.0,27.0,0.0,0.0,521.0,50.0,500.0,0.0,,0.0,13.0,1.0,6.0,2.0,6.0,0.0,0.0,0.0,0.0,0.0,0.0,0.0,4.0,650.0,0.0,0.0,0.0,0.0,2004.0
2016-01-07,,0.0,4.0,10.0,0.0,0.0,96.0,0.0,0.0,0.0,0.0,0.0,0.0,0.0,511.0,0.0,500.0,0.0,,0.0,14.0,3.0,3.0,3.0,6.0,0.0,0.0,0.0,0.0,0.0,0.0,0.0,4.0,965.0,0.0,0.0,0.0,200.0,2319.0
2016-01-08,,0.0,6.0,35.0,0.0,0.0,96.0,0.0,0.0,68.0,0.0,9.0,0.0,0.0,506.0,185.0,500.0,0.0,,0.0,14.0,3.0,2.0,3.0,5.0,0.0,0.0,0.0,0.0,0.0,0.0,0.0,2.0,1100.0,0.0,0.0,0.0,200.0,2734.0
2016-01-09,,0.0,2.0,163.0,150.0,0.0,96.0,0.0,0.0,3.0,0.0,0.0,0.0,0.0,516.0,0.0,500.0,0.0,,0.0,12.0,3.0,1.0,2.0,4.0,0.0,0.0,0.0,0.0,0.0,0.0,0.0,3.0,1095.0,0.0,5.0,0.0,150.0,2705.0
2016-01-10,,0.0,1.0,5.0,100.0,0.0,96.0,0.0,0.0,0.0,0.0,0.0,0.0,0.0,508.0,41.0,600.0,0.0,,0.0,15.0,2.0,1.0,2.0,6.0,0.0,0.0,0.0,0.0,0.0,0.0,0.0,1.0,945.0,0.0,0.0,0.0,0.0,2323.0
2016-01-11,,0.0,1.0,32.0,150.0,0.0,96.0,0.0,0.0,1.0,0.0,0.0,0.0,0.0,516.0,0.0,700.0,0.0,,0.0,14.0,4.0,1.0,2.0,3.0,0.0,0.0,0.0,0.0,0.0,0.0,0.0,1.0,1100.0,0.0,0.0,0.0,0.0,2621.0
2016-01-12,,0.0,2.0,50.0,0.0,0.0,96.0,0.0,0.0,0.0,0.0,0.0,0.0,0.0,525.0,0.0,800.0,0.0,,0.0,14.0,5.0,1.0,2.0,2.0,0.0,0.0,0.0,0.0,0.0,0.0,0.0,1.0,580.0,0.0,0.0,0.0,0.0,2078.0
2016-01-13,,0.0,1.0,2.0,100.0,0.0,96.0,0.0,0.0,0.0,0.0,0.0,428.0,32.0,550.0,0.0,800.0,0.0,,0.0,12.0,1.0,2.0,1.0,2.0,0.0,0.0,0.0,0.0,0.0,0.0,0.0,1.0,1205.0,0.0,19.0,0.0,0.0,3252.0
2016-01-14,,0.0,0.0,33.0,100.0,0.0,96.0,0.0,0.0,0.0,0.0,0.0,0.0,6.0,538.0,100.0,500.0,0.0,,0.0,12.0,1.0,1.0,0.0,0.0,0.0,0.0,0.0,332.0,0.0,0.0,0.0,0.0,990.0,0.0,0.0,0.0,50.0,2759.0
2016-01-15,,0.0,1.0,1.0,0.0,0.0,96.0,0.0,0.0,4.0,0.0,8.0,413.0,103.0,501.0,52.0,500.0,0.0,,0.0,36.0,1.0,3.0,0.0,5.0,0.0,0.0,0.0,0.0,0.0,0.0,0.0,1.0,950.0,75.0,0.0,0.0,0.0,2750.0
2016-01-16,,0.0,4.0,7.0,0.0,0.0,96.0,0.0,0.0,6.0,0.0,8.0,271.0,0.0,496.0,0.0,800.0,0.0,,0.0,36.0,3.0,6.0,3.0,6.0,0.0,0.0,0.0,0.0,0.0,0.0,0.0,2.0,1585.0,75.0,0.0,0.0,0.0,3404.0
2016-01-17,,0.0,4.0,36.0,100.0,0.0,96.0,0.0,0.0,9.0,0.0,0.0,0.0,0.0,502.0,0.0,400.0,0.0,,0.0,13.0,0.0,6.0,2.0,5.0,0.0,0.0,0.0,671.0,0.0,0.0,0.0,0.0,390.0,0.0,28.0,0.0,0.0,2262.0
2016-01-18,,0.0,4.0,43.0,0.0,0.0,96.0,0.0,0.0,0.0,0.0,0.0,107.0,7.0,508.0,0.0,800.0,0.0,,0.0,12.0,2.0,3.0,1.0,2.0,0.0,0.0,0.0,0.0,0.0,0.0,0.0,1.0,1400.0,0.0,0.0,0.0,0.0,2986.0
2016-01-19,,0.0,2.0,29.0,0.0,0.0,0.0,0.0,0.0,16.0,0.0,22.0,0.0,0.0,514.0,0.0,600.0,0.0,,0.0,12.0,2.0,5.0,1.0,2.0,0.0,0.0,0.0,0.0,0.0,0.0,0.0,1.0,485.0,0.0,0.0,0.0,0.0,1691.0
2016-01-20,,0.0,1.0,11.0,0.0,0.0,96.0,0.0,0.0,3.0,0.0,0.0,0.0,0.0,608.0,0.0,500.0,0.0,,0.0,12.0,1.0,2.0,2.0,5.0,0.0,0.0,0.0,0.0,0.0,0.0,0.0,2.0,2235.0,40.0,0.0,0.0,0.0,3518.0
2016-01-21,,0.0,1.0,30.0,100.0,0.0,96.0,0.0,0.0,24.0,0.0,0.0,0.0,0.0,505.0,0.0,700.0,0.0,,0.0,12.0,1.0,3.0,1.0,2.0,0.0,0.0,0.0,0.0,0.0,0.0,0.0,1.0,1420.0,0.0,0.0,0.0,0.0,2896.0
2016-01-22,,0.0,1.0,25.0,100.0,0.0,96.0,0.0,0.0,29.0,0.0,18.0,0.0,26.0,498.0,0.0,500.0,0.0,,0.0,13.0,1.0,12.0,0.0,0.0,0.0,0.0,0.0,157.0,0.0,0.0,0.0,2.0,1320.0,0.0,0.0,0.0,0.0,2798.0
2016-01-23,,0.0,1.0,16.0,150.0,0.0,96.0,0.0,0.0,8.0,0.0,13.0,167.0,0.0,512.0,50.0,500.0,0.0,,0.0,13.0,1.0,0.0,1.0,0.0,0.0,0.0,0.0,0.0,0.0,0.0,0.0,1.0,1490.0,0.0,0.0,0.0,0.0,3019.0
2016-01-24,,0.0,1.0,21.0,0.0,0.0,96.0,0.0,0.0,6.0,0.0,22.0,0.0,0.0,499.0,0.0,500.0,0.0,,0.0,13.0,3.0,4.0,3.0,4.0,0.0,0.0,0.0,189.0,0.0,0.0,0.0,2.0,665.0,0.0,0.0,0.0,80.0,2108.0
2016-01-25,,0.0,3.0,86.0,100.0,0.0,96.0,0.0,0.0,2.0,0.0,0.0,0.0,0.0,500.0,0.0,500.0,0.0,,0.0,13.0,1.0,5.0,3.0,3.0,0.0,0.0,0.0,0.0,0.0,0.0,0.0,0.0,2735.0,0.0,0.0,0.0,0.0,4047.0
2016-01-26,,0.0,1.0,14.0,0.0,0.0,0.0,0.0,0.0,4.0,0.0,0.0,0.0,0.0,523.0,71.0,800.0,0.0,,0.0,8.0,2.0,2.0,2.0,3.0,0.0,0.0,0.0,0.0,0.0,0.0,0.0,1.0,665.0,0.0,18.0,0.0,0.0,2114.0
2016-01-27,,0.0,2.0,23.0,0.0,0.0,96.0,0.0,0.0,0.0,0.0,0.0,0.0,0.0,512.0,0.0,800.0,0.0,,0.0,9.0,3.0,1.0,1.0,2.0,0.0,0.0,0.0,60.0,0.0,0.0,0.0,0.0,1920.0,0.0,0.0,0.0,0.0,3429.0
2016-01-28,,0.0,1.0,40.0,145.0,0.0,96.0,0.0,0.0,0.0,0.0,0.0,0.0,0.0,511.0,0.0,500.0,0.0,,0.0,9.0,2.0,2.0,2.0,3.0,0.0,0.0,0.0,381.0,0.0,0.0,0.0,2.0,1110.0,0.0,0.0,0.0,0.0,2804.0
2016-01-29,,0.0,3.0,15.0,0.0,0.0,96.0,0.0,0.0,2.0,0.0,0.0,0.0,0.0,518.0,0.0,500.0,0.0,,0.0,9.0,3.0,2.0,2.0,4.0,0.0,0.0,0.0,0.0,0.0,0.0,0.0,2.0,1850.0,0.0,0.0,0.0,0.0,3006.0
2016-01-30,,0.0,0.0,32.0,200.0,0.0,0.0,0.0,0.0,11.0,0.0,14.0,0.0,0.0,508.0,0.0,500.0,0.0,,0.0,9.0,0.0,0.0,15.0,1.0,0.0,0.0,0.0,0.0,0.0,0.0,0.0,2.0,1505.0,0.0,0.0,0.0,0.0,2797.0
2016-01-31,,0.0,0.0,27.0,0.0,0.0,96.0,0.0,0.0,0.0,0.0,0.0,0.0,0.0,496.0,0.0,500.0,0.0,,0.0,24.0,1.0,1.0,11.0,9.0,0.0,0.0,0.0,0.0,0.0,0.0,0.0,0.0,2835.0,0.0,0.0,0.0,0.0,4000.0
2016-02-01,,0.0,3.0,30.0,0.0,0.0,96.0,0.0,0.0,0.0,0.0,0.0,0.0,0.0,508.0,-50.0,500.0,0.0,,0.0,7.0,3.0,2.0,2.0,3.0,0.0,0.0,0.0,0.0,0.0,0.0,0.0,2.0,1980.0,0.0,0.0,0.0,0.0,3086.0
2016-02-02,,0.0,4.0,34.0,0.0,0.0,96.0,0.0,0.0,20.0,0.0,0.0,0.0,0.0,506.0,0.0,450.0,0.0,,0.0,26.0,1.0,4.0,3.0,2.0,0.0,0.0,0.0,0.0,0.0,0.0,0.0,1.0,95.0,0.0,0.0,0.0,0.0,1242.0
2016-02-03,,0.0,5.0,41.0,100.0,0.0,96.0,0.0,0.0,6.0,0.0,0.0,0.0,7.0,504.0,100.0,600.0,0.0,,0.0,15.0,6.0,1.0,2.0,3.0,0.0,0.0,0.0,0.0,0.0,0.0,0.0,2.0,1755.0,0.0,0.0,0.0,0.0,3243.0
2016-02-04,,0.0,3.0,13.0,0.0,0.0,96.0,0.0,0.0,0.0,0.0,0.0,0.0,0.0,515.0,0.0,500.0,0.0,,0.0,15.0,1.0,1.0,2.0,2.0,0.0,0.0,0.0,485.0,0.0,0.0,0.0,1.0,1375.0,0.0,0.0,0.0,0.0,3009.0
2016-02-05,,0.0,3.0,21.0,0.0,0.0,96.0,0.0,0.0,0.0,0.0,22.0,0.0,0.0,500.0,0.0,400.0,0.0,,0.0,7.0,1.0,1.0,1.0,1.0,0.0,0.0,0.0,0.0,0.0,0.0,0.0,2.0,425.0,0.0,0.0,0.0,0.0,1480.0
2016-02-06,,0.0,4.0,50.0,150.0,0.0,96.0,0.0,0.0,2.0,0.0,0.0,0.0,0.0,501.0,0.0,500.0,0.0,,0.0,7.0,3.0,1.0,1.0,2.0,0.0,0.0,0.0,0.0,0.0,0.0,0.0,3.0,425.0,0.0,0.0,0.0,0.0,1745.0
2016-02-07,,0.0,0.0,27.0,100.0,0.0,96.0,0.0,0.0,0.0,0.0,4.0,0.0,0.0,509.0,0.0,500.0,0.0,,0.0,7.0,0.0,1.0,0.0,5.0,0.0,0.0,0.0,0.0,0.0,0.0,0.0,0.0,385.0,0.0,0.0,0.0,0.0,1634.0
2016-02-08,,0.0,1.0,48.0,0.0,0.0,96.0,0.0,0.0,0.0,0.0,0.0,0.0,0.0,513.0,0.0,500.0,0.0,,0.0,8.0,1.0,1.0,0.0,1.0,0.0,0.0,0.0,0.0,0.0,0.0,0.0,1.0,975.0,0.0,0.0,0.0,0.0,2145.0
2016-02-09,,0.0,1.0,56.0,150.0,0.0,96.0,0.0,0.0,0.0,0.0,0.0,0.0,0.0,520.0,71.0,500.0,0.0,,0.0,7.0,3.0,4.0,1.0,5.0,0.0,0.0,0.0,0.0,0.0,0.0,0.0,2.0,1660.0,0.0,0.0,0.0,0.0,3076.0
2016-02-10,,0.0,1.0,26.0,0.0,0.0,96.0,0.0,0.0,0.0,0.0,0.0,0.0,0.0,516.0,0.0,400.0,0.0,,0.0,8.0,5.0,2.0,2.0,3.0,0.0,0.0,0.0,0.0,0.0,0.0,0.0,2.0,1505.0,0.0,0.0,0.0,0.0,2566.0
2016-02-11,,0.0,2.0,26.0,100.0,0.0,96.0,0.0,0.0,0.0,0.0,0.0,0.0,0.0,454.0,0.0,700.0,0.0,,0.0,8.0,3.0,10.0,0.0,3.0,0.0,0.0,0.0,0.0,0.0,0.0,0.0,1.0,1140.0,0.0,0.0,0.0,0.0,2543.0
2016-02-12,,0.0,2.0,30.0,0.0,0.0,96.0,0.0,0.0,0.0,0.0,0.0,0.0,0.0,495.0,0.0,600.0,0.0,,0.0,8.0,3.0,1.0,2.0,2.0,0.0,0.0,0.0,0.0,0.0,0.0,0.0,1.0,1930.0,0.0,0.0,0.0,0.0,3170.0
2016-02-13,,0.0,4.0,50.0,0.0,0.0,96.0,0.0,0.0,2.0,0.0,0.0,0.0,0.0,490.0,0.0,400.0,0.0,,0.0,7.0,2.0,2.0,2.0,1.0,0.0,0.0,0.0,0.0,0.0,0.0,0.0,2.0,1065.0,0.0,0.0,0.0,0.0,2123.0
2016-02-14,,0.0,3.0,15.0,100.0,0.0,96.0,0.0,0.0,0.0,0.0,0.0,0.0,0.0,504.0,0.0,400.0,0.0,,0.0,18.0,2.0,2.0,2.0,3.0,0.0,0.0,0.0,0.0,0.0,0.0,0.0,2.0,1245.0,0.0,0.0,0.0,0.0,2392.0
2016-02-15,,0.0,1.0,1.0,100.0,0.0,96.0,0.0,0.0,0.0,0.0,0.0,0.0,0.0,502.0,0.0,0.0,0.0,,0.0,7.0,1.0,0.0,1.0,19.0,0.0,0.0,0.0,0.0,0.0,0.0,0.0,0.0,2215.0,0.0,0.0,0.0,0.0,2943.0
2016-02-16,,0.0,2.0,32.0,200.0,0.0,96.0,0.0,0.0,0.0,0.0,0.0,0.0,0.0,509.0,0.0,0.0,0.0,,0.0,6.0,2.0,1.0,1.0,3.0,0.0,0.0,0.0,0.0,0.0,0.0,0.0,1.0,885.0,0.0,0.0,0.0,0.0,1738.0
2016-02-17,,0.0,1.0,11.0,200.0,0.0,96.0,0.0,0.0,0.0,0.0,4.0,0.0,0.0,512.0,150.0,450.0,0.0,,0.0,4.0,1.0,0.0,1.0,1.0,0.0,0.0,0.0,0.0,0.0,0.0,0.0,1.0,1095.0,0.0,0.0,0.0,0.0,2527.0
2016-02-18,,0.0,2.0,30.0,100.0,0.0,96.0,0.0,0.0,0.0,0.0,0.0,0.0,6.0,520.0,0.0,800.0,0.0,,0.0,4.0,2.0,0.0,1.0,1.0,0.0,0.0,0.0,0.0,0.0,0.0,0.0,1.0,960.0,0.0,0.0,0.0,0.0,2523.0
2016-02-19,,0.0,3.0,31.0,0.0,0.0,96.0,0.0,0.0,5.0,0.0,32.0,0.0,7.0,508.0,0.0,500.0,0.0,,0.0,5.0,4.0,0.0,1.0,4.0,0.0,0.0,0.0,0.0,0.0,0.0,0.0,1.0,1491.0,0.0,0.0,0.0,0.0,2688.0
2016-02-20,,0.0,3.0,62.0,100.0,0.0,96.0,0.0,0.0,0.0,0.0,9.0,0.0,0.0,478.0,0.0,600.0,0.0,,0.0,5.0,3.0,0.0,1.0,3.0,0.0,0.0,0.0,0.0,0.0,0.0,0.0,1.0,2305.0,0.0,0.0,0.0,0.0,3666.0
2016-02-21,,0.0,1.0,42.0,100.0,0.0,96.0,0.0,0.0,0.0,0.0,4.0,0.0,0.0,476.0,0.0,400.0,0.0,,0.0,5.0,1.0,0.0,2.0,3.0,0.0,0.0,0.0,0.0,0.0,0.0,0.0,1.0,1155.0,0.0,0.0,0.0,0.0,2286.0
2016-02-22,,0.0,2.0,42.0,200.0,0.0,96.0,0.0,0.0,0.0,0.0,14.0,0.0,0.0,499.0,0.0,500.0,0.0,,0.0,4.0,1.0,0.0,1.0,4.0,0.0,0.0,0.0,0.0,0.0,0.0,0.0,1.0,543.0,0.0,0.0,0.0,0.0,1907.0
2016-02-23,,0.0,0.0,22.0,100.0,0.0,276.0,0.0,0.0,0.0,0.0,0.0,0.0,1.0,548.0,100.0,0.0,0.0,,0.0,4.0,1.0,0.0,0.0,0.0,0.0,0.0,0.0,0.0,0.0,0.0,0.0,2.0,1540.0,0.0,0.0,0.0,0.0,2594.0
2016-02-24,,0.0,1.0,143.0,0.0,0.0,296.0,0.0,0.0,0.0,0.0,0.0,0.0,0.0,505.0,0.0,0.0,0.0,,0.0,5.0,0.0,0.0,1.0,1.0,0.0,0.0,0.0,0.0,0.0,0.0,0.0,0.0,1535.0,0.0,0.0,0.0,0.0,2487.0
2016-02-25,,0.0,1.0,112.0,200.0,0.0,96.0,0.0,0.0,0.0,0.0,14.0,0.0,5.0,498.0,0.0,600.0,0.0,,0.0,5.0,3.0,0.0,1.0,4.0,0.0,0.0,0.0,0.0,0.0,0.0,0.0,6.0,1800.0,0.0,0.0,0.0,0.0,3345.0
2016-02-25,,0.0,1.0,112.0,200.0,0.0,96.0,0.0,0.0,0.0,0.0,14.0,0.0,5.0,498.0,0.0,600.0,0.0,,0.0,5.0,3.0,0.0,1.0,4.0,0.0,0.0,0.0,0.0,0.0,0.0,0.0,6.0,1800.0,0.0,0.0,0.0,0.0,3345.0
2016-02-26,,0.0,2.0,81.0,0.0,0.0,0.0,0.0,0.0,0.0,0.0,4.0,0.0,0.0,502.0,0.0,500.0,0.0,,0.0,5.0,4.0,0.0,1.0,3.0,0.0,0.0,0.0,0.0,0.0,0.0,0.0,1.0,1115.0,0.0,0.0,0.0,0.0,2218.0
2016-02-27,,0.0,3.0,98.0,150.0,0.0,96.0,0.0,0.0,0.0,0.0,4.0,0.0,0.0,499.0,0.0,800.0,0.0,,0.0,4.0,1.0,0.0,1.0,3.0,0.0,0.0,0.0,0.0,0.0,0.0,0.0,6.0,700.0,0.0,0.0,0.0,0.0,2365.0
2016-02-28,,0.0,2.0,27.0,0.0,0.0,96.0,0.0,0.0,0.0,0.0,4.0,0.0,0.0,496.0,0.0,800.0,0.0,,0.0,5.0,3.0,0.0,2.0,2.0,0.0,0.0,0.0,0.0,0.0,0.0,0.0,0.0,1125.0,0.0,0.0,0.0,0.0,2562.0
2016-03-01,,0.0,1.0,55.0,100.0,0.0,0.0,0.0,0.0,0.0,0.0,0.0,0.0,0.0,530.0,0.0,400.0,0.0,,0.0,4.0,1.0,0.0,1.0,2.0,0.0,0.0,0.0,0.0,0.0,0.0,0.0,1.0,1020.0,0.0,14.0,0.0,0.0,2129.0
2016-03-02,,0.0,1.0,56.0,200.0,0.0,96.0,0.0,0.0,0.0,0.0,0.0,0.0,8.0,515.0,0.0,0.0,0.0,,8.0,4.0,0.0,0.0,0.0,1.0,0.0,0.0,0.0,0.0,0.0,0.0,0.0,0.0,805.0,0.0,0.0,0.0,0.0,1694.0
2016-03-03,,0.0,0.0,34.0,150.0,0.0,96.0,0.0,0.0,0.0,0.0,32.0,0.0,0.0,509.0,0.0,0.0,0.0,,8.0,4.0,1.0,0.0,1.0,1.0,0.0,0.0,0.0,0.0,0.0,0.0,0.0,1.0,1605.0,0.0,0.0,0.0,160.0,2602.0
2016-03-04,,0.0,1.0,78.0,200.0,0.0,96.0,0.0,0.0,0.0,0.0,0.0,0.0,0.0,495.0,0.0,500.0,0.0,,0.0,4.0,1.0,0.0,1.0,1.0,0.0,0.0,0.0,0.0,0.0,0.0,0.0,1.0,380.0,0.0,0.0,0.0,150.0,1908.0
2016-03-05,,0.0,2.0,64.0,150.0,0.0,0.0,0.0,0.0,0.0,0.0,0.0,0.0,0.0,516.0,0.0,600.0,0.0,,0.0,4.0,1.0,0.0,2.0,1.0,0.0,0.0,0.0,0.0,0.0,0.0,0.0,1.0,80.0,0.0,0.0,0.0,0.0,1421.0
2016-03-06,,0.0,2.0,44.0,50.0,0.0,96.0,0.0,0.0,0.0,0.0,0.0,0.0,0.0,503.0,0.0,800.0,0.0,,0.0,4.0,3.0,0.0,1.0,4.0,0.0,0.0,0.0,0.0,0.0,0.0,0.0,1.0,800.0,0.0,45.0,0.0,0.0,2353.0
2016-03-06,,0.0,2.0,44.0,50.0,0.0,96.0,0.0,0.0,0.0,0.0,0.0,0.0,0.0,503.0,0.0,800.0,0.0,,0.0,4.0,3.0,0.0,1.0,4.0,0.0,0.0,0.0,0.0,0.0,0.0,0.0,1.0,800.0,0.0,45.0,0.0,0.0,2353.0
2016-03-08,,0.0,2.0,108.0,0.0,0.0,96.0,0.0,0.0,0.0,0.0,5.0,0.0,0.0,493.0,0.0,450.0,0.0,,0.0,3.0,2.0,0.0,1.0,2.0,0.0,0.0,0.0,0.0,0.0,0.0,0.0,3.0,1865.0,0.0,0.0,0.0,0.0,3030.0
2016-03-09,,0.0,2.0,32.0,100.0,0.0,96.0,0.0,0.0,0.0,0.0,0.0,0.0,0.0,498.0,0.0,400.0,0.0,,0.0,3.0,1.0,0.0,1.0,2.0,0.0,0.0,0.0,0.0,0.0,0.0,0.0,1.0,965.0,0.0,0.0,0.0,0.0,2101.0
2016-03-10,,0.0,2.0,25.0,100.0,0.0,148.0,0.0,0.0,0.0,0.0,19.0,0.0,0.0,500.0,0.0,0.0,0.0,,0.0,4.0,1.0,0.0,1.0,1.0,0.0,0.0,0.0,0.0,0.0,0.0,0.0,1.0,1525.0,0.0,26.0,0.0,0.0,2353.0
2016-03-11,,0.0,1.0,55.0,200.0,0.0,0.0,0.0,0.0,0.0,0.0,33.0,0.0,0.0,473.0,0.0,800.0,0.0,,0.0,4.0,1.0,0.0,0.0,1.0,0.0,0.0,0.0,0.0,0.0,0.0,0.0,1.0,1120.0,0.0,0.0,0.0,0.0,2689.0
2016-03-12,,0.0,1.0,25.0,0.0,0.0,96.0,0.0,0.0,0.0,0.0,9.0,0.0,0.0,455.0,0.0,800.0,0.0,,0.0,4.0,1.0,0.0,1.0,1.0,0.0,0.0,0.0,0.0,0.0,0.0,0.0,6.0,640.0,0.0,0.0,0.0,60.0,2099.0
2016-03-13,,0.0,1.0,36.0,150.0,0.0,96.0,0.0,0.0,0.0,0.0,0.0,0.0,0.0,517.0,0.0,250.0,0.0,,0.0,4.0,1.0,0.0,1.0,1.0,0.0,0.0,0.0,0.0,0.0,0.0,0.0,1.0,1930.0,0.0,0.0,0.0,0.0,2988.0
2016-03-14,,0.0,2.0,73.0,150.0,0.0,0.0,0.0,0.0,0.0,0.0,0.0,0.0,0.0,481.0,0.0,600.0,0.0,,0.0,3.0,2.0,0.0,3.0,2.0,0.0,0.0,0.0,0.0,0.0,0.0,0.0,2.0,1690.0,0.0,31.0,0.0,0.0,3039.0
2016-03-15,,0.0,2.0,43.0,150.0,0.0,96.0,0.0,0.0,0.0,0.0,0.0,0.0,0.0,515.0,0.0,1200.0,0.0,,0.0,4.0,2.0,0.0,1.0,1.0,0.0,0.0,0.0,0.0,0.0,0.0,0.0,8.0,1305.0,0.0,0.0,0.0,0.0,3327.0
2016-03-16,,0.0,1.0,169.0,0.0,0.0,96.0,0.0,0.0,0.0,0.0,0.0,0.0,0.0,520.0,0.0,700.0,0.0,,0.0,3.0,1.0,0.0,1.0,4.0,0.0,0.0,0.0,0.0,0.0,0.0,0.0,1.0,1630.0,0.0,0.0,0.0,0.0,3126.0
2016-03-17,,0.0,1.0,110.0,0.0,0.0,96.0,0.0,0.0,0.0,0.0,0.0,0.0,0.0,494.0,0.0,1000.0,0.0,,0.0,4.0,1.0,0.0,2.0,2.0,0.0,0.0,0.0,0.0,0.0,0.0,0.0,17.0,1565.0,0.0,0.0,0.0,0.0,3292.0
2016-03-18,,0.0,0.0,79.0,0.0,0.0,0.0,0.0,0.0,6.0,0.0,0.0,0.0,0.0,488.0,0.0,1200.0,0.0,,0.0,0.0,0.0,0.0,0.0,0.0,0.0,0.0,0.0,0.0,0.0,0.0,0.0,1.0,550.0,0.0,0.0,0.0,0.0,2324.0
2016-03-19,,0.0,0.0,90.0,200.0,0.0,96.0,0.0,0.0,0.0,0.0,0.0,0.0,0.0,497.0,0.0,1500.0,0.0,,0.0,0.0,1.0,0.0,3.0,0.0,0.0,0.0,0.0,0.0,0.0,0.0,0.0,0.0,435.0,0.0,0.0,0.0,0.0,2822.0
2016-03-20,,0.0,1.0,52.0,200.0,0.0,0.0,0.0,0.0,0.0,0.0,0.0,0.0,0.0,481.0,0.0,400.0,125.0,,0.0,0.0,1.0,0.0,3.0,1.0,0.0,0.0,0.0,0.0,0.0,0.0,0.0,0.0,300.0,0.0,0.0,0.0,0.0,1564.0
2016-03-21,,0.0,1.0,45.0,50.0,0.0,96.0,0.0,0.0,0.0,0.0,29.0,0.0,0.0,490.0,0.0,400.0,125.0,,0.0,0.0,2.0,0.0,1.0,2.0,0.0,0.0,0.0,0.0,0.0,0.0,0.0,2.0,660.0,0.0,59.0,0.0,0.0,1962.0
2016-03-22,,0.0,1.0,32.0,50.0,0.0,96.0,0.0,0.0,3.0,0.0,0.0,0.0,0.0,518.0,0.0,900.0,0.0,,0.0,0.0,1.0,0.0,1.0,2.0,0.0,0.0,0.0,0.0,0.0,0.0,0.0,2.0,1070.0,0.0,29.0,0.0,100.0,2805.0
2016-03-24,,0.0,0.0,46.0,0.0,0.0,0.0,0.0,0.0,0.0,0.0,4.0,0.0,0.0,505.0,0.0,400.0,0.0,,0.0,0.0,1.0,0.0,1.0,0.0,0.0,0.0,0.0,0.0,0.0,0.0,0.0,0.0,0.0,0.0,0.0,0.0,0.0,957.0
2016-03-26,,0.0,0.0,100.0,300.0,0.0,96.0,0.0,0.0,0.0,0.0,9.0,0.0,16.0,521.0,0.0,871.0,30.0,,0.0,0.0,0.0,0.0,1.0,0.0,0.0,0.0,0.0,0.0,0.0,0.0,0.0,1.0,80.0,0.0,0.0,0.0,0.0,2025.0
2016-03-27,,0.0,1.0,91.0,0.0,0.0,0.0,0.0,0.0,75.0,0.0,0.0,0.0,0.0,544.0,0.0,507.0,30.0,,0.0,0.0,1.0,0.0,1.0,1.0,0.0,0.0,0.0,0.0,0.0,30.0,22.0,1.0,125.0,0.0,0.0,0.0,0.0,1429.0
2016-03-28,,0.0,1.0,99.0,0.0,0.0,96.0,0.0,0.0,0.0,0.0,19.0,0.0,0.0,549.0,0.0,600.0,125.0,,0.0,0.0,1.0,0.0,1.0,3.0,0.0,0.0,0.0,0.0,0.0,0.0,0.0,19.0,-5.0,0.0,0.0,0.0,0.0,1508.0
2016-03-29,,0.0,2.0,110.0,100.0,0.0,96.0,0.0,0.0,0.0,0.0,0.0,14.0,0.0,446.0,0.0,500.0,125.0,,0.0,0.0,2.0,0.0,1.0,1.0,0.0,0.0,0.0,0.0,0.0,0.0,0.0,2.0,565.0,0.0,0.0,0.0,0.0,1964.0
2016-03-30,,0.0,1.0,57.0,100.0,0.0,96.0,0.0,0.0,113.0,0.0,0.0,0.0,0.0,578.0,0.0,500.0,0.0,,0.0,0.0,2.0,0.0,1.0,1.0,0.0,0.0,0.0,0.0,0.0,0.0,0.0,2.0,1530.0,0.0,73.0,0.0,0.0,3054.0
2016-03-31,,0.0,2.0,184.0,0.0,0.0,0.0,0.0,0.0,0.0,0.0,0.0,0.0,0.0,537.0,0.0,500.0,125.0,,0.0,0.0,3.0,0.0,2.0,26.0,0.0,0.0,0.0,0.0,0.0,0.0,0.0,63.0,2030.0,0.0,0.0,0.0,0.0,3472.0
2016-04-01,,0.0,1.0,81.0,500.0,0.0,0.0,0.0,0.0,0.0,0.0,0.0,0.0,0.0,507.0,0.0,0.0,0.0,,0.0,0.0,3.0,0.0,14.0,5.0,0.0,0.0,0.0,0.0,0.0,0.0,0.0,13.0,385.0,0.0,0.0,0.0,0.0,1509.0
2016-04-02,,0.0,2.0,54.0,200.0,0.0,0.0,0.0,0.0,0.0,0.0,0.0,272.0,0.0,517.0,0.0,0.0,0.0,,0.0,0.0,1.0,0.0,1.0,1.0,0.0,0.0,0.0,210.0,0.0,0.0,0.0,6.0,325.0,0.0,0.0,0.0,160.0,1749.0
2016-04-03,,0.0,0.0,78.0,200.0,0.0,0.0,0.0,0.0,0.0,0.0,0.0,0.0,0.0,506.0,0.0,0.0,0.0,,0.0,0.0,1.0,0.0,0.0,1.0,0.0,0.0,0.0,0.0,0.0,0.0,0.0,1.0,1130.0,0.0,37.0,0.0,0.0,1954.0
2016-04-04,,0.0,1.0,102.0,350.0,0.0,0.0,0.0,0.0,4.0,0.0,0.0,25.0,0.0,534.0,0.0,600.0,125.0,,0.0,0.0,3.0,0.0,1.0,1.0,0.0,0.0,0.0,0.0,0.0,0.0,0.0,1.0,730.0,0.0,0.0,0.0,0.0,2477.0
2016-04-05,,0.0,8.0,318.0,200.0,0.0,0.0,0.0,0.0,0.0,0.0,0.0,0.0,0.0,520.0,0.0,0.0,0.0,,0.0,0.0,7.0,0.0,1.0,1.0,0.0,0.0,0.0,0.0,0.0,0.0,0.0,6.0,0.0,0.0,0.0,0.0,0.0,1061.0
2016-04-06,,0.0,2.0,109.0,50.0,0.0,250.0,0.0,0.0,0.0,0.0,18.0,0.0,0.0,507.0,0.0,0.0,125.0,,0.0,0.0,2.0,0.0,9.0,1.0,0.0,0.0,0.0,0.0,0.0,0.0,0.0,3.0,220.0,0.0,0.0,0.0,0.0,1296.0
2016-04-07,,0.0,1.0,92.0,100.0,0.0,0.0,0.0,0.0,0.0,0.0,0.0,0.0,0.0,532.0,0.0,600.0,0.0,,0.0,0.0,1.0,0.0,10.0,2.0,0.0,0.0,0.0,0.0,0.0,0.0,0.0,8.0,0.0,0.0,0.0,0.0,0.0,1346.0
2016-04-08,,0.0,9.0,136.0,100.0,0.0,0.0,0.0,0.0,0.0,0.0,0.0,0.0,13.0,541.0,0.0,700.0,0.0,,0.0,0.0,2.0,0.0,1.0,2.0,0.0,0.0,0.0,0.0,0.0,0.0,0.0,4.0,0.0,0.0,0.0,0.0,0.0,1508.0
2016-04-09,,0.0,7.0,105.0,150.0,0.0,0.0,0.0,0.0,0.0,50.0,0.0,0.0,0.0,518.0,0.0,0.0,0.0,,0.0,0.0,6.0,0.0,4.0,4.0,0.0,0.0,0.0,0.0,0.0,0.0,0.0,0.0,200.0,0.0,0.0,0.0,0.0,1044.0
2016-04-10,,0.0,4.0,60.0,0.0,0.0,0.0,0.0,0.0,6.0,0.0,0.0,0.0,0.0,545.0,0.0,0.0,0.0,,0.0,0.0,5.0,0.0,3.0,5.0,0.0,0.0,0.0,0.0,0.0,0.0,0.0,0.0,200.0,0.0,0.0,0.0,0.0,828.0
2016-04-12,,0.0,1.0,93.0,0.0,0.0,0.0,0.0,0.0,13.0,0.0,0.0,0.0,0.0,520.0,0.0,0.0,0.0,,34.0,101.0,0.0,0.0,0.0,0.0,0.0,0.0,0.0,0.0,0.0,0.0,0.0,1.0,0.0,80.0,0.0,0.0,0.0,843.0
2016-04-13,,0.0,3.0,118.0,0.0,0.0,0.0,0.0,0.0,0.0,0.0,0.0,0.0,0.0,515.0,0.0,0.0,125.0,,0.0,0.0,4.0,0.0,2.0,6.0,0.0,0.0,0.0,0.0,0.0,0.0,0.0,3.0,200.0,0.0,0.0,0.0,0.0,976.0
2016-04-14,,0.0,2.0,94.0,0.0,0.0,0.0,0.0,0.0,0.0,0.0,34.0,0.0,0.0,502.0,0.0,0.0,0.0,,0.0,0.0,1.0,0.0,1.0,2.0,0.0,0.0,0.0,0.0,0.0,0.0,0.0,12.0,550.0,0.0,0.0,0.0,0.0,1198.0
2016-04-15,,0.0,2.0,53.0,0.0,0.0,0.0,0.0,0.0,3.0,0.0,0.0,0.0,0.0,497.0,0.0,900.0,125.0,,0.0,0.0,1.0,0.0,2.0,18.0,0.0,0.0,0.0,0.0,0.0,0.0,0.0,1.0,1520.0,0.0,0.0,0.0,0.0,3122.0
2016-04-16,,0.0,3.0,246.0,0.0,0.0,0.0,0.0,0.0,8.0,0.0,34.0,0.0,0.0,518.0,0.0,700.0,125.0,,0.0,0.0,28.0,0.0,5.0,22.0,0.0,0.0,0.0,0.0,0.0,0.0,0.0,0.0,2020.0,0.0,0.0,0.0,0.0,3709.0
2016-04-17,,0.0,5.0,145.0,100.0,0.0,0.0,0.0,0.0,12.0,0.0,0.0,0.0,0.0,498.0,0.0,0.0,0.0,,0.0,41.0,1.0,0.0,1.0,21.0,0.0,0.0,0.0,0.0,0.0,0.0,0.0,6.0,200.0,0.0,0.0,0.0,0.0,1030.0
2016-04-18,,0.0,3.0,101.0,0.0,0.0,0.0,0.0,0.0,6.0,0.0,0.0,0.0,0.0,539.0,0.0,600.0,125.0,,0.0,54.0,2.0,0.0,1.0,4.0,0.0,0.0,0.0,0.0,0.0,0.0,0.0,1.0,330.0,0.0,0.0,0.0,0.0,1766.0
2016-04-19,,0.0,1.0,193.0,100.0,0.0,0.0,0.0,0.0,0.0,0.0,0.0,0.0,0.0,503.0,0.0,0.0,125.0,,0.0,0.0,1.0,0.0,0.0,1.0,0.0,0.0,0.0,0.0,0.0,0.0,0.0,6.0,450.0,0.0,19.0,0.0,0.0,1399.0
2016-04-20,,0.0,0.0,194.0,200.0,0.0,0.0,0.0,0.0,0.0,0.0,0.0,0.0,16.0,532.0,58.0,0.0,145.0,,0.0,0.0,1.0,0.0,1.0,1.0,0.0,0.0,0.0,0.0,0.0,0.0,0.0,1.0,1810.0,0.0,0.0,0.0,0.0,2959.0
2016-04-21,,0.0,3.0,340.0,400.0,0.0,47.0,0.0,0.0,0.0,0.0,0.0,0.0,0.0,502.0,0.0,0.0,125.0,,0.0,0.0,5.0,0.0,2.0,1.0,0.0,0.0,0.0,0.0,0.0,0.0,0.0,2.0,120.0,0.0,0.0,0.0,0.0,1547.0
2016-04-22,,0.0,2.0,179.0,50.0,0.0,0.0,0.0,0.0,0.0,0.0,0.0,0.0,0.0,502.0,0.0,600.0,0.0,,0.0,0.0,9.0,0.0,1.0,2.0,0.0,0.0,0.0,0.0,0.0,0.0,0.0,12.0,875.0,0.0,0.0,0.0,0.0,2232.0
2016-04-23,,0.0,1.0,207.0,100.0,0.0,0.0,0.0,0.0,0.0,0.0,14.0,0.0,0.0,506.0,0.0,0.0,140.0,,0.0,0.0,36.0,0.0,4.0,4.0,0.0,0.0,0.0,0.0,0.0,0.0,0.0,17.0,0.0,0.0,0.0,0.0,0.0,1029.0
2016-04-24,,0.0,2.0,233.0,0.0,0.0,0.0,0.0,0.0,0.0,0.0,5.0,0.0,0.0,522.0,0.0,700.0,0.0,,0.0,0.0,25.0,0.0,4.0,4.0,0.0,0.0,0.0,0.0,0.0,0.0,0.0,6.0,0.0,0.0,0.0,0.0,0.0,1501.0
2016-04-25,,0.0,1.0,179.0,50.0,0.0,0.0,0.0,0.0,0.0,0.0,0.0,0.0,0.0,525.0,0.0,0.0,200.0,,0.0,0.0,16.0,0.0,2.0,2.0,0.0,0.0,0.0,0.0,0.0,0.0,0.0,25.0,980.0,40.0,0.0,0.0,0.0,2020.0
2016-04-26,,0.0,3.0,252.0,0.0,0.0,0.0,0.0,0.0,22.0,0.0,0.0,0.0,6.0,499.0,0.0,600.0,125.0,,0.0,269.0,5.0,0.0,1.0,2.0,0.0,15.0,0.0,0.0,0.0,0.0,0.0,1.0,770.0,0.0,0.0,0.0,0.0,2570.0
2016-04-27,,0.0,1.0,226.0,200.0,0.0,0.0,0.0,0.0,9.0,0.0,0.0,0.0,0.0,519.0,0.0,0.0,0.0,,0.0,0.0,1.0,0.0,24.0,10.0,0.0,0.0,0.0,0.0,0.0,0.0,0.0,0.0,2620.0,0.0,0.0,0.0,0.0,3610.0
2016-04-28,,0.0,4.0,185.0,250.0,0.0,0.0,0.0,0.0,0.0,0.0,49.0,0.0,0.0,347.0,0.0,600.0,0.0,,0.0,0.0,2.0,0.0,3.0,5.0,0.0,0.0,0.0,0.0,0.0,0.0,0.0,0.0,1275.0,0.0,0.0,0.0,0.0,2720.0
2016-04-29,,0.0,4.0,233.0,300.0,0.0,0.0,0.0,0.0,0.0,0.0,0.0,0.0,0.0,472.0,0.0,0.0,125.0,,0.0,0.0,1.0,0.0,1.0,5.0,0.0,0.0,0.0,0.0,0.0,0.0,0.0,7.0,1265.0,0.0,0.0,0.0,0.0,2413.0
2016-04-30,,0.0,3.0,160.0,0.0,0.0,0.0,0.0,0.0,0.0,0.0,0.0,0.0,0.0,486.0,0.0,0.0,125.0,,0.0,1.0,6.0,0.0,2.0,5.0,0.0,0.0,0.0,0.0,0.0,0.0,0.0,1.0,250.0,40.0,0.0,0.0,0.0,1079.0
2016-05-01,,0.0,3.0,226.0,200.0,0.0,0.0,0.0,0.0,0.0,0.0,19.0,0.0,0.0,472.0,0.0,600.0,0.0,,0.0,1.0,2.0,0.0,1.0,5.0,0.0,0.0,0.0,0.0,0.0,0.0,0.0,4.0,0.0,40.0,0.0,0.0,0.0,1573.0
2016-05-02,,0.0,21.0,156.0,150.0,0.0,0.0,0.0,0.0,6.0,0.0,15.0,0.0,0.0,478.0,0.0,700.0,150.0,,0.0,0.0,15.0,0.0,7.0,25.0,0.0,0.0,0.0,0.0,0.0,0.0,0.0,12.0,0.0,40.0,0.0,0.0,0.0,1775.0
2016-05-03,,0.0,5.0,136.0,0.0,0.0,0.0,0.0,0.0,0.0,60.0,0.0,0.0,6.0,481.0,0.0,270.0,125.0,,0.0,0.0,1.0,0.0,1.0,4.0,0.0,0.0,0.0,0.0,0.0,0.0,0.0,19.0,0.0,40.0,0.0,0.0,0.0,1148.0
2016-05-04,,0.0,4.0,127.0,0.0,0.0,0.0,0.0,0.0,0.0,0.0,0.0,0.0,0.0,489.0,0.0,300.0,0.0,,0.0,10.0,3.0,0.0,4.0,5.0,0.0,0.0,0.0,0.0,0.0,0.0,0.0,11.0,1830.0,0.0,0.0,0.0,0.0,2783.0
2016-05-05,,0.0,1.0,8.0,0.0,0.0,0.0,0.0,0.0,0.0,0.0,0.0,0.0,0.0,497.0,0.0,600.0,125.0,,0.0,0.0,0.0,0.0,1.0,0.0,0.0,0.0,0.0,0.0,0.0,0.0,0.0,0.0,1950.0,40.0,0.0,0.0,0.0,3222.0
2016-05-06,,0.0,6.0,121.0,150.0,0.0,0.0,0.0,0.0,0.0,0.0,0.0,0.0,0.0,516.0,0.0,0.0,0.0,,0.0,0.0,2.0,0.0,4.0,5.0,0.0,0.0,0.0,0.0,0.0,0.0,0.0,28.0,1830.0,40.0,0.0,0.0,0.0,2702.0
2016-05-07,,0.0,3.0,90.0,0.0,0.0,0.0,0.0,0.0,0.0,0.0,0.0,0.0,0.0,503.0,0.0,0.0,125.0,,0.0,0.0,2.0,0.0,1.0,5.0,0.0,0.0,0.0,0.0,0.0,0.0,0.0,5.0,3645.0,0.0,0.0,0.0,0.0,4379.0
2016-05-08,,0.0,2.0,34.0,150.0,0.0,0.0,0.0,0.0,15.0,0.0,0.0,0.0,0.0,495.0,0.0,0.0,0.0,,0.0,0.0,1.0,0.0,2.0,6.0,0.0,0.0,0.0,0.0,0.0,0.0,0.0,23.0,1215.0,0.0,0.0,0.0,0.0,1943.0
2016-05-09,,0.0,7.0,60.0,150.0,0.0,0.0,0.0,0.0,0.0,0.0,0.0,0.0,0.0,503.0,0.0,900.0,150.0,,0.0,0.0,1.0,0.0,0.0,2.0,0.0,0.0,0.0,0.0,0.0,0.0,0.0,7.0,0.0,40.0,0.0,0.0,0.0,1820.0
2016-05-10,,0.0,0.0,112.0,200.0,0.0,0.0,0.0,0.0,0.0,0.0,29.0,0.0,0.0,484.0,0.0,600.0,0.0,,0.0,0.0,7.0,0.0,1.0,1.0,0.0,0.0,0.0,0.0,0.0,0.0,0.0,12.0,0.0,0.0,0.0,0.0,0.0,1446.0
2016-05-10,,0.0,0.0,112.0,200.0,0.0,0.0,0.0,0.0,0.0,0.0,29.0,0.0,0.0,484.0,0.0,600.0,0.0,,0.0,0.0,7.0,0.0,1.0,1.0,0.0,0.0,0.0,0.0,0.0,0.0,0.0,12.0,0.0,0.0,0.0,0.0,0.0,1446.0
2016-05-11,,0.0,5.0,119.0,0.0,0.0,0.0,0.0,0.0,0.0,0.0,0.0,0.0,0.0,522.0,0.0,0.0,75.0,,0.0,0.0,3.0,0.0,3.0,6.0,0.0,0.0,0.0,161.0,0.0,0.0,0.0,3.0,0.0,40.0,0.0,0.0,0.0,937.0
2016-05-12,,0.0,5.0,77.0,200.0,0.0,0.0,0.0,0.0,0.0,0.0,0.0,0.0,4.0,540.0,0.0,0.0,0.0,,37.0,0.0,3.0,0.0,4.0,6.0,0.0,0.0,0.0,161.0,0.0,0.0,0.0,12.0,590.0,40.0,0.0,0.0,0.0,1679.0
2016-05-13,,0.0,3.0,179.0,200.0,0.0,0.0,0.0,0.0,8.0,0.0,0.0,0.0,0.0,518.0,0.0,300.0,0.0,,15.0,0.0,27.0,0.0,14.0,4.0,0.0,0.0,0.0,0.0,0.0,0.0,0.0,6.0,0.0,40.0,0.0,0.0,0.0,1314.0
2016-05-14,,0.0,1.0,121.0,250.0,0.0,0.0,0.0,0.0,0.0,0.0,0.0,0.0,0.0,566.0,0.0,0.0,0.0,,46.0,0.0,18.0,0.0,1.0,1.0,0.0,0.0,0.0,0.0,0.0,0.0,0.0,0.0,750.0,40.0,0.0,0.0,0.0,1794.0
2016-05-15,,0.0,3.0,148.0,250.0,0.0,0.0,0.0,0.0,0.0,0.0,0.0,0.0,10.0,561.0,0.0,0.0,0.0,,0.0,0.0,5.0,0.0,1.0,2.0,0.0,0.0,0.0,0.0,0.0,0.0,0.0,5.0,1485.0,40.0,0.0,0.0,105.0,2615.0
2016-05-16,,0.0,2.0,282.0,250.0,0.0,0.0,0.0,0.0,32.0,0.0,0.0,0.0,0.0,534.0,0.0,0.0,0.0,,0.0,0.0,4.0,0.0,1.0,2.0,0.0,0.0,0.0,0.0,0.0,0.0,0.0,1.0,2290.0,75.0,12.0,0.0,0.0,3485.0
2016-05-17,,0.0,3.0,267.0,0.0,0.0,0.0,0.0,0.0,13.0,0.0,0.0,0.0,0.0,547.0,0.0,600.0,0.0,,17.0,409.0,8.0,0.0,1.0,2.0,0.0,0.0,0.0,0.0,0.0,0.0,0.0,18.0,600.0,75.0,42.0,0.0,0.0,2602.0
2016-05-18,,0.0,2.0,138.0,0.0,0.0,0.0,0.0,0.0,0.0,0.0,41.0,0.0,0.0,495.0,0.0,600.0,0.0,,0.0,0.0,1.0,0.0,1.0,4.0,0.0,0.0,0.0,0.0,0.0,0.0,0.0,15.0,350.0,40.0,0.0,0.0,0.0,1687.0
2016-05-19,,0.0,1.0,94.0,0.0,0.0,0.0,0.0,0.0,0.0,0.0,37.0,0.0,0.0,469.0,0.0,0.0,0.0,,0.0,0.0,3.0,0.0,2.0,2.0,0.0,0.0,0.0,0.0,0.0,0.0,0.0,2.0,385.0,75.0,0.0,0.0,0.0,1070.0
2016-05-20,,0.0,1.0,85.0,300.0,0.0,0.0,0.0,0.0,0.0,0.0,31.0,29.0,0.0,471.0,0.0,0.0,0.0,,0.0,0.0,12.0,0.0,1.0,2.0,0.0,0.0,0.0,0.0,0.0,0.0,0.0,6.0,0.0,0.0,0.0,0.0,0.0,938.0
2016-05-21,,0.0,2.0,227.0,300.0,0.0,0.0,0.0,0.0,0.0,0.0,5.0,0.0,0.0,486.0,0.0,0.0,0.0,,0.0,0.0,7.0,0.0,4.0,2.0,0.0,0.0,0.0,0.0,0.0,0.0,0.0,24.0,940.0,75.0,0.0,0.0,0.0,2072.0
2016-05-22,,0.0,1.0,117.0,0.0,0.0,0.0,0.0,0.0,0.0,0.0,5.0,0.0,0.0,425.0,0.0,200.0,0.0,,0.0,0.0,0.0,0.0,0.0,0.0,0.0,0.0,0.0,0.0,0.0,0.0,0.0,17.0,280.0,75.0,0.0,0.0,0.0,1120.0
2016-05-23,,0.0,3.0,88.0,0.0,0.0,0.0,0.0,0.0,0.0,0.0,0.0,0.0,0.0,430.0,0.0,0.0,0.0,,0.0,0.0,1.0,0.0,2.0,2.0,0.0,0.0,0.0,0.0,0.0,0.0,0.0,10.0,0.0,0.0,0.0,0.0,0.0,536.0
2016-05-24,,0.0,8.0,74.0,100.0,0.0,0.0,0.0,0.0,7.0,0.0,0.0,338.0,0.0,456.0,0.0,0.0,0.0,,0.0,0.0,4.0,0.0,2.0,2.0,0.0,0.0,0.0,93.0,0.0,0.0,0.0,2.0,1735.0,0.0,15.0,0.0,0.0,2836.0
2016-05-25,,0.0,0.0,228.0,0.0,0.0,0.0,0.0,0.0,0.0,0.0,0.0,0.0,0.0,471.0,0.0,600.0,0.0,,0.0,0.0,0.0,0.0,0.0,4.0,0.0,0.0,0.0,0.0,0.0,0.0,0.0,1.0,0.0,0.0,16.0,0.0,0.0,1320.0
2016-05-26,,0.0,8.0,82.0,0.0,0.0,0.0,0.0,0.0,2.0,0.0,0.0,0.0,0.0,427.0,0.0,600.0,0.0,,0.0,0.0,2.0,0.0,0.0,3.0,0.0,0.0,0.0,0.0,0.0,0.0,0.0,2.0,875.0,75.0,0.0,0.0,0.0,2076.0
2016-05-26,,0.0,1.0,33.0,100.0,0.0,0.0,0.0,0.0,3.0,0.0,4.0,0.0,0.0,415.0,0.0,300.0,0.0,,0.0,0.0,5.0,0.0,1.0,2.0,0.0,0.0,0.0,0.0,0.0,0.0,0.0,3.0,2170.0,40.0,0.0,0.0,0.0,3077.0
2016-05-27,,0.0,2.0,61.0,0.0,0.0,0.0,0.0,0.0,0.0,0.0,0.0,0.0,0.0,450.0,0.0,0.0,0.0,,6.0,0.0,2.0,0.0,3.0,2.0,0.0,0.0,0.0,0.0,0.0,0.0,0.0,2.0,1360.0,0.0,0.0,0.0,0.0,1888.0
2016-05-28,,0.0,3.0,65.0,0.0,0.0,0.0,0.0,0.0,0.0,0.0,0.0,0.0,0.0,426.0,0.0,0.0,0.0,,0.0,0.0,1.0,0.0,5.0,6.0,0.0,0.0,0.0,0.0,0.0,0.0,0.0,4.0,430.0,0.0,0.0,0.0,0.0,940.0
2016-05-29,,0.0,3.0,96.0,0.0,0.0,0.0,0.0,0.0,0.0,0.0,14.0,0.0,0.0,441.0,0.0,200.0,0.0,,0.0,0.0,6.0,0.0,2.0,3.0,0.0,0.0,0.0,0.0,0.0,0.0,0.0,2.0,740.0,0.0,0.0,0.0,0.0,1507.0
2016-05-30,,0.0,2.0,85.0,150.0,0.0,0.0,0.0,0.0,0.0,0.0,5.0,0.0,0.0,478.0,0.0,0.0,0.0,,0.0,0.0,1.0,0.0,0.0,10.0,0.0,0.0,0.0,0.0,0.0,0.0,0.0,0.0,1120.0,75.0,0.0,0.0,0.0,1926.0
2016-05-31,,0.0,2.0,110.0,300.0,0.0,0.0,0.0,0.0,5.0,0.0,0.0,0.0,0.0,489.0,0.0,0.0,0.0,,0.0,0.0,2.0,0.0,4.0,7.0,0.0,0.0,0.0,0.0,0.0,0.0,0.0,3.0,880.0,75.0,0.0,0.0,0.0,1877.0
2016-06-01,,0.0,2.0,75.0,200.0,0.0,0.0,0.0,0.0,0.0,0.0,0.0,0.0,0.0,445.0,0.0,0.0,0.0,,0.0,0.0,3.0,0.0,2.0,6.0,0.0,0.0,0.0,0.0,0.0,0.0,0.0,0.0,1790.0,75.0,12.0,0.0,0.0,2610.0
2016-06-02,,0.0,2.0,57.0,250.0,0.0,0.0,0.0,0.0,0.0,0.0,0.0,0.0,0.0,435.0,0.0,0.0,0.0,,0.0,0.0,2.0,0.0,2.0,4.0,0.0,0.0,0.0,0.0,0.0,0.0,0.0,0.0,2090.0,40.0,0.0,0.0,0.0,2882.0
2016-06-03,,0.0,5.0,63.0,200.0,0.0,0.0,0.0,0.0,0.0,0.0,0.0,0.0,0.0,450.0,0.0,300.0,0.0,,0.0,0.0,1.0,0.0,0.0,3.0,0.0,0.0,0.0,0.0,0.0,0.0,0.0,1.0,0.0,40.0,0.0,0.0,0.0,1063.0
2016-06-04,,0.0,2.0,111.0,300.0,0.0,0.0,0.0,0.0,0.0,0.0,26.0,0.0,0.0,445.0,41.0,0.0,0.0,,0.0,0.0,3.0,0.0,3.0,2.0,0.0,0.0,0.0,0.0,0.0,0.0,0.0,11.0,555.0,0.0,0.0,0.0,0.0,1499.0
2016-06-05,,0.0,3.0,50.0,0.0,0.0,0.0,0.0,0.0,0.0,0.0,0.0,0.0,0.0,448.0,0.0,200.0,0.0,,0.0,0.0,2.0,0.0,1.0,0.0,0.0,0.0,0.0,57.0,0.0,0.0,0.0,0.0,0.0,0.0,0.0,0.0,0.0,761.0
2016-06-06,,0.0,1.0,36.0,100.0,0.0,0.0,0.0,0.0,62.0,0.0,16.0,0.0,0.0,484.0,0.0,0.0,0.0,,0.0,0.0,1.0,0.0,1.0,0.0,0.0,0.0,0.0,0.0,0.0,0.0,0.0,3.0,0.0,0.0,0.0,0.0,0.0,704.0
2016-06-07,,0.0,1.0,94.0,150.0,0.0,0.0,0.0,0.0,15.0,0.0,0.0,0.0,0.0,297.0,0.0,0.0,0.0,,0.0,0.0,0.0,0.0,1.0,0.0,0.0,0.0,0.0,0.0,0.0,0.0,0.0,1.0,0.0,40.0,0.0,0.0,150.0,749.0
2016-06-07,,0.0,1.0,94.0,150.0,0.0,0.0,0.0,0.0,15.0,0.0,0.0,0.0,0.0,297.0,0.0,0.0,0.0,,0.0,0.0,0.0,0.0,1.0,0.0,0.0,0.0,0.0,0.0,0.0,0.0,0.0,1.0,0.0,40.0,0.0,0.0,150.0,749.0
2016-06-08,,0.0,1.0,64.0,150.0,0.0,0.0,0.0,0.0,4.0,30.0,0.0,0.0,0.0,453.0,0.0,0.0,0.0,,0.0,208.0,1.0,0.0,1.0,2.0,0.0,0.0,0.0,0.0,0.0,0.0,0.0,3.0,0.0,40.0,0.0,0.0,0.0,957.0
2016-06-08,,0.0,1.0,64.0,150.0,0.0,0.0,0.0,0.0,4.0,30.0,0.0,0.0,0.0,453.0,0.0,0.0,0.0,,0.0,208.0,1.0,0.0,1.0,2.0,0.0,0.0,0.0,0.0,0.0,0.0,0.0,3.0,0.0,40.0,0.0,0.0,0.0,957.0
2016-06-09,,0.0,1.0,77.0,100.0,0.0,0.0,0.0,0.0,0.0,30.0,0.0,0.0,0.0,468.0,0.0,0.0,0.0,,0.0,0.0,1.0,0.0,0.0,0.0,0.0,0.0,0.0,0.0,0.0,0.0,0.0,0.0,0.0,40.0,0.0,0.0,0.0,717.0
2016-06-10,,0.0,1.0,83.0,0.0,0.0,0.0,0.0,0.0,0.0,0.0,0.0,0.0,0.0,475.0,0.0,0.0,0.0,,0.0,0.0,1.0,0.0,0.0,0.0,0.0,0.0,0.0,0.0,0.0,0.0,0.0,2.0,0.0,75.0,0.0,0.0,0.0,637.0
2016-06-10,,0.0,1.0,83.0,0.0,0.0,0.0,0.0,0.0,0.0,0.0,0.0,0.0,0.0,475.0,0.0,0.0,0.0,,0.0,0.0,1.0,0.0,0.0,0.0,0.0,0.0,0.0,0.0,0.0,0.0,0.0,2.0,0.0,75.0,0.0,0.0,0.0,637.0
2016-06-11,,0.0,6.0,110.0,150.0,0.0,0.0,0.0,0.0,0.0,0.0,0.0,0.0,0.0,451.0,0.0,0.0,0.0,,0.0,0.0,2.0,0.0,3.0,1.0,0.0,0.0,0.0,0.0,0.0,0.0,0.0,18.0,0.0,75.0,0.0,0.0,0.0,816.0
2016-06-11,,0.0,6.0,110.0,150.0,0.0,0.0,0.0,0.0,0.0,0.0,0.0,0.0,0.0,451.0,0.0,0.0,0.0,,0.0,0.0,2.0,0.0,3.0,1.0,0.0,0.0,0.0,0.0,0.0,0.0,0.0,18.0,0.0,75.0,0.0,0.0,0.0,816.0
2016-06-12,,0.0,11.0,40.0,200.0,0.0,0.0,0.0,0.0,0.0,0.0,9.0,0.0,0.0,442.0,0.0,0.0,0.0,,0.0,0.0,3.0,0.0,6.0,6.0,0.0,0.0,0.0,0.0,0.0,0.0,0.0,7.0,1685.0,0.0,0.0,0.0,0.0,2409.0
2016-06-12,,0.0,11.0,40.0,200.0,0.0,0.0,0.0,0.0,0.0,0.0,9.0,0.0,0.0,442.0,0.0,0.0,0.0,,0.0,0.0,3.0,0.0,6.0,6.0,0.0,0.0,0.0,0.0,0.0,0.0,0.0,7.0,1685.0,0.0,0.0,0.0,0.0,2409.0
2016-06-13,,0.0,4.0,103.0,200.0,0.0,0.0,0.0,0.0,0.0,0.0,0.0,121.0,120.0,459.0,0.0,0.0,0.0,,0.0,0.0,3.0,0.0,1.0,4.0,0.0,0.0,0.0,0.0,0.0,0.0,0.0,1.0,445.0,40.0,0.0,0.0,0.0,1501.0
2016-06-13,,0.0,4.0,103.0,200.0,0.0,0.0,0.0,0.0,0.0,0.0,0.0,121.0,120.0,459.0,0.0,0.0,0.0,,0.0,0.0,3.0,0.0,1.0,4.0,0.0,0.0,0.0,0.0,0.0,0.0,0.0,1.0,445.0,40.0,0.0,0.0,0.0,1501.0
2016-06-14,,0.0,1.0,98.0,0.0,0.0,0.0,0.0,0.0,0.0,0.0,0.0,0.0,0.0,453.0,0.0,0.0,0.0,,0.0,0.0,0.0,0.0,0.0,3.0,0.0,0.0,0.0,0.0,0.0,0.0,0.0,1.0,230.0,0.0,14.0,0.0,0.0,800.0
2016-06-14,,0.0,1.0,98.0,0.0,0.0,0.0,0.0,0.0,0.0,0.0,0.0,0.0,0.0,453.0,0.0,0.0,0.0,,0.0,0.0,0.0,0.0,0.0,3.0,0.0,0.0,0.0,0.0,0.0,0.0,0.0,1.0,230.0,0.0,14.0,0.0,0.0,800.0
2016-06-15,,0.0,3.0,59.0,0.0,0.0,0.0,0.0,0.0,0.0,0.0,0.0,0.0,18.0,287.0,0.0,0.0,0.0,,0.0,0.0,0.0,0.0,0.0,0.0,0.0,0.0,0.0,0.0,0.0,0.0,0.0,1.0,115.0,40.0,0.0,0.0,0.0,523.0
2016-06-15,,0.0,3.0,59.0,0.0,0.0,0.0,0.0,0.0,0.0,0.0,0.0,0.0,18.0,287.0,0.0,0.0,0.0,,0.0,0.0,0.0,0.0,0.0,0.0,0.0,0.0,0.0,0.0,0.0,0.0,0.0,1.0,115.0,40.0,0.0,0.0,0.0,523.0
2016-06-16,,0.0,2.0,128.0,0.0,0.0,0.0,0.0,0.0,0.0,0.0,0.0,0.0,0.0,474.0,0.0,0.0,0.0,,0.0,0.0,2.0,0.0,1.0,5.0,0.0,0.0,0.0,133.0,0.0,0.0,0.0,3.0,0.0,0.0,0.0,0.0,0.0,748.0
2016-06-17,,0.0,7.0,69.0,200.0,0.0,0.0,0.0,0.0,0.0,0.0,0.0,0.0,0.0,461.0,0.0,0.0,0.0,,0.0,0.0,3.0,0.0,2.0,1.0,0.0,0.0,0.0,0.0,0.0,0.0,0.0,4.0,375.0,40.0,0.0,0.0,0.0,1162.0
2016-06-18,,0.0,7.0,84.0,100.0,0.0,0.0,0.0,0.0,0.0,0.0,5.0,0.0,0.0,453.0,0.0,200.0,0.0,,0.0,0.0,2.0,0.0,2.0,1.0,0.0,0.0,0.0,0.0,0.0,0.0,0.0,1.0,0.0,75.0,0.0,0.0,0.0,930.0
2016-06-19,,0.0,2.0,16.0,0.0,0.0,0.0,0.0,0.0,0.0,0.0,0.0,0.0,0.0,467.0,0.0,200.0,0.0,,0.0,0.0,1.0,0.0,3.0,3.0,0.0,0.0,0.0,0.0,0.0,0.0,0.0,1.0,0.0,0.0,0.0,0.0,0.0,693.0
2016-06-20,,0.0,5.0,54.0,100.0,0.0,150.0,0.0,0.0,0.0,0.0,20.0,12.0,5.0,458.0,0.0,0.0,0.0,,14.0,0.0,1.0,0.0,1.0,4.0,0.0,0.0,0.0,0.0,0.0,0.0,0.0,1.0,0.0,75.0,0.0,0.0,0.0,900.0
2016-06-23,,0.0,5.0,104.0,100.0,0.0,0.0,0.0,0.0,12.0,0.0,0.0,0.0,0.0,468.0,0.0,0.0,0.0,,0.0,0.0,5.0,0.0,3.0,4.0,0.0,0.0,0.0,0.0,0.0,0.0,0.0,0.0,0.0,75.0,0.0,0.0,0.0,776.0
2016-06-24,,0.0,5.0,104.0,100.0,0.0,0.0,0.0,0.0,0.0,0.0,0.0,0.0,0.0,457.0,0.0,0.0,0.0,,0.0,0.0,2.0,0.0,1.0,3.0,0.0,0.0,0.0,0.0,0.0,0.0,0.0,2.0,620.0,40.0,0.0,0.0,0.0,1334.0
2016-06-25,,0.0,5.0,78.0,100.0,0.0,0.0,0.0,0.0,0.0,0.0,0.0,109.0,0.0,435.0,0.0,0.0,0.0,,0.0,0.0,5.0,0.0,3.0,5.0,0.0,0.0,0.0,0.0,0.0,0.0,0.0,2.0,850.0,75.0,0.0,0.0,0.0,1667.0
2016-06-27,,0.0,4.0,100.0,0.0,0.0,417.0,0.0,0.0,0.0,0.0,10.0,0.0,0.0,455.0,0.0,0.0,0.0,,0.0,0.0,6.0,0.0,1.0,4.0,0.0,0.0,0.0,0.0,0.0,0.0,0.0,1.0,2170.0,75.0,0.0,0.0,0.0,3243.0
2016-06-28,,0.0,4.0,126.0,0.0,0.0,0.0,0.0,0.0,0.0,0.0,0.0,0.0,0.0,455.0,0.0,0.0,0.0,,0.0,0.0,5.0,0.0,3.0,5.0,0.0,0.0,0.0,0.0,0.0,0.0,0.0,0.0,2170.0,75.0,0.0,0.0,0.0,2843.0
2016-06-29,,0.0,2.0,133.0,150.0,0.0,0.0,0.0,0.0,3.0,0.0,0.0,55.0,0.0,455.0,0.0,0.0,0.0,,0.0,0.0,5.0,0.0,3.0,3.0,0.0,0.0,0.0,0.0,0.0,0.0,0.0,25.0,1060.0,75.0,0.0,0.0,0.0,1969.0
2016-06-30,,0.0,10.0,96.0,150.0,0.0,0.0,0.0,0.0,0.0,0.0,5.0,86.0,0.0,445.0,0.0,0.0,0.0,,0.0,7.0,0.0,0.0,1.0,0.0,0.0,0.0,0.0,0.0,0.0,0.0,0.0,0.0,1060.0,40.0,0.0,0.0,0.0,1900.0
2016-07-01,,0.0,4.0,131.0,200.0,0.0,0.0,0.0,0.0,47.0,0.0,31.0,0.0,0.0,419.0,0.0,200.0,0.0,,0.0,0.0,1.0,0.0,1.0,2.0,0.0,0.0,0.0,0.0,0.0,0.0,0.0,1.0,465.0,70.0,0.0,0.0,0.0,1572.0
2016-07-02,,0.0,1.0,158.0,100.0,0.0,0.0,0.0,0.0,0.0,0.0,0.0,0.0,0.0,438.0,0.0,0.0,0.0,,0.0,0.0,5.0,0.0,1.0,4.0,0.0,0.0,0.0,0.0,0.0,0.0,0.0,1.0,525.0,0.0,0.0,0.0,0.0,1233.0
2016-07-03,,0.0,1.0,94.0,0.0,0.0,0.0,0.0,0.0,40.0,0.0,0.0,0.0,0.0,441.0,0.0,0.0,0.0,,0.0,0.0,1.0,0.0,2.0,4.0,0.0,0.0,0.0,0.0,0.0,0.0,0.0,3.0,0.0,0.0,0.0,0.0,0.0,586.0
2016-07-04,,0.0,0.0,90.0,0.0,0.0,0.0,0.0,0.0,0.0,0.0,0.0,176.0,0.0,444.0,0.0,200.0,0.0,,0.0,0.0,1.0,0.0,5.0,0.0,0.0,0.0,0.0,0.0,0.0,0.0,0.0,1.0,0.0,0.0,0.0,0.0,0.0,917.0
2016-07-05,,0.0,1.0,124.0,0.0,0.0,0.0,0.0,0.0,0.0,0.0,0.0,182.0,0.0,451.0,0.0,250.0,0.0,,0.0,0.0,1.0,0.0,0.0,2.0,0.0,0.0,0.0,0.0,0.0,0.0,0.0,1.0,0.0,40.0,0.0,0.0,0.0,1052.0
2016-07-07,,0.0,3.0,70.0,100.0,0.0,36.0,0.0,0.0,0.0,0.0,0.0,635.0,0.0,417.0,0.0,0.0,0.0,,0.0,0.0,5.0,0.0,3.0,3.0,0.0,0.0,0.0,0.0,0.0,0.0,0.0,0.0,0.0,75.0,0.0,0.0,0.0,1347.0
2016-07-08,,0.0,6.0,34.0,100.0,0.0,331.0,0.0,0.0,0.0,0.0,0.0,0.0,0.0,440.0,0.0,0.0,0.0,,0.0,0.0,4.0,0.0,1.0,2.0,0.0,0.0,0.0,0.0,0.0,0.0,0.0,5.0,0.0,75.0,0.0,0.0,0.0,998.0
2016-07-09,,0.0,8.0,97.0,150.0,0.0,0.0,0.0,0.0,0.0,0.0,0.0,0.0,0.0,373.0,0.0,0.0,0.0,,0.0,0.0,1.0,0.0,2.0,6.0,0.0,0.0,0.0,0.0,0.0,0.0,0.0,22.0,180.0,65.0,0.0,0.0,0.0,904.0
2016-07-11,,0.0,7.0,54.0,0.0,0.0,0.0,0.0,0.0,3.0,0.0,0.0,0.0,0.0,375.0,0.0,0.0,0.0,,0.0,0.0,2.0,0.0,1.0,4.0,0.0,0.0,0.0,0.0,0.0,0.0,0.0,0.0,75.0,35.0,0.0,0.0,0.0,556.0
2016-07-12,,0.0,7.0,46.0,100.0,0.0,0.0,0.0,0.0,0.0,0.0,0.0,0.0,0.0,364.0,0.0,250.0,0.0,,0.0,0.0,2.0,0.0,1.0,5.0,150.0,0.0,0.0,0.0,0.0,0.0,0.0,0.0,420.0,0.0,0.0,0.0,50.0,1395.0
2016-07-13,,0.0,5.0,51.0,0.0,0.0,50.0,0.0,0.0,0.0,0.0,0.0,0.0,0.0,376.0,0.0,250.0,0.0,,0.0,0.0,4.0,0.0,2.0,4.0,0.0,0.0,0.0,0.0,0.0,0.0,0.0,0.0,140.0,75.0,0.0,0.0,0.0,957.0
2016-07-14,,0.0,1.0,109.0,100.0,0.0,50.0,0.0,0.0,0.0,0.0,0.0,0.0,0.0,370.0,0.0,0.0,0.0,,0.0,0.0,1.0,0.0,1.0,2.0,0.0,0.0,0.0,0.0,0.0,0.0,0.0,0.0,0.0,75.0,0.0,0.0,0.0,709.0
2016-07-15,,0.0,2.0,65.0,0.0,0.0,0.0,0.0,0.0,4.0,0.0,0.0,0.0,0.0,374.0,0.0,0.0,0.0,,0.0,0.0,4.0,0.0,3.0,3.0,0.0,0.0,0.0,0.0,0.0,0.0,0.0,6.0,0.0,38.0,0.0,0.0,0.0,499.0
2016-07-16,,0.0,4.0,133.0,0.0,0.0,0.0,0.0,0.0,0.0,0.0,0.0,0.0,7.0,453.0,0.0,0.0,0.0,,0.0,0.0,1.0,0.0,4.0,3.0,0.0,0.0,0.0,0.0,0.0,0.0,0.0,1.0,0.0,0.0,0.0,0.0,0.0,606.0
2016-07-17,,0.0,2.0,118.0,0.0,0.0,0.0,0.0,0.0,0.0,0.0,0.0,0.0,0.0,413.0,0.0,0.0,0.0,,0.0,0.0,1.0,0.0,11.0,1.0,0.0,0.0,0.0,0.0,0.0,0.0,0.0,0.0,0.0,0.0,0.0,0.0,0.0,546.0
2016-07-18,,0.0,3.0,61.0,0.0,0.0,0.0,0.0,0.0,0.0,0.0,0.0,0.0,0.0,373.0,0.0,0.0,0.0,,0.0,0.0,5.0,0.0,2.0,3.0,0.0,0.0,0.0,0.0,0.0,0.0,0.0,1.0,0.0,0.0,0.0,0.0,0.0,448.0
2016-07-19,,0.0,6.0,68.0,0.0,0.0,0.0,0.0,0.0,0.0,0.0,0.0,0.0,0.0,382.0,0.0,0.0,0.0,,0.0,0.0,4.0,0.0,4.0,2.0,0.0,0.0,0.0,0.0,0.0,0.0,0.0,2.0,650.0,0.0,0.0,0.0,0.0,1118.0
2016-07-20,,0.0,3.0,67.0,100.0,0.0,0.0,0.0,0.0,0.0,0.0,12.0,0.0,0.0,426.0,0.0,300.0,0.0,,0.0,0.0,2.0,0.0,1.0,1.0,0.0,0.0,0.0,0.0,0.0,0.0,0.0,3.0,0.0,75.0,0.0,0.0,0.0,990.0
2016-07-21,,0.0,6.0,112.0,100.0,0.0,0.0,0.0,0.0,0.0,0.0,0.0,0.0,0.0,422.0,0.0,300.0,0.0,,0.0,0.0,2.0,0.0,1.0,0.0,0.0,0.0,0.0,0.0,0.0,0.0,0.0,0.0,2315.0,75.0,0.0,0.0,0.0,3333.0
2016-07-22,,0.0,6.0,138.0,0.0,0.0,0.0,0.0,0.0,12.0,0.0,0.0,0.0,0.0,329.0,0.0,0.0,0.0,,0.0,0.0,0.0,0.0,0.0,1.0,0.0,0.0,0.0,58.0,0.0,0.0,0.0,1.0,0.0,75.0,0.0,0.0,0.0,620.0
2016-07-23,,0.0,2.0,43.0,0.0,0.0,0.0,0.0,0.0,0.0,0.0,0.0,0.0,0.0,417.0,0.0,0.0,0.0,,0.0,0.0,2.0,0.0,2.0,1.0,0.0,0.0,0.0,217.0,0.0,0.0,0.0,2.0,770.0,40.0,0.0,0.0,0.0,1496.0
2016-07-24,,0.0,2.0,93.0,0.0,0.0,0.0,0.0,0.0,75.0,0.0,0.0,0.0,0.0,362.0,0.0,0.0,0.0,,0.0,0.0,4.0,0.0,3.0,2.0,0.0,0.0,0.0,0.0,0.0,0.0,0.0,0.0,965.0,75.0,0.0,0.0,0.0,1581.0
2016-07-25,,0.0,4.0,200.0,0.0,0.0,0.0,0.0,0.0,0.0,0.0,0.0,0.0,0.0,352.0,0.0,0.0,0.0,,0.0,0.0,2.0,0.0,1.0,2.0,0.0,0.0,0.0,221.0,0.0,0.0,0.0,2.0,0.0,0.0,0.0,0.0,0.0,784.0
2016-07-26,,0.0,4.0,52.0,0.0,0.0,0.0,0.0,0.0,0.0,0.0,0.0,0.0,0.0,412.0,0.0,0.0,0.0,,0.0,0.0,4.0,0.0,2.0,3.0,0.0,0.0,0.0,56.0,0.0,0.0,0.0,2.0,1260.0,40.0,0.0,0.0,0.0,1835.0
2016-07-27,,0.0,5.0,74.0,100.0,0.0,159.0,0.0,0.0,0.0,0.0,0.0,0.0,0.0,342.0,0.0,0.0,0.0,,0.0,0.0,1.0,0.0,1.0,7.0,0.0,0.0,0.0,0.0,0.0,0.0,0.0,1.0,215.0,75.0,0.0,0.0,0.0,980.0
2016-07-28,,0.0,2.0,100.0,0.0,0.0,49.0,0.0,0.0,0.0,0.0,0.0,0.0,0.0,436.0,0.0,0.0,0.0,,0.0,0.0,6.0,0.0,1.0,5.0,0.0,0.0,0.0,0.0,0.0,0.0,1.0,1.0,0.0,75.0,0.0,0.0,0.0,676.0
2016-07-29,,0.0,2.0,129.0,0.0,0.0,0.0,0.0,0.0,0.0,0.0,0.0,0.0,0.0,432.0,0.0,300.0,0.0,,0.0,0.0,0.0,0.0,0.0,0.0,0.0,0.0,0.0,0.0,0.0,0.0,0.0,0.0,0.0,0.0,0.0,0.0,0.0,863.0
2016-07-30,,0.0,4.0,130.0,0.0,0.0,0.0,0.0,0.0,0.0,0.0,0.0,0.0,0.0,435.0,0.0,0.0,0.0,,0.0,28.0,3.0,0.0,3.0,5.0,0.0,0.0,0.0,0.0,0.0,0.0,0.0,0.0,0.0,0.0,0.0,0.0,0.0,608.0
2016-07-31,,0.0,2.0,82.0,0.0,0.0,0.0,0.0,0.0,0.0,0.0,0.0,0.0,0.0,433.0,0.0,0.0,0.0,,0.0,0.0,3.0,0.0,3.0,1.0,0.0,0.0,0.0,0.0,0.0,0.0,0.0,1.0,0.0,0.0,0.0,0.0,0.0,525.0
2016-08-01,,0.0,0.0,86.0,0.0,0.0,0.0,0.0,0.0,0.0,0.0,0.0,0.0,2.0,-428.0,0.0,0.0,0.0,,0.0,0.0,1.0,0.0,0.0,0.0,0.0,0.0,0.0,0.0,0.0,0.0,0.0,2.0,0.0,0.0,0.0,0.0,0.0,-337.0
2016-08-02,,0.0,1.0,107.0,0.0,0.0,0.0,0.0,0.0,0.0,0.0,0.0,0.0,0.0,434.0,0.0,0.0,0.0,,0.0,0.0,1.0,0.0,1.0,1.0,0.0,0.0,0.0,0.0,0.0,0.0,0.0,0.0,0.0,0.0,0.0,0.0,0.0,545.0
2016-08-03,,0.0,4.0,104.0,0.0,0.0,0.0,0.0,0.0,0.0,0.0,0.0,0.0,0.0,436.0,0.0,0.0,0.0,,0.0,0.0,3.0,0.0,1.0,2.0,0.0,0.0,0.0,0.0,0.0,0.0,0.0,5.0,0.0,40.0,0.0,0.0,0.0,595.0
2016-08-04,,0.0,3.0,78.0,0.0,0.0,0.0,0.0,0.0,0.0,0.0,0.0,0.0,0.0,579.0,0.0,0.0,0.0,,0.0,0.0,3.0,0.0,2.0,1.0,0.0,0.0,0.0,153.0,0.0,0.0,0.0,0.0,125.0,75.0,0.0,0.0,0.0,1019.0
2016-08-05,,0.0,6.0,104.0,0.0,0.0,0.0,0.0,0.0,0.0,0.0,4.0,281.0,0.0,428.0,0.0,0.0,0.0,,0.0,0.0,4.0,0.0,1.0,1.0,0.0,0.0,0.0,733.0,0.0,0.0,0.0,0.0,535.0,75.0,0.0,0.0,0.0,2172.0
2016-08-06,,0.0,1.0,98.0,0.0,0.0,0.0,0.0,0.0,0.0,0.0,0.0,0.0,0.0,423.0,0.0,0.0,0.0,,0.0,0.0,1.0,0.0,1.0,1.0,0.0,0.0,0.0,58.0,0.0,0.0,0.0,0.0,180.0,75.0,0.0,0.0,0.0,838.0
2016-08-07,,0.0,4.0,36.0,0.0,0.0,0.0,0.0,0.0,0.0,0.0,0.0,0.0,0.0,363.0,0.0,0.0,0.0,,0.0,0.0,4.0,0.0,1.0,2.0,0.0,0.0,0.0,0.0,0.0,0.0,0.0,1.0,1270.0,0.0,0.0,0.0,0.0,1681.0
2016-08-08,,0.0,3.0,0.0,0.0,0.0,0.0,0.0,0.0,0.0,0.0,0.0,0.0,0.0,433.0,0.0,0.0,0.0,,0.0,0.0,1.0,0.0,3.0,3.0,0.0,0.0,0.0,0.0,0.0,0.0,0.0,1.0,0.0,40.0,0.0,0.0,0.0,484.0
2016-08-09,,0.0,1.0,112.0,0.0,0.0,0.0,0.0,0.0,0.0,1.0,0.0,0.0,0.0,431.0,0.0,0.0,0.0,,0.0,0.0,2.0,0.0,0.0,1.0,0.0,0.0,0.0,0.0,0.0,0.0,0.0,2.0,0.0,0.0,0.0,0.0,0.0,550.0
2016-08-10,,0.0,1.0,97.0,0.0,0.0,0.0,0.0,0.0,0.0,0.0,0.0,0.0,14.0,435.0,0.0,0.0,0.0,,0.0,0.0,1.0,0.0,1.0,0.0,0.0,0.0,0.0,0.0,0.0,0.0,0.0,1.0,0.0,75.0,0.0,0.0,0.0,625.0
2016-08-11,,0.0,2.0,87.0,0.0,0.0,0.0,0.0,0.0,0.0,0.0,0.0,0.0,14.0,433.0,0.0,0.0,100.0,,0.0,0.0,1.0,0.0,1.0,1.0,0.0,0.0,84.0,0.0,0.0,0.0,0.0,0.0,0.0,0.0,0.0,0.0,0.0,723.0
2016-08-12,,0.0,4.0,60.0,0.0,0.0,0.0,0.0,0.0,0.0,0.0,0.0,0.0,0.0,454.0,0.0,0.0,0.0,,0.0,0.0,1.0,0.0,3.0,5.0,0.0,0.0,0.0,0.0,0.0,0.0,0.0,0.0,0.0,0.0,0.0,0.0,0.0,527.0
2016-08-13,,0.0,1.0,75.0,0.0,0.0,0.0,0.0,0.0,0.0,0.0,8.0,0.0,0.0,456.0,0.0,300.0,0.0,,0.0,0.0,1.0,0.0,1.0,1.0,0.0,0.0,0.0,0.0,0.0,0.0,0.0,1.0,330.0,75.0,0.0,0.0,0.0,1249.0
2016-08-14,,0.0,7.0,63.0,0.0,0.0,0.0,0.0,0.0,0.0,0.0,27.0,0.0,0.0,444.0,0.0,350.0,0.0,,0.0,0.0,6.0,0.0,2.0,3.0,0.0,0.0,0.0,0.0,0.0,0.0,0.0,1.0,60.0,0.0,0.0,0.0,0.0,963.0
2016-08-15,,0.0,2.0,14.0,0.0,0.0,0.0,0.0,0.0,0.0,0.0,0.0,0.0,0.0,447.0,0.0,0.0,0.0,,0.0,0.0,1.0,0.0,1.0,2.0,0.0,0.0,0.0,0.0,0.0,0.0,0.0,3.0,0.0,0.0,0.0,0.0,0.0,470.0
2016-08-16,,0.0,2.0,49.0,0.0,0.0,0.0,0.0,0.0,0.0,0.0,0.0,45.0,0.0,449.0,0.0,0.0,0.0,,9.0,0.0,3.0,0.0,4.0,2.0,0.0,0.0,0.0,0.0,0.0,0.0,0.0,6.0,0.0,75.0,0.0,0.0,0.0,644.0
2016-08-17,,0.0,2.0,0.0,0.0,0.0,0.0,0.0,0.0,0.0,0.0,0.0,71.0,0.0,414.0,0.0,0.0,0.0,,0.0,0.0,1.0,0.0,2.0,1.0,0.0,0.0,0.0,0.0,0.0,0.0,0.0,2.0,680.0,0.0,0.0,0.0,0.0,1173.0
2016-08-18,,0.0,1.0,161.0,0.0,0.0,0.0,0.0,0.0,0.0,0.0,0.0,0.0,0.0,460.0,0.0,600.0,0.0,,0.0,0.0,0.0,0.0,3.0,2.0,0.0,0.0,0.0,0.0,0.0,0.0,0.0,5.0,0.0,0.0,0.0,0.0,0.0,1232.0
2016-08-19,,0.0,4.0,76.0,200.0,0.0,0.0,0.0,0.0,0.0,0.0,0.0,50.0,10.0,447.0,0.0,0.0,75.0,,0.0,0.0,8.0,0.0,2.0,4.0,0.0,0.0,0.0,0.0,0.0,0.0,0.0,10.0,0.0,75.0,0.0,0.0,0.0,961.0
2016-08-20,,0.0,3.0,69.0,200.0,0.0,0.0,0.0,0.0,0.0,0.0,0.0,0.0,0.0,459.0,0.0,600.0,0.0,,0.0,0.0,3.0,0.0,5.0,3.0,0.0,0.0,0.0,0.0,0.0,0.0,0.0,0.0,0.0,0.0,0.0,0.0,0.0,1342.0
2016-08-21,,0.0,2.0,0.0,150.0,0.0,0.0,0.0,0.0,0.0,0.0,9.0,14.0,0.0,454.0,0.0,500.0,0.0,,0.0,3.0,2.0,0.0,1.0,2.0,0.0,0.0,0.0,0.0,0.0,0.0,0.0,1.0,0.0,0.0,0.0,0.0,0.0,1138.0
2016-08-22,,0.0,3.0,75.0,0.0,0.0,0.0,0.0,0.0,0.0,0.0,0.0,30.0,0.0,475.0,0.0,750.0,0.0,,0.0,0.0,2.0,0.0,1.0,1.0,0.0,0.0,0.0,10.0,0.0,0.0,0.0,0.0,585.0,0.0,0.0,0.0,0.0,1932.0
2016-08-23,,0.0,4.0,25.0,0.0,0.0,0.0,0.0,0.0,0.0,0.0,4.0,0.0,0.0,447.0,0.0,0.0,0.0,,25.0,236.0,1.0,0.0,3.0,2.0,0.0,0.0,0.0,150.0,0.0,0.0,0.0,0.0,90.0,75.0,0.0,0.0,0.0,1062.0
2016-08-24,,0.0,4.0,143.0,0.0,0.0,0.0,0.0,0.0,0.0,0.0,0.0,0.0,0.0,453.0,0.0,0.0,0.0,,2.0,0.0,1.0,0.0,2.0,3.0,0.0,0.0,0.0,0.0,0.0,0.0,0.0,0.0,0.0,75.0,0.0,0.0,0.0,683.0
2016-08-25,,0.0,1.0,229.0,200.0,0.0,0.0,0.0,0.0,0.0,0.0,7.0,0.0,0.0,467.0,0.0,180.0,0.0,,0.0,0.0,32.0,0.0,5.0,1.0,0.0,0.0,0.0,0.0,0.0,0.0,0.0,10.0,510.0,0.0,0.0,0.0,0.0,1642.0
2016-08-26,,0.0,2.0,163.0,300.0,0.0,0.0,0.0,0.0,0.0,0.0,0.0,0.0,0.0,460.0,0.0,0.0,0.0,,0.0,0.0,5.0,0.0,2.0,1.0,0.0,0.0,0.0,205.0,0.0,0.0,0.0,5.0,420.0,75.0,0.0,0.0,0.0,1638.0
2016-08-27,,0.0,2.0,56.0,250.0,0.0,0.0,0.0,0.0,0.0,0.0,0.0,0.0,0.0,455.0,0.0,0.0,0.0,,0.0,2.0,1.0,0.0,2.0,2.0,0.0,0.0,0.0,0.0,0.0,0.0,0.0,2.0,10.0,75.0,0.0,0.0,0.0,857.0
2016-08-28,,0.0,4.0,80.0,0.0,0.0,0.0,0.0,0.0,0.0,0.0,0.0,0.0,0.0,432.0,0.0,0.0,0.0,,0.0,2.0,2.0,0.0,3.0,6.0,0.0,0.0,0.0,0.0,0.0,0.0,0.0,3.0,565.0,0.0,0.0,0.0,0.0,1097.0
2016-08-29,,0.0,4.0,34.0,0.0,0.0,0.0,0.0,0.0,0.0,0.0,0.0,0.0,0.0,468.0,0.0,200.0,0.0,,0.0,0.0,7.0,0.0,1.0,10.0,0.0,0.0,0.0,0.0,0.0,0.0,0.0,0.0,965.0,0.0,0.0,0.0,0.0,1689.0
2016-08-30,,0.0,9.0,155.0,0.0,0.0,0.0,0.0,0.0,0.0,0.0,0.0,34.0,0.0,467.0,0.0,0.0,0.0,,0.0,0.0,6.0,0.0,1.0,3.0,0.0,0.0,0.0,0.0,0.0,0.0,0.0,0.0,0.0,75.0,0.0,0.0,0.0,750.0
2016-08-31,,0.0,4.0,161.0,0.0,0.0,0.0,0.0,0.0,0.0,0.0,0.0,0.0,0.0,461.0,0.0,0.0,0.0,,0.0,0.0,2.0,0.0,3.0,4.0,0.0,0.0,0.0,0.0,0.0,0.0,0.0,1.0,0.0,0.0,0.0,0.0,0.0,636.0
2016-09-01,,0.0,2.0,136.0,100.0,0.0,0.0,0.0,0.0,0.0,0.0,0.0,0.0,0.0,475.0,0.0,0.0,0.0,,0.0,0.0,1.0,0.0,7.0,4.0,0.0,0.0,0.0,93.0,0.0,0.0,0.0,1.0,0.0,0.0,0.0,0.0,0.0,819.0
2016-09-02,,0.0,1.0,46.0,200.0,0.0,0.0,0.0,0.0,0.0,0.0,0.0,0.0,0.0,474.0,0.0,0.0,0.0,,0.0,0.0,0.0,0.0,1.0,2.0,0.0,0.0,0.0,0.0,0.0,0.0,0.0,0.0,0.0,0.0,0.0,0.0,0.0,724.0
2016-09-03,,0.0,2.0,102.0,0.0,0.0,0.0,0.0,0.0,0.0,0.0,4.0,0.0,0.0,459.0,0.0,0.0,0.0,,0.0,0.0,0.0,1.0,1.0,0.0,0.0,0.0,0.0,0.0,0.0,0.0,0.0,0.0,0.0,0.0,0.0,0.0,0.0,569.0
2016-09-04,,0.0,7.0,61.0,0.0,0.0,0.0,0.0,0.0,0.0,0.0,0.0,0.0,0.0,446.0,0.0,0.0,0.0,,0.0,0.0,1.0,0.0,7.0,6.0,0.0,0.0,0.0,0.0,0.0,0.0,0.0,1.0,0.0,0.0,0.0,0.0,0.0,529.0
2016-09-05,,0.0,5.0,45.0,0.0,0.0,0.0,0.0,0.0,0.0,0.0,0.0,0.0,0.0,454.0,0.0,0.0,0.0,,0.0,0.0,6.0,0.0,3.0,6.0,0.0,0.0,0.0,0.0,0.0,0.0,0.0,0.0,0.0,0.0,0.0,0.0,0.0,519.0
2016-09-06,,0.0,1.0,20.0,0.0,0.0,0.0,0.0,0.0,5.0,0.0,0.0,59.0,20.0,480.0,0.0,600.0,0.0,,0.0,0.0,2.0,0.0,2.0,1.0,0.0,0.0,0.0,0.0,0.0,0.0,0.0,0.0,0.0,0.0,0.0,0.0,0.0,1190.0
2016-09-07,,0.0,1.0,147.0,0.0,0.0,0.0,0.0,0.0,0.0,0.0,0.0,62.0,0.0,468.0,0.0,0.0,0.0,,0.0,0.0,2.0,0.0,2.0,2.0,0.0,0.0,0.0,0.0,0.0,0.0,0.0,1.0,105.0,0.0,0.0,0.0,0.0,790.0
2016-09-08,,0.0,2.0,81.0,0.0,0.0,0.0,0.0,0.0,0.0,0.0,10.0,0.0,0.0,516.0,0.0,0.0,0.0,,0.0,0.0,2.0,0.0,1.0,3.0,0.0,0.0,0.0,0.0,0.0,0.0,0.0,1.0,0.0,0.0,0.0,0.0,0.0,616.0
2016-09-09,,0.0,1.0,124.0,100.0,0.0,0.0,0.0,0.0,0.0,0.0,0.0,0.0,0.0,466.0,0.0,0.0,0.0,,0.0,0.0,2.0,0.0,2.0,1.0,0.0,0.0,0.0,0.0,0.0,0.0,0.0,1.0,175.0,0.0,0.0,0.0,0.0,872.0
2016-09-10,,0.0,1.0,59.0,100.0,0.0,0.0,0.0,0.0,0.0,0.0,0.0,0.0,0.0,448.0,0.0,0.0,0.0,,0.0,0.0,1.0,0.0,2.0,3.0,0.0,0.0,0.0,0.0,0.0,0.0,0.0,1.0,500.0,0.0,0.0,0.0,0.0,1115.0
2016-09-11,,0.0,2.0,101.0,0.0,0.0,0.0,0.0,0.0,0.0,0.0,0.0,0.0,15.0,466.0,0.0,0.0,0.0,,0.0,0.0,2.0,0.0,3.0,5.0,0.0,0.0,0.0,0.0,0.0,0.0,0.0,0.0,475.0,0.0,0.0,0.0,0.0,1069.0
2016-09-12,,0.0,5.0,91.0,100.0,0.0,0.0,0.0,0.0,0.0,0.0,0.0,109.0,16.0,459.0,0.0,0.0,0.0,,0.0,0.0,3.0,0.0,2.0,6.0,0.0,0.0,0.0,259.0,0.0,0.0,0.0,1.0,0.0,0.0,0.0,0.0,0.0,1051.0
2016-09-13,,0.0,5.0,17.0,0.0,0.0,0.0,0.0,0.0,0.0,0.0,0.0,0.0,0.0,475.0,0.0,0.0,0.0,,0.0,0.0,3.0,0.0,2.0,7.0,0.0,0.0,0.0,340.0,0.0,0.0,0.0,0.0,495.0,0.0,0.0,0.0,0.0,1344.0
2016-09-14,,0.0,4.0,164.0,0.0,0.0,0.0,0.0,0.0,0.0,0.0,0.0,0.0,0.0,463.0,0.0,300.0,0.0,,0.0,0.0,2.0,0.0,1.0,2.0,0.0,0.0,0.0,612.0,0.0,0.0,0.0,0.0,100.0,0.0,0.0,0.0,0.0,1648.0
2016-09-15,,0.0,1.0,79.0,0.0,0.0,0.0,0.0,0.0,0.0,0.0,0.0,0.0,0.0,469.0,0.0,300.0,0.0,,0.0,0.0,2.0,0.0,2.0,1.0,0.0,0.0,0.0,309.0,0.0,0.0,0.0,0.0,0.0,0.0,0.0,0.0,0.0,1163.0
2016-09-16,,0.0,6.0,93.0,0.0,0.0,0.0,0.0,0.0,5.0,0.0,0.0,0.0,0.0,474.0,0.0,0.0,0.0,,0.0,0.0,1.0,0.0,0.0,3.0,0.0,0.0,0.0,606.0,0.0,0.0,0.0,0.0,0.0,0.0,0.0,0.0,0.0,1188.0
2016-09-17,,0.0,0.0,7.0,0.0,0.0,0.0,0.0,0.0,0.0,0.0,5.0,0.0,0.0,447.0,0.0,0.0,0.0,,2.0,0.0,0.0,0.0,3.0,5.0,0.0,0.0,0.0,0.0,0.0,0.0,0.0,0.0,0.0,0.0,0.0,0.0,0.0,469.0
2016-09-18,,0.0,1.0,1.0,0.0,0.0,0.0,0.0,0.0,0.0,0.0,0.0,0.0,0.0,468.0,0.0,0.0,0.0,,0.0,0.0,0.0,0.0,0.0,1.0,0.0,0.0,0.0,335.0,0.0,0.0,0.0,0.0,0.0,0.0,0.0,0.0,0.0,806.0
2016-09-19,,0.0,1.0,112.0,100.0,0.0,0.0,0.0,0.0,12.0,0.0,37.0,207.0,0.0,441.0,0.0,0.0,0.0,,0.0,0.0,0.0,0.0,0.0,2.0,150.0,0.0,0.0,248.0,0.0,0.0,0.0,4.0,245.0,40.0,0.0,0.0,150.0,1749.0
2016-09-20,,0.0,2.0,50.0,100.0,0.0,0.0,0.0,0.0,0.0,0.0,0.0,0.0,0.0,440.0,0.0,0.0,0.0,,0.0,0.0,4.0,0.0,1.0,2.0,200.0,0.0,0.0,0.0,0.0,0.0,0.0,0.0,680.0,0.0,0.0,0.0,0.0,1479.0
2016-09-21,,0.0,5.0,46.0,0.0,0.0,0.0,0.0,0.0,2.0,0.0,0.0,0.0,0.0,440.0,0.0,0.0,0.0,,0.0,0.0,1.0,0.0,2.0,2.0,0.0,0.0,0.0,0.0,0.0,0.0,0.0,1.0,1455.0,0.0,0.0,0.0,0.0,1954.0
2016-09-22,,0.0,4.0,71.0,0.0,0.0,0.0,0.0,0.0,0.0,0.0,0.0,0.0,0.0,426.0,0.0,300.0,0.0,,0.0,0.0,8.0,0.0,5.0,1.0,0.0,0.0,0.0,0.0,0.0,0.0,0.0,0.0,1175.0,0.0,0.0,0.0,0.0,1990.0
2016-09-23,,0.0,4.0,59.0,0.0,0.0,0.0,0.0,0.0,0.0,0.0,0.0,0.0,0.0,446.0,0.0,300.0,0.0,,0.0,0.0,2.0,0.0,2.0,3.0,0.0,0.0,0.0,0.0,0.0,0.0,0.0,0.0,45.0,0.0,0.0,0.0,0.0,861.0
2016-09-24,,0.0,3.0,108.0,0.0,0.0,0.0,0.0,0.0,0.0,0.0,0.0,0.0,0.0,430.0,0.0,0.0,0.0,,0.0,0.0,0.0,0.0,3.0,4.0,0.0,0.0,0.0,0.0,0.0,0.0,0.0,0.0,0.0,0.0,0.0,0.0,0.0,548.0
2016-09-25,,0.0,5.0,82.0,200.0,0.0,0.0,0.0,0.0,0.0,0.0,0.0,0.0,0.0,438.0,0.0,0.0,0.0,,0.0,0.0,6.0,0.0,3.0,4.0,0.0,0.0,0.0,0.0,0.0,0.0,0.0,0.0,0.0,0.0,0.0,0.0,0.0,738.0
2016-09-26,,0.0,0.0,61.0,400.0,0.0,0.0,0.0,0.0,0.0,0.0,20.0,0.0,0.0,417.0,0.0,0.0,0.0,,0.0,0.0,0.0,0.0,0.0,1.0,0.0,0.0,0.0,0.0,0.0,0.0,0.0,0.0,0.0,0.0,0.0,0.0,0.0,899.0
2016-09-27,,0.0,5.0,68.0,0.0,0.0,0.0,0.0,0.0,0.0,0.0,50.0,0.0,0.0,449.0,0.0,0.0,0.0,,0.0,0.0,1.0,0.0,5.0,3.0,0.0,0.0,0.0,0.0,0.0,0.0,0.0,0.0,770.0,0.0,0.0,0.0,0.0,1351.0
2016-09-28,,0.0,4.0,40.0,290.0,0.0,0.0,0.0,0.0,0.0,0.0,0.0,672.0,0.0,439.0,0.0,0.0,0.0,,0.0,0.0,8.0,0.0,2.0,1.0,0.0,0.0,0.0,55.0,0.0,0.0,0.0,2.0,1175.0,0.0,0.0,0.0,300.0,2988.0
2016-09-29,,0.0,3.0,130.0,0.0,0.0,0.0,0.0,0.0,0.0,0.0,0.0,0.0,0.0,431.0,0.0,0.0,0.0,,0.0,0.0,5.0,23.0,3.0,3.0,0.0,0.0,0.0,0.0,0.0,0.0,0.0,0.0,1650.0,0.0,0.0,0.0,0.0,2248.0
2016-09-30,,0.0,2.0,107.0,0.0,0.0,0.0,0.0,0.0,0.0,0.0,0.0,0.0,0.0,437.0,0.0,0.0,0.0,,0.0,0.0,2.0,13.0,3.0,4.0,0.0,0.0,0.0,0.0,0.0,0.0,0.0,0.0,2125.0,0.0,0.0,0.0,0.0,2693.0
2016-10-01,,0.0,6.0,78.0,0.0,0.0,0.0,0.0,0.0,0.0,0.0,0.0,0.0,0.0,451.0,0.0,0.0,0.0,,0.0,0.0,5.0,2.0,6.0,2.0,0.0,0.0,0.0,0.0,0.0,0.0,0.0,0.0,0.0,0.0,0.0,0.0,0.0,550.0
2016-10-01,,0.0,4.0,79.0,0.0,0.0,0.0,0.0,0.0,0.0,0.0,0.0,0.0,0.0,443.0,0.0,0.0,0.0,,0.0,0.0,3.0,2.0,0.0,3.0,0.0,0.0,0.0,0.0,0.0,0.0,0.0,0.0,0.0,0.0,0.0,0.0,0.0,534.0
2016-10-02,,0.0,6.0,63.0,0.0,0.0,0.0,0.0,0.0,0.0,0.0,0.0,0.0,0.0,456.0,0.0,0.0,0.0,,0.0,0.0,3.0,1.0,3.0,3.0,0.0,0.0,0.0,30.0,0.0,0.0,0.0,0.0,0.0,0.0,0.0,0.0,0.0,565.0
2016-10-03,,0.0,3.0,94.0,250.0,0.0,0.0,0.0,0.0,0.0,0.0,0.0,0.0,0.0,459.0,0.0,0.0,0.0,,0.0,0.0,0.0,28.0,0.0,3.0,0.0,0.0,0.0,0.0,0.0,0.0,0.0,0.0,0.0,0.0,0.0,0.0,0.0,837.0
2016-10-04,,0.0,0.0,74.0,200.0,0.0,0.0,0.0,0.0,0.0,0.0,0.0,0.0,0.0,453.0,0.0,0.0,0.0,,0.0,0.0,0.0,6.0,1.0,0.0,0.0,0.0,0.0,0.0,0.0,0.0,0.0,0.0,325.0,0.0,0.0,0.0,0.0,1059.0
2016-10-05,,0.0,1.0,62.0,150.0,0.0,0.0,0.0,0.0,0.0,0.0,0.0,0.0,0.0,442.0,0.0,0.0,0.0,,0.0,0.0,4.0,0.0,1.0,1.0,0.0,0.0,0.0,0.0,0.0,0.0,0.0,0.0,1205.0,0.0,0.0,0.0,0.0,1866.0
2016-10-06,,0.0,1.0,1.0,0.0,0.0,0.0,0.0,0.0,0.0,0.0,0.0,0.0,0.0,449.0,0.0,0.0,0.0,,0.0,0.0,2.0,20.0,2.0,3.0,0.0,0.0,0.0,0.0,0.0,0.0,0.0,0.0,0.0,0.0,0.0,0.0,0.0,478.0
2016-10-07,,0.0,9.0,44.0,0.0,0.0,0.0,0.0,0.0,0.0,0.0,0.0,0.0,0.0,494.0,0.0,0.0,0.0,,0.0,0.0,4.0,6.0,2.0,1.0,0.0,0.0,0.0,0.0,0.0,0.0,0.0,0.0,0.0,0.0,0.0,0.0,0.0,560.0
2016-10-08,,0.0,2.0,22.0,0.0,0.0,0.0,0.0,0.0,0.0,0.0,0.0,0.0,0.0,475.0,0.0,0.0,0.0,,0.0,0.0,1.0,3.0,0.0,1.0,0.0,0.0,0.0,0.0,0.0,0.0,0.0,0.0,0.0,0.0,0.0,0.0,0.0,504.0
2016-10-09,,0.0,2.0,251.0,0.0,0.0,0.0,0.0,0.0,0.0,0.0,0.0,0.0,0.0,445.0,0.0,0.0,0.0,,0.0,0.0,3.0,3.0,1.0,4.0,0.0,0.0,0.0,0.0,0.0,0.0,0.0,2.0,0.0,0.0,0.0,0.0,0.0,711.0
2016-10-10,,0.0,5.0,42.0,0.0,0.0,0.0,0.0,0.0,0.0,0.0,0.0,0.0,0.0,456.0,0.0,0.0,0.0,,0.0,0.0,6.0,8.0,0.0,0.0,0.0,0.0,0.0,0.0,0.0,0.0,0.0,0.0,0.0,0.0,0.0,0.0,0.0,517.0
2016-10-11,,0.0,4.0,57.0,0.0,0.0,0.0,0.0,0.0,0.0,0.0,0.0,0.0,0.0,468.0,0.0,0.0,0.0,,0.0,0.0,4.0,7.0,1.0,4.0,0.0,0.0,0.0,0.0,0.0,0.0,0.0,0.0,0.0,0.0,0.0,0.0,0.0,545.0
2016-10-12,,0.0,0.0,113.0,0.0,0.0,0.0,0.0,0.0,0.0,0.0,8.0,0.0,0.0,489.0,0.0,0.0,0.0,,0.0,0.0,0.0,0.0,0.0,11.0,0.0,0.0,0.0,0.0,0.0,0.0,0.0,0.0,0.0,0.0,0.0,0.0,0.0,621.0
2016-10-13,,0.0,0.0,32.0,0.0,0.0,0.0,0.0,0.0,0.0,0.0,0.0,0.0,0.0,447.0,0.0,0.0,0.0,,0.0,0.0,4.0,0.0,0.0,9.0,0.0,0.0,0.0,37.0,0.0,0.0,0.0,0.0,0.0,0.0,0.0,0.0,0.0,529.0
2016-10-13,,0.0,0.0,32.0,0.0,0.0,0.0,0.0,0.0,0.0,0.0,0.0,0.0,0.0,447.0,0.0,0.0,0.0,,0.0,0.0,4.0,0.0,0.0,9.0,0.0,0.0,0.0,37.0,0.0,0.0,0.0,0.0,0.0,0.0,0.0,0.0,0.0,529.0
2016-10-14,,0.0,2.0,18.0,150.0,0.0,0.0,0.0,0.0,0.0,0.0,0.0,0.0,0.0,608.0,0.0,0.0,0.0,,0.0,0.0,1.0,1.0,1.0,8.0,0.0,0.0,0.0,429.0,0.0,0.0,0.0,0.0,635.0,0.0,0.0,0.0,200.0,2053.0
2016-10-15,,0.0,5.0,0.0,0.0,0.0,0.0,0.0,0.0,0.0,0.0,0.0,0.0,0.0,442.0,0.0,0.0,0.0,,0.0,0.0,2.0,3.0,1.0,3.0,0.0,0.0,0.0,0.0,0.0,0.0,0.0,0.0,120.0,0.0,0.0,0.0,0.0,576.0
2016-10-16,,0.0,3.0,54.0,0.0,0.0,0.0,0.0,0.0,0.0,0.0,0.0,0.0,0.0,446.0,0.0,0.0,0.0,,0.0,0.0,3.0,4.0,3.0,1.0,0.0,0.0,0.0,0.0,0.0,0.0,0.0,3.0,0.0,0.0,0.0,0.0,0.0,517.0
2016-10-17,,0.0,1.0,32.0,0.0,0.0,0.0,0.0,0.0,0.0,0.0,0.0,0.0,0.0,429.0,0.0,0.0,0.0,,0.0,0.0,1.0,0.0,1.0,6.0,0.0,0.0,0.0,0.0,0.0,0.0,0.0,0.0,0.0,0.0,0.0,0.0,0.0,470.0
2016-10-18,,0.0,2.0,49.0,0.0,0.0,0.0,0.0,0.0,0.0,0.0,19.0,0.0,0.0,502.0,0.0,0.0,0.0,,0.0,0.0,5.0,3.0,1.0,4.0,0.0,0.0,0.0,0.0,0.0,0.0,0.0,1.0,0.0,0.0,0.0,0.0,0.0,586.0
2016-10-19,,0.0,4.0,0.0,300.0,0.0,0.0,0.0,0.0,0.0,0.0,23.0,0.0,0.0,457.0,0.0,600.0,0.0,,0.0,0.0,4.0,10.0,1.0,3.0,0.0,0.0,0.0,0.0,0.0,0.0,0.0,0.0,0.0,0.0,0.0,0.0,0.0,1402.0
2016-10-20,,0.0,2.0,1.0,100.0,0.0,0.0,0.0,0.0,0.0,0.0,0.0,0.0,0.0,441.0,0.0,500.0,0.0,,0.0,0.0,0.0,2.0,0.0,1.0,0.0,0.0,0.0,0.0,0.0,0.0,0.0,0.0,0.0,0.0,0.0,0.0,0.0,1047.0
2016-10-21,,0.0,1.0,22.0,0.0,0.0,0.0,0.0,0.0,0.0,0.0,0.0,0.0,0.0,1108.0,101.0,800.0,75.0,,0.0,0.0,0.0,0.0,0.0,1.0,0.0,15.0,0.0,0.0,0.0,0.0,0.0,0.0,0.0,0.0,0.0,0.0,0.0,2123.0
2016-10-22,,0.0,3.0,11.0,200.0,0.0,0.0,0.0,0.0,0.0,0.0,0.0,0.0,0.0,442.0,65.0,0.0,0.0,,0.0,0.0,3.0,6.0,1.0,2.0,0.0,0.0,0.0,0.0,0.0,0.0,0.0,1.0,130.0,0.0,0.0,0.0,0.0,864.0
2016-10-23,,0.0,5.0,16.0,0.0,0.0,0.0,0.0,0.0,0.0,0.0,0.0,0.0,0.0,448.0,0.0,0.0,0.0,,0.0,0.0,1.0,11.0,6.0,5.0,0.0,0.0,0.0,0.0,0.0,0.0,0.0,0.0,200.0,0.0,0.0,0.0,0.0,692.0
2016-10-24,,0.0,2.0,15.0,0.0,0.0,0.0,0.0,0.0,0.0,0.0,0.0,0.0,0.0,443.0,0.0,300.0,0.0,,0.0,0.0,3.0,7.0,2.0,1.0,0.0,0.0,0.0,0.0,0.0,0.0,0.0,0.0,0.0,0.0,0.0,0.0,0.0,773.0
2016-10-25,,0.0,1.0,27.0,0.0,0.0,0.0,0.0,0.0,0.0,0.0,0.0,0.0,0.0,445.0,0.0,900.0,0.0,,0.0,0.0,2.0,13.0,2.0,1.0,0.0,0.0,0.0,262.0,0.0,0.0,0.0,0.0,0.0,0.0,0.0,0.0,0.0,1653.0
2016-10-26,,0.0,7.0,4.0,0.0,0.0,0.0,0.0,0.0,0.0,0.0,0.0,0.0,0.0,443.0,0.0,0.0,0.0,,3.0,0.0,5.0,9.0,4.0,4.0,0.0,0.0,0.0,187.0,0.0,0.0,0.0,1.0,570.0,0.0,0.0,0.0,0.0,1237.0
2016-10-27,,0.0,4.0,12.0,150.0,0.0,0.0,0.0,0.0,0.0,0.0,5.0,0.0,0.0,441.0,0.0,500.0,0.0,,5.0,0.0,3.0,6.0,1.0,4.0,0.0,0.0,0.0,226.0,0.0,0.0,0.0,0.0,0.0,0.0,0.0,0.0,0.0,1357.0
2016-10-28,,0.0,1.0,4.0,0.0,0.0,0.0,0.0,0.0,0.0,1.0,23.0,0.0,0.0,430.0,0.0,400.0,0.0,,0.0,0.0,0.0,0.0,3.0,0.0,0.0,0.0,0.0,110.0,0.0,0.0,0.0,0.0,0.0,0.0,0.0,0.0,0.0,972.0
2016-10-29,,0.0,0.0,1.0,0.0,0.0,0.0,0.0,0.0,0.0,0.0,8.0,0.0,0.0,428.0,0.0,0.0,0.0,,0.0,0.0,0.0,1.0,2.0,2.0,0.0,0.0,0.0,0.0,0.0,0.0,0.0,2.0,0.0,0.0,0.0,0.0,0.0,444.0
2016-10-30,,0.0,7.0,3.0,250.0,0.0,0.0,0.0,0.0,0.0,0.0,0.0,0.0,0.0,457.0,0.0,0.0,0.0,,0.0,0.0,4.0,4.0,5.0,5.0,0.0,0.0,0.0,0.0,0.0,0.0,0.0,0.0,0.0,0.0,0.0,0.0,0.0,735.0
2016-10-31,,0.0,5.0,24.0,0.0,0.0,0.0,0.0,0.0,0.0,0.0,0.0,0.0,0.0,441.0,0.0,0.0,0.0,,0.0,0.0,5.0,16.0,4.0,4.0,0.0,0.0,0.0,0.0,0.0,0.0,0.0,1.0,0.0,0.0,0.0,0.0,0.0,500.0
2016-11-02,,0.0,2.0,51.0,0.0,0.0,0.0,0.0,0.0,0.0,0.0,0.0,0.0,0.0,447.0,0.0,0.0,0.0,,0.0,0.0,2.0,2.0,2.0,3.0,0.0,0.0,0.0,0.0,0.0,0.0,0.0,2.0,0.0,0.0,0.0,0.0,0.0,511.0
2016-11-03,,0.0,1.0,8.0,0.0,0.0,0.0,0.0,0.0,0.0,0.0,0.0,0.0,0.0,438.0,0.0,700.0,0.0,,14.0,0.0,0.0,7.0,1.0,0.0,0.0,0.0,0.0,849.0,0.0,0.0,0.0,1.0,0.0,0.0,0.0,0.0,0.0,2019.0
2016-11-04,,0.0,7.0,8.0,0.0,0.0,0.0,0.0,0.0,0.0,0.0,0.0,0.0,0.0,469.0,0.0,750.0,0.0,,0.0,0.0,7.0,10.0,5.0,4.0,0.0,0.0,0.0,488.0,0.0,0.0,0.0,0.0,0.0,0.0,0.0,0.0,0.0,1748.0
2016-11-05,,0.0,2.0,19.0,0.0,0.0,0.0,0.0,0.0,3.0,0.0,0.0,0.0,0.0,438.0,0.0,400.0,0.0,,0.0,0.0,0.0,4.0,1.0,0.0,0.0,0.0,0.0,0.0,0.0,0.0,0.0,0.0,0.0,0.0,0.0,0.0,0.0,867.0
2016-11-06,,0.0,1.0,15.0,0.0,0.0,0.0,0.0,0.0,0.0,0.0,0.0,0.0,0.0,437.0,0.0,0.0,0.0,,0.0,0.0,2.0,6.0,4.0,2.0,0.0,0.0,0.0,0.0,0.0,0.0,0.0,2.0,0.0,0.0,0.0,0.0,0.0,469.0
2016-11-07,,0.0,3.0,50.0,0.0,0.0,120.0,0.0,0.0,0.0,0.0,0.0,0.0,0.0,449.0,0.0,680.0,0.0,,0.0,11.0,2.0,15.0,3.0,4.0,0.0,0.0,0.0,421.0,0.0,0.0,0.0,3.0,0.0,0.0,0.0,0.0,0.0,1761.0
2016-11-08,,0.0,4.0,56.0,100.0,0.0,0.0,0.0,0.0,0.0,0.0,0.0,0.0,0.0,449.0,0.0,200.0,0.0,,0.0,0.0,1.0,3.0,1.0,8.0,200.0,0.0,0.0,0.0,0.0,0.0,0.0,1.0,0.0,0.0,0.0,0.0,0.0,1023.0
2016-11-09,,0.0,3.0,71.0,0.0,0.0,0.0,0.0,0.0,0.0,0.0,0.0,0.0,0.0,442.0,0.0,200.0,0.0,,0.0,0.0,5.0,9.0,2.0,3.0,0.0,0.0,0.0,0.0,0.0,0.0,0.0,0.0,100.0,0.0,0.0,0.0,0.0,835.0
2016-11-10,,0.0,4.0,20.0,0.0,0.0,0.0,0.0,0.0,0.0,0.0,0.0,0.0,0.0,444.0,0.0,500.0,0.0,,0.0,0.0,3.0,2.0,2.0,1.0,0.0,0.0,0.0,0.0,0.0,0.0,0.0,6.0,90.0,0.0,0.0,0.0,0.0,1072.0
2016-11-11,,0.0,4.0,38.0,0.0,0.0,0.0,0.0,0.0,2.0,0.0,0.0,0.0,0.0,444.0,0.0,400.0,0.0,,0.0,0.0,1.0,7.0,2.0,6.0,0.0,0.0,0.0,0.0,0.0,0.0,0.0,1.0,0.0,0.0,0.0,0.0,0.0,905.0
2016-11-12,,0.0,1.0,23.0,0.0,0.0,0.0,0.0,0.0,0.0,0.0,0.0,0.0,0.0,500.0,0.0,0.0,0.0,,0.0,0.0,1.0,22.0,1.0,0.0,0.0,0.0,0.0,596.0,0.0,0.0,0.0,0.0,0.0,0.0,0.0,0.0,0.0,1144.0
2016-11-13,,0.0,1.0,0.0,0.0,0.0,0.0,0.0,0.0,0.0,0.0,0.0,0.0,0.0,500.0,0.0,0.0,0.0,,0.0,0.0,1.0,0.0,1.0,2.0,0.0,0.0,0.0,0.0,0.0,0.0,0.0,0.0,0.0,0.0,0.0,0.0,0.0,505.0
2016-11-14,,0.0,0.0,25.0,0.0,0.0,0.0,0.0,0.0,0.0,0.0,9.0,0.0,13.0,500.0,0.0,0.0,0.0,,0.0,0.0,1.0,2.0,0.0,1.0,0.0,0.0,0.0,0.0,0.0,0.0,0.0,0.0,0.0,0.0,0.0,0.0,0.0,551.0
2016-11-16,,0.0,5.0,9.0,0.0,0.0,0.0,0.0,0.0,0.0,0.0,0.0,0.0,0.0,444.0,50.0,0.0,0.0,,0.0,0.0,4.0,4.0,5.0,2.0,0.0,0.0,0.0,0.0,0.0,0.0,0.0,0.0,0.0,0.0,0.0,0.0,0.0,523.0
2016-11-17,,0.0,1.0,43.0,0.0,0.0,0.0,0.0,0.0,0.0,0.0,0.0,0.0,0.0,422.0,0.0,300.0,0.0,,0.0,0.0,0.0,23.0,2.0,2.0,0.0,0.0,0.0,138.0,0.0,0.0,0.0,0.0,0.0,0.0,0.0,0.0,0.0,931.0
2016-11-18,,0.0,0.0,0.0,0.0,0.0,0.0,0.0,0.0,0.0,0.0,4.0,0.0,0.0,446.0,0.0,200.0,0.0,,0.0,0.0,1.0,1.0,0.0,0.0,0.0,0.0,0.0,740.0,0.0,0.0,0.0,2.0,100.0,0.0,0.0,0.0,0.0,1494.0
2016-11-19,,0.0,1.0,6.0,0.0,0.0,0.0,0.0,0.0,0.0,0.0,0.0,0.0,0.0,443.0,0.0,0.0,0.0,,0.0,89.0,2.0,0.0,1.0,2.0,0.0,0.0,0.0,396.0,0.0,0.0,0.0,0.0,30.0,0.0,0.0,0.0,0.0,970.0
2016-11-20,,0.0,2.0,0.0,150.0,0.0,0.0,0.0,0.0,0.0,0.0,0.0,0.0,0.0,436.0,0.0,0.0,0.0,,0.0,0.0,1.0,0.0,1.0,2.0,0.0,0.0,0.0,0.0,0.0,0.0,0.0,0.0,0.0,0.0,0.0,0.0,0.0,592.0
2016-11-21,,0.0,2.0,13.0,0.0,0.0,0.0,0.0,0.0,0.0,0.0,0.0,0.0,0.0,437.0,0.0,0.0,0.0,,0.0,0.0,1.0,0.0,1.0,2.0,0.0,0.0,0.0,971.0,0.0,0.0,0.0,1.0,140.0,0.0,0.0,0.0,0.0,1568.0
2016-11-22,,0.0,2.0,14.0,150.0,0.0,0.0,0.0,0.0,0.0,0.0,0.0,0.0,0.0,425.0,0.0,0.0,0.0,,0.0,0.0,2.0,0.0,4.0,2.0,0.0,0.0,0.0,321.0,0.0,0.0,0.0,1.0,5.0,0.0,0.0,0.0,0.0,926.0
2016-11-24,,0.0,5.0,32.0,0.0,0.0,0.0,0.0,0.0,0.0,0.0,0.0,0.0,0.0,445.0,0.0,0.0,0.0,,0.0,0.0,2.0,0.0,1.0,2.0,0.0,0.0,0.0,453.0,0.0,0.0,0.0,1.0,0.0,0.0,0.0,0.0,0.0,941.0
2016-11-25,,0.0,2.0,21.0,100.0,0.0,0.0,0.0,0.0,0.0,0.0,0.0,0.0,0.0,460.0,100.0,0.0,0.0,,0.0,0.0,2.0,0.0,0.0,4.0,0.0,0.0,0.0,0.0,0.0,0.0,0.0,0.0,0.0,0.0,0.0,0.0,0.0,689.0
2016-11-26,,0.0,2.0,18.0,0.0,0.0,0.0,0.0,0.0,0.0,0.0,0.0,0.0,0.0,438.0,0.0,0.0,0.0,,0.0,0.0,2.0,0.0,1.0,4.0,0.0,0.0,0.0,0.0,0.0,0.0,0.0,1.0,30.0,0.0,0.0,0.0,0.0,496.0
2016-11-27,,0.0,2.0,1.0,0.0,0.0,0.0,0.0,0.0,0.0,0.0,0.0,0.0,0.0,449.0,0.0,0.0,0.0,,0.0,0.0,1.0,0.0,2.0,2.0,0.0,0.0,0.0,148.0,0.0,0.0,0.0,0.0,0.0,0.0,0.0,0.0,0.0,605.0
2016-11-28,,0.0,1.0,3.0,0.0,0.0,0.0,0.0,0.0,0.0,0.0,0.0,66.0,0.0,430.0,0.0,0.0,0.0,,0.0,0.0,2.0,0.0,1.0,3.0,0.0,0.0,0.0,148.0,0.0,0.0,0.0,0.0,0.0,0.0,0.0,0.0,0.0,654.0
2016-11-29,,0.0,2.0,8.0,0.0,0.0,0.0,0.0,0.0,0.0,0.0,0.0,146.0,0.0,428.0,0.0,0.0,0.0,,0.0,0.0,2.0,0.0,1.0,1.0,0.0,0.0,0.0,0.0,0.0,0.0,0.0,0.0,0.0,0.0,0.0,0.0,0.0,588.0
2016-11-30,,0.0,9.0,9.0,0.0,0.0,0.0,0.0,0.0,0.0,0.0,0.0,200.0,0.0,443.0,0.0,800.0,0.0,,0.0,0.0,0.0,0.0,1.0,1.0,0.0,0.0,0.0,0.0,0.0,0.0,0.0,0.0,110.0,0.0,0.0,0.0,0.0,1573.0
2016-12-01,,0.0,2.0,21.0,150.0,0.0,0.0,0.0,0.0,0.0,0.0,0.0,23.0,0.0,448.0,148.0,0.0,0.0,,0.0,0.0,3.0,0.0,3.0,4.0,0.0,0.0,0.0,67.0,0.0,0.0,0.0,0.0,0.0,0.0,0.0,0.0,0.0,869.0
2016-12-02,,0.0,2.0,18.0,0.0,0.0,0.0,0.0,0.0,0.0,0.0,0.0,216.0,0.0,444.0,0.0,0.0,0.0,,0.0,22.0,4.0,0.0,1.0,1.0,0.0,0.0,0.0,0.0,0.0,0.0,0.0,0.0,65.0,75.0,0.0,0.0,0.0,848.0
2016-12-03,,0.0,7.0,52.0,0.0,0.0,0.0,0.0,0.0,0.0,0.0,0.0,87.0,0.0,447.0,0.0,0.0,0.0,,0.0,0.0,4.0,0.0,5.0,4.0,0.0,0.0,0.0,0.0,0.0,0.0,0.0,5.0,275.0,0.0,0.0,0.0,0.0,886.0
2016-12-04,,0.0,8.0,7.0,0.0,0.0,0.0,0.0,0.0,0.0,0.0,0.0,273.0,0.0,436.0,0.0,0.0,0.0,,0.0,0.0,2.0,0.0,2.0,5.0,0.0,0.0,0.0,707.0,0.0,0.0,0.0,0.0,225.0,0.0,0.0,0.0,0.0,1665.0
2016-12-05,,0.0,3.0,22.0,0.0,0.0,0.0,0.0,0.0,0.0,0.0,0.0,0.0,0.0,451.0,0.0,0.0,0.0,,0.0,0.0,2.0,0.0,2.0,2.0,0.0,0.0,0.0,538.0,0.0,0.0,0.0,2.0,395.0,150.0,0.0,0.0,0.0,1567.0
2016-12-06,,0.0,4.0,24.0,200.0,0.0,0.0,0.0,0.0,3.0,0.0,0.0,0.0,0.0,423.0,0.0,0.0,0.0,,0.0,0.0,3.0,0.0,1.0,0.0,0.0,0.0,0.0,136.0,0.0,0.0,0.0,2.0,0.0,0.0,0.0,0.0,0.0,796.0
2016-12-07,,0.0,1.0,44.0,100.0,0.0,0.0,0.0,0.0,0.0,0.0,0.0,0.0,0.0,419.0,0.0,0.0,0.0,,0.0,0.0,9.0,0.0,3.0,1.0,0.0,0.0,0.0,0.0,0.0,0.0,0.0,8.0,275.0,0.0,0.0,0.0,0.0,860.0
2016-12-08,,0.0,4.0,2.0,0.0,0.0,0.0,0.0,0.0,0.0,0.0,0.0,0.0,0.0,423.0,0.0,0.0,0.0,,0.0,0.0,3.0,1.0,3.0,5.0,0.0,0.0,0.0,0.0,0.0,0.0,0.0,0.0,275.0,0.0,0.0,0.0,0.0,716.0
2016-12-09,,0.0,3.0,5.0,150.0,0.0,0.0,0.0,0.0,0.0,0.0,0.0,0.0,4.0,422.0,0.0,0.0,0.0,,0.0,0.0,6.0,0.0,2.0,5.0,0.0,0.0,0.0,0.0,0.0,0.0,0.0,0.0,35.0,0.0,0.0,0.0,0.0,632.0
2016-12-10,,0.0,4.0,17.0,300.0,0.0,0.0,0.0,0.0,0.0,0.0,0.0,0.0,0.0,422.0,0.0,0.0,0.0,,0.0,0.0,3.0,0.0,4.0,3.0,0.0,0.0,0.0,0.0,0.0,0.0,0.0,0.0,35.0,0.0,0.0,0.0,0.0,788.0
2016-12-11,,0.0,4.0,20.0,150.0,0.0,0.0,0.0,0.0,3.0,0.0,0.0,0.0,0.0,431.0,0.0,0.0,0.0,,0.0,0.0,5.0,0.0,4.0,6.0,0.0,0.0,0.0,58.0,0.0,0.0,0.0,0.0,705.0,0.0,0.0,0.0,0.0,1386.0
2016-12-12,,0.0,2.0,26.0,0.0,0.0,0.0,0.0,0.0,0.0,0.0,0.0,0.0,0.0,466.0,0.0,0.0,0.0,,0.0,0.0,4.0,0.0,3.0,4.0,0.0,0.0,0.0,923.0,0.0,0.0,0.0,0.0,0.0,0.0,0.0,0.0,0.0,1428.0
2016-12-13,,0.0,2.0,6.0,0.0,0.0,0.0,0.0,0.0,0.0,0.0,0.0,0.0,0.0,458.0,0.0,0.0,0.0,,0.0,0.0,3.0,0.0,1.0,1.0,0.0,0.0,0.0,912.0,0.0,0.0,0.0,0.0,195.0,0.0,0.0,0.0,0.0,1578.0
2016-12-13,,0.0,2.0,6.0,0.0,0.0,0.0,0.0,0.0,0.0,0.0,0.0,0.0,0.0,458.0,0.0,0.0,0.0,,0.0,0.0,3.0,0.0,1.0,1.0,0.0,0.0,0.0,912.0,0.0,0.0,0.0,0.0,195.0,0.0,0.0,0.0,0.0,1578.0
2016-12-14,,0.0,2.0,18.0,0.0,0.0,0.0,0.0,0.0,0.0,0.0,0.0,0.0,0.0,478.0,0.0,0.0,0.0,,0.0,0.0,2.0,0.0,2.0,2.0,0.0,0.0,0.0,383.0,0.0,0.0,0.0,9.0,505.0,0.0,0.0,0.0,0.0,1401.0
2016-12-16,,0.0,3.0,8.0,250.0,0.0,0.0,0.0,0.0,0.0,0.0,0.0,0.0,0.0,432.0,0.0,0.0,0.0,,0.0,0.0,1.0,0.0,1.0,1.0,0.0,0.0,0.0,260.0,0.0,0.0,0.0,0.0,175.0,0.0,0.0,0.0,0.0,1131.0
2016-12-17,,0.0,0.0,13.0,0.0,0.0,0.0,0.0,0.0,0.0,0.0,0.0,0.0,0.0,462.0,0.0,0.0,0.0,,0.0,0.0,2.0,0.0,1.0,2.0,0.0,0.0,0.0,271.0,0.0,0.0,0.0,0.0,75.0,0.0,0.0,0.0,0.0,826.0
2016-12-18,,0.0,0.0,7.0,0.0,0.0,0.0,0.0,0.0,0.0,0.0,0.0,0.0,0.0,425.0,0.0,0.0,0.0,,0.0,0.0,3.0,0.0,2.0,2.0,0.0,0.0,0.0,0.0,0.0,0.0,0.0,0.0,0.0,0.0,0.0,0.0,0.0,439.0
2016-12-19,,0.0,5.0,10.0,0.0,0.0,0.0,0.0,0.0,0.0,0.0,0.0,0.0,0.0,454.0,0.0,0.0,0.0,,0.0,0.0,0.0,0.0,1.0,0.0,0.0,0.0,0.0,176.0,0.0,0.0,0.0,0.0,0.0,0.0,0.0,0.0,0.0,646.0
2016-12-20,,0.0,1.0,10.0,0.0,0.0,0.0,0.0,0.0,0.0,0.0,0.0,0.0,0.0,437.0,0.0,0.0,0.0,,0.0,0.0,1.0,0.0,1.0,3.0,0.0,0.0,0.0,0.0,0.0,0.0,0.0,0.0,10.0,0.0,0.0,0.0,0.0,463.0
2016-12-21,,0.0,2.0,14.0,0.0,0.0,0.0,0.0,0.0,0.0,0.0,0.0,0.0,27.0,439.0,0.0,0.0,0.0,,0.0,0.0,4.0,0.0,1.0,3.0,0.0,0.0,0.0,0.0,0.0,0.0,0.0,0.0,120.0,0.0,0.0,0.0,0.0,610.0
2016-12-22,,0.0,3.0,6.0,300.0,0.0,0.0,0.0,0.0,0.0,0.0,0.0,0.0,0.0,357.0,0.0,0.0,0.0,,0.0,0.0,1.0,0.0,3.0,2.0,0.0,0.0,0.0,155.0,0.0,0.0,0.0,0.0,10.0,0.0,0.0,0.0,0.0,837.0
2016-12-23,,0.0,1.0,3.0,0.0,0.0,0.0,0.0,0.0,0.0,0.0,0.0,0.0,0.0,422.0,0.0,0.0,0.0,,0.0,0.0,1.0,0.0,1.0,1.0,0.0,0.0,0.0,95.0,0.0,0.0,0.0,1.0,510.0,0.0,0.0,0.0,0.0,1035.0
2016-12-24,,0.0,1.0,9.0,200.0,0.0,0.0,0.0,0.0,0.0,0.0,0.0,0.0,0.0,446.0,200.0,0.0,0.0,,0.0,0.0,1.0,0.0,2.0,1.0,0.0,0.0,0.0,0.0,0.0,0.0,0.0,2.0,0.0,0.0,0.0,0.0,0.0,862.0
2016-12-25,,0.0,2.0,24.0,400.0,0.0,0.0,0.0,0.0,0.0,0.0,0.0,0.0,0.0,431.0,0.0,0.0,0.0,,0.0,8.0,1.0,0.0,2.0,2.0,0.0,0.0,0.0,433.0,0.0,0.0,0.0,1.0,0.0,0.0,0.0,0.0,0.0,1304.0
2016-12-26,,0.0,2.0,67.0,0.0,0.0,0.0,0.0,0.0,0.0,0.0,0.0,0.0,3.0,433.0,0.0,0.0,0.0,,0.0,0.0,2.0,0.0,1.0,5.0,0.0,0.0,0.0,0.0,0.0,0.0,0.0,0.0,0.0,0.0,0.0,0.0,0.0,513.0
2016-12-27,,0.0,2.0,4.0,0.0,0.0,0.0,0.0,0.0,0.0,0.0,0.0,0.0,18.0,423.0,86.0,0.0,0.0,,0.0,0.0,3.0,0.0,4.0,2.0,0.0,0.0,0.0,590.0,0.0,0.0,0.0,0.0,0.0,0.0,0.0,0.0,0.0,1132.0
2016-12-28,,0.0,4.0,24.0,0.0,0.0,0.0,0.0,0.0,0.0,0.0,0.0,0.0,37.0,428.0,0.0,200.0,0.0,,0.0,0.0,2.0,0.0,5.0,5.0,0.0,0.0,0.0,0.0,0.0,0.0,0.0,0.0,110.0,0.0,0.0,0.0,0.0,815.0
2016-12-29,,0.0,2.0,14.0,0.0,0.0,0.0,0.0,0.0,0.0,0.0,0.0,0.0,0.0,463.0,0.0,0.0,350.0,,0.0,412.0,0.0,0.0,3.0,2.0,0.0,0.0,0.0,0.0,0.0,0.0,0.0,2.0,0.0,0.0,0.0,0.0,0.0,1248.0
2016-12-30,,0.0,1.0,16.0,100.0,0.0,0.0,0.0,0.0,0.0,0.0,0.0,471.0,0.0,442.0,0.0,0.0,350.0,,0.0,0.0,2.0,0.0,2.0,1.0,0.0,0.0,0.0,0.0,0.0,0.0,0.0,0.0,0.0,0.0,0.0,0.0,0.0,1385.0
2016-12-31,,0.0,1.0,0.0,0.0,0.0,0.0,0.0,0.0,0.0,0.0,0.0,107.0,0.0,513.0,0.0,0.0,0.0,,0.0,0.0,1.0,0.0,1.0,2.0,0.0,0.0,0.0,123.0,0.0,0.0,0.0,0.0,310.0,0.0,0.0,0.0,0.0,1058.0
2017-01-02,,0.0,6.0,8.0,0.0,0.0,0.0,0.0,0.0,0.0,0.0,0.0,0.0,0.0,545.0,0.0,0.0,0.0,,0.0,0.0,1.0,0.0,4.0,1.0,0.0,0.0,0.0,0.0,0.0,0.0,0.0,1.0,0.0,0.0,0.0,0.0,0.0,566.0
2017-01-03,,0.0,5.0,70.0,0.0,0.0,0.0,0.0,0.0,0.0,0.0,0.0,0.0,0.0,493.0,0.0,0.0,0.0,,0.0,0.0,1.0,0.0,2.0,1.0,0.0,0.0,0.0,664.0,0.0,0.0,0.0,0.0,410.0,0.0,0.0,0.0,0.0,1646.0
2017-01-04,,0.0,2.0,38.0,0.0,0.0,0.0,0.0,0.0,0.0,0.0,0.0,0.0,0.0,484.0,100.0,0.0,0.0,,0.0,0.0,2.0,0.0,1.0,1.0,0.0,0.0,0.0,438.0,0.0,0.0,0.0,0.0,0.0,0.0,0.0,0.0,0.0,1066.0
2017-01-05,,0.0,2.0,39.0,0.0,0.0,0.0,0.0,0.0,0.0,0.0,0.0,0.0,0.0,490.0,0.0,0.0,0.0,,0.0,0.0,1.0,0.0,1.0,1.0,0.0,0.0,0.0,0.0,0.0,0.0,0.0,0.0,0.0,0.0,0.0,0.0,0.0,534.0
2017-01-06,,0.0,3.0,16.0,0.0,0.0,0.0,0.0,0.0,0.0,0.0,0.0,0.0,0.0,430.0,0.0,0.0,0.0,,0.0,0.0,7.0,0.0,1.0,6.0,0.0,0.0,0.0,0.0,0.0,0.0,0.0,0.0,0.0,0.0,0.0,0.0,0.0,463.0
2017-01-07,,0.0,3.0,14.0,200.0,0.0,0.0,0.0,0.0,0.0,0.0,0.0,0.0,110.0,507.0,0.0,0.0,0.0,,0.0,0.0,6.0,0.0,1.0,4.0,0.0,0.0,0.0,0.0,0.0,0.0,0.0,0.0,0.0,0.0,0.0,0.0,0.0,845.0
2017-01-09,,0.0,2.0,6.0,150.0,0.0,0.0,0.0,0.0,0.0,0.0,0.0,0.0,50.0,513.0,0.0,0.0,0.0,,0.0,0.0,3.0,0.0,1.0,2.0,0.0,0.0,0.0,0.0,0.0,0.0,0.0,0.0,30.0,0.0,0.0,0.0,0.0,757.0
2017-01-10,,0.0,4.0,3.0,-100.0,0.0,0.0,0.0,0.0,2.0,0.0,0.0,0.0,50.0,542.0,0.0,0.0,0.0,,0.0,0.0,4.0,0.0,2.0,3.0,0.0,0.0,0.0,373.0,0.0,0.0,0.0,0.0,800.0,0.0,0.0,0.0,0.0,1683.0
2017-01-11,,0.0,1.0,1.0,0.0,0.0,0.0,0.0,0.0,2.0,0.0,0.0,0.0,50.0,523.0,0.0,0.0,0.0,,0.0,0.0,2.0,0.0,0.0,2.0,0.0,0.0,0.0,144.0,0.0,0.0,0.0,0.0,0.0,0.0,0.0,0.0,0.0,725.0
2017-01-12,,0.0,1.0,18.0,0.0,0.0,0.0,0.0,0.0,0.0,0.0,0.0,0.0,15.0,512.0,0.0,0.0,0.0,,0.0,10.0,2.0,0.0,1.0,1.0,0.0,0.0,0.0,0.0,0.0,0.0,0.0,0.0,320.0,70.0,0.0,0.0,0.0,950.0
2017-01-13,,0.0,2.0,5.0,0.0,0.0,0.0,0.0,0.0,0.0,0.0,0.0,0.0,0.0,563.0,0.0,0.0,0.0,,0.0,0.0,1.0,0.0,0.0,1.0,0.0,0.0,0.0,0.0,0.0,0.0,0.0,0.0,0.0,0.0,0.0,0.0,0.0,572.0
2017-01-14,,0.0,4.0,5.0,0.0,0.0,0.0,0.0,0.0,0.0,0.0,0.0,0.0,0.0,557.0,0.0,0.0,0.0,,0.0,0.0,1.0,0.0,1.0,2.0,0.0,0.0,0.0,101.0,0.0,0.0,0.0,0.0,0.0,0.0,0.0,0.0,0.0,671.0
2017-01-15,,0.0,3.0,0.0,200.0,0.0,0.0,0.0,0.0,8.0,0.0,0.0,0.0,0.0,567.0,0.0,0.0,0.0,,0.0,353.0,2.0,0.0,1.0,3.0,0.0,0.0,0.0,0.0,0.0,0.0,0.0,0.0,0.0,0.0,0.0,0.0,0.0,1137.0
2017-01-16,,0.0,2.0,2.0,100.0,0.0,0.0,0.0,0.0,0.0,0.0,0.0,0.0,0.0,530.0,0.0,0.0,0.0,,0.0,142.0,1.0,0.0,2.0,1.0,0.0,0.0,0.0,0.0,0.0,0.0,0.0,0.0,0.0,0.0,0.0,0.0,0.0,780.0
2017-01-17,,0.0,2.0,7.0,0.0,0.0,0.0,0.0,0.0,0.0,0.0,0.0,0.0,0.0,503.0,0.0,0.0,0.0,,0.0,195.0,2.0,0.0,1.0,2.0,0.0,0.0,0.0,86.0,0.0,0.0,0.0,1.0,0.0,0.0,0.0,0.0,0.0,799.0
2017-01-18,,0.0,2.0,21.0,200.0,0.0,0.0,0.0,0.0,0.0,0.0,0.0,0.0,0.0,506.0,0.0,0.0,0.0,,0.0,195.0,4.0,0.0,1.0,3.0,0.0,0.0,0.0,0.0,0.0,0.0,0.0,0.0,0.0,0.0,0.0,0.0,0.0,932.0
2017-01-19,,0.0,1.0,48.0,100.0,0.0,0.0,0.0,0.0,0.0,0.0,0.0,0.0,0.0,502.0,0.0,0.0,0.0,,0.0,0.0,1.0,0.0,0.0,1.0,0.0,0.0,0.0,0.0,0.0,0.0,0.0,0.0,0.0,0.0,0.0,0.0,0.0,653.0
2017-01-20,,0.0,1.0,12.0,100.0,0.0,0.0,0.0,0.0,0.0,0.0,0.0,0.0,0.0,502.0,0.0,0.0,0.0,,0.0,20.0,1.0,0.0,1.0,1.0,0.0,0.0,0.0,0.0,0.0,0.0,0.0,0.0,0.0,0.0,0.0,0.0,0.0,638.0
2017-01-21,,0.0,4.0,8.0,0.0,0.0,0.0,0.0,0.0,0.0,0.0,0.0,0.0,0.0,581.0,0.0,0.0,0.0,,0.0,0.0,1.0,0.0,1.0,1.0,0.0,0.0,0.0,0.0,0.0,0.0,0.0,0.0,0.0,0.0,0.0,0.0,0.0,596.0
2017-01-22,,0.0,3.0,9.0,0.0,0.0,0.0,0.0,0.0,0.0,0.0,0.0,0.0,76.0,591.0,0.0,0.0,0.0,,0.0,0.0,3.0,0.0,3.0,3.0,0.0,0.0,0.0,0.0,0.0,0.0,0.0,5.0,0.0,0.0,0.0,0.0,0.0,693.0
2017-01-23,,0.0,3.0,15.0,150.0,0.0,0.0,0.0,0.0,0.0,0.0,0.0,0.0,0.0,517.0,0.0,0.0,0.0,,0.0,0.0,4.0,0.0,3.0,5.0,0.0,0.0,0.0,0.0,0.0,0.0,0.0,0.0,0.0,0.0,0.0,0.0,0.0,697.0
2017-01-24,,0.0,4.0,17.0,100.0,0.0,0.0,0.0,0.0,0.0,0.0,0.0,0.0,75.0,518.0,0.0,0.0,0.0,,0.0,17.0,1.0,0.0,0.0,1.0,0.0,0.0,0.0,0.0,0.0,0.0,0.0,0.0,0.0,0.0,0.0,0.0,0.0,733.0
2017-01-25,,0.0,1.0,20.0,0.0,0.0,0.0,0.0,0.0,0.0,0.0,0.0,0.0,6.0,589.0,0.0,0.0,0.0,,0.0,0.0,1.0,0.0,1.0,1.0,0.0,0.0,0.0,0.0,0.0,0.0,0.0,0.0,0.0,0.0,0.0,0.0,0.0,619.0
2017-01-26,,0.0,0.0,0.0,0.0,0.0,0.0,0.0,0.0,0.0,0.0,0.0,0.0,0.0,395.0,0.0,0.0,0.0,,0.0,0.0,1.0,0.0,1.0,0.0,0.0,0.0,0.0,0.0,0.0,0.0,0.0,1.0,0.0,0.0,0.0,0.0,0.0,398.0
2017-01-27,,0.0,0.0,21.0,0.0,0.0,0.0,0.0,0.0,0.0,0.0,0.0,455.0,0.0,475.0,0.0,0.0,0.0,,0.0,0.0,2.0,0.0,3.0,3.0,0.0,0.0,0.0,450.0,0.0,0.0,0.0,0.0,140.0,0.0,0.0,0.0,0.0,1549.0
2017-01-28,,0.0,1.0,47.0,0.0,0.0,0.0,0.0,0.0,0.0,0.0,0.0,0.0,0.0,527.0,0.0,0.0,0.0,,0.0,0.0,1.0,0.0,1.0,1.0,0.0,0.0,0.0,0.0,0.0,0.0,0.0,0.0,0.0,0.0,0.0,0.0,0.0,578.0
2017-01-28,,0.0,1.0,47.0,0.0,0.0,0.0,0.0,0.0,0.0,0.0,0.0,0.0,0.0,527.0,0.0,0.0,0.0,,0.0,0.0,1.0,0.0,1.0,1.0,0.0,0.0,0.0,0.0,0.0,0.0,0.0,0.0,0.0,0.0,0.0,0.0,0.0,578.0
2017-01-29,,0.0,5.0,17.0,0.0,0.0,0.0,0.0,0.0,0.0,0.0,0.0,0.0,0.0,511.0,0.0,0.0,0.0,,0.0,0.0,1.0,0.0,1.0,1.0,0.0,0.0,0.0,0.0,0.0,0.0,0.0,0.0,0.0,0.0,0.0,0.0,0.0,536.0
2017-01-29,,0.0,5.0,17.0,0.0,0.0,0.0,0.0,0.0,0.0,0.0,0.0,0.0,0.0,511.0,0.0,0.0,0.0,,0.0,0.0,1.0,0.0,1.0,1.0,0.0,0.0,0.0,0.0,0.0,0.0,0.0,0.0,0.0,0.0,0.0,0.0,0.0,536.0
2017-01-30,,0.0,2.0,22.0,0.0,0.0,229.0,0.0,0.0,0.0,0.0,0.0,0.0,0.0,512.0,0.0,0.0,0.0,,0.0,0.0,6.0,0.0,2.0,3.0,0.0,0.0,0.0,0.0,0.0,0.0,0.0,1.0,0.0,0.0,0.0,0.0,0.0,777.0
2017-01-30,,0.0,2.0,22.0,0.0,0.0,229.0,0.0,0.0,0.0,0.0,0.0,0.0,0.0,512.0,0.0,0.0,0.0,,0.0,0.0,6.0,0.0,2.0,3.0,0.0,0.0,0.0,0.0,0.0,0.0,0.0,1.0,0.0,0.0,0.0,0.0,0.0,777.0
2017-01-31,,0.0,3.0,0.0,100.0,0.0,0.0,0.0,0.0,0.0,0.0,0.0,336.0,0.0,513.0,0.0,0.0,0.0,,0.0,0.0,2.0,0.0,1.0,3.0,0.0,0.0,0.0,40.0,0.0,0.0,0.0,1.0,240.0,0.0,0.0,0.0,0.0,1239.0
2017-01-31,,0.0,3.0,0.0,100.0,0.0,0.0,0.0,0.0,0.0,0.0,0.0,336.0,0.0,513.0,0.0,0.0,0.0,,0.0,0.0,2.0,0.0,1.0,3.0,0.0,0.0,0.0,40.0,0.0,0.0,0.0,1.0,240.0,0.0,0.0,0.0,0.0,1239.0
2017-02-01,,0.0,4.0,4.0,0.0,0.0,0.0,0.0,0.0,0.0,0.0,0.0,191.0,0.0,566.0,0.0,0.0,0.0,,0.0,0.0,3.0,0.0,1.0,0.0,0.0,0.0,0.0,73.0,0.0,0.0,0.0,1.0,0.0,0.0,0.0,0.0,0.0,843.0
2017-02-01,,0.0,4.0,4.0,0.0,0.0,0.0,0.0,0.0,0.0,0.0,0.0,191.0,0.0,566.0,0.0,0.0,0.0,,0.0,0.0,3.0,0.0,1.0,0.0,0.0,0.0,0.0,73.0,0.0,0.0,0.0,1.0,0.0,0.0,0.0,0.0,0.0,843.0
2017-02-02,,0.0,5.0,26.0,0.0,0.0,0.0,0.0,0.0,27.0,0.0,0.0,0.0,0.0,529.0,0.0,0.0,0.0,,0.0,0.0,0.0,0.0,2.0,2.0,0.0,0.0,0.0,161.0,0.0,0.0,0.0,1.0,0.0,0.0,0.0,0.0,0.0,753.0
2017-02-03,,0.0,3.0,13.0,0.0,0.0,0.0,0.0,0.0,0.0,0.0,0.0,0.0,0.0,524.0,0.0,0.0,0.0,,0.0,0.0,2.0,0.0,1.0,5.0,0.0,0.0,0.0,37.0,0.0,0.0,0.0,0.0,70.0,0.0,0.0,0.0,0.0,655.0
2017-02-04,,0.0,3.0,4.0,0.0,0.0,0.0,0.0,0.0,0.0,0.0,0.0,0.0,0.0,577.0,0.0,0.0,0.0,,0.0,0.0,2.0,0.0,1.0,3.0,0.0,0.0,0.0,110.0,0.0,0.0,0.0,0.0,0.0,0.0,0.0,0.0,0.0,700.0
2017-02-05,,0.0,2.0,16.0,0.0,0.0,0.0,0.0,0.0,0.0,0.0,0.0,0.0,0.0,513.0,0.0,0.0,0.0,,0.0,0.0,2.0,0.0,2.0,1.0,0.0,0.0,0.0,0.0,0.0,0.0,0.0,1.0,0.0,0.0,0.0,0.0,0.0,537.0
2017-02-07,,0.0,3.0,6.0,0.0,0.0,0.0,0.0,0.0,0.0,0.0,0.0,108.0,0.0,552.0,0.0,0.0,0.0,,0.0,0.0,2.0,0.0,1.0,2.0,0.0,0.0,0.0,0.0,0.0,0.0,0.0,1.0,0.0,0.0,0.0,0.0,0.0,675.0
2017-02-08,,0.0,4.0,2.0,100.0,0.0,0.0,0.0,0.0,0.0,0.0,0.0,207.0,0.0,585.0,0.0,0.0,0.0,,0.0,0.0,4.0,0.0,1.0,3.0,0.0,0.0,0.0,156.0,0.0,0.0,0.0,0.0,0.0,0.0,0.0,0.0,0.0,1062.0
2017-02-09,,0.0,1.0,10.0,100.0,0.0,0.0,0.0,0.0,0.0,0.0,0.0,0.0,52.0,486.0,0.0,0.0,0.0,,0.0,0.0,1.0,0.0,1.0,1.0,0.0,0.0,0.0,85.0,0.0,0.0,0.0,2.0,0.0,0.0,0.0,0.0,0.0,739.0
2017-02-10,,0.0,1.0,28.0,250.0,0.0,0.0,0.0,0.0,0.0,0.0,0.0,388.0,0.0,555.0,0.0,0.0,0.0,,0.0,0.0,1.0,0.0,0.0,1.0,0.0,0.0,0.0,0.0,0.0,0.0,0.0,1.0,0.0,0.0,0.0,0.0,0.0,1225.0
2017-02-20,,0.0,4.0,177.0,0.0,0.0,0.0,0.0,0.0,0.0,0.0,0.0,0.0,0.0,474.0,0.0,0.0,0.0,,0.0,0.0,3.0,0.0,1.0,3.0,0.0,0.0,0.0,0.0,0.0,0.0,0.0,0.0,0.0,0.0,0.0,0.0,0.0,662.0
2017-02-21,,0.0,3.0,167.0,0.0,0.0,0.0,0.0,0.0,0.0,0.0,0.0,0.0,0.0,524.0,0.0,0.0,0.0,,0.0,0.0,1.0,0.0,1.0,1.0,0.0,0.0,0.0,0.0,0.0,0.0,0.0,1.0,0.0,0.0,0.0,0.0,0.0,698.0
2017-02-22,,0.0,0.0,309.0,0.0,0.0,0.0,0.0,0.0,0.0,0.0,0.0,0.0,0.0,495.0,0.0,0.0,0.0,,0.0,0.0,1.0,0.0,1.0,1.0,0.0,0.0,0.0,0.0,0.0,0.0,0.0,1.0,50.0,0.0,0.0,0.0,0.0,858.0
2017-02-23,,0.0,2.0,138.0,0.0,0.0,0.0,0.0,0.0,0.0,0.0,9.0,0.0,0.0,490.0,0.0,0.0,0.0,,0.0,21.0,4.0,0.0,3.0,2.0,0.0,0.0,0.0,0.0,0.0,0.0,0.0,2.0,40.0,0.0,0.0,0.0,0.0,711.0
2017-02-24,,0.0,2.0,82.0,0.0,0.0,0.0,0.0,0.0,0.0,0.0,0.0,0.0,0.0,511.0,0.0,0.0,100.0,,0.0,0.0,2.0,0.0,1.0,3.0,0.0,0.0,0.0,0.0,0.0,0.0,0.0,0.0,0.0,0.0,0.0,0.0,0.0,701.0
2017-02-25,,0.0,1.0,69.0,0.0,0.0,0.0,0.0,0.0,0.0,0.0,0.0,0.0,0.0,494.0,0.0,0.0,0.0,,0.0,0.0,1.0,0.0,2.0,1.0,0.0,0.0,0.0,0.0,0.0,0.0,0.0,0.0,0.0,0.0,0.0,0.0,0.0,568.0
2017-02-26,,0.0,1.0,49.0,0.0,0.0,0.0,0.0,0.0,0.0,0.0,0.0,0.0,0.0,492.0,0.0,0.0,0.0,,0.0,0.0,0.0,0.0,0.0,2.0,0.0,0.0,0.0,0.0,0.0,0.0,0.0,0.0,25.0,0.0,0.0,0.0,0.0,569.0
2017-02-27,,0.0,1.0,47.0,100.0,0.0,0.0,0.0,0.0,0.0,0.0,0.0,0.0,6.0,500.0,0.0,0.0,0.0,,0.0,0.0,2.0,0.0,1.0,0.0,0.0,0.0,0.0,0.0,0.0,0.0,0.0,1.0,0.0,0.0,0.0,0.0,0.0,658.0
2017-03-01,,0.0,0.0,71.0,0.0,0.0,0.0,0.0,0.0,0.0,0.0,0.0,0.0,0.0,487.0,0.0,0.0,0.0,,12.0,0.0,2.0,0.0,0.0,4.0,0.0,0.0,0.0,0.0,0.0,0.0,0.0,0.0,0.0,0.0,0.0,0.0,0.0,576.0
2017-03-03,,0.0,4.0,64.0,0.0,0.0,0.0,0.0,0.0,0.0,0.0,0.0,0.0,0.0,496.0,0.0,0.0,0.0,,0.0,0.0,5.0,0.0,1.0,1.0,0.0,0.0,0.0,0.0,0.0,0.0,0.0,0.0,0.0,0.0,0.0,0.0,0.0,571.0
2017-03-04,,0.0,1.0,229.0,0.0,0.0,0.0,0.0,0.0,0.0,0.0,0.0,0.0,0.0,490.0,0.0,0.0,0.0,,0.0,0.0,1.0,0.0,2.0,6.0,0.0,0.0,0.0,0.0,0.0,0.0,0.0,0.0,0.0,0.0,0.0,0.0,0.0,729.0
2017-03-05,,0.0,1.0,122.0,0.0,0.0,0.0,0.0,0.0,0.0,0.0,0.0,0.0,73.0,492.0,0.0,0.0,0.0,,0.0,0.0,2.0,0.0,1.0,0.0,0.0,0.0,0.0,0.0,0.0,0.0,0.0,5.0,0.0,0.0,29.0,0.0,0.0,725.0
2017-03-06,,0.0,3.0,101.0,0.0,0.0,0.0,0.0,0.0,0.0,0.0,0.0,0.0,0.0,486.0,0.0,0.0,0.0,,0.0,0.0,1.0,0.0,1.0,1.0,0.0,0.0,0.0,0.0,0.0,0.0,0.0,4.0,0.0,0.0,0.0,0.0,0.0,597.0
2017-03-07,,0.0,1.0,2.0,0.0,0.0,0.0,0.0,0.0,0.0,0.0,0.0,0.0,0.0,507.0,0.0,0.0,0.0,,0.0,0.0,0.0,0.0,0.0,5.0,0.0,0.0,0.0,0.0,0.0,0.0,0.0,1.0,0.0,0.0,0.0,0.0,0.0,516.0
2017-03-07,,0.0,1.0,2.0,0.0,0.0,0.0,0.0,0.0,0.0,0.0,0.0,0.0,0.0,507.0,0.0,0.0,0.0,,0.0,0.0,0.0,0.0,0.0,5.0,0.0,0.0,0.0,0.0,0.0,0.0,0.0,1.0,0.0,0.0,0.0,0.0,0.0,516.0
2017-03-08,,0.0,1.0,85.0,0.0,0.0,0.0,0.0,0.0,0.0,0.0,0.0,0.0,0.0,520.0,40.0,0.0,0.0,,0.0,0.0,5.0,0.0,3.0,2.0,0.0,0.0,0.0,0.0,0.0,0.0,0.0,0.0,0.0,0.0,0.0,0.0,0.0,656.0
2017-03-09,,0.0,1.0,40.0,0.0,0.0,0.0,0.0,0.0,0.0,0.0,10.0,0.0,0.0,489.0,0.0,0.0,0.0,,3.0,0.0,5.0,0.0,3.0,2.0,0.0,0.0,0.0,0.0,0.0,0.0,0.0,0.0,0.0,0.0,0.0,0.0,0.0,553.0
2017-03-10,,0.0,1.0,100.0,0.0,0.0,0.0,0.0,0.0,0.0,0.0,0.0,0.0,0.0,370.0,0.0,0.0,0.0,,0.0,0.0,1.0,0.0,0.0,1.0,0.0,0.0,0.0,0.0,0.0,0.0,0.0,0.0,0.0,0.0,0.0,0.0,0.0,473.0
2017-03-11,,0.0,5.0,94.0,0.0,0.0,0.0,0.0,0.0,0.0,0.0,0.0,0.0,0.0,354.0,0.0,0.0,0.0,,0.0,0.0,4.0,0.0,3.0,1.0,0.0,0.0,0.0,0.0,0.0,0.0,0.0,13.0,0.0,0.0,0.0,0.0,0.0,474.0
2017-03-12,,0.0,3.0,0.0,0.0,0.0,0.0,0.0,0.0,0.0,0.0,0.0,0.0,0.0,672.0,0.0,0.0,0.0,,0.0,0.0,1.0,0.0,2.0,4.0,0.0,0.0,0.0,0.0,0.0,0.0,0.0,3.0,0.0,0.0,0.0,0.0,0.0,685.0
2017-03-13,,0.0,2.0,7.0,0.0,0.0,0.0,0.0,0.0,0.0,0.0,0.0,0.0,0.0,495.0,0.0,0.0,0.0,,0.0,0.0,1.0,0.0,1.0,1.0,0.0,0.0,0.0,0.0,0.0,0.0,0.0,0.0,0.0,0.0,0.0,0.0,0.0,507.0
2017-03-14,,0.0,2.0,55.0,0.0,0.0,0.0,0.0,0.0,0.0,0.0,0.0,0.0,0.0,487.0,0.0,0.0,0.0,,0.0,0.0,1.0,0.0,1.0,1.0,0.0,0.0,0.0,0.0,0.0,0.0,0.0,1.0,0.0,0.0,0.0,0.0,0.0,548.0
2017-03-16,,0.0,4.0,55.0,0.0,0.0,0.0,0.0,0.0,7.0,0.0,0.0,0.0,0.0,505.0,0.0,0.0,0.0,,0.0,0.0,4.0,0.0,1.0,2.0,0.0,0.0,0.0,0.0,0.0,0.0,0.0,0.0,0.0,0.0,0.0,0.0,0.0,578.0
2017-03-24,,0.0,3.0,4.0,100.0,0.0,0.0,0.0,0.0,0.0,0.0,0.0,0.0,0.0,480.0,72.0,0.0,0.0,,0.0,0.0,3.0,0.0,3.0,3.0,0.0,0.0,0.0,0.0,0.0,0.0,0.0,0.0,0.0,0.0,0.0,0.0,0.0,668.0
2017-03-25,,0.0,1.0,59.0,100.0,0.0,0.0,0.0,0.0,0.0,0.0,0.0,0.0,0.0,498.0,0.0,0.0,0.0,,0.0,0.0,2.0,0.0,5.0,1.0,0.0,0.0,0.0,0.0,0.0,0.0,0.0,6.0,0.0,0.0,0.0,0.0,0.0,672.0
2017-03-26,,0.0,1.0,64.0,0.0,0.0,0.0,0.0,0.0,0.0,0.0,0.0,0.0,0.0,462.0,0.0,0.0,0.0,,0.0,0.0,1.0,0.0,1.0,4.0,0.0,0.0,0.0,0.0,0.0,0.0,0.0,1.0,0.0,0.0,9.0,0.0,0.0,543.0
2017-03-27,,0.0,1.0,31.0,300.0,0.0,0.0,0.0,0.0,0.0,0.0,0.0,0.0,0.0,452.0,0.0,0.0,0.0,,0.0,650.0,1.0,0.0,2.0,1.0,0.0,0.0,0.0,0.0,0.0,0.0,0.0,4.0,0.0,0.0,0.0,0.0,0.0,1442.0
2017-03-28,,0.0,1.0,64.0,100.0,0.0,0.0,0.0,0.0,4.0,0.0,0.0,389.0,0.0,491.0,0.0,0.0,0.0,,0.0,0.0,2.0,0.0,2.0,3.0,0.0,0.0,0.0,0.0,0.0,0.0,0.0,0.0,0.0,0.0,0.0,0.0,0.0,1056.0
2017-03-30,,0.0,2.0,104.0,0.0,0.0,187.0,0.0,0.0,0.0,0.0,0.0,0.0,0.0,496.0,0.0,0.0,0.0,,0.0,123.0,2.0,0.0,2.0,1.0,0.0,0.0,0.0,0.0,0.0,0.0,0.0,11.0,0.0,0.0,0.0,0.0,0.0,928.0
2017-03-31,,0.0,6.0,108.0,0.0,0.0,0.0,0.0,0.0,2.0,0.0,0.0,0.0,0.0,658.0,0.0,0.0,0.0,,0.0,0.0,2.0,0.0,4.0,3.0,0.0,0.0,0.0,0.0,0.0,0.0,0.0,9.0,0.0,0.0,0.0,0.0,0.0,792.0
2017-04-01,,0.0,1.0,12.0,0.0,0.0,0.0,0.0,0.0,0.0,0.0,0.0,0.0,0.0,497.0,0.0,0.0,0.0,,0.0,0.0,1.0,0.0,2.0,2.0,0.0,0.0,0.0,0.0,0.0,0.0,0.0,3.0,0.0,0.0,0.0,0.0,0.0,518.0
2017-04-02,,0.0,1.0,17.0,0.0,0.0,0.0,0.0,0.0,0.0,0.0,0.0,0.0,0.0,497.0,0.0,0.0,0.0,,0.0,0.0,1.0,0.0,2.0,3.0,0.0,0.0,0.0,0.0,0.0,0.0,0.0,0.0,20.0,0.0,0.0,0.0,0.0,541.0
2017-04-02,,0.0,1.0,17.0,0.0,0.0,0.0,0.0,0.0,0.0,0.0,0.0,0.0,0.0,497.0,0.0,0.0,0.0,,0.0,0.0,1.0,0.0,2.0,3.0,0.0,0.0,0.0,0.0,0.0,0.0,0.0,0.0,20.0,0.0,0.0,0.0,0.0,541.0
2017-04-03,,0.0,0.0,199.0,0.0,0.0,0.0,0.0,0.0,0.0,0.0,0.0,0.0,0.0,483.0,0.0,0.0,0.0,,0.0,0.0,4.0,0.0,1.0,2.0,0.0,0.0,0.0,0.0,0.0,0.0,0.0,3.0,0.0,0.0,0.0,0.0,0.0,692.0
2017-04-04,,0.0,1.0,191.0,0.0,0.0,0.0,0.0,0.0,0.0,0.0,0.0,0.0,0.0,466.0,0.0,0.0,0.0,,0.0,514.0,1.0,0.0,1.0,5.0,0.0,0.0,0.0,0.0,0.0,0.0,0.0,5.0,0.0,0.0,0.0,0.0,0.0,1184.0
2017-04-05,,0.0,1.0,25.0,0.0,0.0,0.0,0.0,0.0,0.0,0.0,0.0,0.0,0.0,492.0,0.0,0.0,0.0,,0.0,347.0,1.0,0.0,3.0,2.0,0.0,0.0,0.0,0.0,0.0,0.0,0.0,17.0,0.0,0.0,0.0,0.0,0.0,888.0
2017-04-06,,0.0,3.0,29.0,200.0,0.0,0.0,0.0,0.0,0.0,0.0,0.0,21.0,0.0,431.0,0.0,0.0,0.0,,0.0,0.0,1.0,0.0,1.0,2.0,0.0,0.0,0.0,0.0,0.0,0.0,0.0,4.0,0.0,0.0,0.0,0.0,0.0,692.0
2017-04-07,,0.0,3.0,66.0,0.0,0.0,0.0,0.0,0.0,4.0,0.0,0.0,0.0,0.0,485.0,0.0,0.0,0.0,,0.0,0.0,3.0,0.0,3.0,2.0,0.0,0.0,0.0,0.0,0.0,0.0,0.0,3.0,0.0,0.0,0.0,0.0,0.0,569.0
2017-04-08,,0.0,1.0,14.0,0.0,0.0,0.0,0.0,0.0,0.0,0.0,0.0,0.0,0.0,470.0,0.0,0.0,0.0,,0.0,0.0,1.0,0.0,4.0,2.0,0.0,0.0,0.0,0.0,0.0,0.0,0.0,1.0,0.0,0.0,0.0,0.0,0.0,493.0
2017-04-09,,0.0,1.0,121.0,150.0,0.0,0.0,0.0,0.0,0.0,0.0,0.0,0.0,0.0,544.0,120.0,0.0,0.0,,0.0,0.0,1.0,0.0,1.0,2.0,0.0,0.0,0.0,0.0,0.0,0.0,0.0,0.0,0.0,0.0,0.0,0.0,0.0,940.0
2017-04-10,,0.0,1.0,114.0,200.0,0.0,0.0,0.0,0.0,0.0,0.0,0.0,391.0,0.0,568.0,0.0,0.0,0.0,,0.0,0.0,1.0,0.0,0.0,0.0,0.0,0.0,0.0,0.0,0.0,0.0,0.0,1.0,0.0,0.0,0.0,0.0,0.0,1276.0
2017-04-11,,0.0,0.0,48.0,0.0,0.0,0.0,0.0,0.0,0.0,0.0,0.0,0.0,0.0,487.0,0.0,0.0,0.0,,0.0,0.0,0.0,0.0,0.0,0.0,0.0,0.0,0.0,0.0,0.0,0.0,0.0,1.0,0.0,0.0,0.0,0.0,0.0,536.0
2017-04-12,,0.0,3.0,0.0,0.0,0.0,0.0,0.0,0.0,0.0,0.0,0.0,0.0,0.0,477.0,0.0,0.0,0.0,,0.0,0.0,1.0,0.0,1.0,1.0,0.0,0.0,0.0,381.0,0.0,0.0,0.0,2.0,25.0,0.0,0.0,0.0,0.0,891.0
2017-04-13,,0.0,2.0,38.0,100.0,0.0,0.0,0.0,0.0,6.0,0.0,0.0,218.0,0.0,485.0,0.0,0.0,0.0,,0.0,0.0,2.0,0.0,2.0,2.0,0.0,0.0,0.0,472.0,0.0,0.0,0.0,5.0,0.0,0.0,0.0,0.0,0.0,1332.0
2017-04-14,,0.0,2.0,27.0,100.0,0.0,0.0,0.0,0.0,0.0,0.0,0.0,0.0,0.0,452.0,0.0,0.0,0.0,,0.0,0.0,2.0,0.0,1.0,2.0,0.0,0.0,0.0,0.0,0.0,0.0,0.0,0.0,0.0,0.0,0.0,0.0,0.0,586.0
2017-04-14,,0.0,2.0,151.0,0.0,0.0,0.0,0.0,0.0,0.0,0.0,0.0,0.0,0.0,473.0,0.0,0.0,0.0,,0.0,19.0,2.0,0.0,2.0,1.0,0.0,0.0,0.0,0.0,0.0,0.0,0.0,1.0,0.0,0.0,0.0,0.0,0.0,651.0
2017-04-16,,0.0,5.0,63.0,0.0,0.0,0.0,0.0,0.0,0.0,0.0,0.0,0.0,0.0,462.0,0.0,0.0,0.0,,0.0,0.0,1.0,0.0,2.0,5.0,0.0,0.0,0.0,0.0,0.0,0.0,0.0,1.0,0.0,0.0,0.0,0.0,0.0,539.0
2017-04-17,,0.0,2.0,46.0,150.0,0.0,0.0,0.0,0.0,0.0,0.0,0.0,7.0,0.0,578.0,0.0,0.0,0.0,,0.0,0.0,1.0,0.0,2.0,5.0,0.0,0.0,0.0,0.0,0.0,0.0,0.0,15.0,0.0,0.0,0.0,0.0,0.0,806.0
2017-04-18,,0.0,4.0,18.0,0.0,0.0,0.0,0.0,0.0,0.0,0.0,0.0,25.0,0.0,466.0,0.0,0.0,0.0,,0.0,0.0,1.0,0.0,3.0,1.0,0.0,0.0,0.0,0.0,0.0,0.0,0.0,16.0,0.0,0.0,0.0,0.0,0.0,534.0
2017-04-19,,0.0,2.0,149.0,0.0,0.0,0.0,0.0,0.0,0.0,0.0,0.0,0.0,0.0,466.0,0.0,0.0,0.0,,0.0,146.0,0.0,0.0,2.0,2.0,0.0,0.0,0.0,220.0,0.0,0.0,0.0,33.0,855.0,0.0,0.0,0.0,0.0,1875.0
2017-04-20,,0.0,2.0,58.0,0.0,0.0,0.0,0.0,0.0,0.0,0.0,0.0,150.0,0.0,465.0,0.0,0.0,0.0,,0.0,20.0,1.0,0.0,1.0,1.0,0.0,0.0,0.0,32.0,0.0,0.0,0.0,20.0,0.0,0.0,0.0,0.0,0.0,750.0
2017-04-21,,0.0,3.0,39.0,100.0,0.0,0.0,0.0,0.0,0.0,0.0,0.0,325.0,0.0,453.0,0.0,0.0,0.0,,0.0,0.0,1.0,0.0,0.0,1.0,0.0,0.0,0.0,53.0,0.0,0.0,0.0,36.0,-2100.0,0.0,0.0,0.0,0.0,-1089.0
2017-04-22,,0.0,1.0,7.0,100.0,0.0,0.0,0.0,0.0,0.0,0.0,0.0,0.0,0.0,469.0,0.0,0.0,0.0,,0.0,0.0,3.0,0.0,3.0,2.0,0.0,0.0,0.0,0.0,0.0,0.0,0.0,26.0,90.0,0.0,0.0,0.0,0.0,701.0
2017-04-23,,0.0,2.0,37.0,0.0,0.0,0.0,0.0,0.0,0.0,0.0,0.0,0.0,17.0,439.0,0.0,0.0,0.0,,0.0,0.0,2.0,0.0,0.0,1.0,0.0,0.0,0.0,0.0,0.0,0.0,0.0,10.0,0.0,0.0,0.0,0.0,0.0,508.0
2017-04-24,,0.0,0.0,68.0,0.0,0.0,0.0,0.0,0.0,0.0,0.0,21.0,0.0,0.0,486.0,0.0,0.0,0.0,,0.0,0.0,2.0,0.0,2.0,4.0,0.0,0.0,0.0,0.0,0.0,0.0,0.0,3.0,0.0,0.0,0.0,0.0,0.0,586.0
2017-04-25,,0.0,2.0,95.0,0.0,0.0,0.0,0.0,0.0,0.0,0.0,21.0,0.0,0.0,475.0,0.0,0.0,0.0,,0.0,0.0,3.0,0.0,3.0,7.0,0.0,0.0,0.0,0.0,0.0,0.0,0.0,5.0,0.0,0.0,0.0,0.0,0.0,611.0
2017-04-26,,0.0,1.0,144.0,0.0,0.0,0.0,0.0,0.0,0.0,0.0,0.0,0.0,0.0,467.0,0.0,0.0,0.0,,0.0,0.0,3.0,0.0,1.0,2.0,0.0,0.0,0.0,0.0,0.0,0.0,0.0,4.0,260.0,80.0,0.0,0.0,0.0,962.0
2017-04-27,,0.0,1.0,213.0,0.0,0.0,0.0,0.0,0.0,0.0,0.0,0.0,0.0,0.0,448.0,0.0,0.0,0.0,,0.0,0.0,1.0,0.0,1.0,1.0,0.0,0.0,0.0,0.0,0.0,0.0,0.0,0.0,0.0,80.0,0.0,0.0,0.0,745.0
2017-04-28,,0.0,1.0,297.0,0.0,0.0,0.0,0.0,0.0,0.0,0.0,0.0,0.0,0.0,449.0,0.0,0.0,0.0,,0.0,343.0,1.0,21.0,1.0,10.0,0.0,0.0,0.0,135.0,0.0,0.0,0.0,32.0,605.0,0.0,0.0,0.0,0.0,1895.0
2017-04-29,,0.0,1.0,129.0,100.0,0.0,0.0,0.0,0.0,0.0,0.0,0.0,0.0,0.0,481.0,0.0,0.0,0.0,,0.0,615.0,1.0,0.0,2.0,1.0,0.0,0.0,0.0,1084.0,0.0,0.0,0.0,3.0,0.0,0.0,0.0,0.0,0.0,2417.0
2017-04-30,,0.0,4.0,3.0,0.0,0.0,0.0,0.0,0.0,0.0,0.0,0.0,0.0,0.0,490.0,0.0,0.0,0.0,,0.0,105.0,2.0,0.0,5.0,2.0,0.0,0.0,0.0,186.0,0.0,0.0,0.0,1.0,0.0,0.0,0.0,0.0,0.0,798.0
2017-05-01,,0.0,3.0,36.0,0.0,0.0,0.0,0.0,0.0,0.0,0.0,0.0,0.0,0.0,488.0,0.0,0.0,0.0,,0.0,123.0,2.0,0.0,3.0,1.0,0.0,0.0,0.0,0.0,0.0,0.0,0.0,4.0,340.0,0.0,0.0,0.0,0.0,1000.0
2017-05-02,,0.0,1.0,7.0,0.0,0.0,0.0,0.0,0.0,26.0,0.0,0.0,0.0,0.0,484.0,0.0,0.0,0.0,,0.0,28.0,1.0,0.0,0.0,1.0,0.0,0.0,0.0,0.0,0.0,0.0,0.0,6.0,465.0,190.0,0.0,0.0,0.0,1209.0
2017-05-03,,0.0,4.0,140.0,0.0,0.0,0.0,0.0,0.0,0.0,0.0,0.0,0.0,0.0,467.0,0.0,0.0,0.0,,0.0,953.0,2.0,0.0,1.0,1.0,0.0,0.0,0.0,3008.0,0.0,0.0,0.0,1.0,505.0,0.0,0.0,0.0,0.0,5082.0
2017-05-04,,0.0,1.0,143.0,300.0,0.0,0.0,0.0,0.0,0.0,0.0,0.0,0.0,0.0,480.0,0.0,0.0,0.0,,0.0,802.0,1.0,0.0,1.0,0.0,0.0,0.0,0.0,1222.0,0.0,0.0,0.0,1.0,1185.0,0.0,0.0,0.0,0.0,4136.0
2017-05-05,,0.0,2.0,371.0,0.0,0.0,0.0,0.0,0.0,0.0,0.0,0.0,0.0,0.0,497.0,0.0,0.0,0.0,,0.0,447.0,3.0,0.0,1.0,1.0,0.0,0.0,0.0,0.0,0.0,0.0,0.0,2.0,540.0,0.0,0.0,0.0,0.0,1864.0
2017-05-06,,0.0,1.0,213.0,0.0,0.0,0.0,0.0,0.0,0.0,0.0,0.0,0.0,0.0,497.0,0.0,0.0,0.0,,0.0,967.0,1.0,0.0,1.0,3.0,0.0,0.0,0.0,0.0,0.0,0.0,0.0,10.0,190.0,0.0,0.0,0.0,0.0,1883.0
2017-05-07,,0.0,5.0,57.0,100.0,0.0,0.0,0.0,0.0,0.0,0.0,0.0,0.0,0.0,520.0,0.0,0.0,0.0,,0.0,0.0,1.0,0.0,2.0,1.0,0.0,0.0,0.0,0.0,0.0,0.0,0.0,12.0,0.0,0.0,0.0,0.0,0.0,698.0
2017-05-08,,0.0,4.0,6.0,100.0,0.0,0.0,0.0,0.0,0.0,0.0,0.0,0.0,95.0,458.0,0.0,0.0,0.0,,0.0,0.0,4.0,0.0,2.0,3.0,0.0,0.0,0.0,0.0,0.0,0.0,0.0,6.0,90.0,0.0,0.0,0.0,0.0,768.0
2017-05-09,,0.0,9.0,417.0,0.0,0.0,0.0,0.0,0.0,0.0,0.0,0.0,0.0,0.0,484.0,0.0,0.0,0.0,,0.0,0.0,3.0,0.0,3.0,3.0,0.0,0.0,0.0,0.0,0.0,0.0,0.0,3.0,0.0,0.0,0.0,0.0,0.0,922.0
2017-05-10,,0.0,7.0,73.0,0.0,0.0,0.0,0.0,0.0,7.0,0.0,0.0,0.0,0.0,509.0,0.0,0.0,0.0,,0.0,0.0,1.0,0.0,1.0,4.0,0.0,0.0,0.0,0.0,0.0,0.0,0.0,4.0,760.0,0.0,0.0,0.0,0.0,1366.0
2017-05-11,,0.0,2.0,19.0,0.0,0.0,0.0,0.0,0.0,0.0,0.0,0.0,0.0,0.0,517.0,0.0,0.0,0.0,,0.0,0.0,2.0,0.0,1.0,2.0,0.0,0.0,0.0,0.0,0.0,0.0,0.0,3.0,700.0,0.0,0.0,0.0,0.0,1246.0
2017-05-12,,0.0,2.0,97.0,0.0,0.0,0.0,0.0,0.0,0.0,0.0,0.0,0.0,0.0,482.0,0.0,0.0,0.0,,0.0,0.0,2.0,0.0,1.0,1.0,0.0,0.0,0.0,236.0,0.0,0.0,0.0,3.0,200.0,0.0,0.0,0.0,0.0,1024.0
2017-05-13,,0.0,1.0,81.0,0.0,0.0,0.0,0.0,0.0,0.0,0.0,0.0,0.0,0.0,488.0,0.0,0.0,0.0,,0.0,0.0,1.0,0.0,1.0,1.0,0.0,0.0,0.0,0.0,0.0,0.0,0.0,1.0,1335.0,0.0,0.0,0.0,0.0,1909.0
2017-05-13,,0.0,1.0,81.0,0.0,0.0,0.0,0.0,0.0,0.0,0.0,0.0,0.0,0.0,488.0,0.0,0.0,0.0,,0.0,0.0,1.0,0.0,1.0,1.0,0.0,0.0,0.0,0.0,0.0,0.0,0.0,1.0,1335.0,0.0,0.0,0.0,0.0,1909.0
2017-05-14,,0.0,2.0,28.0,0.0,0.0,0.0,0.0,0.0,11.0,0.0,5.0,0.0,0.0,481.0,0.0,0.0,0.0,,2.0,0.0,1.0,0.0,2.0,6.0,0.0,0.0,0.0,0.0,0.0,0.0,0.0,7.0,420.0,0.0,0.0,0.0,0.0,965.0
2017-05-15,,0.0,6.0,161.0,0.0,0.0,0.0,0.0,0.0,0.0,0.0,0.0,0.0,0.0,456.0,0.0,0.0,0.0,,0.0,0.0,2.0,0.0,2.0,2.0,0.0,0.0,0.0,0.0,0.0,0.0,0.0,5.0,390.0,0.0,0.0,0.0,0.0,1024.0
2017-05-16,,0.0,2.0,60.0,0.0,0.0,0.0,0.0,0.0,0.0,0.0,0.0,0.0,0.0,471.0,0.0,0.0,0.0,,0.0,0.0,3.0,0.0,1.0,5.0,0.0,0.0,0.0,0.0,0.0,0.0,0.0,3.0,800.0,0.0,0.0,0.0,0.0,1345.0
2017-05-17,,0.0,5.0,32.0,0.0,0.0,0.0,0.0,0.0,0.0,0.0,0.0,0.0,0.0,485.0,0.0,0.0,0.0,,0.0,0.0,2.0,0.0,1.0,6.0,0.0,0.0,0.0,0.0,0.0,0.0,0.0,7.0,0.0,0.0,0.0,0.0,0.0,538.0
2017-05-18,,0.0,1.0,29.0,0.0,0.0,0.0,0.0,0.0,0.0,0.0,0.0,0.0,0.0,481.0,0.0,0.0,0.0,,0.0,0.0,7.0,0.0,1.0,2.0,0.0,0.0,0.0,0.0,0.0,0.0,0.0,12.0,800.0,225.0,0.0,0.0,0.0,1558.0
2017-05-19,,0.0,5.0,57.0,100.0,0.0,0.0,0.0,0.0,0.0,0.0,0.0,0.0,0.0,468.0,0.0,0.0,0.0,,0.0,0.0,10.0,0.0,1.0,3.0,0.0,0.0,0.0,0.0,0.0,0.0,0.0,9.0,680.0,0.0,0.0,0.0,0.0,1333.0
2017-05-20,,0.0,2.0,105.0,0.0,0.0,0.0,0.0,0.0,0.0,0.0,0.0,0.0,0.0,494.0,0.0,0.0,0.0,,0.0,0.0,1.0,0.0,1.0,1.0,0.0,0.0,0.0,0.0,0.0,0.0,0.0,7.0,1345.0,0.0,0.0,0.0,0.0,1956.0
2017-05-22,,0.0,2.0,51.0,0.0,0.0,0.0,0.0,0.0,0.0,0.0,0.0,0.0,4.0,455.0,0.0,0.0,0.0,,12.0,0.0,1.0,0.0,3.0,1.0,0.0,0.0,0.0,549.0,0.0,0.0,0.0,6.0,350.0,0.0,0.0,0.0,0.0,1434.0
2017-05-23,,0.0,3.0,30.0,0.0,0.0,0.0,0.0,0.0,0.0,0.0,5.0,0.0,0.0,468.0,0.0,0.0,0.0,,14.0,0.0,2.0,0.0,1.0,1.0,0.0,0.0,0.0,0.0,0.0,0.0,0.0,6.0,1500.0,0.0,0.0,0.0,0.0,2030.0
2017-05-24,,0.0,4.0,105.0,100.0,0.0,0.0,0.0,0.0,0.0,0.0,0.0,0.0,0.0,476.0,0.0,0.0,0.0,,0.0,0.0,2.0,0.0,3.0,5.0,0.0,0.0,0.0,0.0,0.0,0.0,0.0,1.0,720.0,0.0,0.0,0.0,0.0,1416.0
2017-05-25,,0.0,5.0,79.0,0.0,0.0,0.0,0.0,0.0,0.0,0.0,0.0,0.0,0.0,345.0,0.0,0.0,0.0,,0.0,0.0,4.0,0.0,6.0,5.0,0.0,0.0,0.0,362.0,0.0,0.0,0.0,5.0,0.0,0.0,0.0,0.0,0.0,811.0
2017-05-25,,0.0,5.0,79.0,0.0,0.0,0.0,0.0,0.0,0.0,0.0,0.0,0.0,0.0,345.0,0.0,0.0,0.0,,0.0,0.0,4.0,0.0,6.0,5.0,0.0,0.0,0.0,362.0,0.0,0.0,0.0,5.0,0.0,0.0,0.0,0.0,0.0,811.0
2017-05-26,,0.0,4.0,56.0,0.0,0.0,0.0,0.0,0.0,0.0,0.0,0.0,0.0,0.0,502.0,0.0,0.0,0.0,,0.0,0.0,2.0,0.0,2.0,3.0,0.0,0.0,0.0,184.0,0.0,0.0,0.0,17.0,0.0,0.0,0.0,0.0,0.0,770.0
2017-05-27,,0.0,4.0,72.0,0.0,0.0,0.0,0.0,0.0,0.0,0.0,0.0,0.0,0.0,495.0,0.0,0.0,0.0,,0.0,0.0,3.0,0.0,3.0,3.0,0.0,0.0,0.0,0.0,0.0,0.0,0.0,1.0,190.0,0.0,0.0,0.0,0.0,771.0
2017-05-28,,0.0,1.0,99.0,0.0,0.0,0.0,0.0,0.0,0.0,0.0,0.0,0.0,0.0,491.0,0.0,0.0,0.0,,0.0,0.0,1.0,0.0,0.0,1.0,0.0,0.0,0.0,0.0,0.0,0.0,0.0,2.0,100.0,0.0,0.0,0.0,0.0,695.0
2017-05-29,,0.0,1.0,58.0,0.0,0.0,0.0,0.0,0.0,0.0,0.0,0.0,0.0,0.0,479.0,0.0,0.0,0.0,,0.0,0.0,1.0,0.0,1.0,1.0,0.0,0.0,0.0,0.0,0.0,0.0,0.0,1.0,0.0,0.0,0.0,0.0,0.0,542.0
2017-05-30,,0.0,4.0,283.0,0.0,0.0,0.0,0.0,0.0,0.0,0.0,16.0,225.0,0.0,449.0,0.0,0.0,0.0,,0.0,0.0,6.0,25.0,5.0,5.0,0.0,0.0,0.0,0.0,0.0,0.0,0.0,60.0,840.0,0.0,0.0,0.0,0.0,1918.0
2017-05-31,,0.0,6.0,70.0,100.0,0.0,0.0,0.0,0.0,0.0,0.0,0.0,0.0,0.0,400.0,0.0,0.0,0.0,,0.0,0.0,2.0,15.0,3.0,1.0,0.0,0.0,0.0,0.0,0.0,0.0,0.0,40.0,690.0,0.0,0.0,0.0,0.0,1327.0
2017-06-01,,0.0,0.0,75.0,100.0,0.0,0.0,0.0,0.0,0.0,0.0,0.0,0.0,0.0,514.0,0.0,0.0,0.0,,0.0,0.0,1.0,0.0,1.0,9.0,0.0,0.0,0.0,0.0,0.0,0.0,0.0,17.0,450.0,0.0,0.0,0.0,0.0,1167.0
2017-06-02,,0.0,2.0,50.0,0.0,0.0,0.0,0.0,0.0,0.0,0.0,0.0,143.0,0.0,544.0,0.0,0.0,0.0,,0.0,0.0,7.0,0.0,14.0,7.0,0.0,0.0,0.0,0.0,0.0,0.0,0.0,6.0,340.0,0.0,0.0,0.0,0.0,1113.0
2017-06-03,,0.0,1.0,140.0,0.0,0.0,0.0,0.0,0.0,0.0,0.0,0.0,0.0,0.0,531.0,0.0,0.0,0.0,,0.0,0.0,4.0,0.0,2.0,2.0,0.0,0.0,0.0,0.0,0.0,0.0,0.0,11.0,260.0,0.0,0.0,0.0,0.0,951.0
2017-06-04,,0.0,3.0,53.0,200.0,0.0,0.0,0.0,0.0,0.0,0.0,0.0,245.0,0.0,483.0,0.0,0.0,0.0,,0.0,0.0,7.0,0.0,5.0,4.0,0.0,0.0,0.0,0.0,0.0,0.0,0.0,1.0,1320.0,0.0,0.0,0.0,0.0,2321.0
2017-06-05,,0.0,1.0,38.0,0.0,0.0,0.0,0.0,0.0,0.0,0.0,0.0,573.0,0.0,456.0,0.0,0.0,0.0,,0.0,0.0,1.0,0.0,3.0,2.0,0.0,0.0,0.0,0.0,0.0,0.0,0.0,3.0,1275.0,0.0,0.0,0.0,0.0,2352.0
2017-06-05,,0.0,1.0,38.0,0.0,0.0,0.0,0.0,0.0,0.0,0.0,0.0,573.0,0.0,456.0,0.0,0.0,0.0,,0.0,0.0,1.0,0.0,3.0,2.0,0.0,0.0,0.0,0.0,0.0,0.0,0.0,3.0,1275.0,0.0,0.0,0.0,0.0,2352.0
2017-06-06,,0.0,1.0,93.0,0.0,0.0,0.0,0.0,0.0,0.0,0.0,0.0,90.0,0.0,472.0,0.0,0.0,0.0,,0.0,0.0,1.0,0.0,1.0,1.0,0.0,0.0,0.0,0.0,0.0,0.0,0.0,15.0,280.0,0.0,0.0,0.0,0.0,954.0
2017-06-07,,0.0,1.0,107.0,0.0,0.0,0.0,0.0,0.0,0.0,0.0,0.0,0.0,0.0,361.0,0.0,0.0,0.0,,0.0,0.0,3.0,0.0,2.0,3.0,0.0,0.0,0.0,246.0,0.0,0.0,0.0,3.0,890.0,0.0,0.0,0.0,0.0,1616.0
2017-06-08,,0.0,6.0,72.0,0.0,0.0,0.0,0.0,0.0,0.0,0.0,0.0,0.0,0.0,410.0,0.0,0.0,0.0,,0.0,0.0,1.0,0.0,1.0,2.0,0.0,0.0,0.0,0.0,0.0,0.0,0.0,10.0,100.0,0.0,0.0,0.0,0.0,602.0
2017-06-09,,0.0,13.0,126.0,0.0,0.0,0.0,0.0,0.0,0.0,0.0,0.0,0.0,0.0,456.0,0.0,0.0,0.0,,0.0,0.0,17.0,0.0,5.0,9.0,0.0,0.0,0.0,0.0,0.0,0.0,0.0,1.0,385.0,0.0,0.0,0.0,0.0,1012.0
2017-06-10,,0.0,3.0,102.0,0.0,0.0,0.0,0.0,0.0,0.0,0.0,0.0,0.0,17.0,480.0,0.0,0.0,0.0,,0.0,0.0,5.0,0.0,1.0,2.0,0.0,0.0,0.0,0.0,0.0,0.0,0.0,3.0,260.0,0.0,0.0,0.0,0.0,873.0
2017-06-11,,0.0,4.0,166.0,0.0,0.0,0.0,0.0,0.0,0.0,0.0,0.0,0.0,6.0,467.0,0.0,0.0,0.0,,0.0,0.0,2.0,0.0,1.0,2.0,0.0,0.0,0.0,0.0,0.0,0.0,0.0,3.0,350.0,0.0,0.0,0.0,0.0,1001.0
2017-06-12,,0.0,2.0,91.0,100.0,0.0,0.0,0.0,0.0,0.0,0.0,0.0,0.0,0.0,499.0,0.0,0.0,0.0,,0.0,0.0,4.0,0.0,1.0,2.0,0.0,0.0,0.0,0.0,0.0,0.0,0.0,34.0,1110.0,0.0,0.0,0.0,0.0,1843.0
2017-06-13,,0.0,2.0,209.0,0.0,0.0,0.0,0.0,0.0,0.0,0.0,0.0,0.0,6.0,502.0,0.0,0.0,0.0,,0.0,0.0,3.0,0.0,2.0,0.0,0.0,0.0,0.0,0.0,0.0,0.0,0.0,2.0,825.0,75.0,0.0,0.0,0.0,1626.0
2017-06-14,,0.0,1.0,103.0,0.0,0.0,0.0,0.0,0.0,0.0,0.0,0.0,0.0,0.0,491.0,0.0,0.0,0.0,,0.0,0.0,2.0,0.0,1.0,1.0,0.0,0.0,0.0,0.0,0.0,0.0,0.0,1.0,250.0,0.0,0.0,0.0,0.0,850.0
2017-06-15,,0.0,4.0,79.0,0.0,0.0,0.0,0.0,0.0,0.0,0.0,32.0,0.0,0.0,490.0,0.0,0.0,0.0,,0.0,0.0,2.0,0.0,5.0,1.0,0.0,0.0,0.0,726.0,0.0,0.0,0.0,5.0,1205.0,0.0,0.0,0.0,0.0,2549.0
2017-06-17,,0.0,3.0,68.0,0.0,0.0,0.0,0.0,0.0,0.0,0.0,0.0,0.0,12.0,516.0,0.0,0.0,0.0,,0.0,0.0,1.0,0.0,0.0,4.0,0.0,0.0,0.0,0.0,0.0,0.0,0.0,4.0,540.0,0.0,0.0,0.0,0.0,1148.0
2017-06-18,,0.0,7.0,147.0,0.0,0.0,0.0,0.0,0.0,0.0,0.0,0.0,0.0,0.0,530.0,0.0,0.0,0.0,,0.0,0.0,6.0,0.0,3.0,4.0,0.0,0.0,0.0,0.0,0.0,0.0,0.0,0.0,0.0,0.0,0.0,0.0,0.0,697.0
2017-06-19,,0.0,1.0,92.0,0.0,0.0,0.0,0.0,0.0,0.0,0.0,0.0,0.0,0.0,518.0,0.0,0.0,0.0,,0.0,0.0,4.0,0.0,2.0,8.0,0.0,0.0,0.0,0.0,0.0,0.0,0.0,1.0,440.0,0.0,0.0,0.0,0.0,1066.0
2017-06-20,,0.0,2.0,96.0,0.0,0.0,0.0,0.0,0.0,0.0,0.0,0.0,0.0,0.0,535.0,0.0,0.0,0.0,,0.0,0.0,4.0,0.0,1.0,1.0,0.0,0.0,0.0,0.0,0.0,0.0,0.0,4.0,90.0,0.0,0.0,0.0,0.0,733.0
2017-06-21,,0.0,1.0,74.0,0.0,0.0,0.0,0.0,0.0,0.0,0.0,0.0,0.0,0.0,504.0,0.0,0.0,0.0,,0.0,0.0,1.0,0.0,1.0,1.0,0.0,0.0,0.0,0.0,0.0,0.0,0.0,5.0,0.0,0.0,0.0,0.0,0.0,587.0
2017-06-22,,0.0,2.0,92.0,0.0,0.0,0.0,0.0,0.0,0.0,0.0,0.0,0.0,0.0,526.0,0.0,0.0,0.0,,0.0,0.0,1.0,0.0,1.0,2.0,0.0,0.0,0.0,0.0,0.0,0.0,0.0,2.0,340.0,0.0,0.0,0.0,0.0,966.0
2017-06-23,,0.0,4.0,193.0,0.0,0.0,0.0,0.0,0.0,0.0,0.0,0.0,100.0,0.0,519.0,0.0,0.0,0.0,,2.0,0.0,2.0,0.0,3.0,1.0,0.0,0.0,0.0,0.0,0.0,0.0,0.0,3.0,0.0,0.0,0.0,0.0,0.0,827.0
2017-06-24,,0.0,3.0,30.0,0.0,0.0,0.0,0.0,0.0,0.0,0.0,0.0,84.0,0.0,526.0,0.0,0.0,0.0,,0.0,0.0,3.0,0.0,1.0,1.0,0.0,0.0,0.0,0.0,0.0,0.0,0.0,4.0,0.0,0.0,0.0,0.0,0.0,652.0
2017-06-25,,0.0,2.0,48.0,0.0,0.0,0.0,0.0,0.0,0.0,0.0,0.0,0.0,0.0,534.0,0.0,0.0,0.0,,0.0,0.0,5.0,0.0,3.0,3.0,0.0,0.0,0.0,213.0,0.0,0.0,0.0,2.0,530.0,0.0,0.0,0.0,0.0,1340.0
2017-06-26,,0.0,2.0,85.0,0.0,0.0,0.0,0.0,0.0,0.0,0.0,0.0,21.0,0.0,533.0,0.0,0.0,0.0,,0.0,0.0,2.0,0.0,2.0,4.0,0.0,0.0,0.0,97.0,0.0,0.0,0.0,2.0,0.0,0.0,0.0,0.0,0.0,748.0
2017-06-27,,0.0,3.0,107.0,0.0,0.0,0.0,0.0,0.0,0.0,0.0,0.0,24.0,0.0,482.0,0.0,0.0,0.0,,0.0,0.0,2.0,0.0,1.0,4.0,0.0,0.0,0.0,97.0,0.0,0.0,0.0,6.0,880.0,0.0,0.0,0.0,0.0,1606.0
2017-06-28,,0.0,2.0,107.0,0.0,0.0,0.0,0.0,0.0,0.0,0.0,0.0,0.0,0.0,501.0,0.0,0.0,0.0,,0.0,0.0,7.0,0.0,2.0,4.0,0.0,0.0,0.0,0.0,0.0,0.0,0.0,0.0,530.0,0.0,0.0,0.0,0.0,1153.0
2017-06-29,,0.0,1.0,104.0,0.0,0.0,0.0,0.0,0.0,28.0,0.0,0.0,0.0,3.0,371.0,0.0,0.0,0.0,,0.0,0.0,1.0,0.0,3.0,4.0,0.0,0.0,0.0,0.0,0.0,0.0,0.0,1.0,250.0,0.0,0.0,0.0,0.0,766.0
2017-06-30,,0.0,1.0,172.0,0.0,0.0,0.0,0.0,0.0,0.0,0.0,0.0,0.0,5.0,482.0,0.0,0.0,0.0,,0.0,0.0,1.0,0.0,1.0,1.0,0.0,0.0,0.0,0.0,0.0,0.0,0.0,4.0,250.0,0.0,0.0,0.0,0.0,917.0
2017-07-01,,0.0,0.0,100.0,0.0,0.0,0.0,0.0,0.0,0.0,0.0,0.0,48.0,0.0,486.0,0.0,0.0,0.0,,0.0,0.0,2.0,0.0,2.0,1.0,0.0,0.0,0.0,0.0,0.0,0.0,0.0,2.0,190.0,0.0,0.0,0.0,0.0,831.0
2017-07-02,,0.0,3.0,74.0,0.0,0.0,0.0,0.0,0.0,0.0,0.0,0.0,0.0,0.0,455.0,0.0,0.0,0.0,,0.0,0.0,2.0,0.0,3.0,1.0,0.0,0.0,0.0,0.0,0.0,0.0,0.0,1.0,0.0,0.0,0.0,0.0,0.0,539.0
2017-07-03,,0.0,3.0,70.0,0.0,0.0,0.0,0.0,0.0,0.0,0.0,0.0,0.0,0.0,480.0,0.0,0.0,0.0,,0.0,0.0,6.0,0.0,2.0,1.0,0.0,0.0,0.0,0.0,0.0,0.0,0.0,2.0,250.0,0.0,0.0,0.0,0.0,814.0
2017-07-04,,0.0,4.0,134.0,0.0,0.0,0.0,0.0,0.0,0.0,0.0,0.0,100.0,0.0,469.0,0.0,0.0,0.0,,0.0,0.0,5.0,0.0,6.0,4.0,0.0,0.0,0.0,0.0,0.0,0.0,0.0,2.0,0.0,0.0,0.0,0.0,0.0,724.0
2017-07-06,,0.0,2.0,106.0,0.0,0.0,0.0,0.0,0.0,0.0,0.0,0.0,0.0,0.0,488.0,0.0,0.0,0.0,,0.0,0.0,3.0,0.0,1.0,5.0,0.0,0.0,0.0,0.0,0.0,0.0,0.0,1.0,0.0,0.0,0.0,0.0,0.0,606.0
2017-07-07,,0.0,2.0,26.0,0.0,0.0,0.0,0.0,0.0,0.0,0.0,0.0,0.0,0.0,420.0,0.0,0.0,0.0,,0.0,0.0,5.0,0.0,1.0,1.0,0.0,0.0,0.0,0.0,0.0,0.0,0.0,1.0,190.0,0.0,0.0,0.0,0.0,646.0
2017-07-08,,0.0,1.0,99.0,0.0,0.0,0.0,0.0,0.0,0.0,0.0,0.0,42.0,0.0,489.0,0.0,0.0,0.0,,0.0,0.0,2.0,0.0,1.0,0.0,0.0,0.0,0.0,68.0,0.0,0.0,0.0,23.0,290.0,0.0,0.0,0.0,0.0,1015.0
2017-07-09,,0.0,6.0,54.0,0.0,0.0,0.0,0.0,0.0,0.0,0.0,0.0,0.0,0.0,465.0,0.0,0.0,0.0,,0.0,0.0,2.0,0.0,2.0,2.0,0.0,0.0,0.0,399.0,0.0,0.0,0.0,5.0,0.0,0.0,0.0,0.0,0.0,935.0
2017-07-10,,0.0,4.0,81.0,0.0,0.0,0.0,0.0,0.0,6.0,0.0,0.0,420.0,0.0,493.0,0.0,0.0,0.0,,2.0,0.0,4.0,0.0,4.0,2.0,0.0,0.0,0.0,0.0,0.0,0.0,0.0,3.0,0.0,0.0,0.0,0.0,0.0,1019.0
2017-07-11,,0.0,4.0,142.0,0.0,0.0,69.0,0.0,0.0,0.0,0.0,0.0,0.0,0.0,468.0,0.0,0.0,0.0,,0.0,0.0,2.0,0.0,3.0,2.0,0.0,0.0,0.0,0.0,0.0,0.0,0.0,3.0,260.0,0.0,0.0,0.0,0.0,953.0
2017-07-12,,0.0,3.0,102.0,0.0,0.0,0.0,0.0,0.0,30.0,0.0,0.0,0.0,0.0,497.0,0.0,0.0,0.0,,0.0,0.0,6.0,0.0,4.0,5.0,0.0,0.0,0.0,0.0,0.0,0.0,0.0,2.0,0.0,0.0,0.0,0.0,0.0,649.0
2017-07-13,,0.0,3.0,100.0,0.0,0.0,0.0,0.0,0.0,30.0,0.0,0.0,0.0,0.0,372.0,0.0,0.0,0.0,,0.0,0.0,6.0,0.0,5.0,2.0,0.0,0.0,0.0,0.0,0.0,0.0,0.0,5.0,895.0,0.0,0.0,0.0,0.0,1418.0
2017-07-14,,0.0,3.0,109.0,300.0,0.0,0.0,0.0,0.0,0.0,0.0,0.0,0.0,0.0,478.0,0.0,0.0,0.0,,0.0,0.0,6.0,0.0,4.0,5.0,0.0,0.0,0.0,240.0,0.0,0.0,0.0,0.0,990.0,0.0,0.0,0.0,0.0,2135.0
2017-07-15,,0.0,2.0,82.0,100.0,0.0,0.0,0.0,0.0,0.0,0.0,0.0,0.0,0.0,490.0,0.0,0.0,0.0,,0.0,0.0,1.0,0.0,2.0,1.0,100.0,0.0,0.0,0.0,0.0,0.0,0.0,0.0,790.0,0.0,0.0,0.0,0.0,1568.0
2017-07-16,,0.0,1.0,101.0,0.0,0.0,0.0,0.0,0.0,0.0,0.0,0.0,0.0,0.0,480.0,0.0,0.0,0.0,,0.0,0.0,1.0,0.0,0.0,1.0,0.0,0.0,0.0,245.0,0.0,0.0,0.0,4.0,1160.0,0.0,0.0,0.0,0.0,1993.0
2017-07-17,,0.0,6.0,99.0,0.0,0.0,0.0,0.0,0.0,0.0,0.0,0.0,0.0,0.0,499.0,0.0,0.0,0.0,,15.0,0.0,4.0,0.0,0.0,2.0,0.0,0.0,0.0,179.0,0.0,0.0,0.0,10.0,490.0,0.0,0.0,0.0,0.0,1304.0
2017-07-18,,0.0,1.0,131.0,0.0,0.0,0.0,0.0,0.0,0.0,0.0,0.0,0.0,0.0,493.0,0.0,0.0,0.0,,0.0,0.0,3.0,0.0,2.0,4.0,0.0,0.0,0.0,0.0,0.0,0.0,0.0,2.0,420.0,230.0,0.0,0.0,0.0,1286.0
2017-07-19,,0.0,4.0,118.0,0.0,0.0,362.0,0.0,0.0,2.0,0.0,0.0,0.0,0.0,506.0,0.0,0.0,0.0,,0.0,0.0,7.0,0.0,2.0,4.0,0.0,0.0,0.0,0.0,0.0,0.0,0.0,2.0,810.0,0.0,0.0,0.0,0.0,1817.0
2017-07-20,,0.0,2.0,167.0,0.0,0.0,113.0,0.0,0.0,0.0,0.0,0.0,0.0,0.0,503.0,0.0,0.0,0.0,,0.0,0.0,4.0,0.0,2.0,3.0,0.0,0.0,0.0,0.0,0.0,0.0,0.0,2.0,190.0,0.0,0.0,0.0,0.0,986.0
2017-07-21,,0.0,2.0,72.0,0.0,0.0,0.0,0.0,0.0,0.0,0.0,0.0,0.0,0.0,496.0,0.0,0.0,0.0,,0.0,0.0,6.0,0.0,1.0,0.0,0.0,0.0,0.0,0.0,0.0,0.0,0.0,6.0,100.0,0.0,0.0,0.0,0.0,683.0
2017-07-22,,0.0,3.0,113.0,0.0,0.0,0.0,0.0,0.0,0.0,0.0,0.0,0.0,0.0,496.0,0.0,0.0,0.0,,0.0,0.0,7.0,0.0,3.0,4.0,0.0,0.0,0.0,0.0,0.0,0.0,0.0,5.0,90.0,0.0,0.0,0.0,0.0,721.0
2017-07-23,,0.0,3.0,166.0,0.0,0.0,0.0,0.0,0.0,16.0,0.0,0.0,0.0,0.0,494.0,0.0,0.0,0.0,,0.0,0.0,3.0,0.0,5.0,3.0,0.0,0.0,0.0,0.0,0.0,0.0,0.0,1.0,370.0,0.0,0.0,0.0,0.0,1061.0
2017-07-24,,0.0,2.0,94.0,0.0,0.0,0.0,0.0,0.0,0.0,0.0,0.0,0.0,0.0,467.0,0.0,0.0,0.0,,0.0,0.0,1.0,0.0,1.0,1.0,0.0,0.0,0.0,0.0,0.0,0.0,0.0,1.0,0.0,0.0,0.0,0.0,0.0,567.0
2017-07-25,,0.0,2.0,85.0,0.0,0.0,31.0,0.0,0.0,0.0,0.0,0.0,249.0,0.0,474.0,0.0,0.0,0.0,,2.0,0.0,3.0,0.0,2.0,3.0,0.0,0.0,0.0,0.0,0.0,0.0,0.0,10.0,0.0,0.0,0.0,0.0,0.0,861.0
2017-07-26,,0.0,2.0,24.0,200.0,0.0,0.0,0.0,0.0,0.0,0.0,0.0,0.0,0.0,503.0,0.0,0.0,0.0,,0.0,0.0,2.0,0.0,3.0,2.0,0.0,0.0,0.0,380.0,0.0,0.0,0.0,32.0,440.0,70.0,0.0,0.0,0.0,1658.0
2017-07-27,,0.0,7.0,120.0,200.0,0.0,42.0,0.0,0.0,3.0,0.0,0.0,238.0,0.0,481.0,0.0,0.0,0.0,,0.0,0.0,3.0,0.0,4.0,4.0,0.0,0.0,0.0,0.0,0.0,0.0,0.0,1.0,1665.0,0.0,0.0,0.0,0.0,2768.0
2017-07-28,,0.0,3.0,90.0,0.0,0.0,0.0,0.0,0.0,0.0,0.0,0.0,124.0,0.0,533.0,0.0,0.0,0.0,,0.0,0.0,2.0,0.0,5.0,3.0,0.0,0.0,0.0,0.0,0.0,0.0,0.0,9.0,2500.0,0.0,0.0,0.0,0.0,3269.0
2017-07-29,,0.0,3.0,125.0,0.0,0.0,0.0,0.0,0.0,0.0,0.0,0.0,0.0,0.0,486.0,0.0,0.0,0.0,,0.0,0.0,6.0,0.0,2.0,2.0,0.0,0.0,0.0,0.0,0.0,0.0,0.0,3.0,0.0,0.0,0.0,0.0,0.0,627.0
2017-07-30,,0.0,8.0,51.0,200.0,0.0,0.0,0.0,0.0,0.0,0.0,0.0,0.0,0.0,459.0,0.0,0.0,0.0,,0.0,0.0,6.0,0.0,1.0,2.0,0.0,0.0,0.0,0.0,0.0,0.0,0.0,1.0,180.0,0.0,0.0,0.0,0.0,908.0
2017-07-31,,0.0,1.0,58.0,0.0,0.0,0.0,0.0,0.0,0.0,0.0,0.0,0.0,0.0,466.0,0.0,0.0,0.0,,0.0,0.0,1.0,0.0,2.0,2.0,0.0,0.0,0.0,0.0,0.0,0.0,0.0,1.0,815.0,0.0,0.0,0.0,300.0,1646.0
2017-08-01,,0.0,2.0,43.0,0.0,0.0,0.0,0.0,0.0,0.0,0.0,0.0,68.0,0.0,467.0,0.0,0.0,0.0,,0.0,0.0,2.0,0.0,1.0,1.0,0.0,0.0,0.0,0.0,0.0,0.0,0.0,2.0,700.0,0.0,0.0,0.0,0.0,1286.0
2017-08-02,,0.0,2.0,90.0,0.0,0.0,0.0,0.0,0.0,0.0,0.0,0.0,0.0,0.0,464.0,0.0,0.0,0.0,,0.0,0.0,2.0,0.0,3.0,3.0,0.0,0.0,0.0,0.0,0.0,0.0,0.0,7.0,90.0,0.0,0.0,0.0,0.0,661.0
2017-08-03,,0.0,2.0,141.0,0.0,0.0,0.0,0.0,0.0,0.0,0.0,0.0,0.0,0.0,483.0,0.0,0.0,0.0,,0.0,0.0,2.0,0.0,3.0,5.0,0.0,0.0,0.0,0.0,0.0,0.0,0.0,3.0,150.0,0.0,0.0,0.0,0.0,789.0
2017-08-04,,0.0,5.0,103.0,0.0,0.0,0.0,0.0,0.0,0.0,0.0,0.0,635.0,22.0,489.0,0.0,0.0,0.0,,0.0,0.0,4.0,0.0,3.0,3.0,0.0,0.0,0.0,0.0,0.0,0.0,0.0,1.0,290.0,0.0,0.0,0.0,0.0,1555.0
2017-08-05,,0.0,2.0,128.0,0.0,0.0,0.0,0.0,0.0,0.0,0.0,0.0,119.0,0.0,491.0,0.0,0.0,0.0,,0.0,0.0,4.0,0.0,2.0,3.0,0.0,0.0,0.0,0.0,0.0,0.0,0.0,2.0,340.0,0.0,0.0,0.0,0.0,1091.0
2017-08-06,,0.0,2.0,118.0,0.0,0.0,0.0,0.0,0.0,0.0,0.0,0.0,34.0,0.0,483.0,0.0,0.0,0.0,,0.0,0.0,8.0,0.0,4.0,5.0,0.0,0.0,0.0,0.0,0.0,0.0,0.0,7.0,350.0,150.0,0.0,0.0,0.0,1161.0
2017-08-07,,0.0,4.0,134.0,50.0,0.0,0.0,0.0,0.0,0.0,0.0,0.0,0.0,0.0,482.0,0.0,0.0,0.0,,0.0,0.0,5.0,0.0,6.0,4.0,0.0,0.0,0.0,0.0,0.0,0.0,0.0,3.0,0.0,150.0,0.0,0.0,200.0,1038.0
2017-08-08,,0.0,2.0,131.0,0.0,0.0,0.0,0.0,0.0,0.0,0.0,0.0,280.0,0.0,462.0,0.0,0.0,0.0,,0.0,0.0,1.0,0.0,1.0,1.0,0.0,0.0,0.0,0.0,0.0,0.0,0.0,2.0,380.0,150.0,0.0,0.0,450.0,1860.0
2017-08-09,,0.0,1.0,117.0,0.0,0.0,0.0,0.0,0.0,0.0,0.0,0.0,300.0,0.0,481.0,0.0,350.0,100.0,,0.0,0.0,1.0,0.0,1.0,2.0,0.0,35.0,0.0,0.0,0.0,0.0,0.0,3.0,420.0,75.0,0.0,0.0,0.0,1886.0
2017-08-10,,0.0,3.0,202.0,0.0,0.0,0.0,0.0,0.0,0.0,0.0,0.0,0.0,0.0,502.0,0.0,0.0,0.0,,0.0,0.0,2.0,0.0,2.0,1.0,0.0,0.0,0.0,0.0,0.0,0.0,0.0,12.0,0.0,0.0,0.0,0.0,0.0,724.0
2017-08-11,,0.0,2.0,140.0,150.0,0.0,0.0,0.0,0.0,52.0,0.0,0.0,0.0,0.0,478.0,0.0,0.0,0.0,,0.0,0.0,3.0,0.0,1.0,3.0,0.0,0.0,0.0,0.0,0.0,0.0,0.0,7.0,450.0,0.0,0.0,0.0,0.0,1286.0
2017-08-12,,0.0,7.0,208.0,0.0,0.0,0.0,0.0,0.0,0.0,0.0,0.0,0.0,0.0,497.0,0.0,0.0,0.0,,0.0,0.0,8.0,0.0,2.0,3.0,0.0,0.0,0.0,0.0,0.0,0.0,0.0,6.0,630.0,0.0,0.0,0.0,0.0,1361.0
2017-08-13,,0.0,2.0,128.0,0.0,0.0,0.0,0.0,0.0,0.0,0.0,0.0,0.0,0.0,456.0,0.0,0.0,0.0,,0.0,0.0,6.0,0.0,1.0,4.0,0.0,0.0,0.0,0.0,0.0,0.0,0.0,7.0,740.0,0.0,0.0,0.0,0.0,1344.0
2017-08-14,,300.0,4.0,104.0,0.0,0.0,0.0,0.0,0.0,0.0,0.0,0.0,137.0,0.0,512.0,0.0,560.0,0.0,,0.0,0.0,6.0,0.0,1.0,3.0,0.0,0.0,0.0,496.0,0.0,0.0,0.0,4.0,1845.0,150.0,0.0,0.0,0.0,4122.0
2017-08-15,,0.0,4.0,69.0,0.0,0.0,0.0,0.0,0.0,0.0,0.0,0.0,0.0,0.0,497.0,0.0,0.0,0.0,,0.0,0.0,3.0,0.0,2.0,2.0,0.0,0.0,0.0,496.0,0.0,0.0,0.0,4.0,1365.0,150.0,0.0,0.0,0.0,2592.0
2017-08-16,,0.0,1.0,0.0,0.0,0.0,0.0,0.0,0.0,16.0,0.0,0.0,795.0,0.0,599.0,0.0,0.0,0.0,,0.0,0.0,2.0,0.0,2.0,1.0,0.0,0.0,0.0,0.0,0.0,0.0,0.0,3.0,1210.0,75.0,0.0,0.0,100.0,2804.0
2017-08-17,,0.0,2.0,165.0,0.0,0.0,0.0,0.0,0.0,16.0,0.0,0.0,300.0,0.0,506.0,0.0,0.0,0.0,,0.0,0.0,2.0,0.0,0.0,0.0,0.0,0.0,0.0,0.0,0.0,0.0,0.0,2.0,2555.0,155.0,0.0,0.0,0.0,3703.0
2017-08-18,,0.0,1.0,173.0,0.0,0.0,0.0,0.0,0.0,0.0,0.0,0.0,227.0,0.0,512.0,0.0,0.0,0.0,,0.0,0.0,1.0,0.0,2.0,6.0,0.0,0.0,0.0,771.0,0.0,0.0,0.0,5.0,1545.0,0.0,0.0,0.0,0.0,3243.0
2017-08-19,,0.0,2.0,125.0,0.0,0.0,0.0,0.0,0.0,0.0,0.0,0.0,0.0,0.0,504.0,0.0,0.0,0.0,,0.0,0.0,3.0,0.0,2.0,5.0,0.0,0.0,0.0,0.0,0.0,0.0,0.0,2.0,570.0,0.0,0.0,0.0,0.0,1213.0
2017-08-20,,0.0,2.0,92.0,0.0,0.0,0.0,0.0,0.0,0.0,0.0,0.0,0.0,0.0,505.0,0.0,0.0,0.0,,0.0,0.0,1.0,0.0,1.0,2.0,0.0,0.0,0.0,0.0,0.0,0.0,0.0,2.0,680.0,0.0,0.0,0.0,0.0,1285.0
2017-08-21,,0.0,1.0,129.0,0.0,0.0,0.0,0.0,0.0,0.0,0.0,0.0,294.0,0.0,517.0,0.0,0.0,0.0,,0.0,0.0,4.0,0.0,1.0,4.0,0.0,0.0,0.0,263.0,0.0,0.0,0.0,1.0,530.0,0.0,0.0,0.0,0.0,1744.0
2017-08-22,,0.0,2.0,67.0,0.0,0.0,0.0,0.0,0.0,0.0,0.0,0.0,0.0,0.0,509.0,0.0,0.0,0.0,,0.0,0.0,6.0,0.0,2.0,2.0,0.0,0.0,0.0,0.0,0.0,0.0,0.0,33.0,180.0,0.0,0.0,0.0,0.0,801.0
2017-08-23,,0.0,2.0,180.0,0.0,0.0,0.0,0.0,0.0,0.0,0.0,0.0,0.0,0.0,508.0,0.0,0.0,0.0,,0.0,0.0,3.0,0.0,1.0,3.0,0.0,0.0,0.0,0.0,0.0,0.0,0.0,1.0,750.0,0.0,0.0,0.0,0.0,1448.0
2017-08-24,,0.0,2.0,117.0,0.0,0.0,0.0,0.0,0.0,0.0,0.0,0.0,236.0,0.0,481.0,0.0,0.0,0.0,,0.0,0.0,2.0,0.0,3.0,1.0,0.0,0.0,0.0,0.0,0.0,0.0,0.0,30.0,955.0,0.0,0.0,0.0,0.0,1827.0
2017-08-25,,0.0,0.0,92.0,0.0,0.0,0.0,0.0,0.0,0.0,0.0,0.0,0.0,0.0,487.0,0.0,0.0,0.0,,0.0,0.0,2.0,0.0,0.0,1.0,0.0,0.0,0.0,0.0,0.0,0.0,0.0,8.0,1000.0,0.0,0.0,0.0,0.0,1590.0
2017-08-26,,0.0,2.0,108.0,0.0,0.0,0.0,0.0,0.0,0.0,0.0,0.0,248.0,0.0,506.0,0.0,0.0,0.0,,0.0,0.0,2.0,0.0,2.0,5.0,0.0,0.0,0.0,0.0,0.0,0.0,0.0,8.0,340.0,0.0,0.0,0.0,0.0,1221.0
2017-08-27,,0.0,2.0,81.0,0.0,0.0,0.0,0.0,0.0,0.0,0.0,0.0,0.0,15.0,516.0,0.0,0.0,0.0,,0.0,0.0,1.0,0.0,2.0,2.0,0.0,0.0,0.0,0.0,0.0,0.0,0.0,6.0,290.0,0.0,0.0,0.0,100.0,1015.0
2017-08-28,,0.0,2.0,97.0,0.0,0.0,0.0,0.0,0.0,0.0,0.0,0.0,0.0,0.0,520.0,0.0,0.0,0.0,,0.0,0.0,2.0,0.0,2.0,1.0,100.0,0.0,0.0,0.0,0.0,0.0,0.0,4.0,685.0,0.0,0.0,0.0,0.0,1413.0
2017-08-29,,0.0,3.0,72.0,0.0,0.0,0.0,0.0,0.0,0.0,0.0,0.0,0.0,0.0,528.0,0.0,0.0,0.0,,0.0,0.0,2.0,0.0,1.0,5.0,0.0,0.0,0.0,0.0,0.0,0.0,0.0,4.0,790.0,0.0,0.0,0.0,0.0,1405.0
2017-08-30,,0.0,7.0,99.0,0.0,0.0,0.0,0.0,0.0,0.0,0.0,0.0,0.0,0.0,500.0,0.0,0.0,0.0,,0.0,0.0,7.0,0.0,3.0,4.0,0.0,0.0,0.0,0.0,0.0,0.0,0.0,4.0,150.0,0.0,0.0,0.0,0.0,774.0
2017-08-31,,0.0,4.0,128.0,150.0,0.0,0.0,0.0,0.0,0.0,0.0,0.0,0.0,0.0,513.0,0.0,0.0,0.0,,0.0,0.0,6.0,0.0,9.0,4.0,150.0,0.0,0.0,0.0,0.0,0.0,0.0,1.0,1075.0,0.0,0.0,0.0,100.0,2140.0
2017-09-01,,0.0,1.0,108.0,0.0,0.0,24.0,0.0,0.0,0.0,0.0,0.0,0.0,0.0,532.0,0.0,0.0,0.0,,0.0,0.0,3.0,0.0,2.0,1.0,0.0,0.0,0.0,0.0,0.0,0.0,0.0,0.0,0.0,0.0,0.0,0.0,0.0,671.0
2017-09-02,,0.0,1.0,130.0,0.0,0.0,28.0,0.0,0.0,0.0,0.0,0.0,0.0,65.0,485.0,0.0,0.0,0.0,,0.0,0.0,1.0,0.0,0.0,0.0,0.0,0.0,0.0,0.0,0.0,0.0,0.0,3.0,260.0,0.0,0.0,0.0,0.0,973.0
2017-09-03,,0.0,2.0,99.0,0.0,0.0,24.0,0.0,0.0,0.0,0.0,0.0,34.0,0.0,464.0,0.0,0.0,0.0,,0.0,0.0,2.0,0.0,1.0,0.0,0.0,0.0,0.0,0.0,0.0,0.0,0.0,5.0,0.0,0.0,0.0,0.0,0.0,631.0
2017-09-04,,0.0,4.0,76.0,0.0,0.0,158.0,0.0,0.0,0.0,0.0,29.0,500.0,0.0,521.0,0.0,0.0,0.0,,0.0,0.0,1.0,0.0,2.0,5.0,0.0,0.0,0.0,0.0,0.0,0.0,0.0,4.0,470.0,0.0,0.0,0.0,0.0,1770.0
2017-09-05,,0.0,2.0,47.0,0.0,0.0,0.0,0.0,0.0,0.0,0.0,0.0,0.0,0.0,526.0,0.0,0.0,0.0,,0.0,0.0,3.0,0.0,1.0,1.0,0.0,0.0,0.0,0.0,0.0,0.0,0.0,1.0,820.0,0.0,0.0,0.0,0.0,1401.0
2017-09-06,,0.0,2.0,70.0,0.0,0.0,0.0,0.0,0.0,0.0,0.0,0.0,263.0,0.0,452.0,0.0,0.0,0.0,,0.0,0.0,2.0,0.0,2.0,2.0,0.0,0.0,0.0,203.0,0.0,0.0,0.0,4.0,625.0,0.0,0.0,0.0,0.0,1625.0
2017-09-07,,0.0,3.0,130.0,0.0,0.0,0.0,0.0,0.0,0.0,0.0,0.0,0.0,0.0,504.0,0.0,0.0,0.0,,0.0,0.0,4.0,0.0,4.0,2.0,0.0,0.0,0.0,0.0,0.0,0.0,0.0,2.0,690.0,0.0,0.0,0.0,0.0,1339.0
2017-09-08,,0.0,3.0,205.0,100.0,0.0,36.0,0.0,0.0,0.0,0.0,0.0,0.0,0.0,515.0,0.0,0.0,0.0,,0.0,0.0,1.0,0.0,1.0,3.0,0.0,0.0,0.0,60.0,0.0,0.0,0.0,21.0,1900.0,0.0,0.0,0.0,150.0,2995.0
2017-09-09,,0.0,2.0,167.0,100.0,0.0,283.0,0.0,0.0,0.0,0.0,0.0,68.0,0.0,509.0,0.0,0.0,0.0,,0.0,0.0,2.0,0.0,1.0,1.0,0.0,0.0,0.0,147.0,0.0,0.0,0.0,11.0,1380.0,0.0,0.0,0.0,50.0,2721.0
2017-09-10,,0.0,1.0,93.0,0.0,0.0,115.0,0.0,0.0,0.0,0.0,0.0,0.0,0.0,478.0,0.0,0.0,0.0,,0.0,0.0,1.0,0.0,1.0,1.0,0.0,0.0,0.0,0.0,0.0,0.0,0.0,4.0,1595.0,0.0,0.0,0.0,0.0,2289.0
2017-09-11,,0.0,2.0,90.0,0.0,0.0,189.0,0.0,0.0,0.0,0.0,30.0,144.0,25.0,488.0,0.0,0.0,0.0,,20.0,246.0,4.0,0.0,3.0,4.0,0.0,0.0,0.0,0.0,0.0,0.0,0.0,1.0,1030.0,0.0,0.0,0.0,0.0,2276.0
2017-09-12,,0.0,2.0,110.0,100.0,0.0,0.0,0.0,0.0,0.0,0.0,0.0,0.0,0.0,498.0,0.0,0.0,0.0,,0.0,629.0,6.0,0.0,2.0,3.0,0.0,0.0,0.0,0.0,0.0,0.0,0.0,1.0,1250.0,0.0,0.0,0.0,0.0,2601.0
2017-09-13,,0.0,2.0,200.0,0.0,0.0,0.0,0.0,0.0,0.0,0.0,0.0,525.0,0.0,509.0,0.0,0.0,0.0,,0.0,561.0,1.0,0.0,1.0,3.0,0.0,0.0,0.0,0.0,0.0,0.0,0.0,2.0,1100.0,0.0,0.0,0.0,0.0,2904.0
2017-09-14,,0.0,2.0,194.0,0.0,0.0,71.0,0.0,0.0,0.0,0.0,0.0,263.0,0.0,507.0,0.0,0.0,0.0,,0.0,609.0,2.0,0.0,1.0,1.0,0.0,0.0,0.0,0.0,0.0,0.0,0.0,2.0,1680.0,0.0,0.0,0.0,0.0,3332.0
2017-09-15,,0.0,3.0,151.0,0.0,0.0,0.0,0.0,0.0,0.0,0.0,0.0,240.0,0.0,562.0,0.0,0.0,0.0,,0.0,715.0,2.0,0.0,3.0,2.0,0.0,0.0,0.0,2028.0,0.0,0.0,0.0,10.0,2295.0,0.0,0.0,0.0,0.0,6011.0
2017-09-15,,0.0,3.0,151.0,0.0,0.0,0.0,0.0,0.0,0.0,0.0,0.0,240.0,0.0,562.0,0.0,0.0,0.0,,0.0,715.0,2.0,0.0,3.0,2.0,0.0,0.0,0.0,2028.0,0.0,0.0,0.0,10.0,2295.0,0.0,0.0,0.0,0.0,6011.0
2017-09-16,,0.0,7.0,138.0,0.0,0.0,0.0,0.0,0.0,0.0,0.0,0.0,325.0,0.0,512.0,0.0,0.0,0.0,,0.0,686.0,4.0,0.0,3.0,4.0,200.0,0.0,0.0,120.0,0.0,0.0,0.0,1.0,1230.0,0.0,0.0,0.0,0.0,3230.0
2017-09-17,,0.0,2.0,160.0,0.0,0.0,0.0,0.0,0.0,0.0,0.0,0.0,0.0,0.0,507.0,0.0,0.0,0.0,,0.0,0.0,3.0,0.0,4.0,1.0,0.0,0.0,0.0,0.0,0.0,0.0,0.0,0.0,2590.0,0.0,0.0,0.0,0.0,3267.0
2017-09-18,,0.0,3.0,113.0,0.0,0.0,0.0,0.0,0.0,0.0,0.0,0.0,225.0,0.0,559.0,0.0,0.0,0.0,,0.0,0.0,2.0,0.0,0.0,1.0,0.0,0.0,0.0,0.0,0.0,0.0,0.0,6.0,470.0,0.0,0.0,0.0,0.0,1379.0
2017-09-19,,0.0,2.0,115.0,0.0,0.0,0.0,0.0,0.0,0.0,0.0,0.0,0.0,0.0,514.0,0.0,0.0,0.0,,0.0,0.0,3.0,0.0,2.0,2.0,0.0,0.0,0.0,0.0,0.0,0.0,0.0,2.0,0.0,75.0,0.0,0.0,0.0,715.0
2017-09-20,,0.0,1.0,101.0,0.0,0.0,0.0,0.0,0.0,2.0,0.0,0.0,25.0,0.0,528.0,0.0,0.0,75.0,,0.0,0.0,2.0,0.0,5.0,3.0,0.0,0.0,0.0,0.0,0.0,0.0,0.0,6.0,0.0,75.0,0.0,0.0,0.0,823.0
2017-09-21,,0.0,8.0,118.0,0.0,0.0,95.0,0.0,0.0,0.0,0.0,0.0,0.0,0.0,547.0,0.0,0.0,0.0,,0.0,0.0,5.0,0.0,1.0,4.0,200.0,0.0,0.0,0.0,0.0,0.0,0.0,3.0,0.0,0.0,0.0,0.0,200.0,1181.0
2017-09-22,,0.0,7.0,123.0,0.0,0.0,206.0,0.0,0.0,0.0,0.0,0.0,0.0,0.0,528.0,0.0,0.0,0.0,,0.0,0.0,6.0,0.0,2.0,4.0,0.0,0.0,0.0,0.0,0.0,0.0,0.0,2.0,0.0,0.0,0.0,0.0,0.0,878.0
2017-09-23,,0.0,2.0,91.0,0.0,0.0,165.0,0.0,0.0,0.0,0.0,0.0,38.0,0.0,525.0,0.0,0.0,0.0,,0.0,0.0,4.0,0.0,6.0,6.0,0.0,0.0,0.0,0.0,0.0,0.0,0.0,15.0,0.0,0.0,0.0,0.0,0.0,852.0
2017-09-24,,0.0,2.0,75.0,0.0,0.0,0.0,0.0,0.0,0.0,0.0,0.0,0.0,0.0,509.0,0.0,0.0,0.0,,0.0,0.0,3.0,0.0,1.0,4.0,0.0,0.0,0.0,0.0,0.0,0.0,0.0,1.0,0.0,0.0,0.0,0.0,0.0,595.0
2017-09-25,,0.0,2.0,55.0,0.0,0.0,0.0,0.0,0.0,0.0,0.0,0.0,60.0,0.0,522.0,0.0,0.0,0.0,,0.0,0.0,2.0,0.0,1.0,1.0,0.0,0.0,0.0,115.0,0.0,0.0,0.0,0.0,0.0,0.0,0.0,0.0,0.0,758.0
2017-09-26,,0.0,1.0,108.0,0.0,0.0,0.0,0.0,0.0,0.0,0.0,0.0,75.0,0.0,530.0,0.0,0.0,0.0,,0.0,0.0,1.0,0.0,1.0,1.0,0.0,0.0,0.0,0.0,0.0,0.0,0.0,1.0,300.0,0.0,0.0,0.0,0.0,1018.0
2017-09-27,,0.0,2.0,53.0,0.0,0.0,30.0,0.0,0.0,0.0,0.0,0.0,560.0,0.0,518.0,0.0,0.0,0.0,,0.0,656.0,3.0,0.0,1.0,1.0,0.0,0.0,0.0,291.0,0.0,0.0,0.0,0.0,230.0,0.0,0.0,0.0,0.0,2345.0
2017-09-28,,0.0,2.0,94.0,0.0,0.0,0.0,0.0,0.0,0.0,0.0,0.0,175.0,0.0,528.0,0.0,0.0,0.0,,0.0,780.0,1.0,0.0,0.0,2.0,0.0,0.0,0.0,183.0,0.0,0.0,0.0,4.0,0.0,0.0,0.0,0.0,0.0,1769.0
2017-09-29,,0.0,3.0,122.0,0.0,0.0,0.0,0.0,0.0,0.0,0.0,0.0,538.0,0.0,533.0,0.0,0.0,0.0,,0.0,708.0,2.0,0.0,2.0,2.0,0.0,0.0,0.0,684.0,0.0,0.0,0.0,1.0,0.0,0.0,0.0,0.0,0.0,2595.0
2017-09-30,,0.0,3.0,177.0,0.0,0.0,0.0,0.0,0.0,0.0,0.0,0.0,0.0,0.0,513.0,0.0,0.0,0.0,,0.0,0.0,4.0,0.0,3.0,5.0,0.0,0.0,0.0,0.0,0.0,0.0,0.0,0.0,0.0,0.0,0.0,0.0,0.0,705.0
2017-10-01,,0.0,3.0,31.0,0.0,0.0,0.0,0.0,0.0,0.0,0.0,0.0,0.0,0.0,648.0,0.0,0.0,0.0,,0.0,0.0,3.0,0.0,5.0,2.0,0.0,0.0,0.0,0.0,0.0,0.0,0.0,2.0,0.0,0.0,0.0,0.0,0.0,694.0
2017-10-02,,0.0,4.0,55.0,0.0,0.0,0.0,0.0,0.0,0.0,0.0,0.0,0.0,0.0,555.0,0.0,0.0,0.0,,0.0,0.0,2.0,0.0,1.0,5.0,0.0,0.0,0.0,0.0,0.0,0.0,0.0,0.0,0.0,0.0,0.0,0.0,200.0,822.0
2017-10-03,,0.0,2.0,77.0,0.0,0.0,0.0,0.0,0.0,0.0,0.0,0.0,700.0,2.0,574.0,0.0,0.0,0.0,,0.0,808.0,2.0,0.0,1.0,1.0,0.0,0.0,0.0,185.0,0.0,0.0,0.0,1.0,0.0,0.0,0.0,0.0,0.0,2353.0
2017-10-04,,0.0,0.0,77.0,0.0,0.0,0.0,0.0,0.0,0.0,0.0,0.0,254.0,0.0,512.0,0.0,0.0,0.0,,0.0,1062.0,1.0,0.0,1.0,1.0,0.0,0.0,0.0,759.0,0.0,0.0,0.0,0.0,1230.0,150.0,0.0,0.0,0.0,4047.0
2017-10-05,,0.0,2.0,95.0,0.0,0.0,0.0,0.0,0.0,0.0,0.0,29.0,125.0,0.0,518.0,0.0,0.0,0.0,,0.0,2519.0,1.0,0.0,1.0,3.0,0.0,0.0,0.0,197.0,0.0,0.0,0.0,0.0,0.0,150.0,0.0,0.0,0.0,3640.0
2017-10-06,,0.0,4.0,96.0,0.0,0.0,0.0,0.0,0.0,0.0,0.0,6.0,0.0,0.0,508.0,0.0,0.0,0.0,,0.0,1627.0,2.0,0.0,1.0,2.0,0.0,0.0,0.0,276.0,0.0,0.0,0.0,0.0,915.0,0.0,0.0,0.0,170.0,3607.0
2017-10-07,,0.0,5.0,100.0,0.0,0.0,0.0,0.0,0.0,0.0,0.0,0.0,516.0,0.0,541.0,0.0,0.0,0.0,,0.0,788.0,2.0,0.0,2.0,1.0,0.0,0.0,0.0,735.0,0.0,0.0,0.0,1.0,690.0,0.0,0.0,0.0,200.0,3581.0
2017-10-08,,0.0,1.0,125.0,0.0,0.0,0.0,0.0,0.0,0.0,0.0,0.0,0.0,0.0,523.0,0.0,0.0,0.0,,0.0,0.0,1.0,0.0,2.0,2.0,0.0,0.0,0.0,0.0,0.0,0.0,0.0,1.0,0.0,0.0,0.0,0.0,0.0,655.0
2017-10-09,,0.0,4.0,88.0,0.0,0.0,0.0,0.0,0.0,0.0,0.0,0.0,0.0,0.0,509.0,0.0,0.0,0.0,,0.0,0.0,4.0,0.0,4.0,2.0,0.0,0.0,0.0,544.0,0.0,0.0,0.0,5.0,0.0,0.0,0.0,0.0,0.0,1160.0
2017-10-10,,0.0,5.0,65.0,0.0,0.0,0.0,0.0,0.0,0.0,0.0,0.0,19.0,0.0,499.0,0.0,0.0,0.0,,0.0,0.0,5.0,0.0,4.0,6.0,0.0,0.0,0.0,573.0,0.0,0.0,0.0,1.0,0.0,0.0,0.0,0.0,0.0,1177.0
2017-10-11,,0.0,2.0,73.0,0.0,0.0,0.0,0.0,0.0,6.0,0.0,0.0,0.0,0.0,555.0,0.0,0.0,0.0,,0.0,0.0,4.0,0.0,1.0,1.0,0.0,0.0,0.0,465.0,0.0,0.0,0.0,0.0,0.0,0.0,0.0,0.0,0.0,1107.0
2017-10-12,,0.0,1.0,134.0,0.0,0.0,0.0,0.0,0.0,0.0,0.0,0.0,25.0,0.0,547.0,0.0,0.0,0.0,,0.0,0.0,1.0,0.0,0.0,1.0,0.0,0.0,0.0,0.0,0.0,0.0,0.0,0.0,2085.0,0.0,0.0,0.0,0.0,2794.0
2017-10-13,,0.0,2.0,115.0,0.0,0.0,0.0,0.0,0.0,0.0,0.0,0.0,0.0,0.0,498.0,0.0,0.0,0.0,,0.0,0.0,1.0,0.0,2.0,3.0,0.0,0.0,0.0,316.0,0.0,0.0,0.0,0.0,-200.0,0.0,0.0,0.0,0.0,737.0
2017-10-14,,0.0,1.0,100.0,0.0,0.0,83.0,0.0,0.0,0.0,0.0,0.0,0.0,0.0,481.0,0.0,0.0,0.0,,0.0,0.0,2.0,0.0,2.0,1.0,0.0,0.0,0.0,0.0,0.0,0.0,0.0,0.0,210.0,0.0,0.0,0.0,0.0,880.0
2017-10-15,,0.0,7.0,142.0,100.0,0.0,0.0,0.0,0.0,0.0,0.0,0.0,0.0,11.0,491.0,0.0,0.0,0.0,,0.0,0.0,6.0,0.0,3.0,7.0,100.0,0.0,0.0,0.0,0.0,0.0,0.0,0.0,705.0,0.0,0.0,0.0,0.0,1572.0
2017-10-16,,0.0,2.0,100.0,0.0,0.0,0.0,0.0,0.0,0.0,0.0,0.0,18.0,0.0,506.0,0.0,0.0,0.0,,0.0,0.0,3.0,0.0,2.0,2.0,0.0,0.0,0.0,0.0,0.0,0.0,0.0,1.0,320.0,0.0,0.0,0.0,0.0,954.0
2017-10-17,,0.0,0.0,40.0,0.0,0.0,0.0,0.0,0.0,0.0,0.0,0.0,163.0,0.0,526.0,0.0,0.0,0.0,,0.0,0.0,0.0,0.0,2.0,2.0,0.0,0.0,0.0,0.0,0.0,0.0,0.0,1.0,0.0,0.0,0.0,0.0,0.0,734.0
2017-10-18,,0.0,2.0,56.0,0.0,0.0,0.0,0.0,0.0,0.0,0.0,0.0,0.0,0.0,509.0,0.0,0.0,0.0,,0.0,0.0,2.0,0.0,3.0,4.0,0.0,0.0,0.0,0.0,0.0,0.0,0.0,0.0,0.0,0.0,0.0,0.0,0.0,576.0
2017-10-19,,0.0,1.0,13.0,0.0,0.0,0.0,0.0,0.0,0.0,0.0,0.0,0.0,0.0,484.0,0.0,0.0,0.0,,0.0,0.0,3.0,0.0,1.0,1.0,0.0,0.0,0.0,0.0,0.0,0.0,0.0,1.0,0.0,0.0,0.0,0.0,0.0,504.0
2017-10-20,,0.0,1.0,140.0,0.0,0.0,0.0,0.0,0.0,0.0,0.0,0.0,0.0,0.0,474.0,0.0,0.0,0.0,,0.0,0.0,1.0,0.0,0.0,0.0,0.0,0.0,0.0,0.0,0.0,0.0,0.0,1.0,0.0,0.0,0.0,0.0,0.0,617.0
2017-10-21,,0.0,0.0,0.0,0.0,0.0,0.0,0.0,0.0,0.0,0.0,0.0,100.0,0.0,478.0,0.0,0.0,0.0,,0.0,0.0,1.0,0.0,1.0,0.0,0.0,0.0,0.0,0.0,0.0,0.0,0.0,69.0,253.0,0.0,0.0,0.0,0.0,902.0
2017-10-22,,0.0,2.0,122.0,200.0,0.0,0.0,0.0,0.0,0.0,0.0,0.0,0.0,0.0,477.0,0.0,0.0,0.0,,0.0,0.0,3.0,0.0,2.0,2.0,0.0,0.0,0.0,0.0,0.0,0.0,0.0,9.0,0.0,0.0,0.0,0.0,40.0,857.0
2017-10-23,,0.0,7.0,79.0,200.0,0.0,0.0,0.0,0.0,0.0,0.0,0.0,0.0,0.0,468.0,0.0,0.0,0.0,,0.0,0.0,11.0,2.0,5.0,8.0,0.0,0.0,0.0,0.0,0.0,0.0,0.0,3.0,0.0,0.0,0.0,0.0,80.0,863.0
2017-10-24,,0.0,7.0,80.0,0.0,0.0,0.0,0.0,0.0,0.0,0.0,0.0,0.0,0.0,489.0,0.0,0.0,0.0,,0.0,0.0,8.0,4.0,11.0,4.0,0.0,0.0,0.0,184.0,0.0,0.0,0.0,6.0,0.0,0.0,0.0,0.0,0.0,793.0
2017-10-25,,0.0,7.0,72.0,0.0,0.0,75.0,0.0,0.0,0.0,0.0,0.0,228.0,0.0,485.0,0.0,0.0,0.0,,0.0,0.0,5.0,1.0,3.0,1.0,0.0,0.0,0.0,0.0,0.0,0.0,0.0,0.0,0.0,0.0,0.0,0.0,0.0,877.0
2017-10-26,,0.0,9.0,49.0,0.0,0.0,0.0,0.0,0.0,0.0,0.0,0.0,0.0,0.0,476.0,0.0,0.0,0.0,,0.0,0.0,7.0,49.0,6.0,4.0,0.0,0.0,0.0,0.0,0.0,0.0,0.0,5.0,360.0,0.0,0.0,0.0,0.0,965.0
2017-10-27,,0.0,3.0,41.0,0.0,0.0,0.0,0.0,0.0,0.0,0.0,0.0,0.0,0.0,461.0,0.0,0.0,0.0,,0.0,0.0,2.0,0.0,1.0,1.0,0.0,0.0,0.0,242.0,0.0,0.0,0.0,4.0,0.0,0.0,0.0,0.0,0.0,755.0
2017-10-28,,0.0,2.0,28.0,0.0,0.0,0.0,0.0,0.0,0.0,0.0,0.0,41.0,0.0,466.0,0.0,0.0,0.0,,0.0,0.0,3.0,0.0,1.0,1.0,0.0,0.0,0.0,0.0,0.0,0.0,0.0,1.0,0.0,0.0,0.0,0.0,0.0,543.0
2017-10-29,,0.0,4.0,36.0,0.0,0.0,30.0,0.0,0.0,0.0,0.0,0.0,0.0,0.0,478.0,0.0,0.0,0.0,,0.0,0.0,6.0,0.0,0.0,0.0,0.0,0.0,0.0,213.0,0.0,0.0,0.0,2.0,50.0,0.0,0.0,0.0,0.0,819.0
2017-10-30,,0.0,0.0,196.0,0.0,0.0,0.0,0.0,0.0,0.0,0.0,0.0,0.0,0.0,476.0,0.0,0.0,0.0,,0.0,0.0,2.0,0.0,0.0,0.0,0.0,0.0,0.0,0.0,0.0,0.0,0.0,1.0,0.0,0.0,0.0,0.0,100.0,775.0
2017-10-31,,0.0,3.0,85.0,100.0,0.0,0.0,0.0,0.0,0.0,0.0,0.0,0.0,0.0,483.0,0.0,0.0,0.0,,0.0,0.0,7.0,0.0,5.0,5.0,0.0,0.0,0.0,183.0,0.0,0.0,0.0,5.0,175.0,0.0,0.0,0.0,100.0,1151.0
2017-11-01,,0.0,6.0,50.0,0.0,0.0,0.0,0.0,0.0,0.0,0.0,0.0,196.0,0.0,479.0,0.0,0.0,0.0,,0.0,0.0,7.0,3.0,5.0,6.0,0.0,0.0,0.0,0.0,0.0,0.0,0.0,5.0,1010.0,0.0,0.0,0.0,0.0,1767.0
2017-11-02,,0.0,2.0,25.0,0.0,0.0,0.0,0.0,0.0,0.0,0.0,0.0,0.0,0.0,455.0,0.0,0.0,0.0,,0.0,0.0,1.0,0.0,1.0,1.0,0.0,0.0,0.0,223.0,0.0,0.0,0.0,5.0,0.0,0.0,0.0,0.0,0.0,713.0
2017-11-03,,0.0,3.0,59.0,0.0,0.0,0.0,0.0,0.0,0.0,0.0,0.0,0.0,0.0,458.0,0.0,0.0,0.0,,0.0,0.0,3.0,0.0,1.0,2.0,0.0,0.0,0.0,0.0,0.0,0.0,0.0,13.0,1130.0,0.0,0.0,0.0,0.0,1669.0
2017-11-04,,0.0,10.0,177.0,0.0,0.0,0.0,0.0,0.0,0.0,0.0,0.0,0.0,0.0,478.0,0.0,0.0,0.0,,0.0,0.0,7.0,0.0,3.0,4.0,0.0,0.0,0.0,140.0,0.0,0.0,0.0,2.0,770.0,0.0,0.0,0.0,0.0,1591.0
2017-11-05,,0.0,2.0,65.0,0.0,0.0,0.0,0.0,0.0,0.0,0.0,0.0,0.0,0.0,486.0,0.0,0.0,0.0,,0.0,0.0,2.0,0.0,1.0,1.0,0.0,0.0,0.0,0.0,0.0,0.0,0.0,0.0,730.0,0.0,0.0,0.0,0.0,1287.0
2017-11-06,,0.0,0.0,27.0,0.0,0.0,188.0,0.0,0.0,0.0,0.0,0.0,258.0,0.0,469.0,0.0,0.0,0.0,,30.0,0.0,5.0,0.0,0.0,1.0,0.0,0.0,0.0,0.0,0.0,0.0,0.0,0.0,770.0,0.0,0.0,0.0,0.0,1748.0
2017-11-07,,0.0,1.0,34.0,200.0,0.0,0.0,0.0,0.0,0.0,0.0,0.0,254.0,0.0,466.0,100.0,1100.0,0.0,,16.0,18.0,0.0,0.0,2.0,1.0,200.0,0.0,0.0,383.0,0.0,0.0,0.0,4.0,0.0,0.0,0.0,0.0,210.0,2989.0
2017-11-08,,0.0,8.0,95.0,100.0,0.0,0.0,0.0,0.0,11.0,0.0,0.0,125.0,5.0,458.0,0.0,400.0,0.0,,0.0,0.0,7.0,4.0,6.0,8.0,0.0,0.0,0.0,395.0,0.0,0.0,0.0,2.0,10.0,0.0,0.0,0.0,0.0,1634.0
2017-11-09,,0.0,5.0,10.0,0.0,0.0,0.0,0.0,0.0,0.0,0.0,0.0,0.0,5.0,483.0,0.0,0.0,0.0,,0.0,0.0,9.0,0.0,5.0,5.0,0.0,0.0,0.0,682.0,0.0,0.0,0.0,5.0,770.0,0.0,0.0,0.0,0.0,1979.0
2017-11-10,,0.0,6.0,10.0,0.0,0.0,0.0,0.0,0.0,0.0,0.0,0.0,0.0,0.0,476.0,0.0,0.0,0.0,,0.0,0.0,4.0,6.0,4.0,2.0,0.0,0.0,0.0,0.0,0.0,0.0,0.0,3.0,0.0,0.0,0.0,0.0,0.0,511.0
2017-11-11,,0.0,10.0,70.0,0.0,0.0,0.0,0.0,0.0,0.0,0.0,0.0,0.0,0.0,489.0,0.0,0.0,0.0,,0.0,0.0,9.0,5.0,1.0,7.0,250.0,0.0,0.0,0.0,0.0,0.0,0.0,5.0,0.0,0.0,0.0,0.0,0.0,846.0
2017-11-12,,0.0,18.0,148.0,0.0,0.0,0.0,0.0,0.0,0.0,0.0,0.0,0.0,0.0,477.0,0.0,0.0,0.0,,0.0,0.0,15.0,1.0,1.0,10.0,0.0,0.0,0.0,0.0,0.0,0.0,0.0,4.0,0.0,0.0,0.0,0.0,0.0,674.0
2017-11-13,,0.0,1.0,44.0,0.0,0.0,0.0,0.0,0.0,0.0,0.0,0.0,40.0,0.0,493.0,0.0,0.0,0.0,,0.0,0.0,1.0,0.0,1.0,1.0,0.0,0.0,0.0,333.0,0.0,0.0,0.0,0.0,520.0,0.0,0.0,0.0,0.0,1434.0
2017-11-14,,0.0,3.0,19.0,0.0,0.0,0.0,0.0,0.0,0.0,0.0,0.0,100.0,0.0,466.0,0.0,0.0,75.0,,0.0,0.0,2.0,0.0,0.0,0.0,0.0,0.0,0.0,23.0,0.0,0.0,0.0,0.0,0.0,0.0,0.0,0.0,0.0,688.0
2017-11-15,,0.0,1.0,24.0,100.0,0.0,0.0,0.0,0.0,0.0,0.0,0.0,0.0,0.0,459.0,0.0,0.0,0.0,,0.0,0.0,2.0,0.0,0.0,2.0,250.0,0.0,0.0,0.0,0.0,0.0,0.0,0.0,600.0,0.0,0.0,0.0,200.0,1638.0
2017-11-16,,0.0,8.0,32.0,200.0,0.0,0.0,0.0,0.0,0.0,0.0,0.0,0.0,0.0,493.0,64.0,0.0,0.0,,0.0,26.0,5.0,0.0,5.0,6.0,0.0,0.0,0.0,0.0,0.0,0.0,0.0,9.0,710.0,0.0,0.0,0.0,0.0,1558.0
2017-11-17,,0.0,8.0,37.0,0.0,0.0,0.0,0.0,0.0,0.0,0.0,0.0,300.0,8.0,502.0,0.0,0.0,0.0,,0.0,26.0,7.0,1.0,3.0,4.0,0.0,0.0,0.0,0.0,0.0,0.0,0.0,3.0,600.0,0.0,0.0,0.0,0.0,1499.0
2017-11-18,,0.0,2.0,21.0,0.0,0.0,0.0,0.0,0.0,0.0,0.0,0.0,99.0,0.0,478.0,0.0,0.0,0.0,,0.0,14.0,8.0,6.0,3.0,8.0,0.0,0.0,0.0,0.0,0.0,0.0,0.0,4.0,0.0,0.0,0.0,0.0,0.0,643.0
2017-11-19,,0.0,5.0,30.0,0.0,0.0,0.0,0.0,0.0,0.0,0.0,0.0,0.0,0.0,550.0,0.0,0.0,0.0,,0.0,0.0,8.0,2.0,2.0,8.0,400.0,0.0,0.0,0.0,0.0,0.0,0.0,3.0,0.0,0.0,0.0,0.0,0.0,1008.0
2017-11-20,,0.0,2.0,44.0,0.0,0.0,0.0,0.0,0.0,0.0,0.0,0.0,0.0,0.0,492.0,0.0,0.0,0.0,,0.0,0.0,2.0,0.0,1.0,1.0,600.0,0.0,0.0,1.0,0.0,0.0,0.0,6.0,0.0,0.0,0.0,0.0,0.0,1149.0
2017-11-21,,0.0,2.0,44.0,0.0,0.0,0.0,0.0,0.0,0.0,0.0,0.0,278.0,0.0,515.0,0.0,0.0,0.0,,0.0,0.0,1.0,0.0,1.0,2.0,0.0,0.0,0.0,401.0,0.0,0.0,0.0,0.0,115.0,0.0,0.0,0.0,0.0,1359.0
2017-11-22,,0.0,7.0,33.0,0.0,0.0,0.0,0.0,0.0,0.0,0.0,0.0,275.0,1.0,502.0,0.0,0.0,0.0,,0.0,0.0,3.0,0.0,2.0,1.0,0.0,0.0,0.0,216.0,0.0,0.0,0.0,2.0,0.0,0.0,0.0,0.0,0.0,1042.0
2017-11-23,,0.0,8.0,7.0,0.0,0.0,0.0,0.0,0.0,0.0,0.0,0.0,0.0,0.0,504.0,0.0,0.0,0.0,,0.0,0.0,10.0,0.0,6.0,6.0,0.0,0.0,0.0,0.0,0.0,0.0,0.0,3.0,395.0,0.0,0.0,0.0,0.0,939.0
2017-11-24,,0.0,5.0,18.0,0.0,0.0,0.0,0.0,0.0,0.0,0.0,0.0,0.0,0.0,501.0,0.0,0.0,0.0,,0.0,0.0,6.0,0.0,3.0,8.0,0.0,0.0,0.0,0.0,0.0,0.0,0.0,2.0,0.0,0.0,0.0,0.0,0.0,543.0
2017-11-25,,0.0,6.0,44.0,0.0,0.0,0.0,0.0,0.0,0.0,0.0,0.0,0.0,0.0,521.0,0.0,0.0,0.0,,0.0,0.0,3.0,0.0,5.0,8.0,0.0,0.0,0.0,0.0,0.0,0.0,0.0,2.0,125.0,0.0,0.0,0.0,0.0,714.0
2017-11-26,,0.0,7.0,26.0,0.0,0.0,0.0,0.0,0.0,0.0,0.0,0.0,81.0,0.0,520.0,0.0,0.0,0.0,,0.0,0.0,8.0,0.0,9.0,7.0,0.0,0.0,0.0,0.0,0.0,0.0,0.0,1.0,0.0,0.0,0.0,0.0,0.0,659.0
2017-11-27,,0.0,9.0,13.0,0.0,0.0,0.0,0.0,0.0,0.0,0.0,0.0,200.0,0.0,518.0,0.0,0.0,0.0,,0.0,0.0,7.0,4.0,7.0,6.0,0.0,0.0,0.0,0.0,0.0,0.0,0.0,1.0,270.0,0.0,0.0,0.0,0.0,1035.0
2017-11-30,,0.0,3.0,31.0,0.0,0.0,162.0,0.0,0.0,0.0,0.0,10.0,0.0,0.0,518.0,0.0,0.0,0.0,,0.0,0.0,1.0,0.0,2.0,2.0,0.0,0.0,0.0,0.0,0.0,0.0,0.0,0.0,0.0,0.0,0.0,0.0,0.0,729.0
2017-12-01,,0.0,2.0,41.0,0.0,0.0,142.0,0.0,0.0,0.0,0.0,0.0,0.0,0.0,511.0,0.0,0.0,0.0,,0.0,0.0,2.0,0.0,1.0,3.0,0.0,0.0,0.0,0.0,0.0,0.0,0.0,0.0,0.0,0.0,0.0,0.0,0.0,702.0
2017-12-02,,0.0,4.0,21.0,0.0,0.0,0.0,0.0,0.0,0.0,0.0,0.0,0.0,0.0,503.0,0.0,0.0,0.0,,0.0,0.0,8.0,0.0,4.0,6.0,0.0,0.0,0.0,0.0,0.0,0.0,0.0,3.0,180.0,0.0,0.0,0.0,0.0,729.0
2017-12-03,,0.0,6.0,29.0,0.0,0.0,0.0,0.0,0.0,0.0,0.0,0.0,0.0,0.0,510.0,0.0,0.0,0.0,,0.0,0.0,9.0,1.0,4.0,4.0,0.0,0.0,0.0,477.0,0.0,0.0,0.0,1.0,0.0,0.0,0.0,0.0,0.0,1041.0
2017-12-04,,0.0,2.0,18.0,0.0,0.0,0.0,0.0,0.0,0.0,0.0,0.0,0.0,0.0,562.0,0.0,0.0,0.0,,0.0,0.0,11.0,1.0,3.0,1.0,0.0,0.0,0.0,0.0,0.0,0.0,0.0,1.0,0.0,0.0,0.0,0.0,0.0,599.0
2017-12-05,,0.0,2.0,15.0,0.0,0.0,0.0,0.0,0.0,0.0,0.0,0.0,0.0,0.0,568.0,90.0,0.0,0.0,,0.0,0.0,2.0,0.0,1.0,1.0,0.0,0.0,0.0,0.0,0.0,0.0,0.0,1.0,20.0,0.0,0.0,0.0,0.0,700.0
2017-12-06,,0.0,4.0,14.0,0.0,0.0,0.0,0.0,0.0,0.0,0.0,0.0,100.0,0.0,563.0,50.0,0.0,0.0,,0.0,0.0,0.0,3.0,5.0,4.0,0.0,0.0,0.0,0.0,0.0,0.0,0.0,4.0,220.0,0.0,0.0,0.0,0.0,967.0
2017-12-07,,0.0,1.0,20.0,0.0,0.0,0.0,0.0,0.0,0.0,0.0,0.0,0.0,0.0,547.0,0.0,0.0,0.0,,0.0,0.0,0.0,0.0,1.0,1.0,0.0,0.0,0.0,0.0,0.0,0.0,0.0,0.0,90.0,0.0,0.0,0.0,0.0,660.0
2017-12-08,,0.0,2.0,12.0,0.0,0.0,0.0,0.0,0.0,0.0,0.0,0.0,0.0,0.0,567.0,0.0,0.0,0.0,,0.0,0.0,1.0,0.0,1.0,3.0,0.0,0.0,0.0,0.0,0.0,0.0,0.0,2.0,570.0,0.0,0.0,0.0,0.0,1158.0
2017-12-09,,0.0,4.0,36.0,0.0,0.0,0.0,0.0,0.0,0.0,0.0,19.0,38.0,0.0,503.0,0.0,0.0,0.0,,0.0,1885.0,4.0,0.0,4.0,5.0,0.0,0.0,0.0,232.0,0.0,0.0,0.0,4.0,110.0,0.0,0.0,0.0,0.0,2844.0
2017-12-10,,0.0,7.0,15.0,0.0,0.0,0.0,0.0,0.0,0.0,0.0,19.0,0.0,0.0,514.0,0.0,0.0,0.0,,0.0,0.0,6.0,0.0,6.0,8.0,0.0,0.0,0.0,0.0,0.0,0.0,0.0,5.0,310.0,0.0,0.0,0.0,0.0,890.0
2017-12-11,,0.0,7.0,35.0,0.0,0.0,0.0,0.0,0.0,0.0,0.0,0.0,200.0,0.0,447.0,0.0,0.0,0.0,,0.0,0.0,7.0,0.0,4.0,7.0,0.0,0.0,0.0,0.0,0.0,0.0,0.0,3.0,250.0,0.0,0.0,0.0,0.0,960.0
2017-12-12,,0.0,6.0,9.0,0.0,0.0,0.0,0.0,0.0,0.0,0.0,0.0,400.0,0.0,298.0,0.0,0.0,0.0,,0.0,0.0,15.0,5.0,9.0,6.0,0.0,0.0,0.0,0.0,0.0,0.0,0.0,0.0,170.0,0.0,0.0,0.0,0.0,918.0
2017-12-13,,0.0,2.0,13.0,0.0,0.0,0.0,0.0,0.0,0.0,0.0,0.0,386.0,0.0,513.0,0.0,0.0,0.0,,0.0,0.0,3.0,8.0,3.0,1.0,0.0,0.0,0.0,0.0,0.0,0.0,0.0,1.0,250.0,0.0,0.0,0.0,0.0,1180.0
2017-12-14,,0.0,2.0,13.0,0.0,0.0,0.0,0.0,0.0,0.0,0.0,0.0,360.0,0.0,516.0,0.0,0.0,0.0,,0.0,0.0,2.0,16.0,1.0,1.0,0.0,0.0,0.0,0.0,0.0,0.0,0.0,4.0,170.0,0.0,0.0,0.0,0.0,1085.0
2017-12-15,,0.0,5.0,25.0,0.0,0.0,0.0,0.0,0.0,0.0,0.0,0.0,37.0,0.0,515.0,0.0,0.0,0.0,,0.0,0.0,6.0,0.0,5.0,6.0,0.0,0.0,0.0,509.0,0.0,0.0,0.0,3.0,600.0,0.0,0.0,0.0,0.0,1711.0
2017-12-16,,0.0,2.0,41.0,0.0,0.0,0.0,0.0,0.0,0.0,0.0,0.0,0.0,9.0,505.0,0.0,0.0,0.0,,0.0,0.0,0.0,0.0,2.0,0.0,0.0,0.0,0.0,0.0,0.0,0.0,0.0,0.0,0.0,0.0,0.0,0.0,0.0,559.0
2017-12-17,,0.0,0.0,8.0,100.0,0.0,0.0,0.0,0.0,0.0,0.0,0.0,0.0,0.0,525.0,0.0,0.0,0.0,,0.0,0.0,0.0,0.0,0.0,1.0,0.0,0.0,0.0,0.0,0.0,0.0,0.0,0.0,0.0,0.0,0.0,0.0,0.0,634.0
2017-12-18,,0.0,8.0,18.0,0.0,0.0,0.0,0.0,0.0,0.0,0.0,0.0,25.0,1.0,536.0,0.0,0.0,0.0,,0.0,0.0,4.0,0.0,4.0,4.0,0.0,0.0,0.0,0.0,0.0,0.0,0.0,0.0,250.0,0.0,0.0,0.0,0.0,850.0
2017-12-19,,0.0,7.0,18.0,0.0,0.0,0.0,0.0,0.0,0.0,0.0,0.0,49.0,0.0,512.0,0.0,0.0,0.0,,0.0,0.0,5.0,0.0,7.0,7.0,0.0,0.0,0.0,0.0,0.0,0.0,0.0,1.0,240.0,0.0,0.0,0.0,0.0,846.0
2017-12-20,,0.0,9.0,5.0,0.0,0.0,0.0,0.0,0.0,0.0,0.0,0.0,139.0,6.0,552.0,0.0,0.0,0.0,,0.0,0.0,5.0,2.0,1.0,4.0,0.0,0.0,0.0,0.0,0.0,0.0,0.0,1.0,360.0,0.0,0.0,0.0,0.0,1084.0
2017-12-21,,0.0,0.0,2.0,0.0,0.0,0.0,0.0,0.0,0.0,0.0,0.0,117.0,0.0,525.0,0.0,0.0,0.0,,0.0,0.0,6.0,2.0,1.0,3.0,0.0,0.0,0.0,0.0,0.0,0.0,0.0,1.0,90.0,0.0,0.0,0.0,0.0,747.0
2017-12-22,,0.0,3.0,34.0,100.0,0.0,0.0,0.0,0.0,0.0,0.0,0.0,113.0,0.0,531.0,0.0,0.0,0.0,,0.0,0.0,4.0,7.0,2.0,3.0,0.0,0.0,0.0,0.0,0.0,0.0,0.0,1.0,100.0,0.0,0.0,0.0,0.0,898.0
2017-12-23,,0.0,2.0,34.0,0.0,0.0,0.0,0.0,0.0,0.0,0.0,0.0,188.0,0.0,532.0,0.0,0.0,0.0,,0.0,0.0,5.0,0.0,1.0,1.0,0.0,0.0,0.0,0.0,0.0,0.0,0.0,1.0,0.0,0.0,0.0,0.0,0.0,764.0
2017-12-24,,0.0,2.0,43.0,0.0,0.0,0.0,0.0,0.0,0.0,0.0,0.0,0.0,20.0,514.0,0.0,0.0,0.0,,0.0,0.0,0.0,0.0,1.0,0.0,0.0,0.0,0.0,0.0,0.0,0.0,0.0,0.0,110.0,0.0,0.0,0.0,0.0,690.0
2017-12-25,,0.0,0.0,4.0,0.0,0.0,0.0,0.0,0.0,0.0,0.0,0.0,0.0,0.0,548.0,156.0,0.0,0.0,,0.0,0.0,0.0,0.0,1.0,2.0,0.0,0.0,0.0,445.0,0.0,0.0,0.0,2.0,260.0,0.0,0.0,0.0,0.0,1418.0
2017-12-26,,0.0,2.0,2.0,0.0,0.0,0.0,0.0,0.0,0.0,0.0,0.0,0.0,0.0,558.0,50.0,0.0,0.0,,0.0,0.0,4.0,0.0,7.0,3.0,0.0,0.0,0.0,428.0,0.0,0.0,0.0,0.0,0.0,0.0,0.0,0.0,0.0,1054.0
2017-12-27,,0.0,3.0,21.0,0.0,0.0,0.0,0.0,0.0,0.0,0.0,0.0,0.0,0.0,548.0,0.0,0.0,0.0,,0.0,0.0,4.0,0.0,4.0,3.0,0.0,0.0,0.0,1245.0,0.0,0.0,0.0,3.0,310.0,0.0,0.0,0.0,0.0,2141.0
2017-12-28,,0.0,2.0,11.0,0.0,0.0,0.0,0.0,0.0,0.0,0.0,0.0,0.0,0.0,527.0,0.0,0.0,0.0,,0.0,0.0,6.0,11.0,5.0,3.0,0.0,0.0,0.0,501.0,0.0,0.0,0.0,1.0,470.0,0.0,0.0,0.0,0.0,1537.0
2017-12-29,,0.0,3.0,6.0,0.0,0.0,0.0,0.0,0.0,0.0,0.0,0.0,0.0,0.0,532.0,0.0,0.0,0.0,,0.0,0.0,5.0,11.0,3.0,2.0,0.0,0.0,0.0,0.0,0.0,0.0,0.0,1.0,380.0,0.0,0.0,0.0,0.0,943.0
2017-12-30,,0.0,4.0,34.0,0.0,0.0,0.0,0.0,0.0,0.0,0.0,0.0,0.0,0.0,545.0,50.0,0.0,0.0,,0.0,0.0,1.0,3.0,1.0,2.0,0.0,0.0,0.0,0.0,0.0,0.0,0.0,1.0,330.0,0.0,0.0,0.0,0.0,971.0
2017-12-31,,,2.0,19.0,0.0,0.0,0.0,0.0,0.0,0.0,0.0,0.0,0.0,0.0,549.0,0.0,,,,0.0,0.0,4.0,0.0,1.0,3.0,0.0,,0.0,0.0,0.0,,,1.0,560.0,0.0,0.0,0.0,0.0,
2018-01-01,,0.0,1.0,29.0,0.0,0.0,0.0,0.0,0.0,0.0,0.0,0.0,0.0,0.0,574.0,0.0,0.0,0.0,,0.0,0.0,4.0,0.0,6.0,4.0,0.0,0.0,0.0,0.0,0.0,0.0,0.0,4.0,0.0,0.0,0.0,0.0,0.0,622.0
2018-01-02,,0.0,3.0,17.0,0.0,0.0,0.0,0.0,0.0,0.0,0.0,0.0,64.0,7.0,563.0,0.0,0.0,0.0,,0.0,0.0,4.0,1.0,4.0,2.0,0.0,,0.0,49.0,0.0,0.0,0.0,5.0,350.0,0.0,0.0,0.0,0.0,
2018-01-03,,,5.0,27.0,0.0,0.0,0.0,0.0,0.0,0.0,0.0,0.0,60.0,0.0,566.0,0.0,,,,0.0,0.0,5.0,0.0,3.0,4.0,0.0,,0.0,0.0,0.0,,,5.0,320.0,0.0,0.0,0.0,0.0,
2018-01-04,,0.0,1.0,25.0,0.0,0.0,226.0,0.0,0.0,0.0,0.0,0.0,238.0,0.0,554.0,0.0,0.0,0.0,,0.0,0.0,0.0,0.0,2.0,0.0,0.0,0.0,0.0,841.0,0.0,0.0,0.0,0.0,1030.0,0.0,0.0,0.0,0.0,2917.0
2018-01-05,,0.0,10.0,15.0,0.0,0.0,0.0,0.0,0.0,0.0,0.0,0.0,91.0,0.0,551.0,0.0,0.0,0.0,,0.0,0.0,19.0,1.0,4.0,3.0,0.0,0.0,0.0,229.0,0.0,0.0,0.0,5.0,720.0,0.0,0.0,0.0,0.0,1648.0
2018-01-06,,0.0,23.0,27.0,0.0,0.0,0.0,0.0,0.0,3.0,0.0,0.0,0.0,0.0,549.0,0.0,0.0,0.0,,0.0,0.0,7.0,0.0,6.0,3.0,0.0,0.0,0.0,0.0,0.0,0.0,0.0,2.0,710.0,0.0,0.0,0.0,0.0,1330.0
2018-01-07,,0.0,7.0,56.0,0.0,0.0,0.0,0.0,0.0,0.0,0.0,0.0,132.0,0.0,535.0,0.0,0.0,0.0,,0.0,0.0,4.0,6.0,5.0,4.0,0.0,0.0,0.0,0.0,0.0,0.0,0.0,1.0,0.0,0.0,0.0,0.0,0.0,750.0
2018-01-08,,0.0,1.0,21.0,0.0,0.0,0.0,0.0,0.0,0.0,0.0,0.0,0.0,0.0,549.0,0.0,0.0,0.0,,0.0,0.0,2.0,0.0,1.0,1.0,0.0,0.0,0.0,34.0,0.0,0.0,0.0,0.0,0.0,0.0,0.0,0.0,0.0,609.0
2018-01-09,,0.0,1.0,35.0,0.0,0.0,0.0,0.0,0.0,0.0,0.0,10.0,0.0,0.0,550.0,0.0,0.0,0.0,,0.0,0.0,2.0,0.0,1.0,2.0,0.0,0.0,0.0,0.0,0.0,0.0,0.0,0.0,190.0,0.0,0.0,0.0,0.0,791.0
2018-01-10,,0.0,1.0,14.0,0.0,0.0,0.0,0.0,0.0,0.0,0.0,0.0,0.0,0.0,560.0,150.0,0.0,0.0,,0.0,0.0,1.0,0.0,2.0,1.0,0.0,0.0,0.0,0.0,0.0,0.0,0.0,2.0,0.0,0.0,0.0,0.0,0.0,731.0
2018-01-11,,0.0,1.0,14.0,100.0,0.0,0.0,0.0,0.0,0.0,0.0,0.0,0.0,0.0,534.0,125.0,0.0,0.0,,0.0,0.0,0.0,0.0,1.0,2.0,0.0,0.0,0.0,156.0,0.0,0.0,0.0,0.0,220.0,0.0,0.0,0.0,150.0,1303.0
2018-01-12,,0.0,4.0,23.0,0.0,0.0,0.0,0.0,0.0,0.0,0.0,0.0,0.0,0.0,555.0,0.0,0.0,0.0,,0.0,0.0,4.0,0.0,3.0,6.0,0.0,0.0,0.0,613.0,0.0,0.0,0.0,3.0,340.0,0.0,0.0,0.0,0.0,1551.0
2018-01-13,,0.0,4.0,31.0,0.0,0.0,0.0,0.0,0.0,0.0,0.0,0.0,0.0,0.0,552.0,0.0,0.0,0.0,,0.0,0.0,1.0,1.0,2.0,2.0,0.0,0.0,0.0,0.0,0.0,0.0,0.0,5.0,0.0,0.0,0.0,0.0,0.0,598.0
2018-01-14,,0.0,0.0,16.0,0.0,0.0,0.0,0.0,0.0,0.0,0.0,0.0,0.0,0.0,538.0,0.0,0.0,0.0,,0.0,0.0,0.0,0.0,2.0,0.0,0.0,0.0,0.0,0.0,0.0,0.0,0.0,0.0,0.0,0.0,0.0,0.0,0.0,556.0
2018-01-15,,0.0,2.0,7.0,0.0,0.0,0.0,0.0,0.0,0.0,0.0,0.0,0.0,2.0,560.0,0.0,0.0,0.0,,0.0,0.0,11.0,0.0,5.0,11.0,0.0,0.0,0.0,0.0,0.0,0.0,0.0,8.0,0.0,0.0,0.0,0.0,0.0,606.0
2018-01-16,,0.0,3.0,16.0,0.0,0.0,0.0,0.0,0.0,0.0,0.0,0.0,174.0,0.0,550.0,0.0,0.0,0.0,,0.0,0.0,4.0,0.0,3.0,7.0,0.0,0.0,0.0,349.0,0.0,0.0,0.0,1.0,0.0,0.0,0.0,0.0,0.0,1107.0
2018-01-17,,0.0,1.0,17.0,0.0,0.0,0.0,0.0,0.0,0.0,0.0,0.0,0.0,2.0,563.0,0.0,0.0,0.0,,0.0,0.0,5.0,1.0,3.0,17.0,0.0,0.0,0.0,346.0,0.0,0.0,0.0,1.0,40.0,0.0,0.0,0.0,0.0,996.0
2018-01-18,,0.0,4.0,5.0,0.0,0.0,0.0,0.0,0.0,0.0,0.0,0.0,0.0,0.0,551.0,0.0,0.0,0.0,,0.0,0.0,5.0,1.0,4.0,11.0,0.0,0.0,0.0,0.0,0.0,0.0,0.0,1.0,40.0,0.0,0.0,0.0,0.0,622.0
2018-01-19,,0.0,4.0,23.0,0.0,0.0,0.0,0.0,0.0,0.0,0.0,0.0,0.0,26.0,549.0,0.0,0.0,0.0,,0.0,0.0,4.0,0.0,5.0,9.0,0.0,0.0,0.0,352.0,0.0,0.0,0.0,0.0,0.0,0.0,0.0,0.0,0.0,972.0
2018-01-20,,0.0,4.0,15.0,0.0,0.0,0.0,0.0,0.0,0.0,0.0,0.0,100.0,0.0,547.0,0.0,0.0,0.0,,0.0,0.0,0.0,0.0,3.0,6.0,0.0,0.0,0.0,0.0,0.0,0.0,0.0,0.0,0.0,0.0,0.0,0.0,0.0,675.0
2018-01-21,,0.0,8.0,41.0,0.0,0.0,0.0,0.0,0.0,0.0,0.0,0.0,0.0,0.0,540.0,0.0,0.0,0.0,,0.0,0.0,9.0,2.0,11.0,4.0,0.0,0.0,0.0,0.0,0.0,0.0,0.0,2.0,30.0,0.0,0.0,0.0,0.0,647.0
2018-01-22,,0.0,4.0,16.0,0.0,0.0,0.0,0.0,0.0,0.0,0.0,0.0,0.0,0.0,528.0,0.0,0.0,0.0,,0.0,0.0,2.0,16.0,4.0,5.0,0.0,0.0,0.0,0.0,0.0,0.0,0.0,6.0,220.0,0.0,0.0,0.0,0.0,801.0
2018-01-23,,0.0,2.0,18.0,0.0,0.0,0.0,0.0,0.0,0.0,0.0,0.0,0.0,5.0,519.0,0.0,0.0,0.0,,0.0,0.0,2.0,0.0,2.0,4.0,0.0,0.0,0.0,746.0,0.0,0.0,0.0,0.0,430.0,0.0,0.0,0.0,0.0,1728.0
2018-01-23,,0.0,2.0,18.0,0.0,0.0,0.0,0.0,0.0,0.0,0.0,0.0,0.0,5.0,519.0,0.0,0.0,0.0,,0.0,0.0,2.0,0.0,2.0,4.0,0.0,0.0,0.0,746.0,0.0,0.0,0.0,0.0,430.0,0.0,0.0,0.0,0.0,1728.0
2018-01-24,,0.0,2.0,7.0,0.0,0.0,0.0,0.0,0.0,0.0,0.0,0.0,120.0,0.0,528.0,0.0,0.0,0.0,,0.0,0.0,2.0,0.0,2.0,5.0,0.0,0.0,0.0,828.0,0.0,0.0,0.0,0.0,0.0,0.0,0.0,0.0,0.0,1494.0
2018-01-25,,0.0,5.0,34.0,0.0,0.0,0.0,0.0,0.0,0.0,0.0,0.0,0.0,0.0,551.0,0.0,0.0,0.0,,0.0,0.0,13.0,1.0,13.0,20.0,0.0,0.0,0.0,1763.0,0.0,0.0,0.0,10.0,0.0,0.0,0.0,0.0,0.0,2410.0
2018-01-26,,0.0,4.0,16.0,0.0,0.0,0.0,0.0,0.0,0.0,0.0,0.0,0.0,0.0,549.0,0.0,0.0,0.0,,0.0,0.0,4.0,1.0,6.0,8.0,0.0,0.0,0.0,0.0,0.0,0.0,0.0,1.0,560.0,0.0,0.0,0.0,0.0,1149.0
2018-01-27,,0.0,2.0,9.0,0.0,0.0,0.0,0.0,0.0,0.0,0.0,0.0,0.0,24.0,550.0,0.0,0.0,0.0,,0.0,0.0,0.0,0.0,2.0,4.0,0.0,0.0,0.0,0.0,0.0,0.0,0.0,1.0,0.0,0.0,0.0,0.0,0.0,592.0
2018-01-28,,0.0,4.0,15.0,0.0,0.0,0.0,0.0,0.0,0.0,0.0,0.0,0.0,31.0,529.0,0.0,0.0,0.0,,0.0,0.0,2.0,0.0,1.0,2.0,0.0,0.0,0.0,251.0,0.0,0.0,0.0,0.0,0.0,0.0,0.0,0.0,0.0,835.0
2018-01-29,,0.0,4.0,4.0,0.0,0.0,0.0,0.0,0.0,0.0,0.0,0.0,0.0,0.0,557.0,0.0,0.0,0.0,,0.0,0.0,3.0,0.0,4.0,2.0,0.0,0.0,0.0,618.0,0.0,0.0,0.0,1.0,0.0,0.0,0.0,0.0,0.0,1193.0
2018-01-30,,0.0,2.0,41.0,0.0,0.0,0.0,0.0,0.0,0.0,0.0,0.0,0.0,0.0,546.0,0.0,0.0,0.0,,0.0,0.0,4.0,9.0,6.0,7.0,0.0,0.0,0.0,607.0,0.0,0.0,0.0,0.0,560.0,0.0,0.0,0.0,0.0,1782.0
2018-01-31,,0.0,1.0,20.0,0.0,0.0,0.0,0.0,0.0,0.0,0.0,0.0,0.0,0.0,537.0,0.0,0.0,0.0,,0.0,0.0,2.0,2.0,1.0,2.0,0.0,0.0,0.0,0.0,0.0,0.0,0.0,9.0,560.0,0.0,0.0,0.0,0.0,1134.0
2018-02-01,,0.0,3.0,9.0,0.0,0.0,0.0,0.0,0.0,0.0,0.0,0.0,122.0,3.0,540.0,0.0,0.0,0.0,,0.0,0.0,1.0,0.0,1.0,2.0,0.0,0.0,0.0,2663.0,0.0,0.0,0.0,1.0,780.0,0.0,0.0,0.0,0.0,4125.0
2018-02-02,,0.0,4.0,37.0,0.0,0.0,0.0,0.0,0.0,0.0,0.0,0.0,0.0,6.0,512.0,0.0,0.0,0.0,,0.0,0.0,6.0,1.0,2.0,4.0,0.0,0.0,0.0,1520.0,0.0,0.0,0.0,2.0,110.0,0.0,0.0,0.0,0.0,2204.0
2018-02-03,,0.0,7.0,22.0,0.0,0.0,0.0,0.0,0.0,0.0,0.0,0.0,38.0,0.0,504.0,0.0,0.0,0.0,,0.0,0.0,3.0,2.0,2.0,6.0,0.0,0.0,0.0,649.0,0.0,0.0,0.0,2.0,780.0,0.0,0.0,0.0,0.0,2015.0
2018-02-04,,0.0,2.0,21.0,0.0,0.0,0.0,0.0,0.0,0.0,0.0,0.0,0.0,0.0,495.0,0.0,0.0,0.0,,0.0,0.0,0.0,0.0,2.0,4.0,0.0,0.0,0.0,0.0,0.0,0.0,0.0,0.0,110.0,0.0,0.0,0.0,0.0,634.0
2018-02-05,,0.0,3.0,47.0,0.0,0.0,234.0,0.0,0.0,0.0,0.0,0.0,88.0,0.0,514.0,0.0,0.0,0.0,,0.0,0.0,0.0,0.0,0.0,3.0,0.0,0.0,0.0,0.0,0.0,0.0,0.0,0.0,0.0,0.0,0.0,0.0,0.0,889.0
2018-02-06,,0.0,7.0,20.0,0.0,0.0,0.0,0.0,0.0,0.0,0.0,0.0,0.0,0.0,552.0,0.0,0.0,0.0,,0.0,0.0,3.0,3.0,2.0,2.0,0.0,0.0,0.0,0.0,0.0,0.0,0.0,0.0,0.0,0.0,0.0,0.0,0.0,589.0
2018-02-07,,0.0,10.0,34.0,0.0,0.0,0.0,0.0,0.0,0.0,0.0,0.0,0.0,0.0,568.0,0.0,0.0,0.0,,0.0,0.0,8.0,0.0,4.0,5.0,0.0,0.0,0.0,471.0,0.0,0.0,0.0,0.0,400.0,0.0,0.0,0.0,0.0,1500.0
2018-02-08,,0.0,2.0,11.0,0.0,0.0,0.0,0.0,0.0,0.0,0.0,0.0,0.0,0.0,596.0,0.0,0.0,0.0,,0.0,0.0,11.0,11.0,1.0,5.0,0.0,0.0,0.0,2150.0,0.0,0.0,0.0,3.0,410.0,0.0,0.0,0.0,0.0,3200.0
2018-02-09,,0.0,2.0,18.0,0.0,0.0,0.0,0.0,0.0,0.0,0.0,0.0,33.0,0.0,546.0,0.0,0.0,0.0,,0.0,0.0,3.0,0.0,1.0,4.0,0.0,0.0,0.0,1888.0,0.0,0.0,0.0,2.0,520.0,0.0,0.0,0.0,0.0,3017.0
2018-02-10,,,1.0,27.0,0.0,0.0,0.0,0.0,0.0,0.0,0.0,0.0,0.0,0.0,548.0,0.0,,,,0.0,0.0,0.0,0.0,0.0,3.0,0.0,,0.0,1217.0,0.0,,,0.0,690.0,0.0,0.0,0.0,0.0,
2018-02-11,,0.0,1.0,12.0,0.0,0.0,0.0,0.0,0.0,0.0,0.0,0.0,0.0,4.0,371.0,0.0,0.0,0.0,,0.0,0.0,1.0,0.0,2.0,1.0,0.0,0.0,0.0,93.0,0.0,0.0,0.0,4.0,0.0,0.0,0.0,0.0,0.0,489.0
2018-02-12,,0.0,4.0,22.0,0.0,0.0,0.0,0.0,0.0,0.0,0.0,0.0,113.0,0.0,427.0,0.0,0.0,0.0,,0.0,0.0,3.0,0.0,4.0,6.0,0.0,0.0,0.0,0.0,0.0,0.0,0.0,2.0,90.0,0.0,0.0,0.0,0.0,671.0
2018-02-13,,0.0,2.0,14.0,0.0,0.0,0.0,0.0,0.0,0.0,0.0,0.0,0.0,0.0,548.0,0.0,0.0,0.0,,0.0,0.0,2.0,0.0,5.0,4.0,0.0,0.0,0.0,0.0,0.0,0.0,0.0,2.0,290.0,0.0,0.0,0.0,0.0,867.0
2018-02-14,,0.0,1.0,36.0,0.0,0.0,0.0,0.0,0.0,0.0,0.0,0.0,0.0,7.0,521.0,0.0,0.0,0.0,,0.0,0.0,3.0,5.0,3.0,2.0,0.0,0.0,0.0,0.0,0.0,0.0,0.0,7.0,290.0,0.0,0.0,0.0,0.0,875.0
2018-02-15,,0.0,3.0,20.0,0.0,0.0,0.0,0.0,0.0,0.0,0.0,0.0,0.0,2.0,501.0,0.0,0.0,0.0,,0.0,0.0,2.0,4.0,1.0,4.0,0.0,0.0,0.0,0.0,0.0,0.0,0.0,3.0,0.0,0.0,0.0,0.0,0.0,540.0
2018-02-16,,0.0,5.0,66.0,0.0,0.0,0.0,0.0,0.0,0.0,0.0,0.0,0.0,2.0,538.0,0.0,0.0,0.0,,0.0,0.0,4.0,3.0,1.0,1.0,0.0,0.0,0.0,0.0,0.0,0.0,0.0,1.0,0.0,0.0,0.0,0.0,0.0,621.0
2018-02-17,,0.0,3.0,32.0,0.0,0.0,0.0,0.0,0.0,0.0,0.0,0.0,19.0,0.0,521.0,0.0,0.0,0.0,,0.0,0.0,2.0,0.0,1.0,1.0,0.0,0.0,0.0,165.0,0.0,0.0,0.0,0.0,290.0,0.0,0.0,0.0,0.0,1034.0
2018-02-18,,0.0,3.0,19.0,0.0,0.0,0.0,0.0,0.0,0.0,0.0,0.0,0.0,0.0,420.0,0.0,0.0,0.0,,0.0,0.0,2.0,1.0,2.0,4.0,0.0,0.0,0.0,0.0,0.0,0.0,0.0,1.0,0.0,0.0,0.0,0.0,0.0,452.0
2018-02-19,,0.0,2.0,14.0,0.0,0.0,0.0,0.0,0.0,0.0,0.0,0.0,0.0,0.0,368.0,0.0,0.0,0.0,,0.0,0.0,3.0,1.0,2.0,2.0,0.0,0.0,0.0,507.0,0.0,0.0,0.0,3.0,300.0,0.0,0.0,0.0,100.0,1302.0
2018-02-20,,0.0,0.0,17.0,0.0,0.0,0.0,0.0,0.0,0.0,0.0,0.0,0.0,0.0,433.0,0.0,0.0,0.0,,0.0,0.0,3.0,0.0,2.0,7.0,0.0,0.0,0.0,1322.0,0.0,0.0,0.0,1.0,300.0,0.0,0.0,0.0,0.0,2085.0
2018-02-21,,0.0,6.0,20.0,0.0,0.0,0.0,0.0,0.0,0.0,0.0,0.0,0.0,0.0,501.0,0.0,0.0,0.0,,0.0,0.0,5.0,0.0,6.0,6.0,0.0,0.0,0.0,586.0,0.0,0.0,0.0,1.0,450.0,0.0,0.0,0.0,0.0,1581.0
2018-02-22,,0.0,6.0,22.0,0.0,0.0,0.0,0.0,0.0,0.0,0.0,0.0,0.0,0.0,433.0,0.0,0.0,0.0,,0.0,0.0,4.0,2.0,3.0,3.0,0.0,0.0,0.0,96.0,0.0,0.0,0.0,4.0,750.0,0.0,0.0,0.0,0.0,1323.0
2018-02-23,,0.0,1.0,24.0,0.0,0.0,0.0,0.0,0.0,0.0,0.0,0.0,0.0,0.0,444.0,0.0,0.0,0.0,,0.0,0.0,6.0,4.0,1.0,10.0,0.0,0.0,0.0,1316.0,0.0,0.0,0.0,2.0,220.0,0.0,0.0,0.0,0.0,2028.0
2018-02-24,,0.0,2.0,34.0,0.0,0.0,0.0,0.0,0.0,0.0,0.0,0.0,198.0,0.0,521.0,0.0,0.0,0.0,,0.0,0.0,2.0,0.0,3.0,4.0,0.0,0.0,0.0,0.0,0.0,0.0,0.0,1.0,90.0,0.0,0.0,0.0,0.0,855.0
2018-02-25,,0.0,1.0,35.0,0.0,0.0,0.0,0.0,0.0,0.0,0.0,0.0,0.0,0.0,548.0,0.0,0.0,0.0,,0.0,0.0,2.0,0.0,3.0,4.0,0.0,0.0,0.0,0.0,0.0,0.0,0.0,3.0,740.0,0.0,0.0,0.0,0.0,1336.0
2018-02-26,,0.0,5.0,68.0,0.0,0.0,0.0,0.0,0.0,0.0,0.0,0.0,0.0,0.0,368.0,0.0,0.0,0.0,,0.0,0.0,3.0,0.0,3.0,5.0,0.0,0.0,0.0,0.0,0.0,0.0,0.0,5.0,0.0,0.0,0.0,0.0,0.0,457.0
2018-02-27,,0.0,4.0,74.0,0.0,0.0,0.0,0.0,0.0,0.0,0.0,0.0,0.0,0.0,548.0,0.0,0.0,0.0,,0.0,0.0,3.0,7.0,3.0,3.0,0.0,0.0,0.0,706.0,0.0,0.0,0.0,2.0,470.0,0.0,0.0,0.0,0.0,1820.0
2018-02-28,,0.0,1.0,34.0,0.0,0.0,0.0,0.0,0.0,1.0,0.0,0.0,0.0,0.0,443.0,0.0,0.0,0.0,,0.0,0.0,0.0,0.0,1.0,0.0,0.0,0.0,0.0,714.0,0.0,0.0,0.0,0.0,510.0,0.0,0.0,0.0,0.0,1704.0
2018-03-01,,0.0,7.0,32.0,0.0,0.0,0.0,0.0,0.0,0.0,0.0,0.0,588.0,0.0,548.0,0.0,0.0,0.0,,0.0,0.0,3.0,0.0,2.0,1.0,0.0,0.0,0.0,1073.0,0.0,0.0,0.0,0.0,0.0,0.0,0.0,0.0,0.0,2254.0
2018-03-02,,0.0,4.0,27.0,0.0,0.0,0.0,0.0,0.0,0.0,0.0,0.0,0.0,0.0,548.0,0.0,0.0,0.0,,0.0,0.0,8.0,2.0,52.0,17.0,0.0,0.0,0.0,0.0,0.0,0.0,0.0,3.0,0.0,0.0,0.0,0.0,0.0,661.0
2018-03-03,,0.0,15.0,5.0,0.0,0.0,0.0,0.0,0.0,0.0,0.0,0.0,0.0,0.0,476.0,0.0,0.0,0.0,,0.0,0.0,8.0,1.0,12.0,4.0,0.0,0.0,0.0,0.0,0.0,0.0,0.0,2.0,0.0,0.0,0.0,0.0,0.0,523.0
2018-03-04,,0.0,2.0,50.0,0.0,0.0,0.0,0.0,0.0,0.0,0.0,0.0,0.0,0.0,574.0,0.0,0.0,0.0,,0.0,0.0,5.0,0.0,2.0,3.0,0.0,0.0,0.0,0.0,0.0,0.0,0.0,0.0,0.0,0.0,0.0,0.0,0.0,636.0
2018-03-05,,0.0,1.0,75.0,0.0,0.0,0.0,0.0,0.0,0.0,0.0,0.0,0.0,0.0,510.0,0.0,0.0,0.0,,0.0,0.0,2.0,0.0,1.0,3.0,0.0,0.0,0.0,0.0,0.0,0.0,0.0,6.0,0.0,0.0,0.0,0.0,0.0,598.0
2018-03-06,,0.0,41.0,151.0,0.0,0.0,0.0,0.0,0.0,0.0,0.0,0.0,413.0,0.0,543.0,0.0,0.0,0.0,,0.0,0.0,3.0,1.0,2.0,2.0,0.0,0.0,0.0,319.0,0.0,0.0,0.0,1.0,0.0,0.0,0.0,0.0,0.0,1476.0
2018-03-07,,0.0,12.0,65.0,0.0,0.0,0.0,0.0,0.0,0.0,0.0,0.0,120.0,0.0,538.0,0.0,0.0,0.0,,0.0,0.0,2.0,3.0,2.0,3.0,0.0,0.0,0.0,0.0,0.0,0.0,0.0,4.0,0.0,0.0,0.0,0.0,0.0,749.0
2018-03-08,,0.0,2.0,27.0,0.0,0.0,0.0,0.0,0.0,0.0,0.0,0.0,0.0,0.0,572.0,0.0,0.0,0.0,,0.0,0.0,0.0,0.0,0.0,2.0,0.0,0.0,100.0,228.0,0.0,0.0,0.0,0.0,50.0,0.0,0.0,0.0,100.0,1081.0
2018-03-09,,0.0,0.0,31.0,0.0,0.0,0.0,0.0,0.0,0.0,0.0,0.0,50.0,0.0,533.0,0.0,0.0,0.0,,0.0,0.0,2.0,0.0,0.0,3.0,0.0,0.0,100.0,0.0,0.0,0.0,0.0,0.0,120.0,0.0,0.0,0.0,0.0,839.0
2018-03-10,,0.0,1.0,32.0,0.0,0.0,0.0,0.0,0.0,0.0,0.0,0.0,145.0,7.0,504.0,0.0,0.0,0.0,,0.0,0.0,5.0,19.0,2.0,1.0,0.0,0.0,0.0,248.0,0.0,0.0,0.0,2.0,2220.0,0.0,0.0,0.0,0.0,3186.0
2018-03-11,,0.0,1.0,11.0,0.0,0.0,0.0,0.0,0.0,0.0,0.0,0.0,38.0,5.0,505.0,0.0,0.0,0.0,,0.0,0.0,6.0,4.0,5.0,15.0,0.0,0.0,0.0,526.0,0.0,0.0,0.0,3.0,560.0,0.0,0.0,0.0,0.0,1679.0
2018-03-12,,0.0,1.0,51.0,0.0,0.0,0.0,0.0,0.0,0.0,0.0,0.0,38.0,0.0,516.0,0.0,0.0,0.0,,0.0,0.0,2.0,0.0,1.0,1.0,0.0,0.0,0.0,294.0,0.0,0.0,0.0,0.0,0.0,0.0,0.0,0.0,0.0,904.0
2018-03-13,,0.0,3.0,13.0,0.0,0.0,0.0,0.0,0.0,0.0,0.0,0.0,0.0,9.0,503.0,0.0,0.0,0.0,,0.0,0.0,6.0,6.0,3.0,2.0,0.0,0.0,0.0,0.0,0.0,0.0,0.0,8.0,1560.0,0.0,0.0,0.0,0.0,2113.0
2018-03-14,,0.0,3.0,43.0,0.0,0.0,0.0,0.0,0.0,0.0,0.0,0.0,0.0,14.0,505.0,0.0,0.0,0.0,,0.0,0.0,2.0,1.0,3.0,4.0,0.0,0.0,0.0,0.0,0.0,0.0,0.0,2.0,770.0,0.0,0.0,0.0,0.0,1347.0
2018-03-15,,0.0,2.0,35.0,0.0,0.0,0.0,0.0,0.0,0.0,0.0,0.0,0.0,0.0,517.0,0.0,0.0,0.0,,0.0,0.0,3.0,1.0,2.0,3.0,0.0,0.0,0.0,264.0,0.0,0.0,0.0,1.0,950.0,0.0,0.0,0.0,0.0,1778.0
2018-03-16,,0.0,1.0,130.0,0.0,0.0,0.0,0.0,0.0,0.0,0.0,0.0,94.0,0.0,496.0,122.0,0.0,0.0,,0.0,0.0,4.0,0.0,2.0,3.0,0.0,0.0,38.0,253.0,0.0,0.0,0.0,1.0,500.0,0.0,0.0,0.0,0.0,1644.0
2018-03-17,,0.0,3.0,119.0,0.0,0.0,0.0,0.0,0.0,0.0,0.0,0.0,0.0,0.0,532.0,0.0,0.0,0.0,,0.0,0.0,3.0,0.0,0.0,1.0,0.0,0.0,113.0,0.0,0.0,0.0,0.0,2.0,190.0,0.0,0.0,0.0,0.0,963.0
2018-03-18,,0.0,5.0,23.0,0.0,0.0,0.0,0.0,0.0,0.0,0.0,0.0,100.0,0.0,538.0,0.0,0.0,0.0,,0.0,0.0,7.0,5.0,6.0,11.0,0.0,0.0,0.0,0.0,0.0,0.0,0.0,4.0,0.0,0.0,0.0,0.0,0.0,699.0
2018-03-19,,6.0,6.0,25.0,0.0,0.0,0.0,0.0,0.0,0.0,0.0,0.0,0.0,3.0,526.0,0.0,24.0,0.0,,0.0,0.0,5.0,9.0,2.0,1.0,0.0,1.0,0.0,0.0,0.0,0.0,27.0,1.0,0.0,0.0,0.0,0.0,0.0,636.0
2018-03-20,,0.0,2.0,27.0,0.0,0.0,0.0,0.0,0.0,0.0,0.0,0.0,104.0,0.0,524.0,0.0,0.0,0.0,,0.0,0.0,2.0,0.0,1.0,4.0,0.0,0.0,0.0,0.0,0.0,0.0,0.0,0.0,335.0,0.0,0.0,0.0,0.0,999.0
2018-03-21,,0.0,15.0,22.0,0.0,0.0,0.0,0.0,0.0,0.0,0.0,0.0,158.0,0.0,499.0,0.0,0.0,0.0,,0.0,0.0,8.0,23.0,2.0,8.0,0.0,0.0,0.0,0.0,0.0,0.0,0.0,2.0,375.0,0.0,0.0,0.0,0.0,1112.0
2018-03-22,,0.0,5.0,33.0,0.0,0.0,0.0,0.0,0.0,0.0,0.0,0.0,475.0,0.0,505.0,0.0,0.0,0.0,,0.0,0.0,2.0,1.0,4.0,3.0,0.0,0.0,0.0,0.0,0.0,0.0,0.0,2.0,255.0,0.0,0.0,0.0,0.0,1285.0
2018-03-23,,0.0,2.0,55.0,0.0,0.0,0.0,0.0,0.0,0.0,0.0,0.0,188.0,0.0,564.0,0.0,0.0,0.0,,0.0,0.0,3.0,2.0,5.0,2.0,0.0,0.0,0.0,0.0,0.0,0.0,0.0,1.0,275.0,0.0,0.0,0.0,0.0,1097.0
2018-03-24,,0.0,2.0,66.0,0.0,0.0,0.0,0.0,0.0,0.0,0.0,0.0,0.0,0.0,525.0,0.0,0.0,0.0,,0.0,0.0,1.0,2.0,5.0,2.0,0.0,0.0,0.0,0.0,0.0,0.0,0.0,2.0,505.0,0.0,0.0,0.0,0.0,1110.0
2018-03-25,,0.0,6.0,33.0,0.0,0.0,0.0,0.0,0.0,0.0,0.0,0.0,0.0,0.0,534.0,0.0,0.0,0.0,,0.0,0.0,3.0,1.0,5.0,4.0,0.0,0.0,0.0,0.0,0.0,0.0,0.0,0.0,255.0,0.0,0.0,0.0,0.0,841.0
2018-03-25,,0.0,6.0,33.0,0.0,0.0,0.0,0.0,0.0,0.0,0.0,0.0,0.0,0.0,534.0,0.0,0.0,0.0,,0.0,0.0,3.0,1.0,5.0,4.0,0.0,0.0,0.0,0.0,0.0,0.0,0.0,0.0,255.0,0.0,0.0,0.0,0.0,841.0
2018-03-26,,0.0,2.0,36.0,0.0,0.0,0.0,0.0,0.0,0.0,0.0,0.0,190.0,0.0,496.0,0.0,0.0,0.0,,0.0,0.0,11.0,2.0,1.0,16.0,0.0,0.0,0.0,0.0,0.0,0.0,0.0,5.0,415.0,0.0,0.0,0.0,0.0,1174.0
2018-03-27,,0.0,1.0,8.0,0.0,0.0,0.0,0.0,0.0,0.0,0.0,0.0,542.0,0.0,560.0,0.0,0.0,0.0,,0.0,0.0,7.0,2.0,3.0,2.0,0.0,0.0,0.0,0.0,0.0,0.0,0.0,9.0,1375.0,150.0,0.0,0.0,0.0,2659.0
2018-03-28,,0.0,3.0,22.0,0.0,0.0,0.0,0.0,0.0,0.0,0.0,0.0,178.0,0.0,492.0,0.0,0.0,0.0,,0.0,0.0,2.0,0.0,3.0,1.0,0.0,0.0,0.0,0.0,0.0,0.0,0.0,3.0,795.0,0.0,0.0,0.0,0.0,1499.0
2018-03-29,,0.0,3.0,249.0,0.0,0.0,0.0,0.0,0.0,0.0,0.0,0.0,144.0,0.0,554.0,0.0,0.0,0.0,,0.0,0.0,6.0,31.0,4.0,2.0,0.0,0.0,0.0,0.0,0.0,0.0,0.0,6.0,555.0,0.0,0.0,0.0,0.0,1554.0
2018-03-30,,0.0,3.0,210.0,0.0,0.0,0.0,0.0,0.0,0.0,0.0,0.0,0.0,25.0,531.0,0.0,0.0,0.0,,0.0,0.0,15.0,2.0,3.0,2.0,0.0,0.0,0.0,0.0,0.0,0.0,0.0,70.0,90.0,0.0,0.0,0.0,0.0,951.0
2018-03-31,,0.0,5.0,70.0,0.0,0.0,0.0,0.0,0.0,0.0,0.0,0.0,0.0,0.0,481.0,0.0,0.0,0.0,,0.0,0.0,3.0,1.0,2.0,3.0,0.0,0.0,0.0,0.0,0.0,0.0,0.0,15.0,395.0,0.0,0.0,0.0,0.0,975.0
2018-04-01,,0.0,2.0,56.0,0.0,0.0,0.0,0.0,0.0,0.0,0.0,0.0,119.0,0.0,1100.0,0.0,0.0,0.0,,0.0,0.0,2.0,0.0,2.0,3.0,0.0,0.0,0.0,0.0,0.0,0.0,0.0,5.0,255.0,0.0,0.0,0.0,0.0,1544.0
2018-04-02,,0.0,4.0,47.0,0.0,0.0,0.0,0.0,0.0,0.0,0.0,0.0,0.0,0.0,495.0,0.0,0.0,0.0,,0.0,0.0,3.0,0.0,3.0,2.0,0.0,0.0,0.0,0.0,0.0,0.0,0.0,0.0,255.0,0.0,0.0,0.0,0.0,809.0
2018-04-03,,0.0,2.0,43.0,0.0,0.0,0.0,0.0,0.0,0.0,0.0,0.0,0.0,0.0,525.0,0.0,0.0,0.0,,0.0,0.0,3.0,0.0,2.0,3.0,0.0,0.0,0.0,0.0,0.0,0.0,0.0,2.0,375.0,0.0,0.0,0.0,0.0,955.0
2018-04-04,,0.0,1.0,31.0,0.0,0.0,0.0,0.0,0.0,0.0,0.0,0.0,225.0,0.0,523.0,0.0,0.0,0.0,,0.0,0.0,2.0,0.0,1.0,6.0,0.0,0.0,0.0,0.0,0.0,0.0,0.0,0.0,325.0,0.0,0.0,0.0,100.0,1214.0
2018-04-05,,0.0,5.0,152.0,0.0,0.0,0.0,0.0,0.0,0.0,0.0,0.0,183.0,0.0,546.0,0.0,0.0,0.0,,0.0,0.0,4.0,0.0,3.0,7.0,0.0,0.0,0.0,0.0,0.0,0.0,0.0,3.0,125.0,0.0,0.0,0.0,150.0,1178.0
2018-04-06,,0.0,2.0,51.0,0.0,0.0,0.0,0.0,0.0,0.0,0.0,0.0,283.0,0.0,504.0,0.0,0.0,0.0,,0.0,0.0,2.0,0.0,2.0,4.0,0.0,0.0,0.0,0.0,0.0,0.0,0.0,5.0,0.0,0.0,0.0,0.0,0.0,853.0
2018-04-07,,0.0,2.0,40.0,0.0,0.0,0.0,0.0,0.0,0.0,0.0,0.0,650.0,0.0,504.0,0.0,0.0,0.0,,0.0,0.0,3.0,0.0,3.0,4.0,0.0,0.0,0.0,0.0,0.0,0.0,0.0,2.0,595.0,0.0,0.0,0.0,0.0,1803.0
2018-04-08,,0.0,1.0,18.0,0.0,0.0,0.0,0.0,0.0,0.0,0.0,0.0,0.0,0.0,504.0,0.0,0.0,0.0,,0.0,0.0,7.0,0.0,5.0,6.0,0.0,0.0,0.0,115.0,0.0,0.0,0.0,7.0,370.0,0.0,0.0,0.0,0.0,1033.0
2018-04-09,,0.0,5.0,56.0,0.0,0.0,0.0,0.0,0.0,0.0,0.0,0.0,0.0,0.0,490.0,0.0,0.0,0.0,,0.0,0.0,8.0,0.0,2.0,3.0,0.0,0.0,0.0,0.0,0.0,0.0,0.0,8.0,0.0,0.0,0.0,0.0,0.0,572.0
2018-04-10,,0.0,6.0,45.0,0.0,0.0,0.0,0.0,0.0,6.0,0.0,0.0,144.0,0.0,490.0,0.0,0.0,0.0,,0.0,0.0,3.0,0.0,1.0,6.0,0.0,0.0,0.0,0.0,0.0,0.0,0.0,0.0,595.0,0.0,0.0,0.0,0.0,1296.0
2018-04-11,,0.0,4.0,143.0,0.0,0.0,0.0,0.0,0.0,0.0,0.0,0.0,0.0,0.0,490.0,0.0,0.0,0.0,,0.0,0.0,14.0,2.0,3.0,6.0,0.0,0.0,0.0,0.0,0.0,0.0,0.0,9.0,0.0,0.0,0.0,0.0,0.0,671.0
2018-04-12,,0.0,6.0,114.0,0.0,0.0,0.0,0.0,0.0,0.0,0.0,0.0,0.0,0.0,512.0,0.0,0.0,0.0,,0.0,0.0,5.0,1.0,3.0,6.0,0.0,0.0,0.0,0.0,0.0,0.0,0.0,1.0,70.0,0.0,0.0,0.0,0.0,718.0
2018-04-13,,0.0,7.0,130.0,0.0,0.0,0.0,0.0,0.0,0.0,0.0,0.0,135.0,7.0,566.0,0.0,0.0,0.0,,0.0,0.0,6.0,17.0,5.0,2.0,0.0,0.0,0.0,0.0,0.0,0.0,0.0,3.0,260.0,0.0,0.0,0.0,0.0,1138.0
2018-04-14,,0.0,3.0,140.0,0.0,0.0,0.0,0.0,0.0,0.0,0.0,0.0,248.0,40.0,539.0,0.0,0.0,0.0,,0.0,0.0,5.0,0.0,2.0,2.0,0.0,0.0,0.0,0.0,0.0,0.0,0.0,45.0,0.0,0.0,0.0,0.0,0.0,1024.0
2018-04-15,,0.0,3.0,70.0,0.0,0.0,0.0,0.0,0.0,0.0,0.0,0.0,0.0,0.0,509.0,0.0,0.0,0.0,,0.0,0.0,3.0,1.0,5.0,2.0,0.0,0.0,0.0,0.0,0.0,0.0,0.0,5.0,0.0,0.0,0.0,0.0,0.0,598.0
2018-04-16,,0.0,2.0,43.0,0.0,0.0,0.0,0.0,0.0,0.0,0.0,0.0,150.0,0.0,511.0,0.0,0.0,0.0,,0.0,0.0,5.0,0.0,3.0,4.0,0.0,0.0,0.0,0.0,0.0,0.0,0.0,1.0,255.0,0.0,0.0,0.0,0.0,974.0
2018-04-17,,0.0,1.0,54.0,0.0,0.0,0.0,0.0,0.0,0.0,0.0,0.0,86.0,0.0,506.0,0.0,0.0,0.0,,0.0,16.0,7.0,0.0,4.0,5.0,0.0,0.0,0.0,0.0,0.0,0.0,0.0,12.0,110.0,150.0,0.0,0.0,0.0,951.0
2018-04-18,,0.0,4.0,145.0,0.0,0.0,0.0,0.0,0.0,0.0,0.0,0.0,12.0,0.0,454.0,0.0,0.0,0.0,,0.0,0.0,2.0,0.0,1.0,2.0,0.0,0.0,0.0,1310.0,0.0,0.0,0.0,4.0,20.0,0.0,0.0,0.0,0.0,1954.0
2018-04-19,,0.0,6.0,50.0,0.0,0.0,0.0,0.0,0.0,0.0,0.0,0.0,0.0,0.0,600.0,0.0,0.0,0.0,,0.0,0.0,5.0,1.0,4.0,5.0,0.0,0.0,0.0,0.0,0.0,0.0,0.0,12.0,0.0,0.0,0.0,0.0,0.0,683.0
2018-04-20,,0.0,7.0,135.0,0.0,0.0,0.0,0.0,0.0,0.0,0.0,0.0,112.0,0.0,471.0,0.0,0.0,0.0,,0.0,0.0,3.0,1.0,3.0,3.0,0.0,0.0,0.0,0.0,0.0,0.0,0.0,15.0,0.0,0.0,0.0,0.0,0.0,750.0
2018-04-21,,0.0,3.0,93.0,0.0,0.0,0.0,0.0,0.0,0.0,0.0,0.0,0.0,0.0,480.0,0.0,0.0,0.0,,0.0,0.0,4.0,0.0,1.0,3.0,0.0,0.0,0.0,0.0,0.0,0.0,0.0,6.0,0.0,0.0,0.0,0.0,0.0,590.0
2018-04-22,,0.0,11.0,70.0,0.0,0.0,0.0,0.0,0.0,0.0,0.0,0.0,175.0,0.0,507.0,0.0,0.0,0.0,,0.0,0.0,6.0,12.0,3.0,2.0,0.0,0.0,0.0,0.0,0.0,0.0,0.0,10.0,0.0,0.0,0.0,0.0,0.0,796.0
2018-04-23,,0.0,3.0,105.0,0.0,0.0,0.0,0.0,0.0,0.0,0.0,0.0,0.0,0.0,519.0,0.0,0.0,0.0,,0.0,0.0,4.0,0.0,2.0,3.0,0.0,0.0,0.0,0.0,0.0,0.0,0.0,10.0,0.0,0.0,0.0,0.0,0.0,646.0
2018-04-24,,0.0,2.0,150.0,0.0,0.0,0.0,0.0,0.0,0.0,0.0,0.0,245.0,0.0,514.0,0.0,0.0,0.0,,0.0,0.0,3.0,0.0,4.0,3.0,0.0,0.0,0.0,0.0,0.0,0.0,0.0,8.0,510.0,0.0,0.0,0.0,0.0,1439.0
2018-04-25,,0.0,6.0,90.0,0.0,0.0,0.0,0.0,0.0,0.0,0.0,0.0,0.0,0.0,477.0,0.0,0.0,0.0,,0.0,0.0,11.0,0.0,3.0,4.0,0.0,0.0,0.0,0.0,0.0,0.0,0.0,9.0,20.0,0.0,0.0,0.0,0.0,620.0
2018-04-26,,0.0,4.0,57.0,0.0,0.0,0.0,0.0,0.0,0.0,0.0,0.0,0.0,23.0,547.0,0.0,0.0,0.0,,0.0,0.0,3.0,0.0,2.0,5.0,0.0,0.0,0.0,0.0,0.0,0.0,0.0,4.0,0.0,0.0,0.0,0.0,0.0,645.0
2018-04-27,,0.0,4.0,111.0,0.0,0.0,0.0,0.0,0.0,0.0,0.0,0.0,217.0,0.0,540.0,0.0,0.0,0.0,,0.0,0.0,3.0,3.0,4.0,4.0,0.0,0.0,0.0,0.0,0.0,0.0,0.0,9.0,50.0,0.0,0.0,0.0,0.0,945.0
2018-04-28,,0.0,3.0,134.0,0.0,0.0,0.0,0.0,0.0,0.0,0.0,0.0,13.0,0.0,486.0,0.0,0.0,0.0,,0.0,0.0,2.0,5.0,4.0,3.0,0.0,0.0,0.0,0.0,0.0,0.0,0.0,8.0,0.0,0.0,0.0,0.0,0.0,658.0
2018-04-29,,0.0,11.0,80.0,0.0,0.0,0.0,0.0,0.0,0.0,0.0,0.0,18.0,0.0,546.0,0.0,0.0,0.0,,0.0,0.0,13.0,12.0,9.0,4.0,0.0,0.0,0.0,0.0,0.0,0.0,0.0,28.0,450.0,0.0,0.0,0.0,0.0,1171.0
2018-04-30,,0.0,2.0,85.0,0.0,0.0,0.0,0.0,0.0,0.0,0.0,0.0,138.0,52.0,539.0,0.0,0.0,0.0,,0.0,0.0,7.0,0.0,3.0,3.0,0.0,0.0,0.0,0.0,0.0,0.0,0.0,45.0,0.0,0.0,0.0,0.0,0.0,874.0
2018-05-01,,0.0,2.0,95.0,0.0,0.0,0.0,0.0,0.0,0.0,0.0,0.0,0.0,0.0,557.0,0.0,0.0,0.0,,0.0,0.0,3.0,0.0,4.0,3.0,0.0,0.0,0.0,0.0,0.0,0.0,0.0,32.0,0.0,0.0,0.0,0.0,0.0,696.0
2018-05-02,,0.0,3.0,153.0,0.0,0.0,0.0,0.0,0.0,0.0,0.0,0.0,0.0,0.0,540.0,0.0,0.0,0.0,,0.0,0.0,2.0,0.0,4.0,5.0,0.0,0.0,0.0,0.0,0.0,0.0,0.0,118.0,0.0,0.0,0.0,0.0,0.0,825.0
2018-05-03,,0.0,0.0,108.0,0.0,0.0,0.0,0.0,0.0,0.0,0.0,0.0,0.0,22.0,549.0,0.0,0.0,0.0,,0.0,0.0,1.0,0.0,0.0,2.0,0.0,0.0,0.0,0.0,0.0,0.0,0.0,10.0,0.0,0.0,0.0,0.0,0.0,692.0
2018-05-04,,0.0,0.0,193.0,0.0,0.0,0.0,0.0,0.0,0.0,0.0,0.0,0.0,0.0,531.0,0.0,0.0,0.0,,0.0,0.0,2.0,0.0,0.0,1.0,0.0,0.0,0.0,0.0,0.0,0.0,0.0,0.0,250.0,0.0,0.0,0.0,0.0,977.0
2018-05-05,,0.0,9.0,116.0,0.0,0.0,0.0,0.0,0.0,0.0,0.0,0.0,242.0,0.0,537.0,0.0,0.0,0.0,,0.0,0.0,3.0,1.0,3.0,2.0,0.0,20.0,0.0,0.0,0.0,0.0,0.0,9.0,310.0,0.0,0.0,0.0,0.0,1252.0
2018-05-06,,0.0,7.0,133.0,0.0,0.0,0.0,0.0,0.0,0.0,0.0,0.0,0.0,0.0,493.0,0.0,0.0,0.0,,0.0,0.0,3.0,0.0,4.0,6.0,0.0,0.0,0.0,0.0,0.0,0.0,0.0,5.0,1420.0,0.0,0.0,0.0,0.0,2071.0
2018-05-07,,0.0,4.0,32.0,0.0,0.0,0.0,0.0,0.0,0.0,0.0,0.0,96.0,0.0,521.0,0.0,0.0,0.0,,0.0,0.0,14.0,6.0,1.0,10.0,0.0,0.0,0.0,0.0,0.0,0.0,0.0,26.0,260.0,0.0,0.0,0.0,0.0,970.0
2018-05-08,,0.0,7.0,190.0,0.0,0.0,0.0,0.0,0.0,0.0,0.0,0.0,0.0,0.0,567.0,0.0,0.0,0.0,,0.0,0.0,3.0,0.0,2.0,3.0,0.0,0.0,0.0,251.0,0.0,0.0,0.0,18.0,0.0,0.0,0.0,0.0,0.0,1041.0
2018-05-09,,0.0,9.0,305.0,0.0,0.0,0.0,0.0,0.0,0.0,0.0,0.0,133.0,5.0,508.0,0.0,0.0,0.0,,0.0,0.0,9.0,0.0,5.0,10.0,0.0,0.0,0.0,0.0,0.0,0.0,0.0,38.0,0.0,0.0,0.0,0.0,0.0,1022.0
2018-05-10,,0.0,2.0,160.0,0.0,0.0,0.0,0.0,0.0,0.0,0.0,0.0,200.0,0.0,510.0,0.0,0.0,0.0,,0.0,0.0,3.0,0.0,4.0,3.0,0.0,45.0,0.0,188.0,0.0,0.0,0.0,53.0,0.0,75.0,0.0,0.0,0.0,1243.0
2018-05-11,,0.0,2.0,79.0,0.0,0.0,0.0,0.0,0.0,0.0,0.0,0.0,50.0,0.0,544.0,0.0,0.0,0.0,,0.0,0.0,0.0,0.0,1.0,2.0,0.0,0.0,0.0,0.0,0.0,0.0,0.0,23.0,0.0,75.0,0.0,0.0,0.0,776.0
2018-05-12,,0.0,0.0,71.0,0.0,0.0,0.0,0.0,0.0,0.0,0.0,0.0,975.0,0.0,515.0,0.0,0.0,0.0,,0.0,0.0,2.0,0.0,1.0,3.0,0.0,0.0,0.0,0.0,0.0,0.0,0.0,3.0,0.0,0.0,0.0,0.0,0.0,1570.0
2018-05-13,,0.0,2.0,108.0,0.0,0.0,0.0,0.0,0.0,0.0,0.0,0.0,13.0,0.0,534.0,0.0,0.0,0.0,,0.0,0.0,4.0,5.0,3.0,5.0,0.0,0.0,0.0,0.0,0.0,0.0,0.0,7.0,10.0,0.0,0.0,0.0,0.0,691.0
2018-05-14,,0.0,4.0,57.0,0.0,0.0,0.0,0.0,0.0,0.0,0.0,0.0,0.0,0.0,546.0,0.0,0.0,0.0,,0.0,0.0,4.0,0.0,3.0,3.0,0.0,0.0,0.0,0.0,0.0,0.0,0.0,9.0,0.0,0.0,0.0,0.0,0.0,626.0
2018-05-15,,0.0,6.0,55.0,0.0,0.0,0.0,0.0,0.0,0.0,0.0,0.0,190.0,3.0,523.0,0.0,0.0,0.0,,0.0,7.0,9.0,50.0,6.0,23.0,0.0,0.0,0.0,0.0,0.0,0.0,0.0,10.0,0.0,0.0,0.0,0.0,0.0,882.0
2018-05-16,,0.0,3.0,92.0,0.0,0.0,0.0,0.0,0.0,0.0,0.0,0.0,307.0,0.0,534.0,0.0,0.0,0.0,,0.0,0.0,3.0,0.0,2.0,3.0,0.0,0.0,0.0,234.0,0.0,0.0,0.0,4.0,0.0,75.0,0.0,0.0,0.0,1257.0
2018-05-17,,0.0,4.0,58.0,0.0,0.0,0.0,0.0,0.0,0.0,0.0,0.0,163.0,0.0,501.0,0.0,0.0,0.0,,0.0,0.0,7.0,4.0,4.0,3.0,0.0,0.0,0.0,28.0,0.0,0.0,0.0,2.0,0.0,0.0,0.0,0.0,0.0,774.0
2018-05-18,,0.0,6.0,47.0,0.0,0.0,0.0,0.0,0.0,0.0,0.0,0.0,0.0,0.0,480.0,0.0,0.0,0.0,,0.0,0.0,7.0,12.0,5.0,5.0,0.0,0.0,0.0,0.0,0.0,0.0,0.0,20.0,0.0,75.0,0.0,0.0,0.0,657.0
2018-05-19,,0.0,0.0,110.0,0.0,0.0,0.0,0.0,0.0,0.0,0.0,0.0,50.0,0.0,533.0,0.0,0.0,0.0,,0.0,0.0,2.0,0.0,2.0,0.0,0.0,0.0,0.0,0.0,0.0,0.0,0.0,2.0,390.0,0.0,0.0,0.0,0.0,1089.0
2018-05-20,,0.0,1.0,47.0,0.0,0.0,0.0,0.0,0.0,0.0,0.0,0.0,0.0,0.0,488.0,0.0,0.0,0.0,,0.0,0.0,0.0,0.0,2.0,0.0,0.0,0.0,0.0,0.0,0.0,0.0,0.0,4.0,0.0,0.0,0.0,0.0,0.0,542.0
2018-05-21,,0.0,3.0,94.0,0.0,0.0,0.0,0.0,0.0,0.0,0.0,0.0,342.0,0.0,495.0,0.0,0.0,0.0,,0.0,0.0,4.0,0.0,3.0,2.0,0.0,0.0,0.0,0.0,0.0,0.0,0.0,3.0,0.0,150.0,0.0,0.0,0.0,1096.0
2018-05-22,,0.0,2.0,116.0,0.0,0.0,0.0,0.0,0.0,0.0,0.0,0.0,0.0,0.0,510.0,0.0,0.0,0.0,,0.0,0.0,8.0,0.0,3.0,7.0,0.0,0.0,0.0,0.0,0.0,0.0,0.0,0.0,0.0,75.0,0.0,0.0,0.0,721.0
2018-05-23,,0.0,3.0,142.0,0.0,0.0,0.0,0.0,0.0,0.0,0.0,0.0,0.0,0.0,492.0,0.0,0.0,0.0,,0.0,0.0,11.0,14.0,6.0,11.0,0.0,0.0,113.0,0.0,0.0,0.0,0.0,2.0,700.0,0.0,0.0,0.0,0.0,1494.0
2018-05-24,,0.0,2.0,154.0,0.0,0.0,0.0,0.0,0.0,0.0,0.0,0.0,0.0,0.0,418.0,0.0,0.0,0.0,,0.0,0.0,5.0,0.0,1.0,5.0,0.0,0.0,0.0,0.0,0.0,0.0,0.0,3.0,0.0,0.0,0.0,0.0,0.0,588.0
2018-05-25,,0.0,2.0,138.0,0.0,0.0,0.0,0.0,0.0,0.0,0.0,0.0,0.0,0.0,484.0,0.0,0.0,0.0,,0.0,0.0,3.0,3.0,1.0,2.0,0.0,0.0,0.0,0.0,0.0,0.0,0.0,18.0,530.0,0.0,0.0,0.0,0.0,1181.0
2018-05-26,,0.0,3.0,98.0,0.0,0.0,0.0,0.0,0.0,0.0,0.0,0.0,400.0,0.0,450.0,0.0,0.0,0.0,,0.0,0.0,3.0,0.0,2.0,3.0,0.0,0.0,0.0,0.0,0.0,0.0,0.0,6.0,5.0,0.0,0.0,0.0,0.0,970.0
2018-05-27,,0.0,2.0,64.0,0.0,0.0,0.0,0.0,0.0,2.0,0.0,0.0,0.0,0.0,472.0,0.0,0.0,0.0,,0.0,0.0,1.0,0.0,2.0,3.0,0.0,0.0,0.0,0.0,0.0,0.0,0.0,0.0,0.0,0.0,0.0,0.0,0.0,546.0
2018-05-28,,0.0,2.0,114.0,0.0,0.0,0.0,0.0,0.0,0.0,0.0,0.0,8.0,0.0,477.0,0.0,0.0,0.0,,0.0,0.0,1.0,0.0,4.0,2.0,0.0,0.0,0.0,10.0,0.0,0.0,0.0,0.0,0.0,35.0,0.0,0.0,0.0,653.0
2018-05-29,,0.0,7.0,123.0,0.0,0.0,0.0,0.0,0.0,0.0,0.0,0.0,63.0,0.0,309.0,0.0,0.0,0.0,,0.0,0.0,5.0,0.0,3.0,6.0,0.0,0.0,0.0,0.0,0.0,0.0,0.0,4.0,0.0,150.0,0.0,0.0,0.0,670.0
2018-05-30,,0.0,2.0,78.0,0.0,0.0,0.0,0.0,0.0,10.0,0.0,0.0,330.0,6.0,459.0,0.0,0.0,0.0,,0.0,0.0,4.0,4.0,2.0,7.0,0.0,0.0,0.0,0.0,0.0,0.0,0.0,14.0,370.0,0.0,0.0,0.0,0.0,1286.0
2018-05-31,,0.0,8.0,31.0,0.0,0.0,0.0,0.0,0.0,0.0,0.0,974.0,75.0,0.0,466.0,0.0,0.0,0.0,,0.0,0.0,16.0,11.0,3.0,2.0,0.0,0.0,0.0,33.0,0.0,0.0,0.0,20.0,0.0,0.0,0.0,0.0,0.0,1639.0
2018-06-01,,0.0,2.0,98.0,0.0,0.0,0.0,0.0,0.0,0.0,0.0,0.0,75.0,0.0,463.0,0.0,0.0,0.0,,0.0,0.0,2.0,0.0,2.0,2.0,0.0,0.0,0.0,0.0,0.0,0.0,0.0,6.0,0.0,0.0,0.0,0.0,0.0,650.0
2018-06-02,,0.0,2.0,66.0,0.0,0.0,0.0,0.0,0.0,0.0,0.0,0.0,66.0,0.0,509.0,0.0,0.0,0.0,,0.0,56.0,3.0,0.0,1.0,2.0,0.0,0.0,0.0,0.0,0.0,0.0,0.0,4.0,360.0,0.0,0.0,0.0,0.0,1069.0
2018-06-03,,0.0,3.0,21.0,0.0,0.0,0.0,0.0,0.0,0.0,0.0,0.0,0.0,0.0,464.0,0.0,0.0,0.0,,0.0,0.0,4.0,0.0,1.0,4.0,0.0,0.0,0.0,0.0,0.0,0.0,0.0,0.0,0.0,0.0,0.0,0.0,0.0,497.0
2018-06-04,,0.0,5.0,35.0,0.0,0.0,0.0,0.0,0.0,0.0,0.0,0.0,0.0,0.0,513.0,0.0,0.0,0.0,,0.0,0.0,6.0,1.0,1.0,1.0,0.0,0.0,0.0,0.0,0.0,0.0,0.0,1.0,0.0,0.0,0.0,0.0,0.0,563.0
2018-06-05,,0.0,0.0,56.0,0.0,0.0,0.0,0.0,0.0,0.0,0.0,0.0,19.0,0.0,513.0,0.0,0.0,0.0,,0.0,0.0,3.0,0.0,0.0,2.0,0.0,0.0,0.0,0.0,0.0,0.0,0.0,6.0,0.0,0.0,0.0,0.0,0.0,599.0
2018-06-06,,0.0,7.0,81.0,0.0,0.0,0.0,0.0,0.0,0.0,0.0,0.0,0.0,0.0,537.0,0.0,0.0,0.0,,0.0,0.0,5.0,4.0,4.0,4.0,0.0,0.0,0.0,0.0,0.0,0.0,0.0,7.0,570.0,0.0,0.0,0.0,0.0,1219.0
2018-06-07,,0.0,8.0,92.0,0.0,0.0,0.0,0.0,0.0,0.0,0.0,0.0,38.0,0.0,539.0,0.0,0.0,0.0,,0.0,0.0,4.0,6.0,3.0,4.0,0.0,0.0,0.0,0.0,0.0,0.0,0.0,2.0,0.0,0.0,0.0,0.0,0.0,696.0
2018-06-08,,0.0,3.0,30.0,0.0,0.0,0.0,0.0,0.0,0.0,0.0,0.0,0.0,0.0,517.0,0.0,0.0,0.0,,0.0,0.0,11.0,8.0,5.0,5.0,0.0,0.0,0.0,0.0,0.0,0.0,0.0,4.0,0.0,0.0,0.0,0.0,0.0,583.0
2018-06-09,,0.0,4.0,74.0,0.0,0.0,0.0,0.0,0.0,0.0,0.0,0.0,233.0,0.0,479.0,0.0,0.0,0.0,,0.0,0.0,4.0,0.0,5.0,2.0,0.0,0.0,0.0,0.0,0.0,0.0,0.0,0.0,0.0,0.0,0.0,0.0,0.0,801.0
2018-06-10,,0.0,3.0,172.0,0.0,0.0,0.0,0.0,0.0,0.0,0.0,0.0,43.0,0.0,478.0,0.0,0.0,0.0,,0.0,0.0,11.0,0.0,2.0,12.0,0.0,0.0,0.0,0.0,0.0,0.0,0.0,20.0,970.0,0.0,0.0,0.0,0.0,1711.0
2018-06-11,,0.0,6.0,69.0,0.0,0.0,0.0,0.0,0.0,0.0,0.0,0.0,0.0,0.0,522.0,0.0,0.0,0.0,,0.0,0.0,4.0,0.0,3.0,2.0,0.0,0.0,0.0,0.0,0.0,0.0,0.0,10.0,0.0,0.0,0.0,0.0,0.0,616.0
2018-06-12,,0.0,1.0,225.0,0.0,0.0,0.0,0.0,0.0,0.0,0.0,0.0,88.0,0.0,521.0,0.0,0.0,0.0,,0.0,0.0,0.0,0.0,2.0,6.0,0.0,0.0,0.0,0.0,0.0,0.0,0.0,24.0,0.0,0.0,0.0,0.0,0.0,867.0
2018-06-13,,0.0,2.0,234.0,0.0,0.0,0.0,0.0,0.0,0.0,0.0,0.0,0.0,0.0,394.0,0.0,0.0,0.0,,0.0,0.0,2.0,0.0,0.0,4.0,0.0,0.0,0.0,82.0,0.0,0.0,0.0,13.0,0.0,0.0,0.0,0.0,0.0,731.0
2018-06-14,,0.0,9.0,232.0,0.0,0.0,0.0,0.0,0.0,0.0,0.0,0.0,0.0,0.0,529.0,0.0,0.0,0.0,,0.0,0.0,8.0,7.0,1.0,7.0,0.0,0.0,0.0,69.0,0.0,0.0,0.0,8.0,290.0,0.0,0.0,0.0,0.0,1160.0
2018-06-15,,0.0,5.0,101.0,0.0,0.0,0.0,0.0,0.0,0.0,0.0,0.0,23.0,0.0,526.0,0.0,0.0,0.0,,0.0,0.0,5.0,0.0,5.0,4.0,0.0,0.0,0.0,143.0,0.0,0.0,0.0,11.0,570.0,0.0,0.0,0.0,0.0,1393.0
2018-06-16,,0.0,2.0,47.0,0.0,0.0,0.0,0.0,0.0,0.0,0.0,0.0,200.0,0.0,471.0,0.0,0.0,0.0,,0.0,0.0,3.0,13.0,4.0,7.0,0.0,0.0,0.0,0.0,0.0,0.0,0.0,17.0,0.0,0.0,0.0,0.0,0.0,764.0
2018-06-17,,0.0,2.0,85.0,0.0,0.0,0.0,0.0,0.0,0.0,0.0,0.0,175.0,0.0,494.0,0.0,0.0,0.0,,0.0,0.0,2.0,0.0,2.0,2.0,0.0,0.0,0.0,0.0,0.0,0.0,0.0,9.0,50.0,0.0,0.0,0.0,0.0,821.0
2018-06-18,,0.0,14.0,106.0,0.0,0.0,0.0,0.0,0.0,0.0,0.0,0.0,0.0,0.0,494.0,0.0,0.0,0.0,,0.0,0.0,2.0,0.0,3.0,3.0,0.0,0.0,0.0,0.0,0.0,0.0,0.0,4.0,70.0,0.0,0.0,0.0,0.0,696.0
2018-06-19,,0.0,4.0,36.0,0.0,0.0,0.0,0.0,0.0,0.0,0.0,0.0,0.0,3.0,521.0,0.0,0.0,0.0,,0.0,0.0,11.0,6.0,2.0,2.0,0.0,0.0,0.0,338.0,0.0,0.0,0.0,13.0,540.0,0.0,0.0,0.0,0.0,1476.0
2018-06-20,,0.0,2.0,30.0,0.0,0.0,0.0,0.0,0.0,0.0,0.0,0.0,0.0,0.0,510.0,0.0,0.0,0.0,,0.0,0.0,2.0,0.0,1.0,1.0,0.0,0.0,0.0,0.0,0.0,0.0,0.0,2.0,60.0,0.0,0.0,0.0,0.0,608.0
2018-06-21,,0.0,1.0,128.0,0.0,0.0,0.0,0.0,0.0,0.0,0.0,0.0,143.0,0.0,446.0,0.0,0.0,0.0,,0.0,0.0,2.0,0.0,2.0,3.0,0.0,0.0,160.0,411.0,0.0,0.0,0.0,0.0,1250.0,0.0,0.0,0.0,0.0,2546.0
2018-06-22,,0.0,25.0,109.0,0.0,0.0,0.0,0.0,0.0,0.0,0.0,0.0,50.0,0.0,520.0,0.0,0.0,0.0,,0.0,0.0,4.0,7.0,4.0,8.0,0.0,0.0,160.0,0.0,0.0,0.0,0.0,10.0,0.0,0.0,0.0,0.0,0.0,897.0
2018-06-23,,0.0,4.0,136.0,0.0,0.0,0.0,0.0,0.0,0.0,0.0,0.0,113.0,0.0,505.0,0.0,0.0,0.0,,0.0,0.0,5.0,0.0,5.0,3.0,0.0,0.0,0.0,0.0,0.0,0.0,0.0,4.0,0.0,0.0,0.0,0.0,0.0,775.0
2018-06-24,,0.0,4.0,250.0,0.0,0.0,0.0,0.0,0.0,0.0,0.0,0.0,0.0,0.0,491.0,0.0,0.0,0.0,,0.0,0.0,3.0,0.0,2.0,3.0,0.0,0.0,0.0,0.0,0.0,0.0,0.0,3.0,260.0,0.0,0.0,0.0,0.0,1016.0
2018-06-25,,0.0,4.0,84.0,0.0,0.0,0.0,0.0,0.0,0.0,0.0,0.0,305.0,0.0,512.0,0.0,0.0,0.0,,0.0,0.0,6.0,0.0,5.0,4.0,0.0,0.0,0.0,0.0,0.0,0.0,0.0,2.0,0.0,0.0,0.0,0.0,0.0,922.0
2018-06-26,,0.0,2.0,67.0,0.0,0.0,0.0,0.0,0.0,0.0,0.0,0.0,0.0,0.0,512.0,0.0,0.0,0.0,,0.0,0.0,3.0,0.0,2.0,2.0,0.0,0.0,0.0,0.0,0.0,0.0,0.0,4.0,80.0,0.0,0.0,0.0,0.0,672.0
2018-06-27,,0.0,3.0,65.0,0.0,0.0,0.0,0.0,0.0,0.0,0.0,0.0,0.0,0.0,556.0,0.0,0.0,0.0,,0.0,0.0,2.0,0.0,1.0,3.0,0.0,0.0,0.0,0.0,0.0,0.0,0.0,2.0,0.0,0.0,0.0,0.0,0.0,632.0
2018-06-28,,0.0,4.0,20.0,0.0,0.0,0.0,0.0,0.0,0.0,0.0,0.0,0.0,0.0,486.0,0.0,0.0,0.0,,0.0,0.0,1.0,0.0,2.0,3.0,0.0,0.0,0.0,0.0,0.0,0.0,0.0,2.0,0.0,0.0,0.0,0.0,0.0,518.0
2018-06-29,,0.0,4.0,124.0,0.0,0.0,0.0,0.0,0.0,0.0,0.0,0.0,0.0,0.0,578.0,0.0,0.0,0.0,,0.0,0.0,2.0,0.0,3.0,2.0,0.0,0.0,0.0,0.0,0.0,0.0,0.0,2.0,140.0,0.0,0.0,0.0,0.0,855.0
2018-06-30,,0.0,5.0,119.0,0.0,0.0,0.0,0.0,0.0,0.0,0.0,0.0,0.0,0.0,499.0,0.0,0.0,0.0,,0.0,0.0,2.0,7.0,2.0,5.0,0.0,0.0,0.0,651.0,0.0,0.0,0.0,5.0,30.0,0.0,0.0,0.0,0.0,1325.0
2018-07-01,,0.0,3.0,102.0,0.0,0.0,0.0,0.0,0.0,0.0,0.0,0.0,93.0,0.0,477.0,0.0,0.0,0.0,,0.0,0.0,2.0,5.0,4.0,4.0,0.0,0.0,0.0,0.0,0.0,0.0,0.0,1.0,10.0,0.0,0.0,0.0,0.0,701.0
2018-07-02,,0.0,3.0,43.0,0.0,0.0,0.0,0.0,0.0,0.0,0.0,0.0,88.0,0.0,541.0,0.0,0.0,0.0,,0.0,0.0,2.0,0.0,1.0,3.0,0.0,0.0,0.0,162.0,0.0,0.0,0.0,1.0,10.0,0.0,0.0,0.0,0.0,854.0
2018-07-03,,0.0,2.0,109.0,0.0,0.0,0.0,0.0,0.0,0.0,0.0,0.0,0.0,0.0,507.0,0.0,0.0,0.0,,0.0,0.0,2.0,0.0,1.0,2.0,0.0,0.0,0.0,151.0,0.0,0.0,0.0,12.0,420.0,0.0,0.0,0.0,0.0,1206.0
2018-07-04,,0.0,2.0,141.0,0.0,0.0,0.0,0.0,0.0,0.0,0.0,0.0,0.0,0.0,538.0,0.0,0.0,0.0,,0.0,0.0,1.0,0.0,1.0,3.0,0.0,0.0,0.0,151.0,0.0,0.0,0.0,0.0,0.0,0.0,0.0,0.0,0.0,837.0
2018-07-05,,0.0,2.0,124.0,0.0,0.0,0.0,0.0,0.0,0.0,0.0,0.0,0.0,0.0,552.0,0.0,0.0,0.0,,0.0,0.0,1.0,0.0,2.0,4.0,0.0,0.0,0.0,0.0,0.0,0.0,0.0,0.0,0.0,0.0,0.0,0.0,0.0,685.0
2018-07-06,,0.0,2.0,44.0,0.0,0.0,0.0,0.0,0.0,0.0,0.0,0.0,113.0,0.0,560.0,0.0,0.0,175.0,,0.0,0.0,6.0,0.0,4.0,6.0,0.0,0.0,0.0,0.0,0.0,0.0,0.0,1.0,1240.0,0.0,0.0,0.0,0.0,2151.0
2018-07-07,,0.0,0.0,81.0,0.0,0.0,0.0,0.0,0.0,0.0,0.0,0.0,0.0,0.0,550.0,0.0,0.0,0.0,,0.0,0.0,2.0,0.0,2.0,2.0,0.0,0.0,0.0,0.0,0.0,0.0,0.0,5.0,340.0,0.0,0.0,0.0,0.0,982.0
2018-07-08,,0.0,4.0,69.0,0.0,0.0,0.0,0.0,0.0,0.0,0.0,0.0,0.0,47.0,544.0,0.0,0.0,0.0,,0.0,0.0,5.0,1.0,5.0,4.0,0.0,0.0,0.0,305.0,0.0,0.0,0.0,2.0,180.0,0.0,0.0,0.0,0.0,1166.0
2018-07-08,,0.0,4.0,69.0,0.0,0.0,0.0,0.0,0.0,0.0,0.0,0.0,0.0,47.0,544.0,0.0,0.0,0.0,,0.0,0.0,5.0,1.0,5.0,4.0,0.0,0.0,0.0,305.0,0.0,0.0,0.0,2.0,180.0,0.0,0.0,0.0,0.0,1166.0
2018-07-09,,0.0,9.0,156.0,0.0,0.0,0.0,0.0,0.0,0.0,0.0,0.0,138.0,66.0,493.0,0.0,0.0,0.0,,0.0,0.0,5.0,2.0,4.0,6.0,0.0,0.0,0.0,0.0,0.0,0.0,0.0,4.0,90.0,0.0,0.0,0.0,0.0,973.0
2018-07-10,,0.0,3.0,84.0,0.0,0.0,0.0,0.0,0.0,0.0,0.0,0.0,300.0,50.0,494.0,0.0,0.0,0.0,,0.0,0.0,6.0,0.0,4.0,2.0,0.0,0.0,0.0,82.0,0.0,0.0,0.0,5.0,510.0,0.0,0.0,0.0,0.0,1540.0
2018-07-11,,0.0,3.0,76.0,0.0,0.0,0.0,0.0,0.0,0.0,0.0,0.0,0.0,61.0,508.0,0.0,0.0,0.0,,0.0,0.0,4.0,0.0,2.0,2.0,0.0,0.0,0.0,0.0,0.0,0.0,0.0,27.0,300.0,0.0,0.0,0.0,0.0,983.0
2018-07-12,,0.0,1.0,109.0,0.0,0.0,0.0,0.0,0.0,0.0,0.0,0.0,0.0,61.0,533.0,0.0,0.0,0.0,,0.0,0.0,3.0,0.0,0.0,1.0,0.0,0.0,0.0,0.0,0.0,0.0,0.0,14.0,930.0,0.0,0.0,0.0,0.0,1652.0
2018-07-13,,0.0,6.0,83.0,0.0,0.0,0.0,0.0,0.0,0.0,0.0,0.0,19.0,68.0,539.0,0.0,0.0,0.0,,0.0,0.0,2.0,0.0,3.0,1.0,0.0,0.0,0.0,0.0,0.0,0.0,0.0,1.0,930.0,0.0,0.0,0.0,0.0,1652.0
2018-07-14,,0.0,1.0,33.0,0.0,0.0,0.0,0.0,0.0,0.0,0.0,0.0,0.0,68.0,546.0,0.0,0.0,0.0,,0.0,0.0,1.0,0.0,3.0,2.0,0.0,0.0,0.0,0.0,0.0,0.0,0.0,2.0,930.0,75.0,0.0,0.0,0.0,1661.0
2018-07-15,,0.0,1.0,65.0,0.0,0.0,0.0,0.0,0.0,0.0,0.0,0.0,0.0,0.0,584.0,0.0,0.0,0.0,,0.0,0.0,2.0,0.0,2.0,1.0,0.0,0.0,0.0,0.0,0.0,0.0,0.0,12.0,0.0,0.0,0.0,0.0,0.0,667.0
2018-07-16,,0.0,5.0,81.0,0.0,0.0,0.0,0.0,0.0,0.0,0.0,0.0,0.0,0.0,537.0,0.0,0.0,0.0,,0.0,0.0,4.0,0.0,2.0,2.0,0.0,0.0,0.0,0.0,0.0,0.0,0.0,4.0,0.0,150.0,0.0,0.0,0.0,785.0
2018-07-17,,0.0,9.0,89.0,0.0,0.0,0.0,0.0,0.0,0.0,0.0,0.0,0.0,6.0,504.0,0.0,0.0,0.0,,0.0,0.0,3.0,0.0,3.0,4.0,0.0,0.0,0.0,0.0,0.0,0.0,0.0,1.0,0.0,0.0,0.0,0.0,0.0,619.0
2018-07-18,,0.0,3.0,170.0,0.0,0.0,0.0,0.0,0.0,0.0,0.0,0.0,0.0,0.0,501.0,0.0,0.0,0.0,,0.0,0.0,2.0,0.0,2.0,1.0,0.0,0.0,0.0,0.0,0.0,0.0,0.0,9.0,360.0,0.0,0.0,0.0,0.0,1048.0
2018-07-19,,0.0,2.0,112.0,0.0,0.0,0.0,0.0,0.0,0.0,0.0,0.0,0.0,37.0,545.0,0.0,0.0,0.0,,0.0,0.0,2.0,0.0,0.0,1.0,0.0,0.0,0.0,0.0,0.0,0.0,0.0,31.0,0.0,0.0,0.0,0.0,0.0,730.0
2018-07-20,,0.0,3.0,230.0,0.0,0.0,0.0,0.0,0.0,0.0,0.0,0.0,0.0,0.0,512.0,0.0,0.0,0.0,,0.0,0.0,2.0,0.0,0.0,4.0,0.0,0.0,0.0,0.0,0.0,0.0,0.0,6.0,410.0,0.0,0.0,0.0,0.0,1167.0
2018-07-21,,0.0,2.0,125.0,0.0,0.0,0.0,0.0,0.0,0.0,0.0,0.0,0.0,0.0,404.0,0.0,0.0,0.0,,0.0,0.0,1.0,0.0,1.0,2.0,0.0,0.0,0.0,0.0,0.0,0.0,0.0,7.0,0.0,0.0,0.0,0.0,0.0,542.0
2018-07-22,,0.0,6.0,60.0,0.0,0.0,0.0,0.0,0.0,0.0,0.0,0.0,0.0,0.0,399.0,0.0,0.0,0.0,,0.0,4.0,12.0,0.0,3.0,3.0,0.0,0.0,0.0,0.0,0.0,0.0,0.0,2.0,0.0,0.0,0.0,0.0,0.0,489.0
2018-07-23,,0.0,5.0,215.0,0.0,0.0,0.0,0.0,0.0,0.0,0.0,0.0,0.0,0.0,470.0,0.0,0.0,0.0,,0.0,0.0,4.0,2.0,2.0,1.0,0.0,0.0,0.0,0.0,0.0,0.0,0.0,2.0,0.0,35.0,0.0,0.0,0.0,736.0
2018-07-24,,0.0,3.0,218.0,0.0,0.0,0.0,0.0,0.0,0.0,0.0,0.0,0.0,0.0,522.0,0.0,0.0,0.0,,0.0,0.0,2.0,0.0,0.0,2.0,0.0,0.0,0.0,0.0,0.0,0.0,0.0,2.0,100.0,0.0,0.0,0.0,0.0,849.0
2018-07-25,,0.0,2.0,65.0,0.0,0.0,0.0,0.0,0.0,0.0,0.0,0.0,0.0,0.0,501.0,0.0,0.0,0.0,,0.0,0.0,3.0,0.0,2.0,2.0,0.0,0.0,0.0,0.0,0.0,0.0,0.0,1.0,0.0,0.0,0.0,0.0,0.0,576.0
2018-07-26,,0.0,1.0,112.0,0.0,0.0,0.0,0.0,0.0,0.0,0.0,0.0,0.0,0.0,511.0,0.0,0.0,0.0,,0.0,0.0,3.0,0.0,0.0,2.0,0.0,30.0,0.0,0.0,0.0,0.0,0.0,1.0,0.0,0.0,0.0,0.0,0.0,660.0
2018-07-27,,0.0,3.0,147.0,0.0,0.0,0.0,0.0,0.0,0.0,0.0,0.0,0.0,0.0,494.0,0.0,0.0,0.0,,0.0,0.0,9.0,3.0,2.0,2.0,0.0,0.0,0.0,0.0,0.0,0.0,0.0,8.0,0.0,0.0,0.0,0.0,0.0,668.0
2018-07-28,,0.0,4.0,76.0,0.0,0.0,0.0,0.0,0.0,0.0,0.0,0.0,0.0,0.0,506.0,0.0,0.0,0.0,,0.0,0.0,1.0,0.0,0.0,4.0,0.0,0.0,0.0,0.0,0.0,0.0,0.0,3.0,0.0,0.0,0.0,0.0,0.0,594.0
2018-07-29,,0.0,2.0,38.0,0.0,0.0,0.0,0.0,0.0,0.0,0.0,0.0,0.0,0.0,455.0,0.0,0.0,0.0,,0.0,0.0,0.0,0.0,2.0,1.0,0.0,0.0,0.0,0.0,0.0,0.0,0.0,2.0,0.0,0.0,0.0,0.0,0.0,500.0
2018-07-30,,0.0,4.0,75.0,0.0,0.0,0.0,0.0,0.0,3.0,0.0,0.0,0.0,0.0,496.0,0.0,0.0,0.0,,0.0,0.0,4.0,0.0,3.0,6.0,0.0,0.0,0.0,0.0,0.0,0.0,0.0,3.0,170.0,0.0,0.0,0.0,0.0,764.0
2018-07-31,,0.0,7.0,87.0,0.0,0.0,0.0,0.0,0.0,0.0,0.0,0.0,0.0,0.0,516.0,0.0,0.0,0.0,,0.0,0.0,29.0,5.0,3.0,16.0,0.0,0.0,0.0,0.0,0.0,0.0,0.0,5.0,0.0,0.0,0.0,0.0,0.0,668.0
2018-08-01,,0.0,0.0,63.0,0.0,0.0,0.0,0.0,0.0,0.0,0.0,0.0,0.0,0.0,487.0,0.0,0.0,0.0,,0.0,0.0,3.0,0.0,2.0,7.0,0.0,0.0,0.0,0.0,0.0,0.0,0.0,3.0,0.0,0.0,0.0,0.0,0.0,565.0
2018-08-02,,0.0,7.0,137.0,0.0,0.0,0.0,0.0,0.0,0.0,0.0,0.0,0.0,0.0,524.0,0.0,0.0,0.0,,0.0,0.0,2.0,7.0,3.0,3.0,0.0,40.0,0.0,0.0,0.0,0.0,0.0,4.0,130.0,150.0,0.0,0.0,0.0,1007.0
2018-08-03,,0.0,9.0,87.0,0.0,0.0,0.0,0.0,0.0,0.0,0.0,0.0,0.0,0.0,507.0,150.0,0.0,0.0,,0.0,0.0,17.0,17.0,1.0,5.0,0.0,25.0,0.0,0.0,0.0,0.0,0.0,9.0,540.0,0.0,0.0,0.0,0.0,1367.0
2018-08-04,,0.0,2.0,86.0,0.0,0.0,0.0,0.0,0.0,0.0,0.0,0.0,0.0,0.0,523.0,0.0,0.0,0.0,,0.0,9.0,1.0,0.0,1.0,2.0,0.0,10.0,0.0,0.0,0.0,0.0,0.0,11.0,0.0,0.0,0.0,0.0,0.0,645.0
2018-08-05,,0.0,3.0,89.0,0.0,0.0,0.0,0.0,0.0,0.0,0.0,0.0,0.0,0.0,517.0,0.0,0.0,0.0,,0.0,0.0,3.0,0.0,2.0,3.0,0.0,0.0,0.0,0.0,0.0,0.0,0.0,1.0,0.0,0.0,0.0,0.0,0.0,618.0
2018-08-06,,0.0,2.0,76.0,0.0,0.0,0.0,0.0,0.0,0.0,0.0,0.0,0.0,0.0,536.0,0.0,0.0,0.0,,0.0,0.0,2.0,0.0,3.0,2.0,0.0,30.0,0.0,0.0,0.0,0.0,0.0,2.0,170.0,0.0,0.0,0.0,0.0,823.0
2018-08-07,,0.0,3.0,88.0,0.0,0.0,0.0,0.0,0.0,0.0,0.0,0.0,0.0,0.0,493.0,0.0,0.0,0.0,,0.0,0.0,2.0,1.0,2.0,1.0,0.0,0.0,0.0,0.0,0.0,0.0,0.0,1.0,0.0,80.0,0.0,0.0,0.0,671.0
2018-08-08,,0.0,2.0,94.0,0.0,0.0,0.0,0.0,0.0,0.0,0.0,0.0,0.0,0.0,562.0,0.0,0.0,0.0,,0.0,0.0,1.0,1.0,2.0,1.0,0.0,0.0,0.0,0.0,0.0,0.0,0.0,1.0,0.0,5.0,0.0,0.0,0.0,669.0
2018-08-09,,0.0,4.0,112.0,0.0,0.0,0.0,0.0,0.0,0.0,0.0,0.0,0.0,0.0,559.0,0.0,0.0,0.0,,0.0,0.0,0.0,0.0,2.0,3.0,0.0,20.0,0.0,0.0,0.0,0.0,0.0,1.0,0.0,155.0,0.0,0.0,0.0,856.0
2018-08-10,,0.0,3.0,106.0,0.0,0.0,0.0,0.0,0.0,0.0,0.0,0.0,0.0,0.0,500.0,0.0,0.0,0.0,,0.0,0.0,3.0,0.0,4.0,3.0,0.0,0.0,0.0,0.0,0.0,0.0,0.0,2.0,0.0,75.0,0.0,0.0,0.0,696.0
2018-08-11,,0.0,7.0,134.0,0.0,0.0,0.0,0.0,0.0,0.0,0.0,0.0,0.0,0.0,481.0,0.0,0.0,0.0,,0.0,0.0,24.0,4.0,3.0,6.0,0.0,0.0,0.0,0.0,0.0,0.0,0.0,6.0,0.0,0.0,0.0,0.0,0.0,665.0
2018-08-12,,0.0,1.0,96.0,0.0,0.0,0.0,0.0,0.0,0.0,0.0,0.0,0.0,0.0,519.0,0.0,0.0,0.0,,0.0,0.0,1.0,0.0,1.0,3.0,0.0,0.0,0.0,0.0,0.0,0.0,0.0,2.0,0.0,0.0,0.0,0.0,0.0,623.0
2018-08-13,,0.0,3.0,130.0,0.0,0.0,0.0,0.0,0.0,0.0,0.0,0.0,0.0,0.0,593.0,0.0,0.0,0.0,,0.0,0.0,5.0,0.0,3.0,1.0,0.0,0.0,0.0,0.0,0.0,0.0,0.0,0.0,200.0,0.0,0.0,0.0,0.0,935.0
2018-08-14,,0.0,2.0,59.0,0.0,0.0,0.0,0.0,0.0,0.0,0.0,0.0,0.0,0.0,505.0,0.0,0.0,0.0,,0.0,0.0,3.0,0.0,2.0,1.0,0.0,0.0,0.0,0.0,0.0,0.0,0.0,8.0,0.0,0.0,0.0,0.0,0.0,580.0
2018-08-15,,0.0,2.0,21.0,0.0,0.0,0.0,0.0,0.0,0.0,0.0,0.0,0.0,0.0,503.0,0.0,0.0,0.0,,0.0,0.0,3.0,0.0,2.0,2.0,0.0,0.0,0.0,0.0,0.0,0.0,0.0,8.0,0.0,0.0,0.0,0.0,0.0,541.0
2018-08-16,,0.0,6.0,70.0,0.0,0.0,0.0,0.0,0.0,0.0,0.0,0.0,0.0,12.0,499.0,0.0,0.0,0.0,,0.0,0.0,3.0,5.0,2.0,9.0,0.0,0.0,0.0,0.0,0.0,0.0,0.0,4.0,530.0,0.0,0.0,0.0,0.0,1140.0
2018-08-17,,0.0,10.0,117.0,0.0,0.0,0.0,0.0,0.0,0.0,0.0,0.0,0.0,13.0,518.0,0.0,0.0,0.0,,0.0,0.0,9.0,2.0,4.0,4.0,0.0,0.0,0.0,0.0,0.0,0.0,0.0,4.0,0.0,0.0,0.0,0.0,0.0,681.0
2018-08-23,,0.0,1.0,87.0,0.0,0.0,0.0,0.0,0.0,0.0,0.0,0.0,0.0,0.0,524.0,0.0,0.0,0.0,,0.0,0.0,1.0,0.0,3.0,2.0,0.0,0.0,0.0,0.0,0.0,0.0,0.0,1.0,0.0,0.0,0.0,0.0,0.0,619.0
2018-08-24,,0.0,1.0,75.0,0.0,0.0,0.0,0.0,0.0,0.0,0.0,0.0,0.0,0.0,494.0,0.0,0.0,0.0,,0.0,0.0,3.0,1.0,3.0,2.0,0.0,0.0,0.0,0.0,0.0,0.0,0.0,4.0,460.0,0.0,0.0,0.0,0.0,1043.0
2018-08-25,,0.0,15.0,78.0,0.0,0.0,0.0,0.0,0.0,0.0,0.0,0.0,0.0,0.0,544.0,0.0,0.0,0.0,,0.0,0.0,3.0,0.0,2.0,6.0,0.0,0.0,0.0,0.0,0.0,0.0,0.0,4.0,0.0,0.0,0.0,0.0,0.0,652.0
2018-08-26,,0.0,5.0,26.0,0.0,0.0,0.0,0.0,0.0,0.0,0.0,0.0,0.0,0.0,574.0,0.0,0.0,0.0,,0.0,0.0,2.0,4.0,5.0,8.0,0.0,0.0,0.0,0.0,0.0,0.0,0.0,4.0,0.0,0.0,0.0,0.0,0.0,628.0
2018-08-27,,0.0,6.0,34.0,0.0,0.0,0.0,0.0,0.0,0.0,0.0,0.0,0.0,0.0,557.0,0.0,0.0,0.0,,0.0,0.0,17.0,5.0,2.0,7.0,0.0,0.0,0.0,0.0,0.0,0.0,0.0,3.0,130.0,0.0,0.0,0.0,0.0,761.0
2018-08-28,,0.0,1.0,133.0,0.0,0.0,0.0,0.0,0.0,0.0,0.0,0.0,0.0,0.0,544.0,0.0,0.0,0.0,,0.0,0.0,2.0,0.0,0.0,2.0,0.0,0.0,0.0,0.0,0.0,0.0,0.0,3.0,0.0,0.0,0.0,0.0,0.0,685.0
2018-08-29,,0.0,1.0,150.0,0.0,0.0,133.0,0.0,0.0,0.0,0.0,0.0,0.0,0.0,522.0,0.0,0.0,0.0,,0.0,0.0,1.0,0.0,1.0,1.0,0.0,20.0,0.0,0.0,0.0,0.0,0.0,4.0,0.0,0.0,0.0,0.0,0.0,833.0
2018-08-30,,0.0,0.0,102.0,0.0,0.0,0.0,0.0,0.0,0.0,0.0,0.0,0.0,0.0,516.0,0.0,0.0,0.0,,0.0,0.0,0.0,0.0,0.0,2.0,0.0,30.0,0.0,0.0,0.0,671.0,0.0,3.0,0.0,80.0,0.0,0.0,0.0,1404.0
2018-08-31,,0.0,0.0,154.0,0.0,0.0,0.0,0.0,0.0,0.0,0.0,0.0,0.0,0.0,527.0,0.0,0.0,0.0,,0.0,0.0,2.0,2.0,0.0,1.0,0.0,0.0,0.0,0.0,0.0,0.0,0.0,4.0,120.0,0.0,0.0,0.0,0.0,810.0
2018-09-01,,0.0,11.0,110.0,0.0,0.0,0.0,0.0,0.0,0.0,0.0,0.0,0.0,0.0,492.0,0.0,0.0,0.0,,0.0,0.0,9.0,10.0,3.0,3.0,0.0,0.0,0.0,0.0,0.0,0.0,0.0,15.0,270.0,0.0,0.0,0.0,0.0,923.0
2018-09-02,,0.0,5.0,107.0,0.0,0.0,0.0,0.0,0.0,0.0,0.0,0.0,0.0,0.0,488.0,0.0,0.0,0.0,,0.0,0.0,2.0,0.0,4.0,2.0,0.0,0.0,0.0,0.0,0.0,0.0,0.0,1.0,0.0,0.0,0.0,0.0,0.0,609.0
2018-09-03,,0.0,2.0,79.0,0.0,0.0,0.0,0.0,0.0,6.0,0.0,0.0,0.0,0.0,501.0,0.0,0.0,250.0,,0.0,0.0,1.0,0.0,0.0,1.0,0.0,25.0,0.0,0.0,0.0,0.0,0.0,2.0,0.0,0.0,0.0,0.0,0.0,867.0
2018-09-04,,0.0,1.0,63.0,0.0,0.0,0.0,0.0,0.0,0.0,0.0,0.0,0.0,0.0,506.0,0.0,0.0,0.0,,0.0,0.0,2.0,0.0,0.0,2.0,0.0,20.0,0.0,0.0,0.0,0.0,0.0,5.0,150.0,0.0,0.0,0.0,0.0,749.0
2018-09-05,,0.0,2.0,77.0,0.0,0.0,0.0,0.0,0.0,0.0,0.0,0.0,0.0,0.0,510.0,0.0,0.0,0.0,,0.0,0.0,2.0,0.0,1.0,2.0,0.0,30.0,0.0,0.0,0.0,0.0,0.0,2.0,220.0,0.0,0.0,0.0,0.0,846.0
2018-09-06,,0.0,2.0,99.0,0.0,0.0,0.0,0.0,0.0,0.0,0.0,0.0,0.0,0.0,516.0,0.0,0.0,200.0,,0.0,0.0,1.0,0.0,1.0,2.0,0.0,30.0,0.0,0.0,0.0,0.0,0.0,1.0,0.0,0.0,0.0,0.0,0.0,852.0
2018-09-07,,0.0,2.0,67.0,0.0,0.0,0.0,0.0,0.0,0.0,0.0,0.0,0.0,0.0,541.0,0.0,0.0,250.0,,0.0,0.0,2.0,0.0,1.0,1.0,0.0,20.0,0.0,0.0,0.0,0.0,0.0,0.0,0.0,0.0,0.0,0.0,0.0,884.0
2018-09-08,,0.0,2.0,51.0,0.0,0.0,0.0,0.0,0.0,0.0,0.0,0.0,0.0,0.0,534.0,100.0,0.0,325.0,,0.0,0.0,4.0,5.0,3.0,1.0,100.0,30.0,0.0,0.0,0.0,0.0,0.0,2.0,200.0,0.0,0.0,0.0,0.0,1357.0
2018-09-09,,0.0,2.0,6.0,0.0,0.0,125.0,0.0,0.0,0.0,0.0,0.0,0.0,0.0,476.0,0.0,0.0,225.0,,0.0,0.0,5.0,4.0,2.0,1.0,0.0,0.0,0.0,0.0,0.0,0.0,0.0,3.0,0.0,0.0,0.0,0.0,-1.0,848.0
2018-09-10,,0.0,3.0,61.0,0.0,0.0,34.0,0.0,0.0,0.0,0.0,0.0,0.0,0.0,490.0,0.0,0.0,0.0,,0.0,0.0,2.0,0.0,2.0,3.0,-1.0,0.0,0.0,0.0,0.0,0.0,0.0,5.0,190.0,75.0,0.0,0.0,-2.0,862.0
2018-09-11,,0.0,3.0,65.0,0.0,0.0,0.0,0.0,0.0,0.0,0.0,0.0,18.0,0.0,495.0,0.0,0.0,0.0,,0.0,0.0,2.0,0.0,2.0,5.0,0.0,20.0,0.0,0.0,0.0,0.0,0.0,2.0,0.0,0.0,0.0,0.0,0.0,612.0
2018-09-12,,0.0,2.0,52.0,0.0,0.0,0.0,0.0,0.0,0.0,0.0,0.0,0.0,0.0,509.0,0.0,0.0,0.0,,0.0,0.0,4.0,0.0,2.0,8.0,0.0,0.0,0.0,0.0,0.0,0.0,0.0,4.0,30.0,0.0,0.0,0.0,0.0,611.0
2018-09-13,,0.0,2.0,44.0,0.0,0.0,60.0,0.0,0.0,0.0,0.0,0.0,38.0,14.0,470.0,0.0,0.0,0.0,,0.0,0.0,3.0,0.0,2.0,8.0,0.0,0.0,0.0,0.0,0.0,0.0,0.0,3.0,0.0,0.0,0.0,0.0,0.0,644.0
2018-09-14,,0.0,2.0,89.0,0.0,0.0,0.0,0.0,0.0,0.0,0.0,0.0,130.0,0.0,503.0,0.0,0.0,0.0,,0.0,0.0,2.0,0.0,1.0,6.0,0.0,15.0,0.0,0.0,0.0,0.0,0.0,0.0,420.0,0.0,0.0,0.0,0.0,1168.0
2018-09-15,,0.0,1.0,50.0,0.0,0.0,0.0,0.0,0.0,0.0,0.0,0.0,0.0,0.0,497.0,0.0,0.0,100.0,,0.0,0.0,2.0,0.0,2.0,2.0,0.0,15.0,0.0,0.0,0.0,0.0,0.0,1.0,0.0,75.0,0.0,0.0,-1.0,744.0
2018-09-16,,0.0,2.0,16.0,0.0,0.0,0.0,0.0,0.0,0.0,0.0,0.0,0.0,0.0,473.0,0.0,0.0,0.0,,0.0,0.0,4.0,1.0,2.0,1.0,0.0,0.0,0.0,0.0,0.0,0.0,0.0,2.0,0.0,0.0,0.0,0.0,0.0,501.0
2018-09-17,,0.0,4.0,11.0,0.0,0.0,0.0,0.0,0.0,0.0,0.0,0.0,0.0,0.0,514.0,0.0,0.0,0.0,,0.0,0.0,2.0,4.0,2.0,5.0,0.0,0.0,0.0,0.0,0.0,0.0,0.0,4.0,280.0,0.0,0.0,0.0,0.0,826.0
2018-09-18,,0.0,3.0,56.0,0.0,0.0,58.0,0.0,0.0,0.0,0.0,0.0,0.0,0.0,506.0,0.0,0.0,0.0,,0.0,0.0,2.0,0.0,4.0,3.0,0.0,0.0,0.0,0.0,0.0,0.0,0.0,2.0,130.0,135.0,0.0,0.0,-1.0,898.0
2018-09-19,,0.0,4.0,63.0,0.0,0.0,49.0,0.0,0.0,0.0,0.0,0.0,0.0,0.0,518.0,0.0,0.0,0.0,,0.0,0.0,3.0,8.0,2.0,4.0,0.0,0.0,0.0,0.0,0.0,0.0,0.0,3.0,0.0,110.0,0.0,0.0,0.0,764.0
2018-09-20,,0.0,2.0,82.0,0.0,0.0,0.0,0.0,0.0,0.0,0.0,0.0,0.0,0.0,512.0,0.0,0.0,0.0,,0.0,0.0,8.0,0.0,0.0,2.0,0.0,0.0,0.0,0.0,0.0,0.0,0.0,4.0,290.0,0.0,0.0,0.0,0.0,900.0
2018-09-21,,0.0,3.0,114.0,0.0,0.0,0.0,0.0,0.0,0.0,0.0,0.0,0.0,0.0,519.0,0.0,0.0,0.0,,0.0,0.0,3.0,0.0,3.0,2.0,0.0,0.0,0.0,0.0,0.0,0.0,0.0,5.0,0.0,0.0,0.0,0.0,1.0,650.0
2018-09-22,,0.0,6.0,73.0,0.0,0.0,0.0,0.0,0.0,0.0,0.0,0.0,0.0,0.0,536.0,0.0,0.0,75.0,,0.0,14.0,2.0,0.0,1.0,2.0,0.0,15.0,0.0,0.0,0.0,0.0,0.0,2.0,0.0,0.0,0.0,0.0,0.0,726.0
2018-09-23,,0.0,3.0,72.0,0.0,0.0,0.0,0.0,0.0,0.0,0.0,0.0,0.0,0.0,461.0,-104.0,0.0,0.0,,0.0,0.0,3.0,0.0,2.0,2.0,0.0,0.0,0.0,0.0,0.0,0.0,0.0,1.0,0.0,0.0,0.0,0.0,0.0,440.0
2018-09-24,,0.0,3.0,90.0,0.0,0.0,0.0,0.0,0.0,0.0,0.0,0.0,3.0,0.0,491.0,182.0,0.0,150.0,,0.0,0.0,13.0,3.0,5.0,5.0,0.0,20.0,0.0,0.0,0.0,0.0,0.0,8.0,30.0,0.0,0.0,0.0,0.0,1003.0
2018-09-25,,0.0,7.0,60.0,1.0,0.0,0.0,0.0,0.0,8.0,0.0,0.0,0.0,0.0,475.0,0.0,0.0,120.0,,0.0,0.0,1.0,3.0,3.0,4.0,0.0,20.0,0.0,0.0,0.0,0.0,0.0,3.0,140.0,80.0,0.0,0.0,1.0,926.0
2018-09-26,,0.0,2.0,82.0,0.0,0.0,0.0,0.0,0.0,0.0,0.0,0.0,64.0,0.0,435.0,0.0,0.0,0.0,,0.0,34.0,6.0,0.0,4.0,6.0,-1.0,0.0,0.0,0.0,0.0,0.0,0.0,1.0,650.0,80.0,0.0,0.0,-2.0,1361.0
2018-09-27,,0.0,3.0,87.0,0.0,0.0,0.0,0.0,0.0,0.0,0.0,0.0,425.0,0.0,484.0,0.0,0.0,0.0,,0.0,41.0,5.0,0.0,4.0,4.0,0.0,10.0,0.0,0.0,0.0,0.0,0.0,3.0,260.0,0.0,0.0,0.0,0.0,1326.0
2018-09-28,,0.0,4.0,84.0,0.0,0.0,0.0,0.0,0.0,0.0,0.0,0.0,188.0,0.0,499.0,0.0,0.0,0.0,,0.0,0.0,5.0,0.0,3.0,6.0,0.0,0.0,0.0,0.0,0.0,0.0,0.0,2.0,0.0,0.0,0.0,0.0,0.0,791.0
2018-09-29,,0.0,5.0,65.0,0.0,0.0,54.0,0.0,0.0,0.0,0.0,0.0,174.0,0.0,437.0,0.0,0.0,0.0,,0.0,0.0,6.0,0.0,2.0,3.0,1.0,0.0,0.0,0.0,0.0,0.0,0.0,5.0,280.0,150.0,0.0,0.0,1.0,1183.0
2018-09-30,,0.0,4.0,91.0,1.0,0.0,0.0,0.0,0.0,0.0,25.0,0.0,0.0,0.0,505.0,0.0,0.0,0.0,,0.0,0.0,2.0,0.0,2.0,3.0,1.0,0.0,0.0,0.0,0.0,0.0,0.0,2.0,0.0,0.0,0.0,0.0,1.0,637.0
2018-10-01,,0.0,4.0,24.0,0.0,0.0,0.0,0.0,0.0,0.0,0.0,0.0,553.0,0.0,470.0,-1.0,0.0,500.0,,0.0,0.0,2.0,0.0,0.0,3.0,-1.0,40.0,0.0,0.0,0.0,0.0,0.0,3.0,0.0,0.0,0.0,0.0,-2.0,1595.0
2018-10-02,,0.0,2.0,44.0,0.0,0.0,0.0,0.0,0.0,0.0,0.0,0.0,0.0,0.0,488.0,0.0,0.0,0.0,,0.0,0.0,19.0,2.0,3.0,6.0,400.0,0.0,0.0,0.0,0.0,0.0,0.0,3.0,340.0,0.0,0.0,0.0,200.0,1507.0
2018-10-03,,0.0,2.0,44.0,0.0,0.0,0.0,0.0,0.0,0.0,0.0,0.0,0.0,0.0,379.0,0.0,0.0,0.0,,0.0,0.0,3.0,3.0,4.0,3.0,-1.0,20.0,0.0,0.0,0.0,0.0,0.0,1.0,0.0,0.0,0.0,0.0,-1.0,457.0
2018-10-04,,0.0,3.0,52.0,0.0,0.0,0.0,0.0,0.0,0.0,0.0,0.0,50.0,0.0,551.0,0.0,0.0,0.0,,0.0,0.0,7.0,0.0,3.0,1.0,2.0,10.0,0.0,0.0,0.0,0.0,0.0,5.0,1090.0,0.0,0.0,0.0,1.0,1775.0
2018-10-05,,0.0,2.0,74.0,0.0,0.0,0.0,0.0,0.0,0.0,0.0,0.0,0.0,0.0,498.0,0.0,0.0,0.0,,0.0,0.0,3.0,0.0,4.0,2.0,-1.0,0.0,0.0,0.0,0.0,0.0,0.0,2.0,0.0,0.0,0.0,0.0,-1.0,583.0
2018-10-06,,0.0,3.0,100.0,0.0,0.0,0.0,0.0,0.0,0.0,0.0,0.0,0.0,0.0,479.0,0.0,0.0,0.0,,0.0,0.0,5.0,2.0,2.0,1.0,0.0,0.0,0.0,0.0,0.0,0.0,0.0,2.0,720.0,0.0,0.0,0.0,0.0,1314.0
2018-10-07,,0.0,4.0,80.0,0.0,0.0,0.0,0.0,0.0,0.0,0.0,0.0,0.0,0.0,501.0,0.0,0.0,0.0,,0.0,0.0,5.0,0.0,2.0,1.0,1.0,0.0,0.0,0.0,0.0,0.0,0.0,3.0,0.0,0.0,0.0,0.0,0.0,597.0
2018-10-08,,0.0,4.0,115.0,0.0,0.0,0.0,0.0,0.0,0.0,0.0,0.0,203.0,0.0,500.0,0.0,0.0,350.0,,0.0,452.0,3.0,0.0,0.0,2.0,0.0,0.0,0.0,0.0,0.0,0.0,0.0,1.0,1040.0,0.0,0.0,0.0,0.0,2670.0
2018-10-09,,0.0,2.0,77.0,0.0,0.0,0.0,0.0,0.0,0.0,0.0,0.0,0.0,0.0,442.0,151.0,0.0,300.0,,0.0,612.0,1.0,0.0,2.0,2.0,300.0,0.0,0.0,0.0,0.0,0.0,0.0,1.0,710.0,0.0,0.0,0.0,0.0,2600.0
2018-10-10,,0.0,1.0,54.0,0.0,0.0,0.0,0.0,0.0,0.0,0.0,0.0,0.0,0.0,538.0,-43.0,0.0,0.0,,0.0,680.0,2.0,0.0,2.0,1.0,0.0,0.0,0.0,0.0,0.0,0.0,0.0,2.0,670.0,0.0,0.0,0.0,0.0,1907.0
2018-10-11,,0.0,2.0,48.0,0.0,0.0,0.0,0.0,0.0,0.0,0.0,0.0,0.0,0.0,445.0,0.0,0.0,400.0,,0.0,620.0,3.0,0.0,1.0,3.0,0.0,0.0,0.0,0.0,0.0,0.0,0.0,2.0,0.0,0.0,0.0,0.0,0.0,1524.0
2018-10-12,,0.0,3.0,31.0,0.0,0.0,0.0,0.0,0.0,0.0,0.0,0.0,0.0,0.0,463.0,0.0,0.0,0.0,,0.0,578.0,2.0,0.0,3.0,3.0,0.0,0.0,0.0,0.0,0.0,0.0,0.0,2.0,0.0,0.0,0.0,0.0,0.0,1085.0
2018-10-13,,0.0,3.0,77.0,0.0,0.0,0.0,0.0,0.0,0.0,0.0,0.0,0.0,0.0,476.0,0.0,0.0,0.0,,0.0,621.0,4.0,0.0,2.0,3.0,0.0,10.0,0.0,0.0,0.0,0.0,0.0,2.0,410.0,0.0,0.0,0.0,0.0,1608.0
2018-10-14,,0.0,2.0,90.0,0.0,0.0,0.0,0.0,0.0,0.0,0.0,0.0,0.0,0.0,468.0,0.0,0.0,0.0,,0.0,0.0,3.0,0.0,3.0,2.0,350.0,0.0,0.0,0.0,0.0,0.0,0.0,1.0,590.0,0.0,0.0,0.0,200.0,1709.0
2018-10-15,,0.0,3.0,42.0,0.0,0.0,0.0,0.0,0.0,0.0,0.0,0.0,0.0,0.0,470.0,0.0,0.0,0.0,,0.0,836.0,3.0,0.0,1.0,2.0,-250.0,0.0,0.0,0.0,0.0,0.0,0.0,0.0,0.0,0.0,0.0,0.0,0.0,1107.0
2018-10-16,,0.0,3.0,62.0,0.0,0.0,0.0,0.0,0.0,0.0,0.0,0.0,0.0,0.0,478.0,0.0,0.0,0.0,,0.0,814.0,2.0,0.0,2.0,3.0,0.0,0.0,0.0,0.0,0.0,0.0,0.0,0.0,800.0,0.0,0.0,0.0,0.0,2164.0
2018-10-17,,0.0,2.0,34.0,0.0,0.0,0.0,0.0,0.0,0.0,0.0,0.0,0.0,0.0,496.0,0.0,0.0,0.0,,0.0,834.0,2.0,0.0,4.0,2.0,0.0,0.0,0.0,0.0,0.0,0.0,0.0,1.0,1180.0,0.0,0.0,0.0,0.0,2555.0
2018-10-18,,0.0,1.0,21.0,0.0,0.0,0.0,0.0,0.0,0.0,0.0,0.0,0.0,0.0,500.0,0.0,0.0,75.0,,0.0,0.0,2.0,1.0,1.0,2.0,0.0,0.0,0.0,0.0,0.0,0.0,0.0,0.0,20.0,0.0,0.0,0.0,0.0,623.0
2018-10-19,,0.0,2.0,24.0,0.0,0.0,0.0,0.0,0.0,0.0,0.0,0.0,0.0,10.0,476.0,0.0,0.0,0.0,,0.0,0.0,3.0,0.0,1.0,2.0,0.0,0.0,0.0,0.0,0.0,0.0,0.0,2.0,0.0,0.0,0.0,0.0,0.0,520.0
2018-10-20,,0.0,2.0,23.0,0.0,0.0,0.0,0.0,0.0,0.0,0.0,0.0,0.0,0.0,460.0,0.0,0.0,0.0,,0.0,4.0,3.0,0.0,2.0,2.0,200.0,20.0,0.0,0.0,0.0,0.0,0.0,3.0,20.0,0.0,0.0,0.0,0.0,739.0
2018-10-21,,0.0,6.0,32.0,0.0,0.0,0.0,0.0,0.0,0.0,0.0,0.0,0.0,0.0,502.0,0.0,0.0,0.0,,0.0,1073.0,5.0,2.0,4.0,4.0,0.0,0.0,0.0,0.0,0.0,0.0,0.0,2.0,450.0,0.0,0.0,0.0,0.0,2080.0
2018-10-22,,0.0,4.0,57.0,0.0,0.0,0.0,0.0,0.0,0.0,0.0,0.0,0.0,0.0,481.0,0.0,0.0,0.0,,0.0,950.0,3.0,0.0,2.0,3.0,0.0,0.0,0.0,0.0,0.0,0.0,0.0,3.0,150.0,0.0,0.0,0.0,0.0,1653.0
2018-10-22,,0.0,4.0,57.0,0.0,0.0,0.0,0.0,0.0,0.0,0.0,0.0,0.0,0.0,481.0,0.0,0.0,0.0,,0.0,950.0,3.0,0.0,2.0,3.0,0.0,0.0,0.0,0.0,0.0,0.0,0.0,3.0,150.0,0.0,0.0,0.0,0.0,1653.0
2018-10-23,,0.0,3.0,36.0,0.0,0.0,0.0,0.0,0.0,0.0,0.0,0.0,0.0,0.0,567.0,0.0,0.0,0.0,,0.0,862.0,2.0,0.0,1.0,2.0,-200.0,0.0,0.0,0.0,0.0,0.0,0.0,1.0,210.0,0.0,0.0,0.0,-465.0,1019.0
2018-10-24,,0.0,4.0,25.0,0.0,0.0,0.0,0.0,0.0,0.0,0.0,0.0,0.0,0.0,532.0,166.0,0.0,0.0,,0.0,0.0,2.0,0.0,1.0,2.0,250.0,0.0,0.0,0.0,0.0,0.0,0.0,0.0,0.0,0.0,0.0,0.0,171.0,1153.0
2018-10-25,,0.0,3.0,35.0,0.0,0.0,0.0,0.0,0.0,0.0,0.0,0.0,0.0,0.0,465.0,133.0,0.0,0.0,,0.0,364.0,2.0,0.0,2.0,3.0,0.0,0.0,0.0,0.0,0.0,0.0,0.0,2.0,0.0,0.0,0.0,0.0,0.0,1009.0
2018-10-26,,0.0,1.0,84.0,0.0,0.0,0.0,0.0,0.0,0.0,0.0,0.0,0.0,0.0,488.0,144.0,0.0,120.0,,0.0,0.0,2.0,0.0,1.0,3.0,0.0,0.0,0.0,0.0,0.0,0.0,0.0,0.0,830.0,0.0,0.0,0.0,0.0,1673.0
2018-10-27,,0.0,7.0,23.0,0.0,0.0,0.0,0.0,0.0,0.0,0.0,0.0,0.0,0.0,476.0,188.0,0.0,0.0,,0.0,0.0,6.0,6.0,2.0,11.0,0.0,0.0,0.0,0.0,0.0,0.0,0.0,2.0,960.0,0.0,0.0,0.0,0.0,1681.0
2018-10-28,,0.0,4.0,41.0,0.0,0.0,0.0,0.0,0.0,0.0,0.0,0.0,0.0,0.0,505.0,0.0,0.0,0.0,,0.0,0.0,6.0,0.0,3.0,4.0,0.0,0.0,0.0,0.0,0.0,0.0,0.0,3.0,0.0,0.0,0.0,0.0,0.0,566.0
2018-10-29,,0.0,4.0,45.0,100.0,0.0,0.0,0.0,0.0,0.0,0.0,0.0,0.0,0.0,397.0,50.0,0.0,0.0,,0.0,0.0,4.0,0.0,3.0,4.0,0.0,0.0,0.0,0.0,0.0,0.0,0.0,2.0,0.0,0.0,0.0,0.0,150.0,759.0
2018-10-30,,0.0,2.0,33.0,0.0,0.0,0.0,0.0,0.0,0.0,0.0,0.0,100.0,0.0,414.0,0.0,0.0,320.0,,0.0,0.0,3.0,0.0,1.0,2.0,350.0,20.0,0.0,0.0,0.0,0.0,0.0,2.0,210.0,0.0,0.0,0.0,0.0,1457.0
2018-10-31,,0.0,2.0,32.0,0.0,0.0,0.0,0.0,0.0,0.0,0.0,0.0,0.0,0.0,494.0,-180.0,0.0,0.0,,0.0,0.0,3.0,0.0,1.0,2.0,-200.0,0.0,0.0,0.0,0.0,0.0,0.0,0.0,20.0,0.0,0.0,0.0,0.0,174.0
2018-11-01,,0.0,3.0,48.0,0.0,0.0,0.0,0.0,0.0,0.0,0.0,0.0,0.0,0.0,482.0,164.0,0.0,200.0,,0.0,0.0,2.0,0.0,2.0,3.0,250.0,0.0,0.0,0.0,0.0,0.0,0.0,1.0,0.0,0.0,0.0,0.0,0.0,1155.0
2018-11-02,,0.0,2.0,22.0,0.0,0.0,0.0,0.0,0.0,0.0,0.0,0.0,160.0,0.0,466.0,191.0,0.0,0.0,,0.0,0.0,3.0,0.0,2.0,2.0,0.0,0.0,0.0,0.0,0.0,0.0,0.0,1.0,60.0,0.0,0.0,0.0,0.0,909.0
2018-11-03,,0.0,3.0,47.0,0.0,0.0,0.0,0.0,0.0,0.0,0.0,0.0,100.0,54.0,479.0,-218.0,0.0,0.0,,0.0,0.0,2.0,0.0,3.0,2.0,0.0,0.0,0.0,0.0,0.0,0.0,0.0,3.0,0.0,0.0,0.0,0.0,0.0,475.0
2018-11-04,,0.0,3.0,65.0,0.0,0.0,0.0,0.0,0.0,0.0,0.0,0.0,0.0,0.0,355.0,0.0,0.0,0.0,,0.0,0.0,2.0,0.0,1.0,4.0,250.0,0.0,0.0,0.0,0.0,0.0,0.0,1.0,0.0,0.0,0.0,0.0,500.0,1181.0
2018-11-05,,0.0,4.0,67.0,0.0,0.0,0.0,0.0,0.0,0.0,0.0,0.0,0.0,0.0,510.0,0.0,0.0,0.0,,0.0,0.0,3.0,0.0,3.0,4.0,200.0,0.0,0.0,0.0,0.0,0.0,0.0,3.0,0.0,0.0,0.0,0.0,385.0,1179.0
2018-11-06,,0.0,3.0,17.0,0.0,0.0,0.0,0.0,0.0,0.0,0.0,0.0,0.0,0.0,539.0,0.0,0.0,0.0,,0.0,0.0,2.0,0.0,3.0,2.0,0.0,0.0,0.0,0.0,0.0,0.0,0.0,1.0,0.0,0.0,0.0,0.0,150.0,717.0
2018-11-07,,0.0,2.0,21.0,0.0,0.0,0.0,0.0,0.0,0.0,0.0,0.0,0.0,0.0,510.0,0.0,0.0,0.0,,0.0,0.0,3.0,0.0,3.0,3.0,0.0,0.0,0.0,0.0,0.0,0.0,0.0,1.0,0.0,0.0,0.0,0.0,0.0,543.0
2018-11-08,,0.0,4.0,27.0,0.0,0.0,0.0,0.0,0.0,0.0,0.0,0.0,0.0,0.0,458.0,0.0,0.0,75.0,,0.0,0.0,3.0,0.0,4.0,3.0,0.0,0.0,0.0,0.0,0.0,0.0,0.0,0.0,0.0,0.0,0.0,0.0,0.0,574.0
2018-11-09,,0.0,3.0,27.0,0.0,0.0,0.0,0.0,0.0,0.0,0.0,0.0,0.0,0.0,504.0,0.0,0.0,0.0,,0.0,0.0,2.0,0.0,2.0,3.0,0.0,0.0,0.0,0.0,0.0,0.0,0.0,1.0,0.0,0.0,0.0,0.0,0.0,542.0
2018-11-10,,0.0,2.0,24.0,0.0,0.0,0.0,0.0,0.0,0.0,0.0,0.0,0.0,0.0,538.0,0.0,0.0,0.0,,0.0,0.0,2.0,0.0,3.0,3.0,0.0,0.0,0.0,0.0,0.0,0.0,0.0,1.0,0.0,0.0,0.0,0.0,0.0,573.0
2018-11-11,,0.0,2.0,28.0,0.0,0.0,0.0,0.0,0.0,0.0,0.0,0.0,0.0,0.0,528.0,0.0,0.0,0.0,,0.0,0.0,3.0,0.0,2.0,3.0,0.0,0.0,0.0,0.0,0.0,0.0,0.0,4.0,0.0,0.0,0.0,0.0,100.0,670.0
2018-11-12,,0.0,2.0,34.0,0.0,0.0,0.0,0.0,0.0,0.0,0.0,0.0,0.0,0.0,592.0,0.0,0.0,0.0,,0.0,0.0,3.0,0.0,1.0,2.0,0.0,0.0,0.0,0.0,0.0,0.0,0.0,1.0,0.0,0.0,0.0,0.0,0.0,635.0
2018-11-13,,0.0,1.0,21.0,0.0,0.0,0.0,0.0,0.0,0.0,0.0,0.0,0.0,0.0,534.0,0.0,0.0,0.0,,0.0,0.0,3.0,0.0,1.0,2.0,0.0,0.0,0.0,0.0,0.0,0.0,0.0,3.0,0.0,0.0,0.0,0.0,0.0,565.0
2018-11-14,,0.0,3.0,25.0,0.0,0.0,0.0,0.0,0.0,0.0,0.0,0.0,143.0,0.0,515.0,0.0,0.0,0.0,,0.0,0.0,4.0,3.0,2.0,4.0,200.0,0.0,0.0,0.0,0.0,0.0,0.0,6.0,390.0,0.0,0.0,0.0,150.0,1445.0
2018-11-15,,0.0,2.0,41.0,0.0,0.0,0.0,0.0,0.0,0.0,0.0,0.0,0.0,0.0,545.0,0.0,0.0,0.0,,0.0,0.0,3.0,0.0,1.0,2.0,100.0,0.0,0.0,0.0,0.0,0.0,0.0,3.0,0.0,0.0,0.0,0.0,100.0,797.0
2018-11-16,,0.0,2.0,38.0,0.0,0.0,0.0,0.0,0.0,0.0,0.0,0.0,0.0,0.0,526.0,0.0,0.0,0.0,,0.0,0.0,3.0,0.0,2.0,3.0,0.0,0.0,0.0,0.0,0.0,0.0,0.0,2.0,0.0,0.0,0.0,0.0,0.0,576.0
2018-11-17,,0.0,2.0,22.0,0.0,0.0,0.0,0.0,0.0,0.0,0.0,0.0,0.0,0.0,528.0,0.0,0.0,0.0,,0.0,0.0,2.0,0.0,2.0,1.0,0.0,0.0,0.0,0.0,0.0,0.0,0.0,1.0,0.0,0.0,0.0,0.0,0.0,558.0
2018-11-18,,0.0,2.0,12.0,0.0,0.0,0.0,0.0,0.0,0.0,0.0,0.0,0.0,0.0,550.0,110.0,0.0,0.0,,0.0,0.0,3.0,0.0,1.0,2.0,0.0,0.0,0.0,0.0,0.0,0.0,0.0,1.0,0.0,0.0,0.0,0.0,0.0,681.0
2018-11-19,,0.0,2.0,11.0,0.0,0.0,0.0,0.0,0.0,0.0,0.0,0.0,0.0,5.0,545.0,124.0,0.0,0.0,,0.0,0.0,1.0,0.0,2.0,1.0,0.0,0.0,0.0,0.0,0.0,0.0,0.0,0.0,0.0,0.0,0.0,0.0,0.0,691.0
2018-11-20,,0.0,2.0,23.0,0.0,0.0,0.0,0.0,0.0,0.0,0.0,0.0,225.0,0.0,594.0,0.0,0.0,0.0,,0.0,0.0,1.0,0.0,2.0,3.0,0.0,0.0,0.0,0.0,0.0,0.0,0.0,0.0,0.0,0.0,0.0,0.0,0.0,850.0
2018-11-21,,0.0,3.0,23.0,0.0,0.0,0.0,0.0,0.0,0.0,0.0,0.0,0.0,0.0,562.0,0.0,0.0,0.0,,0.0,0.0,6.0,4.0,8.0,3.0,0.0,0.0,0.0,0.0,0.0,0.0,0.0,7.0,0.0,0.0,0.0,0.0,0.0,616.0
2018-11-22,,0.0,4.0,28.0,0.0,0.0,0.0,0.0,0.0,0.0,0.0,0.0,0.0,0.0,543.0,0.0,0.0,0.0,,0.0,0.0,4.0,2.0,4.0,3.0,150.0,0.0,0.0,0.0,0.0,0.0,0.0,1.0,0.0,0.0,0.0,0.0,0.0,739.0
2018-11-23,,0.0,2.0,30.0,0.0,0.0,0.0,0.0,0.0,0.0,0.0,0.0,63.0,0.0,550.0,0.0,0.0,0.0,,0.0,0.0,3.0,0.0,2.0,3.0,100.0,0.0,0.0,0.0,0.0,0.0,0.0,0.0,0.0,0.0,0.0,0.0,0.0,753.0
2018-11-24,,0.0,2.0,20.0,0.0,0.0,0.0,0.0,0.0,0.0,0.0,0.0,0.0,0.0,517.0,0.0,0.0,0.0,,0.0,0.0,3.0,0.0,1.0,3.0,0.0,0.0,0.0,0.0,0.0,0.0,0.0,1.0,0.0,0.0,0.0,0.0,0.0,547.0
2018-11-25,,0.0,2.0,29.0,0.0,0.0,0.0,0.0,0.0,0.0,0.0,0.0,0.0,15.0,497.0,0.0,0.0,0.0,,0.0,0.0,3.0,0.0,1.0,2.0,0.0,0.0,0.0,0.0,0.0,0.0,0.0,1.0,0.0,0.0,0.0,0.0,160.0,710.0
2018-11-27,,0.0,2.0,15.0,0.0,0.0,0.0,0.0,0.0,0.0,0.0,0.0,93.0,9.0,584.0,102.0,0.0,0.0,,0.0,0.0,3.0,0.0,2.0,4.0,0.0,0.0,0.0,0.0,0.0,0.0,0.0,0.0,140.0,0.0,0.0,0.0,0.0,954.0
2018-11-28,,0.0,2.0,39.0,0.0,0.0,0.0,0.0,0.0,0.0,0.0,0.0,25.0,0.0,512.0,0.0,0.0,0.0,,0.0,0.0,2.0,0.0,4.0,3.0,0.0,0.0,0.0,0.0,0.0,0.0,0.0,1.0,0.0,0.0,0.0,0.0,0.0,588.0
2018-11-29,,0.0,2.0,38.0,0.0,0.0,0.0,0.0,0.0,0.0,0.0,0.0,0.0,0.0,579.0,0.0,0.0,0.0,,0.0,0.0,7.0,6.0,11.0,4.0,0.0,0.0,0.0,0.0,0.0,0.0,0.0,3.0,20.0,0.0,0.0,0.0,0.0,670.0
2018-11-30,,0.0,5.0,26.0,0.0,0.0,0.0,0.0,0.0,0.0,0.0,0.0,0.0,0.0,545.0,0.0,0.0,0.0,,0.0,0.0,3.0,7.0,6.0,8.0,150.0,0.0,0.0,0.0,0.0,0.0,0.0,1.0,0.0,0.0,0.0,0.0,0.0,751.0
2018-12-01,,0.0,2.0,70.0,0.0,0.0,0.0,0.0,0.0,0.0,0.0,0.0,0.0,0.0,576.0,100.0,0.0,0.0,,0.0,0.0,3.0,0.0,2.0,3.0,0.0,0.0,0.0,0.0,0.0,0.0,0.0,1.0,0.0,0.0,0.0,0.0,0.0,757.0
2018-12-02,,0.0,3.0,24.0,0.0,0.0,0.0,0.0,0.0,0.0,0.0,0.0,0.0,0.0,510.0,0.0,0.0,0.0,,0.0,0.0,6.0,4.0,2.0,7.0,0.0,0.0,0.0,0.0,0.0,0.0,0.0,2.0,0.0,0.0,0.0,0.0,0.0,558.0
2018-12-03,,0.0,3.0,18.0,0.0,0.0,0.0,0.0,0.0,0.0,0.0,0.0,0.0,0.0,521.0,0.0,0.0,0.0,,0.0,0.0,3.0,0.0,2.0,2.0,0.0,0.0,0.0,0.0,0.0,0.0,0.0,1.0,0.0,0.0,0.0,0.0,0.0,550.0
2018-12-04,,0.0,2.0,7.0,0.0,0.0,0.0,0.0,0.0,0.0,0.0,0.0,0.0,0.0,589.0,92.0,0.0,0.0,,0.0,0.0,3.0,0.0,1.0,3.0,0.0,0.0,0.0,0.0,0.0,0.0,0.0,0.0,0.0,0.0,0.0,0.0,0.0,697.0
2018-12-05,,0.0,2.0,11.0,0.0,0.0,0.0,0.0,0.0,0.0,0.0,0.0,0.0,34.0,584.0,0.0,0.0,0.0,,0.0,0.0,2.0,1.0,2.0,3.0,0.0,0.0,0.0,0.0,0.0,0.0,0.0,1.0,0.0,0.0,0.0,0.0,0.0,640.0
2018-12-06,,0.0,2.0,24.0,0.0,0.0,0.0,0.0,0.0,0.0,0.0,0.0,0.0,0.0,633.0,55.0,0.0,0.0,,0.0,0.0,2.0,2.0,1.0,3.0,0.0,0.0,0.0,0.0,0.0,0.0,0.0,3.0,0.0,0.0,0.0,0.0,0.0,725.0
2018-12-07,,0.0,8.0,32.0,0.0,0.0,0.0,0.0,0.0,0.0,0.0,0.0,0.0,0.0,633.0,137.0,0.0,0.0,,0.0,0.0,4.0,12.0,8.0,4.0,0.0,0.0,0.0,0.0,0.0,0.0,0.0,5.0,0.0,0.0,0.0,0.0,0.0,843.0
2018-12-08,,0.0,2.0,39.0,0.0,0.0,0.0,0.0,0.0,0.0,0.0,0.0,0.0,0.0,584.0,70.0,0.0,0.0,,0.0,0.0,2.0,0.0,2.0,3.0,0.0,0.0,0.0,0.0,0.0,0.0,0.0,1.0,0.0,0.0,0.0,0.0,0.0,703.0
2018-12-09,,0.0,2.0,12.0,0.0,0.0,0.0,0.0,0.0,0.0,0.0,0.0,0.0,0.0,600.0,0.0,0.0,0.0,,0.0,0.0,2.0,0.0,1.0,3.0,0.0,0.0,0.0,0.0,0.0,0.0,0.0,1.0,0.0,0.0,0.0,0.0,0.0,621.0
2018-12-10,,0.0,2.0,29.0,0.0,0.0,0.0,0.0,0.0,0.0,0.0,0.0,0.0,0.0,569.0,0.0,0.0,0.0,,0.0,0.0,2.0,0.0,3.0,2.0,0.0,0.0,0.0,0.0,0.0,0.0,0.0,1.0,0.0,0.0,0.0,0.0,0.0,608.0
2018-12-11,,0.0,2.0,32.0,0.0,0.0,0.0,0.0,0.0,0.0,0.0,0.0,0.0,0.0,610.0,0.0,0.0,0.0,,0.0,0.0,3.0,0.0,1.0,2.0,0.0,0.0,0.0,0.0,0.0,0.0,0.0,1.0,0.0,0.0,0.0,0.0,0.0,651.0
2018-12-12,,0.0,1.0,20.0,0.0,0.0,0.0,0.0,0.0,0.0,0.0,0.0,0.0,0.0,601.0,0.0,0.0,0.0,,0.0,0.0,3.0,0.0,2.0,2.0,0.0,0.0,0.0,0.0,0.0,0.0,0.0,1.0,0.0,0.0,0.0,0.0,0.0,630.0
2018-12-13,,0.0,3.0,13.0,0.0,0.0,0.0,0.0,0.0,0.0,0.0,0.0,0.0,0.0,605.0,209.0,0.0,0.0,,0.0,0.0,2.0,0.0,2.0,1.0,0.0,0.0,0.0,0.0,0.0,0.0,0.0,0.0,0.0,0.0,0.0,0.0,0.0,835.0
2018-12-14,,0.0,2.0,31.0,0.0,0.0,0.0,0.0,0.0,54.0,0.0,0.0,0.0,0.0,603.0,126.0,0.0,0.0,,0.0,0.0,2.0,1.0,2.0,2.0,0.0,0.0,0.0,0.0,0.0,0.0,0.0,1.0,0.0,0.0,0.0,0.0,0.0,824.0
2018-12-15,,0.0,8.0,31.0,0.0,0.0,0.0,0.0,0.0,0.0,0.0,0.0,0.0,19.0,613.0,0.0,0.0,0.0,,0.0,0.0,4.0,14.0,6.0,7.0,0.0,0.0,0.0,0.0,0.0,0.0,0.0,12.0,20.0,0.0,0.0,0.0,0.0,734.0
2018-12-16,,0.0,5.0,26.0,0.0,0.0,0.0,0.0,0.0,0.0,0.0,0.0,0.0,0.0,589.0,0.0,0.0,0.0,,0.0,0.0,4.0,3.0,7.0,6.0,0.0,0.0,0.0,0.0,0.0,0.0,0.0,23.0,0.0,0.0,0.0,0.0,0.0,663.0
2018-12-17,,0.0,2.0,39.0,0.0,0.0,0.0,0.0,0.0,0.0,0.0,0.0,0.0,30.0,626.0,0.0,0.0,0.0,,0.0,0.0,2.0,0.0,2.0,3.0,0.0,0.0,0.0,0.0,0.0,0.0,0.0,2.0,0.0,0.0,0.0,0.0,0.0,706.0
2018-12-18,,0.0,2.0,150.0,0.0,0.0,0.0,0.0,0.0,0.0,0.0,0.0,225.0,0.0,705.0,0.0,0.0,0.0,,0.0,0.0,2.0,0.0,2.0,3.0,0.0,0.0,0.0,0.0,0.0,0.0,0.0,0.0,190.0,0.0,0.0,0.0,0.0,1279.0
2018-12-19,,0.0,2.0,41.0,0.0,0.0,0.0,0.0,0.0,0.0,0.0,0.0,0.0,0.0,602.0,135.0,0.0,300.0,,0.0,0.0,3.0,0.0,2.0,1.0,120.0,0.0,0.0,0.0,0.0,0.0,0.0,1.0,0.0,0.0,0.0,0.0,100.0,1307.0
2018-12-20,,0.0,2.0,26.0,0.0,0.0,0.0,0.0,0.0,0.0,0.0,0.0,0.0,0.0,632.0,0.0,0.0,0.0,,0.0,0.0,3.0,0.0,1.0,3.0,0.0,0.0,0.0,0.0,0.0,0.0,0.0,2.0,70.0,0.0,0.0,0.0,0.0,739.0
2018-12-21,,0.0,2.0,11.0,0.0,0.0,0.0,0.0,0.0,0.0,0.0,0.0,0.0,0.0,604.0,85.0,0.0,0.0,,0.0,0.0,2.0,0.0,3.0,2.0,0.0,0.0,0.0,0.0,0.0,0.0,0.0,0.0,0.0,70.0,0.0,0.0,0.0,779.0
2018-12-22,,0.0,2.0,19.0,0.0,0.0,0.0,0.0,0.0,0.0,0.0,0.0,0.0,0.0,571.0,106.0,0.0,0.0,,0.0,0.0,4.0,0.0,2.0,3.0,0.0,0.0,0.0,0.0,0.0,0.0,0.0,2.0,0.0,0.0,0.0,0.0,0.0,709.0
2018-12-23,,0.0,4.0,25.0,0.0,0.0,0.0,0.0,0.0,0.0,0.0,0.0,0.0,0.0,578.0,0.0,0.0,0.0,,0.0,0.0,6.0,7.0,5.0,8.0,0.0,0.0,0.0,0.0,0.0,0.0,0.0,13.0,0.0,0.0,0.0,0.0,0.0,646.0
2018-12-24,,0.0,4.0,19.0,0.0,0.0,0.0,0.0,0.0,0.0,0.0,0.0,0.0,0.0,600.0,0.0,0.0,0.0,,0.0,0.0,3.0,0.0,2.0,3.0,0.0,0.0,0.0,230.0,0.0,0.0,0.0,3.0,110.0,0.0,0.0,0.0,0.0,974.0
2018-12-25,,0.0,4.0,28.0,0.0,0.0,0.0,0.0,0.0,0.0,0.0,0.0,0.0,0.0,606.0,0.0,0.0,0.0,,0.0,0.0,6.0,3.0,4.0,5.0,0.0,0.0,0.0,0.0,0.0,0.0,0.0,12.0,0.0,0.0,0.0,0.0,0.0,668.0
2018-12-26,,0.0,2.0,32.0,0.0,0.0,0.0,0.0,0.0,0.0,0.0,0.0,0.0,11.0,613.0,0.0,0.0,0.0,,0.0,0.0,2.0,0.0,3.0,1.0,0.0,0.0,0.0,0.0,0.0,0.0,0.0,0.0,0.0,0.0,0.0,0.0,0.0,664.0
2018-12-27,,0.0,2.0,32.0,0.0,0.0,0.0,0.0,0.0,0.0,0.0,0.0,0.0,30.0,692.0,0.0,0.0,0.0,,0.0,0.0,4.0,0.0,2.0,3.0,0.0,0.0,0.0,0.0,0.0,0.0,0.0,1.0,210.0,0.0,0.0,0.0,0.0,976.0
2018-12-28,,0.0,2.0,34.0,350.0,0.0,0.0,0.0,0.0,0.0,0.0,0.0,0.0,0.0,651.0,104.0,0.0,0.0,,0.0,0.0,3.0,0.0,1.0,2.0,0.0,0.0,0.0,0.0,0.0,0.0,0.0,2.0,0.0,0.0,0.0,0.0,0.0,1149.0
2018-12-29,,0.0,2.0,22.0,0.0,0.0,0.0,0.0,0.0,0.0,0.0,0.0,0.0,0.0,704.0,89.0,0.0,0.0,,0.0,0.0,3.0,0.0,2.0,3.0,0.0,0.0,0.0,0.0,0.0,0.0,0.0,0.0,460.0,0.0,0.0,0.0,0.0,1285.0
2018-12-30,,0.0,2.0,21.0,0.0,0.0,0.0,0.0,0.0,0.0,0.0,0.0,0.0,0.0,638.0,0.0,0.0,0.0,,0.0,0.0,2.0,0.0,3.0,2.0,0.0,0.0,0.0,0.0,0.0,0.0,0.0,1.0,0.0,0.0,0.0,0.0,0.0,669.0
2018-12-31,,0.0,2.0,31.0,0.0,0.0,0.0,0.0,0.0,0.0,0.0,0.0,138.0,0.0,600.0,0.0,0.0,0.0,,0.0,0.0,3.0,0.0,1.0,2.0,0.0,0.0,0.0,0.0,0.0,0.0,0.0,1.0,0.0,0.0,0.0,0.0,0.0,778.0
2019-01-01,,0.0,0.0,0.0,0.0,0.0,0.0,0.0,0.0,0.0,0.0,0.0,0.0,0.0,621.0,67.0,0.0,0.0,,0.0,0.0,0.0,0.0,0.0,0.0,0.0,0.0,0.0,435.0,0.0,0.0,0.0,0.0,0.0,0.0,0.0,0.0,0.0,1123.0
2019-01-02,,0.0,2.0,15.0,0.0,0.0,0.0,0.0,0.0,0.0,0.0,0.0,0.0,0.0,563.0,0.0,0.0,0.0,,0.0,0.0,2.0,0.0,3.0,2.0,0.0,0.0,0.0,0.0,0.0,0.0,0.0,1.0,100.0,0.0,0.0,0.0,0.0,688.0
2019-01-03,,0.0,2.0,15.0,0.0,0.0,0.0,0.0,0.0,0.0,0.0,0.0,212.0,0.0,629.0,0.0,0.0,0.0,,0.0,0.0,2.0,0.0,2.0,3.0,0.0,0.0,0.0,0.0,0.0,0.0,0.0,1.0,150.0,0.0,0.0,0.0,0.0,1016.0
2019-01-04,,0.0,3.0,26.0,50.0,0.0,0.0,0.0,0.0,0.0,0.0,0.0,0.0,0.0,615.0,292.0,0.0,0.0,,0.0,0.0,4.0,0.0,2.0,2.0,0.0,0.0,0.0,21.0,0.0,0.0,0.0,1.0,860.0,0.0,0.0,0.0,0.0,1876.0
2019-01-05,,0.0,2.0,21.0,0.0,0.0,0.0,0.0,0.0,0.0,0.0,0.0,238.0,0.0,600.0,120.0,0.0,0.0,,0.0,0.0,3.0,0.0,1.0,2.0,0.0,0.0,0.0,0.0,0.0,0.0,0.0,3.0,150.0,0.0,0.0,0.0,0.0,1140.0
2019-01-06,,0.0,2.0,15.0,0.0,0.0,0.0,0.0,0.0,0.0,0.0,0.0,0.0,0.0,607.0,0.0,0.0,0.0,,0.0,0.0,2.0,0.0,2.0,3.0,0.0,0.0,0.0,0.0,0.0,0.0,0.0,1.0,0.0,0.0,0.0,0.0,100.0,732.0
2019-01-07,,0.0,2.0,28.0,0.0,0.0,0.0,0.0,0.0,0.0,0.0,0.0,0.0,0.0,595.0,106.0,0.0,0.0,,0.0,0.0,3.0,0.0,1.0,3.0,0.0,0.0,0.0,0.0,0.0,0.0,0.0,3.0,0.0,0.0,0.0,0.0,0.0,741.0
2019-01-08,,0.0,2.0,13.0,0.0,0.0,0.0,0.0,0.0,0.0,0.0,0.0,0.0,0.0,600.0,0.0,0.0,0.0,,0.0,0.0,3.0,0.0,2.0,3.0,0.0,0.0,0.0,0.0,0.0,0.0,0.0,1.0,0.0,0.0,0.0,0.0,0.0,624.0
2019-01-09,,0.0,3.0,57.0,0.0,0.0,0.0,0.0,0.0,0.0,0.0,0.0,0.0,0.0,619.0,100.0,0.0,0.0,,0.0,0.0,2.0,0.0,2.0,4.0,0.0,0.0,0.0,16.0,0.0,0.0,0.0,2.0,130.0,0.0,0.0,0.0,0.0,935.0
2019-01-10,,0.0,2.0,15.0,0.0,0.0,0.0,0.0,0.0,0.0,0.0,0.0,0.0,0.0,656.0,0.0,0.0,0.0,,0.0,0.0,2.0,0.0,2.0,3.0,0.0,0.0,0.0,100.0,0.0,0.0,0.0,1.0,0.0,0.0,0.0,0.0,0.0,781.0
2019-01-11,,0.0,2.0,25.0,0.0,0.0,0.0,0.0,0.0,0.0,0.0,0.0,0.0,0.0,700.0,0.0,0.0,0.0,,0.0,0.0,2.0,0.0,3.0,2.0,0.0,0.0,0.0,158.0,0.0,0.0,0.0,1.0,110.0,0.0,0.0,0.0,115.0,1118.0
2019-01-12,,0.0,2.0,32.0,0.0,0.0,0.0,0.0,0.0,0.0,0.0,0.0,0.0,0.0,682.0,109.0,0.0,0.0,,0.0,0.0,3.0,0.0,1.0,2.0,0.0,0.0,0.0,736.0,0.0,0.0,0.0,2.0,60.0,0.0,0.0,0.0,0.0,1629.0
2019-01-13,,0.0,2.0,11.0,0.0,0.0,0.0,0.0,0.0,0.0,0.0,0.0,0.0,0.0,682.0,0.0,0.0,0.0,,0.0,0.0,3.0,0.0,2.0,3.0,0.0,0.0,0.0,58.0,0.0,0.0,0.0,1.0,0.0,0.0,0.0,0.0,0.0,762.0
2019-01-14,,0.0,2.0,11.0,0.0,0.0,0.0,0.0,0.0,0.0,0.0,0.0,0.0,0.0,636.0,50.0,0.0,0.0,,0.0,0.0,3.0,0.0,3.0,2.0,0.0,0.0,0.0,0.0,0.0,0.0,0.0,0.0,0.0,0.0,0.0,0.0,0.0,707.0
2019-01-15,,0.0,2.0,8.0,0.0,0.0,0.0,0.0,0.0,0.0,0.0,0.0,0.0,0.0,683.0,0.0,0.0,0.0,,0.0,0.0,2.0,0.0,3.0,2.0,0.0,0.0,0.0,0.0,0.0,0.0,0.0,1.0,0.0,0.0,0.0,0.0,0.0,701.0
2019-01-16,,0.0,2.0,28.0,0.0,0.0,0.0,0.0,0.0,0.0,0.0,0.0,0.0,0.0,607.0,0.0,0.0,0.0,,0.0,0.0,6.0,2.0,5.0,4.0,0.0,0.0,0.0,0.0,0.0,0.0,0.0,12.0,180.0,0.0,0.0,0.0,285.0,1131.0
2019-01-17,,0.0,2.0,20.0,0.0,0.0,0.0,0.0,0.0,0.0,0.0,0.0,0.0,0.0,643.0,0.0,0.0,0.0,,0.0,0.0,3.0,2.0,1.0,3.0,0.0,0.0,0.0,0.0,0.0,0.0,0.0,9.0,0.0,0.0,0.0,0.0,0.0,683.0
2019-01-18,,0.0,2.0,15.0,0.0,0.0,0.0,0.0,0.0,0.0,0.0,0.0,0.0,0.0,637.0,0.0,0.0,0.0,,0.0,0.0,3.0,0.0,2.0,3.0,0.0,0.0,0.0,106.0,0.0,0.0,0.0,1.0,0.0,0.0,0.0,0.0,0.0,769.0
2019-01-19,,0.0,2.0,15.0,0.0,0.0,0.0,0.0,0.0,0.0,0.0,0.0,263.0,0.0,633.0,267.0,0.0,0.0,,0.0,0.0,2.0,0.0,2.0,1.0,0.0,0.0,0.0,0.0,0.0,0.0,0.0,1.0,0.0,0.0,0.0,0.0,0.0,1186.0
2019-01-20,,0.0,2.0,28.0,0.0,0.0,0.0,0.0,0.0,0.0,0.0,0.0,0.0,0.0,669.0,232.0,0.0,0.0,,0.0,0.0,3.0,0.0,2.0,3.0,0.0,0.0,0.0,0.0,0.0,0.0,0.0,1.0,0.0,0.0,0.0,0.0,0.0,940.0
2019-01-21,,0.0,2.0,21.0,0.0,0.0,0.0,0.0,0.0,0.0,0.0,0.0,0.0,0.0,599.0,204.0,0.0,0.0,,0.0,0.0,3.0,0.0,1.0,3.0,0.0,0.0,0.0,0.0,0.0,0.0,0.0,1.0,0.0,0.0,0.0,0.0,0.0,834.0
2019-01-22,,0.0,2.0,11.0,0.0,0.0,0.0,0.0,0.0,0.0,0.0,0.0,275.0,0.0,570.0,152.0,0.0,0.0,,0.0,0.0,2.0,0.0,3.0,1.0,0.0,0.0,0.0,0.0,0.0,0.0,0.0,0.0,650.0,0.0,0.0,0.0,0.0,1666.0
2019-01-23,,0.0,2.0,36.0,0.0,0.0,0.0,0.0,0.0,0.0,0.0,0.0,0.0,6.0,589.0,0.0,0.0,0.0,,0.0,0.0,2.0,0.0,3.0,4.0,0.0,0.0,0.0,0.0,0.0,0.0,0.0,1.0,0.0,0.0,0.0,0.0,0.0,643.0
2019-01-24,,0.0,2.0,23.0,0.0,0.0,0.0,0.0,0.0,0.0,0.0,0.0,0.0,6.0,577.0,0.0,0.0,0.0,,0.0,0.0,3.0,2.0,3.0,3.0,0.0,0.0,0.0,0.0,0.0,0.0,0.0,9.0,500.0,0.0,0.0,0.0,0.0,1128.0
2019-01-25,,0.0,2.0,23.0,0.0,0.0,0.0,0.0,0.0,0.0,0.0,0.0,0.0,0.0,667.0,0.0,0.0,0.0,,0.0,0.0,3.0,1.0,3.0,2.0,0.0,0.0,0.0,0.0,0.0,0.0,0.0,9.0,160.0,0.0,0.0,0.0,0.0,870.0
2019-01-26,,0.0,2.0,10.0,0.0,0.0,0.0,0.0,0.0,0.0,0.0,0.0,0.0,22.0,644.0,0.0,0.0,0.0,,0.0,0.0,2.0,0.0,1.0,2.0,0.0,0.0,0.0,0.0,0.0,0.0,0.0,1.0,0.0,0.0,0.0,0.0,0.0,684.0
2019-01-27,,0.0,2.0,10.0,0.0,0.0,0.0,0.0,0.0,0.0,0.0,0.0,0.0,22.0,607.0,0.0,0.0,0.0,,0.0,0.0,2.0,0.0,3.0,2.0,0.0,0.0,0.0,0.0,0.0,0.0,0.0,1.0,80.0,0.0,0.0,0.0,0.0,729.0
2019-01-28,,0.0,3.0,23.0,0.0,0.0,0.0,0.0,0.0,0.0,0.0,0.0,0.0,6.0,589.0,129.0,0.0,0.0,,0.0,0.0,2.0,0.0,3.0,3.0,0.0,0.0,0.0,0.0,0.0,0.0,0.0,0.0,0.0,0.0,0.0,0.0,0.0,758.0
2019-01-29,,0.0,2.0,74.0,0.0,0.0,0.0,0.0,0.0,0.0,0.0,0.0,0.0,0.0,642.0,0.0,0.0,0.0,,0.0,0.0,4.0,0.0,2.0,2.0,0.0,0.0,0.0,0.0,0.0,0.0,0.0,1.0,390.0,0.0,0.0,0.0,0.0,1117.0
2019-01-30,,0.0,3.0,32.0,0.0,0.0,0.0,0.0,0.0,0.0,0.0,0.0,0.0,0.0,716.0,0.0,0.0,0.0,,0.0,0.0,2.0,0.0,2.0,3.0,0.0,0.0,0.0,0.0,0.0,0.0,0.0,0.0,500.0,0.0,0.0,0.0,0.0,1258.0
2019-01-31,,0.0,2.0,15.0,0.0,0.0,0.0,0.0,0.0,0.0,0.0,0.0,0.0,0.0,571.0,0.0,0.0,0.0,,0.0,0.0,2.0,0.0,2.0,3.0,0.0,0.0,0.0,0.0,0.0,0.0,0.0,1.0,0.0,0.0,0.0,0.0,0.0,596.0
2019-02-01,,0.0,3.0,23.0,0.0,0.0,0.0,0.0,0.0,0.0,0.0,0.0,86.0,0.0,607.0,0.0,0.0,0.0,,0.0,0.0,6.0,2.0,4.0,2.0,0.0,0.0,0.0,0.0,0.0,0.0,0.0,9.0,0.0,0.0,0.0,0.0,0.0,742.0
2019-02-02,,0.0,6.0,23.0,0.0,0.0,0.0,0.0,0.0,0.0,0.0,0.0,0.0,0.0,638.0,0.0,0.0,0.0,,0.0,0.0,4.0,0.0,7.0,5.0,0.0,0.0,0.0,0.0,0.0,0.0,0.0,16.0,140.0,0.0,0.0,0.0,0.0,839.0
2019-02-03,,0.0,2.0,25.0,0.0,0.0,0.0,0.0,0.0,0.0,0.0,0.0,0.0,0.0,611.0,0.0,0.0,0.0,,0.0,0.0,2.0,0.0,3.0,2.0,0.0,0.0,0.0,460.0,0.0,0.0,0.0,1.0,0.0,0.0,0.0,0.0,0.0,1106.0
2019-02-04,,0.0,2.0,26.0,0.0,0.0,0.0,0.0,0.0,0.0,0.0,0.0,0.0,0.0,691.0,0.0,0.0,0.0,,0.0,0.0,2.0,0.0,3.0,2.0,0.0,0.0,0.0,0.0,0.0,0.0,0.0,1.0,0.0,0.0,0.0,0.0,0.0,727.0
2019-02-05,,0.0,3.0,32.0,0.0,0.0,0.0,0.0,0.0,0.0,0.0,0.0,0.0,0.0,634.0,0.0,0.0,0.0,,0.0,0.0,4.0,0.0,2.0,3.0,0.0,0.0,0.0,0.0,0.0,0.0,0.0,0.0,0.0,0.0,0.0,0.0,0.0,678.0
2019-02-06,,0.0,2.0,22.0,0.0,0.0,0.0,0.0,0.0,0.0,0.0,0.0,0.0,0.0,596.0,0.0,0.0,0.0,,0.0,0.0,3.0,0.0,2.0,4.0,0.0,0.0,0.0,0.0,0.0,0.0,0.0,1.0,0.0,0.0,0.0,0.0,0.0,630.0
2019-02-07,,0.0,3.0,26.0,0.0,0.0,0.0,0.0,0.0,0.0,0.0,0.0,0.0,0.0,380.0,0.0,0.0,0.0,,0.0,0.0,2.0,0.0,1.0,2.0,0.0,0.0,0.0,0.0,0.0,0.0,0.0,0.0,0.0,0.0,0.0,0.0,0.0,414.0
2019-02-08,,0.0,2.0,38.0,0.0,0.0,0.0,0.0,0.0,0.0,0.0,0.0,0.0,0.0,568.0,0.0,0.0,0.0,,0.0,0.0,3.0,0.0,2.0,4.0,0.0,0.0,0.0,0.0,0.0,0.0,0.0,1.0,290.0,0.0,0.0,0.0,0.0,908.0
2019-02-09,,0.0,5.0,23.0,0.0,0.0,0.0,0.0,0.0,0.0,0.0,0.0,0.0,17.0,535.0,0.0,0.0,0.0,,0.0,0.0,4.0,0.0,8.0,8.0,0.0,0.0,0.0,0.0,0.0,0.0,0.0,12.0,0.0,0.0,0.0,0.0,0.0,612.0
2019-02-10,,0.0,3.0,21.0,0.0,0.0,0.0,0.0,0.0,0.0,0.0,0.0,0.0,0.0,558.0,0.0,0.0,0.0,,0.0,0.0,5.0,0.0,4.0,3.0,0.0,0.0,0.0,0.0,0.0,0.0,0.0,9.0,440.0,0.0,0.0,0.0,0.0,1043.0
2019-02-11,,0.0,2.0,25.0,0.0,0.0,0.0,0.0,0.0,0.0,0.0,0.0,0.0,0.0,628.0,0.0,0.0,0.0,,0.0,0.0,2.0,0.0,1.0,2.0,0.0,0.0,0.0,0.0,0.0,0.0,0.0,1.0,30.0,0.0,0.0,0.0,0.0,691.0
2019-02-12,,0.0,2.0,25.0,0.0,0.0,0.0,0.0,0.0,0.0,0.0,0.0,0.0,0.0,495.0,0.0,0.0,0.0,,0.0,0.0,2.0,0.0,2.0,2.0,0.0,0.0,0.0,0.0,0.0,0.0,0.0,1.0,0.0,0.0,0.0,0.0,0.0,529.0
2019-02-13,,0.0,3.0,32.0,0.0,0.0,0.0,0.0,0.0,0.0,0.0,0.0,0.0,0.0,608.0,0.0,0.0,0.0,,0.0,0.0,4.0,0.0,1.0,2.0,0.0,0.0,0.0,0.0,0.0,0.0,0.0,0.0,0.0,0.0,0.0,0.0,0.0,650.0
2019-02-14,,0.0,2.0,39.0,0.0,0.0,0.0,0.0,0.0,0.0,0.0,0.0,0.0,0.0,562.0,0.0,0.0,0.0,,0.0,0.0,3.0,0.0,2.0,4.0,0.0,0.0,0.0,0.0,0.0,0.0,0.0,1.0,0.0,0.0,0.0,0.0,0.0,613.0
2019-02-15,,0.0,2.0,22.0,0.0,0.0,0.0,0.0,0.0,0.0,0.0,0.0,0.0,0.0,520.0,0.0,0.0,0.0,,0.0,0.0,3.0,0.0,1.0,2.0,0.0,0.0,0.0,0.0,0.0,0.0,0.0,0.0,0.0,0.0,0.0,0.0,0.0,550.0
2019-02-16,,0.0,2.0,66.0,0.0,0.0,0.0,0.0,0.0,0.0,0.0,0.0,0.0,0.0,535.0,0.0,0.0,0.0,,0.0,0.0,1.0,0.0,2.0,3.0,0.0,0.0,0.0,0.0,0.0,0.0,0.0,0.0,0.0,0.0,0.0,0.0,0.0,609.0
2019-02-17,,0.0,3.0,180.0,0.0,0.0,0.0,0.0,0.0,0.0,0.0,0.0,0.0,0.0,517.0,0.0,0.0,0.0,,0.0,0.0,3.0,6.0,9.0,5.0,0.0,0.0,0.0,0.0,0.0,0.0,0.0,11.0,0.0,0.0,0.0,0.0,0.0,734.0
2019-02-18,,0.0,5.0,27.0,0.0,0.0,0.0,0.0,0.0,0.0,0.0,0.0,0.0,1.0,557.0,0.0,0.0,0.0,,0.0,0.0,3.0,0.0,3.0,2.0,0.0,0.0,0.0,0.0,0.0,0.0,0.0,1.0,0.0,0.0,0.0,0.0,0.0,599.0
2019-02-19,,0.0,2.0,23.0,0.0,0.0,0.0,0.0,0.0,0.0,0.0,0.0,0.0,0.0,581.0,0.0,0.0,0.0,,0.0,0.0,4.0,0.0,2.0,3.0,0.0,0.0,0.0,0.0,0.0,0.0,0.0,0.0,0.0,0.0,0.0,0.0,0.0,615.0
2019-02-20,,0.0,5.0,20.0,0.0,0.0,0.0,0.0,0.0,0.0,0.0,0.0,0.0,14.0,624.0,0.0,0.0,0.0,,0.0,0.0,3.0,0.0,4.0,3.0,0.0,0.0,0.0,0.0,0.0,0.0,0.0,6.0,0.0,0.0,0.0,0.0,0.0,679.0
2019-02-21,,0.0,3.0,35.0,0.0,0.0,0.0,0.0,0.0,0.0,0.0,0.0,0.0,20.0,549.0,0.0,0.0,0.0,,0.0,0.0,3.0,0.0,2.0,2.0,0.0,0.0,0.0,0.0,0.0,0.0,0.0,1.0,0.0,0.0,0.0,0.0,0.0,615.0
2019-02-22,,0.0,2.0,35.0,0.0,0.0,0.0,0.0,0.0,0.0,0.0,0.0,0.0,5.0,505.0,0.0,0.0,0.0,,0.0,0.0,3.0,0.0,2.0,3.0,0.0,0.0,0.0,0.0,0.0,0.0,0.0,1.0,0.0,0.0,0.0,0.0,0.0,556.0
2019-02-23,,0.0,3.0,37.0,0.0,0.0,0.0,0.0,0.0,0.0,0.0,0.0,0.0,0.0,555.0,0.0,0.0,0.0,,0.0,0.0,1.0,0.0,3.0,2.0,0.0,0.0,0.0,0.0,0.0,0.0,0.0,0.0,0.0,0.0,0.0,0.0,0.0,601.0
2019-02-24,,0.0,3.0,42.0,0.0,0.0,0.0,0.0,0.0,0.0,0.0,0.0,0.0,20.0,525.0,0.0,0.0,0.0,,0.0,0.0,2.0,0.0,1.0,2.0,0.0,0.0,0.0,0.0,0.0,0.0,0.0,0.0,0.0,0.0,0.0,0.0,0.0,595.0
2019-02-25,,0.0,3.0,43.0,0.0,0.0,0.0,0.0,0.0,0.0,0.0,0.0,0.0,0.0,547.0,0.0,0.0,0.0,,0.0,0.0,4.0,0.0,1.0,2.0,0.0,0.0,0.0,0.0,0.0,0.0,0.0,0.0,0.0,0.0,0.0,0.0,0.0,600.0
2019-02-25,,0.0,0.0,33.0,0.0,0.0,0.0,0.0,0.0,0.0,0.0,0.0,68.0,15.0,587.0,0.0,0.0,0.0,,0.0,0.0,3.0,0.0,0.0,2.0,0.0,0.0,0.0,69.0,0.0,0.0,0.0,8.0,0.0,0.0,0.0,0.0,0.0,785.0
2019-02-27,,0.0,2.0,40.0,0.0,0.0,0.0,0.0,0.0,0.0,0.0,0.0,0.0,40.0,576.0,0.0,0.0,0.0,,0.0,0.0,2.0,0.0,2.0,2.0,0.0,0.0,0.0,0.0,0.0,0.0,0.0,5.0,260.0,0.0,0.0,0.0,0.0,929.0
2019-02-28,,0.0,2.0,7.0,0.0,0.0,0.0,0.0,0.0,0.0,0.0,0.0,0.0,40.0,576.0,0.0,0.0,0.0,,0.0,0.0,2.0,0.0,3.0,3.0,0.0,0.0,0.0,0.0,0.0,0.0,0.0,9.0,260.0,0.0,0.0,0.0,0.0,902.0
2019-03-01,,0.0,3.0,23.0,0.0,0.0,0.0,0.0,0.0,0.0,0.0,0.0,0.0,0.0,633.0,0.0,0.0,0.0,,0.0,0.0,2.0,0.0,1.0,2.0,0.0,0.0,0.0,0.0,0.0,0.0,0.0,1.0,370.0,0.0,0.0,0.0,0.0,1035.0
2019-03-02,,0.0,2.0,54.0,0.0,0.0,0.0,0.0,0.0,0.0,0.0,0.0,0.0,0.0,602.0,0.0,0.0,0.0,,0.0,0.0,3.0,0.0,2.0,1.0,0.0,0.0,0.0,0.0,0.0,0.0,0.0,1.0,790.0,0.0,0.0,0.0,0.0,1455.0
2019-03-03,,0.0,1.0,37.0,0.0,0.0,0.0,0.0,0.0,0.0,0.0,0.0,0.0,1.0,578.0,0.0,0.0,0.0,,0.0,0.0,2.0,0.0,1.0,1.0,0.0,0.0,0.0,0.0,0.0,0.0,0.0,3.0,20.0,0.0,0.0,0.0,0.0,644.0
2019-03-04,,0.0,2.0,73.0,0.0,0.0,0.0,0.0,0.0,0.0,0.0,0.0,0.0,0.0,596.0,0.0,0.0,0.0,,0.0,0.0,3.0,0.0,1.0,2.0,0.0,0.0,0.0,0.0,0.0,0.0,0.0,1.0,580.0,0.0,0.0,0.0,0.0,1258.0
2019-03-05,,0.0,3.0,72.0,0.0,0.0,0.0,0.0,0.0,0.0,0.0,0.0,0.0,0.0,603.0,0.0,0.0,0.0,,0.0,0.0,4.0,0.0,2.0,3.0,0.0,0.0,0.0,0.0,0.0,0.0,0.0,1.0,650.0,0.0,0.0,0.0,0.0,1338.0
2019-03-06,,0.0,5.0,29.0,0.0,0.0,0.0,0.0,0.0,0.0,0.0,0.0,0.0,0.0,569.0,0.0,0.0,0.0,,0.0,0.0,5.0,0.0,3.0,4.0,0.0,0.0,0.0,0.0,0.0,0.0,0.0,2.0,520.0,0.0,0.0,0.0,0.0,1137.0
2019-03-07,,0.0,2.0,25.0,0.0,0.0,0.0,0.0,0.0,0.0,0.0,0.0,19.0,0.0,570.0,0.0,0.0,0.0,,0.0,0.0,3.0,0.0,3.0,4.0,0.0,0.0,0.0,0.0,0.0,0.0,0.0,0.0,540.0,0.0,0.0,0.0,0.0,1166.0
2019-03-08,,0.0,2.0,19.0,0.0,0.0,0.0,0.0,0.0,0.0,0.0,0.0,0.0,23.0,629.0,0.0,0.0,0.0,,0.0,0.0,3.0,0.0,2.0,2.0,0.0,0.0,0.0,0.0,0.0,0.0,0.0,1.0,700.0,0.0,0.0,0.0,0.0,1381.0
2019-03-09,,0.0,2.0,22.0,0.0,0.0,0.0,0.0,0.0,0.0,0.0,0.0,0.0,0.0,578.0,0.0,0.0,0.0,,0.0,0.0,3.0,0.0,1.0,3.0,0.0,50.0,0.0,0.0,0.0,0.0,0.0,1.0,700.0,0.0,0.0,0.0,0.0,1360.0
2019-03-10,,0.0,2.0,41.0,0.0,0.0,0.0,0.0,0.0,0.0,5.0,0.0,0.0,0.0,548.0,0.0,0.0,0.0,,0.0,0.0,3.0,0.0,1.0,2.0,0.0,20.0,0.0,0.0,0.0,0.0,0.0,1.0,130.0,0.0,0.0,0.0,0.0,753.0
2019-03-11,,0.0,1.0,42.0,0.0,0.0,0.0,0.0,0.0,0.0,0.0,0.0,0.0,0.0,560.0,0.0,0.0,0.0,,0.0,0.0,2.0,0.0,1.0,3.0,0.0,20.0,0.0,0.0,0.0,0.0,0.0,0.0,870.0,0.0,0.0,0.0,0.0,1499.0
2019-03-12,,0.0,3.0,45.0,0.0,0.0,99.0,0.0,0.0,0.0,0.0,0.0,0.0,0.0,655.0,0.0,0.0,0.0,,0.0,0.0,2.0,0.0,1.0,2.0,0.0,0.0,0.0,0.0,0.0,0.0,0.0,0.0,750.0,0.0,0.0,0.0,0.0,1557.0
2019-03-13,,0.0,1.0,14.0,0.0,0.0,0.0,0.0,0.0,0.0,0.0,0.0,0.0,0.0,639.0,0.0,0.0,0.0,,0.0,0.0,2.0,0.0,0.0,2.0,0.0,0.0,0.0,0.0,0.0,0.0,0.0,2.0,680.0,0.0,0.0,0.0,0.0,1340.0
2019-03-14,,0.0,1.0,7.0,0.0,0.0,0.0,0.0,0.0,0.0,0.0,0.0,0.0,15.0,584.0,0.0,0.0,0.0,,0.0,0.0,2.0,0.0,0.0,2.0,0.0,0.0,0.0,0.0,0.0,0.0,0.0,1.0,260.0,0.0,0.0,0.0,0.0,872.0
2019-03-15,,0.0,2.0,57.0,0.0,0.0,0.0,0.0,0.0,0.0,0.0,0.0,0.0,0.0,548.0,0.0,0.0,0.0,,0.0,0.0,3.0,0.0,2.0,1.0,0.0,0.0,0.0,0.0,0.0,0.0,0.0,1.0,540.0,0.0,0.0,0.0,0.0,1154.0
2019-03-16,,0.0,1.0,160.0,0.0,0.0,0.0,0.0,0.0,0.0,0.0,0.0,0.0,0.0,590.0,0.0,0.0,0.0,,0.0,0.0,1.0,0.0,0.0,1.0,0.0,0.0,0.0,0.0,0.0,0.0,0.0,0.0,310.0,0.0,0.0,0.0,0.0,1063.0
2019-03-17,,0.0,2.0,46.0,0.0,0.0,0.0,0.0,0.0,0.0,0.0,0.0,0.0,0.0,563.0,0.0,0.0,0.0,,0.0,0.0,3.0,0.0,1.0,2.0,0.0,0.0,0.0,0.0,0.0,0.0,0.0,5.0,0.0,0.0,0.0,0.0,0.0,622.0
2019-03-18,,0.0,2.0,80.0,0.0,0.0,0.0,0.0,0.0,0.0,20.0,0.0,0.0,0.0,552.0,0.0,0.0,100.0,,0.0,0.0,2.0,0.0,2.0,2.0,0.0,30.0,0.0,0.0,0.0,0.0,0.0,4.0,230.0,0.0,0.0,0.0,0.0,1024.0
2019-03-19,,0.0,1.0,87.0,0.0,0.0,0.0,0.0,0.0,0.0,20.0,0.0,0.0,0.0,594.0,0.0,0.0,0.0,,0.0,0.0,2.0,0.0,2.0,1.0,0.0,0.0,0.0,0.0,0.0,0.0,0.0,0.0,270.0,0.0,0.0,0.0,0.0,977.0
2019-03-20,,0.0,3.0,34.0,0.0,0.0,0.0,0.0,0.0,0.0,20.0,0.0,0.0,0.0,536.0,0.0,0.0,0.0,,0.0,0.0,2.0,0.0,1.0,2.0,0.0,0.0,0.0,0.0,0.0,0.0,0.0,1.0,0.0,0.0,0.0,0.0,0.0,599.0
2019-03-21,,0.0,2.0,43.0,0.0,0.0,0.0,0.0,0.0,0.0,0.0,0.0,0.0,0.0,534.0,0.0,0.0,0.0,,0.0,0.0,3.0,0.0,2.0,2.0,0.0,0.0,0.0,0.0,0.0,0.0,0.0,3.0,0.0,0.0,0.0,0.0,0.0,589.0
2019-03-22,,0.0,2.0,43.0,0.0,0.0,0.0,0.0,0.0,0.0,0.0,0.0,0.0,0.0,515.0,0.0,0.0,0.0,,0.0,0.0,3.0,0.0,2.0,2.0,0.0,0.0,0.0,0.0,0.0,0.0,0.0,4.0,330.0,0.0,0.0,0.0,0.0,901.0
2019-03-23,,0.0,5.0,23.0,0.0,0.0,0.0,0.0,0.0,0.0,0.0,0.0,0.0,0.0,551.0,0.0,0.0,0.0,,0.0,0.0,2.0,0.0,3.0,2.0,0.0,0.0,0.0,0.0,0.0,0.0,0.0,6.0,540.0,0.0,0.0,0.0,0.0,1132.0
2019-03-24,,0.0,3.0,25.0,0.0,0.0,0.0,0.0,0.0,0.0,0.0,0.0,0.0,0.0,598.0,110.0,0.0,0.0,,0.0,0.0,6.0,0.0,2.0,3.0,0.0,0.0,0.0,0.0,0.0,0.0,0.0,8.0,0.0,0.0,0.0,0.0,0.0,755.0
2019-03-25,,0.0,2.0,34.0,0.0,0.0,0.0,0.0,0.0,0.0,0.0,0.0,0.0,0.0,589.0,0.0,0.0,0.0,,0.0,0.0,3.0,0.0,1.0,2.0,0.0,0.0,0.0,0.0,0.0,0.0,0.0,1.0,0.0,0.0,0.0,0.0,0.0,632.0
2019-03-26,,0.0,2.0,45.0,0.0,0.0,0.0,0.0,0.0,0.0,0.0,0.0,0.0,0.0,589.0,0.0,0.0,0.0,,0.0,0.0,2.0,0.0,3.0,2.0,0.0,0.0,0.0,0.0,0.0,0.0,0.0,5.0,0.0,0.0,0.0,0.0,0.0,648.0
2019-03-27,,0.0,3.0,141.0,0.0,0.0,0.0,0.0,0.0,0.0,0.0,0.0,0.0,0.0,545.0,0.0,0.0,0.0,,0.0,0.0,2.0,0.0,2.0,4.0,0.0,0.0,0.0,0.0,0.0,0.0,0.0,6.0,0.0,0.0,0.0,0.0,0.0,703.0
2019-03-28,,0.0,3.0,64.0,0.0,0.0,0.0,0.0,0.0,0.0,0.0,0.0,0.0,0.0,561.0,0.0,0.0,0.0,,0.0,0.0,2.0,12.0,2.0,4.0,0.0,0.0,0.0,0.0,0.0,0.0,0.0,1.0,0.0,0.0,0.0,0.0,0.0,649.0
2019-03-29,,0.0,2.0,23.0,0.0,0.0,0.0,0.0,0.0,0.0,0.0,0.0,0.0,0.0,560.0,0.0,0.0,0.0,,0.0,0.0,1.0,19.0,1.0,2.0,0.0,0.0,0.0,0.0,0.0,0.0,0.0,0.0,0.0,0.0,0.0,0.0,0.0,608.0
2019-03-30,,0.0,2.0,29.0,0.0,0.0,0.0,0.0,0.0,0.0,0.0,0.0,0.0,0.0,583.0,0.0,0.0,0.0,,0.0,0.0,3.0,0.0,1.0,2.0,0.0,0.0,0.0,0.0,0.0,0.0,0.0,0.0,0.0,0.0,0.0,0.0,0.0,620.0
2019-03-31,,0.0,3.0,48.0,0.0,0.0,0.0,0.0,0.0,0.0,0.0,0.0,0.0,0.0,611.0,0.0,0.0,0.0,,0.0,0.0,12.0,8.0,6.0,4.0,0.0,0.0,0.0,0.0,0.0,0.0,0.0,16.0,0.0,0.0,0.0,0.0,0.0,708.0
2019-04-01,,0.0,8.0,135.0,0.0,0.0,0.0,0.0,0.0,0.0,0.0,0.0,0.0,0.0,544.0,0.0,0.0,0.0,,0.0,0.0,9.0,2.0,3.0,4.0,0.0,0.0,0.0,0.0,0.0,0.0,0.0,13.0,0.0,0.0,0.0,0.0,0.0,718.0
2019-04-02,,0.0,5.0,120.0,0.0,0.0,0.0,0.0,0.0,0.0,0.0,0.0,0.0,0.0,547.0,0.0,0.0,0.0,,0.0,0.0,3.0,0.0,2.0,2.0,0.0,0.0,0.0,0.0,0.0,0.0,0.0,15.0,0.0,0.0,0.0,0.0,0.0,694.0
2019-04-03,,0.0,3.0,100.0,0.0,0.0,0.0,0.0,0.0,0.0,0.0,0.0,0.0,0.0,550.0,0.0,0.0,0.0,,0.0,0.0,3.0,0.0,2.0,3.0,0.0,0.0,0.0,0.0,0.0,0.0,0.0,25.0,0.0,0.0,0.0,0.0,0.0,686.0
2019-04-04,,0.0,3.0,164.0,0.0,0.0,0.0,0.0,0.0,0.0,0.0,0.0,0.0,0.0,544.0,0.0,0.0,0.0,,0.0,0.0,3.0,21.0,2.0,4.0,0.0,0.0,0.0,0.0,0.0,0.0,0.0,15.0,0.0,0.0,0.0,0.0,0.0,756.0
2019-04-05,,0.0,3.0,61.0,0.0,0.0,0.0,0.0,0.0,0.0,0.0,0.0,0.0,0.0,560.0,0.0,0.0,0.0,,0.0,0.0,2.0,19.0,3.0,2.0,0.0,0.0,0.0,0.0,0.0,0.0,0.0,6.0,0.0,0.0,0.0,0.0,0.0,656.0
2019-04-06,,0.0,2.0,78.0,0.0,0.0,0.0,0.0,0.0,0.0,0.0,0.0,193.0,0.0,486.0,0.0,0.0,0.0,,0.0,0.0,2.0,16.0,1.0,2.0,0.0,0.0,0.0,0.0,0.0,0.0,0.0,3.0,0.0,0.0,0.0,0.0,0.0,783.0
2019-04-07,,0.0,2.0,113.0,0.0,0.0,0.0,0.0,0.0,0.0,0.0,0.0,0.0,1.0,515.0,0.0,0.0,0.0,,0.0,0.0,2.0,21.0,1.0,2.0,0.0,0.0,0.0,0.0,0.0,0.0,0.0,1.0,0.0,0.0,0.0,0.0,0.0,658.0
2019-04-08,,0.0,4.0,50.0,0.0,0.0,0.0,0.0,0.0,0.0,0.0,0.0,143.0,0.0,483.0,0.0,0.0,0.0,,0.0,0.0,6.0,0.0,3.0,3.0,0.0,0.0,0.0,0.0,0.0,0.0,0.0,12.0,0.0,0.0,0.0,0.0,0.0,704.0
2019-04-09,,0.0,4.0,52.0,0.0,0.0,0.0,0.0,0.0,0.0,0.0,0.0,19.0,0.0,518.0,0.0,0.0,0.0,,0.0,0.0,3.0,1.0,2.0,4.0,0.0,0.0,0.0,0.0,0.0,0.0,0.0,14.0,0.0,0.0,0.0,0.0,0.0,617.0
2019-04-10,,0.0,2.0,7.0,0.0,0.0,0.0,0.0,0.0,0.0,0.0,0.0,175.0,0.0,518.0,107.0,0.0,0.0,,0.0,0.0,3.0,0.0,2.0,3.0,0.0,0.0,0.0,0.0,0.0,0.0,0.0,12.0,0.0,0.0,0.0,0.0,0.0,829.0
2019-04-11,,0.0,1.0,32.0,0.0,0.0,0.0,0.0,0.0,0.0,0.0,0.0,0.0,0.0,541.0,0.0,0.0,0.0,,0.0,0.0,2.0,0.0,1.0,3.0,0.0,0.0,0.0,0.0,0.0,0.0,0.0,3.0,0.0,0.0,0.0,0.0,0.0,583.0
2019-04-12,,0.0,1.0,8.0,0.0,0.0,0.0,0.0,0.0,0.0,0.0,0.0,156.0,0.0,497.0,0.0,0.0,0.0,,0.0,12.0,2.0,0.0,1.0,2.0,0.0,0.0,0.0,0.0,0.0,0.0,0.0,3.0,0.0,0.0,0.0,0.0,0.0,682.0
2019-04-13,,0.0,2.0,12.0,0.0,0.0,0.0,0.0,0.0,0.0,0.0,0.0,200.0,0.0,501.0,0.0,0.0,0.0,,0.0,0.0,1.0,0.0,3.0,2.0,0.0,0.0,0.0,0.0,0.0,0.0,0.0,14.0,0.0,0.0,0.0,0.0,0.0,735.0
2019-04-14,,0.0,2.0,42.0,0.0,0.0,0.0,0.0,0.0,0.0,0.0,0.0,0.0,1.0,538.0,0.0,0.0,0.0,,0.0,0.0,3.0,24.0,1.0,2.0,0.0,0.0,0.0,0.0,0.0,0.0,0.0,4.0,0.0,0.0,0.0,0.0,0.0,617.0
2019-04-15,,0.0,2.0,107.0,0.0,0.0,0.0,0.0,0.0,0.0,0.0,0.0,0.0,0.0,513.0,0.0,0.0,0.0,,0.0,0.0,3.0,30.0,1.0,2.0,0.0,0.0,0.0,0.0,0.0,0.0,0.0,0.0,0.0,0.0,0.0,0.0,0.0,658.0
2019-04-16,,0.0,2.0,110.0,0.0,0.0,0.0,0.0,0.0,0.0,0.0,0.0,0.0,0.0,466.0,0.0,0.0,0.0,,0.0,0.0,3.0,30.0,1.0,2.0,0.0,0.0,0.0,0.0,0.0,0.0,0.0,0.0,0.0,0.0,0.0,0.0,0.0,614.0
2019-04-17,,0.0,3.0,130.0,0.0,0.0,0.0,0.0,0.0,0.0,0.0,0.0,0.0,0.0,493.0,0.0,0.0,0.0,,0.0,0.0,4.0,35.0,2.0,1.0,0.0,0.0,0.0,0.0,0.0,0.0,0.0,1.0,0.0,0.0,0.0,0.0,0.0,669.0
2019-04-18,,0.0,3.0,100.0,0.0,0.0,0.0,0.0,0.0,0.0,0.0,0.0,0.0,0.0,557.0,0.0,0.0,0.0,,0.0,0.0,8.0,30.0,2.0,3.0,0.0,0.0,0.0,0.0,0.0,0.0,0.0,0.0,0.0,0.0,0.0,0.0,0.0,703.0
2019-04-19,,0.0,3.0,80.0,0.0,0.0,0.0,0.0,0.0,0.0,0.0,0.0,0.0,0.0,536.0,0.0,0.0,0.0,,0.0,0.0,2.0,0.0,2.0,3.0,0.0,0.0,0.0,0.0,0.0,0.0,0.0,0.0,0.0,0.0,0.0,0.0,0.0,626.0
2019-04-20,,0.0,3.0,306.0,0.0,0.0,0.0,0.0,0.0,0.0,0.0,0.0,0.0,0.0,542.0,0.0,0.0,0.0,,0.0,0.0,4.0,32.0,3.0,4.0,0.0,0.0,0.0,0.0,0.0,0.0,0.0,8.0,0.0,0.0,0.0,0.0,0.0,902.0
2019-04-21,,0.0,2.0,52.0,0.0,0.0,0.0,0.0,0.0,0.0,0.0,0.0,0.0,0.0,497.0,0.0,0.0,0.0,,0.0,0.0,1.0,0.0,2.0,3.0,0.0,0.0,0.0,0.0,0.0,0.0,0.0,3.0,0.0,0.0,0.0,0.0,0.0,560.0
2019-04-22,,0.0,1.0,83.0,0.0,0.0,0.0,0.0,0.0,0.0,0.0,0.0,0.0,0.0,537.0,0.0,0.0,0.0,,0.0,0.0,2.0,0.0,1.0,3.0,0.0,0.0,0.0,0.0,0.0,0.0,0.0,1.0,0.0,0.0,0.0,0.0,0.0,628.0
2019-04-23,,0.0,2.0,15.0,0.0,0.0,0.0,0.0,0.0,0.0,0.0,0.0,0.0,0.0,512.0,0.0,0.0,0.0,,0.0,0.0,1.0,0.0,1.0,2.0,0.0,0.0,0.0,0.0,0.0,0.0,0.0,1.0,0.0,0.0,0.0,0.0,0.0,534.0
2019-04-24,,0.0,2.0,56.0,0.0,0.0,0.0,0.0,0.0,0.0,0.0,0.0,0.0,0.0,447.0,0.0,0.0,0.0,,0.0,0.0,3.0,0.0,5.0,4.0,200.0,0.0,0.0,0.0,0.0,0.0,0.0,12.0,0.0,0.0,0.0,0.0,0.0,729.0
2019-04-25,,0.0,3.0,23.0,0.0,0.0,0.0,0.0,0.0,0.0,30.0,0.0,0.0,0.0,532.0,0.0,0.0,0.0,,0.0,0.0,4.0,0.0,3.0,2.0,0.0,0.0,0.0,0.0,0.0,0.0,0.0,9.0,0.0,0.0,0.0,0.0,0.0,606.0
2019-04-26,,0.0,2.0,50.0,0.0,0.0,0.0,0.0,0.0,0.0,30.0,0.0,0.0,0.0,565.0,0.0,0.0,180.0,,0.0,0.0,2.0,0.0,1.0,2.0,0.0,0.0,0.0,0.0,0.0,0.0,0.0,3.0,0.0,0.0,0.0,0.0,0.0,835.0
2019-04-27,,0.0,1.0,80.0,0.0,0.0,0.0,0.0,0.0,0.0,30.0,0.0,38.0,0.0,562.0,0.0,0.0,0.0,,0.0,0.0,2.0,0.0,2.0,1.0,0.0,20.0,0.0,0.0,0.0,0.0,0.0,5.0,0.0,0.0,0.0,0.0,0.0,741.0
2019-04-28,,0.0,3.0,314.0,0.0,0.0,0.0,0.0,0.0,0.0,0.0,0.0,0.0,0.0,551.0,0.0,0.0,0.0,,0.0,0.0,48.0,0.0,2.0,4.0,0.0,0.0,0.0,0.0,0.0,0.0,0.0,9.0,0.0,0.0,0.0,0.0,0.0,931.0
2019-04-29,,0.0,2.0,149.0,0.0,0.0,0.0,0.0,0.0,0.0,0.0,0.0,205.0,0.0,554.0,0.0,0.0,0.0,,0.0,0.0,3.0,0.0,3.0,4.0,0.0,0.0,0.0,0.0,0.0,0.0,0.0,7.0,0.0,0.0,0.0,0.0,0.0,927.0
2019-04-30,,0.0,1.0,107.0,0.0,0.0,0.0,0.0,0.0,0.0,0.0,0.0,0.0,0.0,553.0,0.0,0.0,0.0,,0.0,0.0,2.0,0.0,1.0,2.0,0.0,0.0,0.0,0.0,0.0,0.0,0.0,0.0,0.0,0.0,0.0,0.0,0.0,666.0
2019-05-01,,0.0,0.0,152.0,0.0,0.0,0.0,0.0,0.0,0.0,0.0,0.0,0.0,0.0,548.0,0.0,0.0,0.0,,0.0,0.0,2.0,0.0,1.0,2.0,0.0,0.0,0.0,0.0,0.0,0.0,0.0,0.0,0.0,0.0,0.0,0.0,0.0,705.0
2019-05-02,,0.0,3.0,21.0,0.0,0.0,0.0,0.0,0.0,0.0,0.0,0.0,0.0,0.0,521.0,0.0,0.0,0.0,,0.0,0.0,4.0,4.0,2.0,7.0,0.0,0.0,0.0,0.0,0.0,0.0,0.0,9.0,0.0,0.0,0.0,0.0,0.0,571.0
2019-05-03,,0.0,4.0,58.0,0.0,0.0,0.0,0.0,0.0,0.0,0.0,0.0,0.0,0.0,531.0,0.0,0.0,0.0,,0.0,0.0,8.0,4.0,3.0,4.0,0.0,0.0,0.0,0.0,0.0,0.0,0.0,19.0,0.0,0.0,0.0,0.0,0.0,631.0
2019-05-04,,0.0,5.0,156.0,0.0,0.0,0.0,0.0,0.0,0.0,0.0,0.0,0.0,3.0,561.0,0.0,0.0,0.0,,0.0,0.0,6.0,0.0,5.0,3.0,0.0,20.0,0.0,0.0,0.0,0.0,0.0,12.0,0.0,0.0,0.0,0.0,0.0,771.0
2019-05-05,,0.0,2.0,230.0,0.0,0.0,0.0,0.0,0.0,0.0,0.0,0.0,0.0,0.0,541.0,0.0,0.0,0.0,,0.0,0.0,2.0,0.0,1.0,3.0,0.0,0.0,0.0,0.0,0.0,0.0,0.0,10.0,0.0,0.0,0.0,0.0,0.0,789.0
2019-05-06,,0.0,3.0,172.0,0.0,0.0,0.0,0.0,0.0,0.0,0.0,0.0,0.0,0.0,598.0,0.0,0.0,0.0,,0.0,0.0,3.0,0.0,2.0,3.0,0.0,0.0,0.0,0.0,0.0,0.0,0.0,1.0,0.0,0.0,0.0,0.0,0.0,782.0
2019-05-07,,0.0,3.0,21.0,0.0,0.0,0.0,0.0,0.0,0.0,0.0,0.0,0.0,0.0,520.0,0.0,0.0,0.0,,0.0,0.0,2.0,0.0,2.0,3.0,0.0,0.0,0.0,0.0,0.0,0.0,0.0,1.0,0.0,0.0,0.0,0.0,0.0,552.0
2019-05-08,,0.0,0.0,23.0,0.0,0.0,0.0,0.0,0.0,0.0,0.0,0.0,0.0,0.0,584.0,0.0,0.0,0.0,,0.0,0.0,3.0,0.0,1.0,2.0,0.0,0.0,0.0,0.0,0.0,0.0,0.0,0.0,620.0,0.0,0.0,0.0,0.0,1233.0
2019-05-09,,0.0,1.0,96.0,0.0,0.0,0.0,0.0,0.0,0.0,0.0,0.0,0.0,0.0,575.0,0.0,0.0,0.0,,0.0,0.0,2.0,0.0,1.0,0.0,0.0,30.0,0.0,0.0,0.0,0.0,0.0,0.0,840.0,0.0,0.0,0.0,0.0,1545.0
2019-05-10,,0.0,2.0,94.0,0.0,0.0,0.0,0.0,0.0,0.0,0.0,0.0,80.0,0.0,590.0,0.0,0.0,0.0,,0.0,0.0,1.0,0.0,1.0,1.0,0.0,0.0,0.0,0.0,0.0,0.0,0.0,0.0,840.0,0.0,0.0,0.0,0.0,1609.0
2019-05-11,,0.0,3.0,110.0,0.0,0.0,0.0,0.0,0.0,0.0,0.0,0.0,0.0,13.0,593.0,0.0,0.0,0.0,,0.0,0.0,2.0,0.0,1.0,1.0,0.0,0.0,0.0,0.0,0.0,0.0,0.0,2.0,0.0,0.0,0.0,0.0,0.0,725.0
2019-05-12,,0.0,3.0,56.0,0.0,0.0,0.0,0.0,0.0,0.0,0.0,0.0,0.0,0.0,580.0,0.0,0.0,0.0,,0.0,0.0,3.0,1.0,2.0,2.0,0.0,0.0,0.0,0.0,0.0,0.0,0.0,3.0,0.0,0.0,0.0,0.0,0.0,650.0
2019-05-13,,0.0,3.0,296.0,0.0,0.0,0.0,0.0,0.0,0.0,0.0,0.0,0.0,0.0,542.0,0.0,0.0,0.0,,0.0,0.0,2.0,1.0,2.0,4.0,0.0,0.0,0.0,0.0,0.0,0.0,0.0,3.0,0.0,0.0,0.0,0.0,0.0,853.0
2019-05-14,,0.0,2.0,153.0,0.0,0.0,0.0,0.0,0.0,0.0,0.0,0.0,0.0,0.0,593.0,0.0,0.0,0.0,,0.0,0.0,1.0,8.0,2.0,4.0,0.0,30.0,0.0,0.0,0.0,0.0,0.0,3.0,0.0,0.0,0.0,0.0,0.0,796.0
2019-05-15,,0.0,2.0,28.0,0.0,0.0,0.0,0.0,0.0,0.0,0.0,0.0,0.0,0.0,605.0,0.0,0.0,0.0,,0.0,0.0,1.0,4.0,2.0,3.0,0.0,0.0,0.0,0.0,0.0,0.0,0.0,12.0,0.0,0.0,0.0,0.0,0.0,657.0
2019-05-16,,0.0,2.0,20.0,0.0,0.0,0.0,0.0,0.0,0.0,0.0,0.0,0.0,0.0,613.0,0.0,0.0,0.0,,0.0,0.0,2.0,0.0,2.0,2.0,0.0,25.0,0.0,0.0,0.0,0.0,0.0,8.0,0.0,0.0,0.0,0.0,0.0,674.0
2019-05-17,,0.0,2.0,80.0,0.0,0.0,0.0,0.0,0.0,0.0,0.0,0.0,0.0,0.0,544.0,0.0,0.0,0.0,,0.0,0.0,2.0,0.0,3.0,2.0,0.0,30.0,0.0,0.0,0.0,0.0,0.0,20.0,0.0,0.0,0.0,0.0,0.0,683.0
2019-05-18,,0.0,4.0,41.0,0.0,0.0,0.0,0.0,0.0,0.0,0.0,0.0,0.0,0.0,606.0,0.0,0.0,0.0,,0.0,0.0,5.0,4.0,3.0,4.0,0.0,20.0,0.0,0.0,0.0,0.0,0.0,13.0,0.0,0.0,0.0,0.0,0.0,700.0
2019-05-19,,0.0,3.0,42.0,0.0,0.0,0.0,0.0,0.0,0.0,0.0,0.0,0.0,0.0,619.0,0.0,0.0,0.0,,0.0,0.0,5.0,0.0,6.0,4.0,0.0,0.0,0.0,0.0,0.0,0.0,0.0,11.0,0.0,0.0,0.0,0.0,0.0,690.0
2019-05-20,,0.0,2.0,23.0,0.0,0.0,0.0,0.0,0.0,0.0,0.0,0.0,0.0,9.0,565.0,0.0,0.0,0.0,,0.0,0.0,3.0,0.0,1.0,2.0,0.0,0.0,0.0,0.0,0.0,0.0,0.0,5.0,740.0,0.0,0.0,0.0,0.0,1350.0
2019-05-21,,0.0,2.0,72.0,0.0,0.0,0.0,0.0,0.0,0.0,0.0,0.0,0.0,2.0,537.0,0.0,0.0,0.0,,0.0,0.0,4.0,0.0,2.0,3.0,0.0,0.0,0.0,0.0,0.0,0.0,0.0,6.0,460.0,0.0,0.0,0.0,0.0,1088.0
2019-05-22,,0.0,1.0,21.0,0.0,0.0,0.0,0.0,0.0,0.0,0.0,0.0,0.0,0.0,552.0,0.0,0.0,0.0,,0.0,0.0,2.0,12.0,2.0,1.0,0.0,0.0,0.0,0.0,0.0,0.0,0.0,7.0,430.0,0.0,0.0,0.0,0.0,1028.0
2019-05-23,,0.0,2.0,66.0,0.0,0.0,0.0,0.0,0.0,0.0,0.0,0.0,0.0,0.0,573.0,0.0,0.0,0.0,,0.0,0.0,2.0,0.0,3.0,3.0,0.0,0.0,0.0,25.0,0.0,0.0,0.0,0.0,170.0,0.0,0.0,0.0,0.0,844.0
2019-05-24,,0.0,0.0,67.0,0.0,0.0,0.0,0.0,0.0,0.0,0.0,0.0,0.0,0.0,541.0,0.0,0.0,0.0,,0.0,0.0,2.0,0.0,6.0,2.0,0.0,0.0,0.0,0.0,0.0,0.0,0.0,2.0,730.0,0.0,0.0,0.0,0.0,1350.0
2019-05-25,,0.0,1.0,86.0,0.0,0.0,0.0,0.0,0.0,0.0,0.0,0.0,0.0,0.0,585.0,0.0,0.0,0.0,,0.0,0.0,2.0,0.0,0.0,2.0,0.0,0.0,0.0,0.0,0.0,0.0,0.0,1.0,170.0,0.0,0.0,0.0,0.0,847.0
2019-05-26,,0.0,2.0,41.0,0.0,0.0,0.0,0.0,0.0,0.0,0.0,0.0,0.0,0.0,546.0,0.0,0.0,0.0,,0.0,0.0,7.0,2.0,5.0,9.0,0.0,0.0,0.0,0.0,0.0,0.0,0.0,15.0,0.0,0.0,0.0,0.0,0.0,627.0
2019-05-27,,0.0,4.0,41.0,0.0,0.0,0.0,0.0,0.0,0.0,0.0,0.0,100.0,0.0,604.0,0.0,0.0,0.0,,0.0,0.0,3.0,2.0,1.0,3.0,0.0,0.0,0.0,0.0,0.0,0.0,0.0,13.0,340.0,0.0,0.0,0.0,0.0,1111.0
2019-05-28,,0.0,1.0,63.0,0.0,0.0,0.0,0.0,0.0,0.0,0.0,0.0,130.0,0.0,571.0,0.0,0.0,0.0,,0.0,0.0,3.0,0.0,2.0,3.0,0.0,0.0,0.0,0.0,0.0,0.0,0.0,4.0,350.0,0.0,0.0,0.0,0.0,1127.0
2019-05-29,,0.0,1.0,83.0,0.0,0.0,0.0,0.0,0.0,0.0,0.0,0.0,350.0,24.0,544.0,0.0,0.0,0.0,,0.0,0.0,2.0,0.0,1.0,2.0,0.0,0.0,0.0,0.0,0.0,0.0,0.0,3.0,710.0,0.0,0.0,0.0,0.0,1720.0
2019-05-30,,0.0,1.0,112.0,0.0,0.0,0.0,0.0,0.0,0.0,0.0,0.0,20.0,0.0,562.0,0.0,0.0,0.0,,0.0,0.0,1.0,0.0,2.0,2.0,0.0,0.0,0.0,0.0,0.0,0.0,0.0,4.0,0.0,0.0,0.0,0.0,0.0,704.0
2019-05-31,,0.0,3.0,36.0,0.0,0.0,0.0,0.0,0.0,0.0,0.0,0.0,63.0,0.0,549.0,0.0,0.0,0.0,,0.0,0.0,4.0,0.0,2.0,2.0,0.0,0.0,0.0,0.0,0.0,0.0,0.0,2.0,560.0,0.0,0.0,0.0,0.0,1221.0
2019-06-01,,0.0,2.0,153.0,0.0,0.0,0.0,0.0,0.0,0.0,0.0,0.0,0.0,0.0,516.0,0.0,0.0,0.0,,0.0,0.0,2.0,0.0,1.0,2.0,0.0,0.0,0.0,0.0,0.0,0.0,0.0,6.0,180.0,0.0,0.0,0.0,0.0,862.0
2019-06-02,,0.0,2.0,68.0,0.0,0.0,0.0,0.0,0.0,0.0,0.0,0.0,0.0,0.0,387.0,0.0,0.0,0.0,,0.0,0.0,1.0,0.0,1.0,2.0,0.0,0.0,0.0,0.0,0.0,0.0,0.0,2.0,0.0,0.0,0.0,0.0,0.0,463.0
2019-06-03,,0.0,3.0,45.0,0.0,0.0,0.0,0.0,0.0,0.0,0.0,0.0,0.0,7.0,545.0,0.0,0.0,0.0,,0.0,0.0,7.0,6.0,4.0,2.0,0.0,0.0,0.0,0.0,0.0,0.0,0.0,10.0,0.0,0.0,0.0,0.0,0.0,629.0
2019-06-04,,0.0,3.0,40.0,0.0,0.0,0.0,0.0,0.0,0.0,0.0,0.0,0.0,0.0,571.0,0.0,0.0,0.0,,0.0,0.0,4.0,5.0,6.0,5.0,0.0,0.0,0.0,0.0,0.0,0.0,0.0,8.0,720.0,0.0,0.0,0.0,0.0,1362.0
2019-06-05,,0.0,2.0,43.0,0.0,0.0,0.0,0.0,0.0,0.0,0.0,0.0,0.0,0.0,536.0,0.0,0.0,0.0,,0.0,0.0,3.0,0.0,1.0,2.0,0.0,0.0,0.0,0.0,0.0,0.0,0.0,0.0,0.0,0.0,0.0,0.0,0.0,587.0
2019-06-06,,0.0,1.0,54.0,0.0,0.0,0.0,0.0,0.0,0.0,0.0,0.0,0.0,0.0,553.0,0.0,0.0,0.0,,0.0,0.0,2.0,0.0,1.0,2.0,0.0,20.0,0.0,0.0,0.0,0.0,0.0,3.0,0.0,0.0,0.0,0.0,0.0,636.0
2019-06-07,,0.0,2.0,138.0,0.0,0.0,0.0,0.0,0.0,0.0,0.0,0.0,0.0,0.0,556.0,0.0,0.0,0.0,,0.0,0.0,3.0,0.0,3.0,2.0,0.0,0.0,0.0,0.0,0.0,0.0,0.0,2.0,0.0,0.0,0.0,0.0,0.0,706.0
2019-06-08,,600.0,1.0,58.0,0.0,0.0,0.0,0.0,0.0,0.0,0.0,0.0,0.0,0.0,530.0,0.0,500.0,0.0,,0.0,0.0,2.0,0.0,1.0,1.0,0.0,0.0,0.0,0.0,0.0,0.0,0.0,2.0,880.0,0.0,0.0,0.0,0.0,2575.0
2019-06-09,,0.0,0.0,12.0,0.0,0.0,0.0,0.0,0.0,0.0,0.0,0.0,0.0,0.0,545.0,0.0,0.0,0.0,,0.0,0.0,1.0,0.0,1.0,2.0,0.0,0.0,0.0,0.0,0.0,0.0,0.0,0.0,360.0,0.0,0.0,0.0,0.0,921.0
2019-06-11,,0.0,5.0,35.0,0.0,0.0,0.0,0.0,0.0,0.0,0.0,0.0,88.0,0.0,576.0,0.0,0.0,0.0,,0.0,0.0,6.0,2.0,4.0,5.0,0.0,0.0,0.0,0.0,0.0,0.0,0.0,9.0,540.0,0.0,0.0,0.0,0.0,1270.0
2019-06-12,,0.0,4.0,38.0,0.0,0.0,0.0,0.0,0.0,0.0,0.0,0.0,0.0,0.0,576.0,0.0,0.0,0.0,,0.0,0.0,5.0,3.0,4.0,6.0,0.0,0.0,0.0,0.0,0.0,0.0,0.0,8.0,170.0,0.0,0.0,0.0,0.0,814.0
2019-06-13,,0.0,3.0,121.0,0.0,0.0,0.0,0.0,0.0,0.0,0.0,0.0,0.0,0.0,569.0,0.0,0.0,0.0,,0.0,0.0,2.0,0.0,1.0,2.0,0.0,0.0,0.0,0.0,0.0,0.0,0.0,0.0,550.0,0.0,0.0,0.0,0.0,1248.0
2019-06-14,,0.0,2.0,142.0,0.0,0.0,0.0,0.0,0.0,0.0,0.0,0.0,0.0,0.0,530.0,0.0,0.0,0.0,,0.0,0.0,4.0,0.0,1.0,3.0,0.0,0.0,0.0,0.0,0.0,0.0,0.0,5.0,540.0,0.0,0.0,0.0,0.0,1227.0
2019-06-15,,0.0,1.0,93.0,0.0,0.0,0.0,0.0,0.0,0.0,0.0,0.0,0.0,0.0,575.0,0.0,0.0,0.0,,0.0,0.0,4.0,0.0,2.0,3.0,0.0,0.0,0.0,0.0,0.0,0.0,0.0,2.0,340.0,0.0,0.0,0.0,0.0,1020.0
2019-06-16,,0.0,2.0,125.0,0.0,0.0,0.0,0.0,0.0,0.0,0.0,0.0,0.0,0.0,559.0,0.0,0.0,0.0,,0.0,0.0,2.0,0.0,3.0,1.0,0.0,0.0,0.0,0.0,0.0,0.0,0.0,8.0,0.0,0.0,0.0,0.0,0.0,700.0
2019-06-17,,0.0,1.0,68.0,0.0,0.0,0.0,0.0,0.0,0.0,0.0,0.0,0.0,0.0,551.0,0.0,0.0,0.0,,0.0,0.0,2.0,0.0,1.0,3.0,0.0,20.0,0.0,0.0,0.0,0.0,0.0,2.0,0.0,0.0,0.0,0.0,0.0,648.0
2019-06-18,,0.0,0.0,82.0,0.0,0.0,0.0,0.0,0.0,0.0,0.0,0.0,0.0,0.0,551.0,0.0,0.0,0.0,,0.0,0.0,2.0,0.0,1.0,2.0,0.0,0.0,0.0,0.0,0.0,0.0,0.0,6.0,190.0,0.0,0.0,0.0,0.0,834.0
2019-06-19,,0.0,3.0,55.0,0.0,0.0,0.0,0.0,0.0,0.0,0.0,0.0,0.0,0.0,539.0,0.0,0.0,0.0,,0.0,0.0,2.0,4.0,3.0,1.0,0.0,0.0,0.0,0.0,0.0,0.0,0.0,9.0,170.0,0.0,0.0,0.0,0.0,786.0
2019-06-20,,0.0,3.0,62.0,0.0,0.0,0.0,0.0,0.0,0.0,0.0,0.0,0.0,0.0,527.0,0.0,0.0,0.0,,0.0,0.0,7.0,4.0,3.0,4.0,0.0,0.0,0.0,0.0,0.0,0.0,0.0,13.0,1230.0,0.0,0.0,0.0,0.0,1853.0
2019-06-21,,0.0,1.0,110.0,0.0,0.0,0.0,0.0,0.0,0.0,0.0,0.0,160.0,0.0,1049.0,0.0,0.0,0.0,,0.0,0.0,3.0,0.0,1.0,2.0,0.0,0.0,0.0,0.0,0.0,0.0,0.0,0.0,720.0,0.0,0.0,0.0,0.0,2046.0
2019-06-22,,0.0,2.0,132.0,0.0,0.0,0.0,0.0,0.0,0.0,0.0,0.0,0.0,0.0,517.0,0.0,0.0,0.0,,0.0,0.0,4.0,0.0,1.0,2.0,0.0,0.0,0.0,0.0,0.0,0.0,0.0,10.0,0.0,0.0,0.0,0.0,0.0,668.0
2019-06-23,,0.0,1.0,72.0,0.0,0.0,0.0,0.0,0.0,0.0,0.0,0.0,0.0,0.0,535.0,0.0,0.0,0.0,,0.0,0.0,2.0,0.0,2.0,1.0,0.0,0.0,0.0,0.0,0.0,0.0,0.0,7.0,0.0,0.0,0.0,0.0,0.0,620.0
2019-06-24,,0.0,1.0,172.0,0.0,0.0,0.0,0.0,0.0,0.0,0.0,0.0,0.0,0.0,386.0,0.0,0.0,0.0,,0.0,0.0,2.0,0.0,2.0,1.0,0.0,0.0,0.0,0.0,0.0,0.0,0.0,16.0,180.0,0.0,0.0,0.0,0.0,760.0
2019-06-25,,0.0,2.0,162.0,0.0,0.0,0.0,0.0,0.0,0.0,0.0,0.0,0.0,0.0,508.0,0.0,0.0,0.0,,0.0,0.0,3.0,0.0,1.0,2.0,0.0,0.0,0.0,0.0,0.0,0.0,0.0,3.0,0.0,0.0,0.0,0.0,0.0,681.0
2019-06-26,,0.0,2.0,186.0,0.0,0.0,0.0,0.0,0.0,0.0,0.0,0.0,0.0,3.0,538.0,0.0,0.0,0.0,,0.0,0.0,2.0,0.0,0.0,2.0,0.0,0.0,0.0,0.0,0.0,0.0,0.0,1.0,1130.0,0.0,0.0,0.0,0.0,1864.0
2019-06-27,,0.0,2.0,180.0,0.0,0.0,0.0,0.0,0.0,0.0,0.0,0.0,0.0,0.0,528.0,0.0,0.0,0.0,,0.0,0.0,1.0,2.0,0.0,1.0,0.0,0.0,0.0,0.0,0.0,0.0,0.0,2.0,1540.0,0.0,0.0,0.0,0.0,2256.0
2019-06-28,,0.0,3.0,48.0,0.0,0.0,0.0,0.0,0.0,0.0,0.0,0.0,0.0,0.0,593.0,0.0,0.0,0.0,,0.0,0.0,3.0,4.0,7.0,6.0,0.0,0.0,0.0,0.0,0.0,0.0,0.0,10.0,1040.0,0.0,0.0,0.0,0.0,1714.0
2019-06-29,,0.0,2.0,81.0,0.0,0.0,0.0,0.0,0.0,0.0,0.0,0.0,0.0,0.0,563.0,0.0,0.0,0.0,,0.0,0.0,3.0,0.0,1.0,2.0,0.0,0.0,0.0,0.0,0.0,0.0,0.0,0.0,940.0,0.0,0.0,0.0,0.0,1592.0
2019-06-30,,0.0,1.0,95.0,0.0,0.0,0.0,0.0,0.0,0.0,0.0,0.0,195.0,0.0,529.0,0.0,0.0,0.0,,0.0,0.0,2.0,0.0,1.0,2.0,0.0,0.0,0.0,0.0,0.0,0.0,0.0,11.0,0.0,0.0,0.0,0.0,0.0,836.0
2019-07-01,,0.0,2.0,136.0,0.0,0.0,0.0,0.0,0.0,0.0,0.0,0.0,0.0,12.0,538.0,0.0,0.0,0.0,,0.0,0.0,2.0,0.0,3.0,1.0,0.0,0.0,0.0,0.0,0.0,0.0,0.0,2.0,410.0,0.0,0.0,0.0,0.0,1106.0
2019-07-02,,0.0,1.0,109.0,0.0,0.0,0.0,0.0,0.0,0.0,0.0,0.0,0.0,0.0,505.0,0.0,0.0,0.0,,0.0,0.0,3.0,0.0,1.0,3.0,0.0,0.0,0.0,0.0,0.0,0.0,0.0,4.0,0.0,0.0,0.0,0.0,0.0,626.0
2019-07-03,,0.0,1.0,82.0,0.0,0.0,0.0,0.0,0.0,0.0,0.0,0.0,125.0,0.0,354.0,0.0,0.0,0.0,,0.0,0.0,2.0,0.0,1.0,2.0,0.0,0.0,0.0,0.0,0.0,0.0,0.0,1.0,340.0,0.0,0.0,0.0,0.0,908.0
2019-07-04,,0.0,0.0,81.0,0.0,0.0,0.0,0.0,0.0,0.0,0.0,0.0,0.0,0.0,544.0,0.0,0.0,0.0,,0.0,7.0,2.0,0.0,1.0,2.0,0.0,0.0,0.0,0.0,0.0,0.0,0.0,2.0,0.0,0.0,0.0,0.0,0.0,639.0
2019-07-05,,0.0,4.0,58.0,0.0,0.0,0.0,0.0,0.0,0.0,0.0,0.0,0.0,0.0,543.0,0.0,0.0,0.0,,0.0,0.0,4.0,7.0,6.0,3.0,0.0,0.0,0.0,0.0,0.0,0.0,0.0,12.0,0.0,0.0,0.0,0.0,0.0,637.0
2019-07-06,,0.0,2.0,20.0,0.0,0.0,0.0,0.0,0.0,0.0,0.0,0.0,0.0,0.0,507.0,0.0,0.0,0.0,,0.0,0.0,1.0,0.0,2.0,2.0,0.0,0.0,0.0,0.0,0.0,0.0,0.0,5.0,0.0,0.0,0.0,0.0,0.0,539.0
2019-07-07,,0.0,2.0,194.0,0.0,0.0,0.0,0.0,0.0,0.0,0.0,0.0,0.0,0.0,536.0,0.0,0.0,0.0,,0.0,0.0,3.0,0.0,2.0,2.0,0.0,0.0,0.0,0.0,0.0,0.0,0.0,0.0,0.0,0.0,0.0,0.0,0.0,739.0
2019-07-08,,0.0,1.0,150.0,0.0,0.0,0.0,0.0,0.0,0.0,0.0,0.0,0.0,0.0,571.0,0.0,0.0,0.0,,0.0,0.0,2.0,0.0,2.0,2.0,0.0,0.0,0.0,0.0,0.0,0.0,0.0,3.0,0.0,0.0,0.0,0.0,0.0,731.0
2019-07-09,,0.0,2.0,134.0,0.0,0.0,0.0,0.0,0.0,0.0,0.0,0.0,0.0,0.0,508.0,0.0,0.0,0.0,,0.0,0.0,3.0,0.0,2.0,1.0,0.0,0.0,0.0,0.0,0.0,0.0,0.0,1.0,0.0,0.0,0.0,0.0,0.0,651.0
2019-07-10,,0.0,2.0,122.0,0.0,0.0,0.0,0.0,0.0,0.0,0.0,0.0,0.0,0.0,529.0,0.0,0.0,0.0,,0.0,0.0,4.0,0.0,1.0,3.0,0.0,0.0,0.0,0.0,0.0,0.0,0.0,2.0,890.0,0.0,0.0,0.0,0.0,1553.0
2019-07-11,,0.0,2.0,192.0,0.0,0.0,0.0,0.0,0.0,0.0,0.0,0.0,0.0,10.0,467.0,0.0,0.0,0.0,,0.0,0.0,1.0,0.0,2.0,3.0,0.0,0.0,0.0,0.0,0.0,0.0,0.0,2.0,870.0,0.0,0.0,0.0,0.0,1549.0
2019-07-12,,0.0,0.0,260.0,0.0,0.0,0.0,0.0,0.0,0.0,0.0,0.0,0.0,0.0,509.0,0.0,0.0,25.0,,0.0,0.0,2.0,0.0,1.0,3.0,0.0,0.0,0.0,0.0,0.0,68.0,0.0,2.0,2635.0,0.0,0.0,0.0,0.0,3505.0
2019-07-13,,0.0,4.0,54.0,0.0,0.0,0.0,0.0,0.0,0.0,0.0,0.0,0.0,0.0,473.0,0.0,0.0,0.0,,0.0,0.0,7.0,6.0,4.0,7.0,0.0,0.0,0.0,0.0,0.0,0.0,0.0,14.0,160.0,0.0,0.0,0.0,0.0,729.0
2019-07-14,,0.0,8.0,43.0,0.0,0.0,0.0,0.0,0.0,0.0,0.0,0.0,0.0,0.0,489.0,0.0,0.0,0.0,,0.0,0.0,7.0,10.0,4.0,9.0,0.0,0.0,0.0,0.0,0.0,0.0,0.0,19.0,0.0,0.0,0.0,0.0,0.0,589.0
2019-07-15,,0.0,3.0,250.0,0.0,0.0,0.0,0.0,0.0,0.0,0.0,0.0,0.0,0.0,521.0,0.0,0.0,0.0,,0.0,0.0,2.0,0.0,1.0,1.0,0.0,0.0,0.0,0.0,0.0,0.0,0.0,5.0,0.0,0.0,0.0,0.0,0.0,783.0
2019-07-16,,0.0,2.0,100.0,0.0,0.0,0.0,0.0,0.0,0.0,0.0,0.0,0.0,0.0,511.0,0.0,0.0,0.0,,0.0,0.0,2.0,0.0,1.0,2.0,0.0,0.0,0.0,0.0,0.0,0.0,0.0,4.0,180.0,0.0,0.0,0.0,0.0,802.0
2019-07-17,,0.0,2.0,148.0,0.0,0.0,0.0,0.0,0.0,0.0,0.0,0.0,0.0,0.0,543.0,0.0,0.0,0.0,,0.0,0.0,3.0,0.0,2.0,3.0,0.0,0.0,0.0,0.0,0.0,0.0,0.0,9.0,1060.0,0.0,0.0,0.0,0.0,1770.0
2019-07-18,,0.0,1.0,185.0,0.0,0.0,0.0,0.0,0.0,0.0,0.0,0.0,0.0,0.0,501.0,0.0,0.0,0.0,,0.0,0.0,3.0,0.0,1.0,2.0,0.0,0.0,0.0,0.0,0.0,0.0,0.0,10.0,1480.0,0.0,0.0,0.0,0.0,2183.0
2019-07-19,,0.0,2.0,154.0,0.0,0.0,0.0,0.0,0.0,0.0,0.0,0.0,270.0,0.0,494.0,0.0,0.0,0.0,,0.0,0.0,1.0,0.0,3.0,2.0,0.0,0.0,0.0,0.0,0.0,0.0,0.0,6.0,410.0,0.0,0.0,0.0,0.0,1342.0
2019-07-20,,0.0,1.0,156.0,0.0,0.0,0.0,0.0,0.0,0.0,0.0,0.0,0.0,0.0,536.0,0.0,0.0,0.0,,0.0,0.0,2.0,0.0,1.0,2.0,0.0,0.0,0.0,0.0,0.0,0.0,0.0,11.0,1420.0,0.0,0.0,0.0,0.0,2129.0
2019-07-21,,0.0,3.0,88.0,0.0,0.0,0.0,0.0,0.0,0.0,0.0,0.0,0.0,0.0,515.0,0.0,0.0,0.0,,0.0,0.0,7.0,9.0,1.0,4.0,0.0,0.0,0.0,0.0,0.0,0.0,0.0,17.0,170.0,0.0,0.0,0.0,0.0,814.0
2019-07-22,,0.0,2.0,146.0,0.0,0.0,0.0,0.0,0.0,0.0,0.0,0.0,0.0,0.0,534.0,0.0,0.0,0.0,,0.0,0.0,3.0,0.0,2.0,4.0,0.0,0.0,0.0,0.0,0.0,0.0,0.0,9.0,0.0,0.0,0.0,0.0,0.0,700.0
2019-07-23,,0.0,2.0,130.0,0.0,0.0,0.0,0.0,0.0,0.0,0.0,0.0,0.0,0.0,549.0,0.0,0.0,0.0,,0.0,0.0,3.0,0.0,2.0,1.0,0.0,0.0,0.0,0.0,0.0,0.0,0.0,4.0,1600.0,110.0,0.0,0.0,0.0,2401.0
2019-07-24,,0.0,2.0,100.0,0.0,0.0,0.0,0.0,0.0,0.0,0.0,0.0,0.0,0.0,588.0,0.0,0.0,0.0,,0.0,0.0,2.0,0.0,2.0,2.0,0.0,0.0,0.0,0.0,0.0,0.0,0.0,3.0,890.0,0.0,0.0,0.0,0.0,1589.0
2019-07-25,,0.0,2.0,126.0,0.0,0.0,0.0,0.0,0.0,0.0,0.0,0.0,0.0,0.0,531.0,0.0,0.0,0.0,,0.0,0.0,1.0,0.0,2.0,3.0,0.0,0.0,0.0,0.0,0.0,0.0,0.0,23.0,0.0,0.0,0.0,0.0,0.0,688.0
2019-07-26,,0.0,2.0,82.0,0.0,0.0,0.0,0.0,0.0,0.0,0.0,0.0,0.0,5.0,531.0,0.0,0.0,0.0,,0.0,0.0,2.0,0.0,1.0,2.0,0.0,0.0,0.0,0.0,0.0,0.0,0.0,2.0,0.0,0.0,0.0,0.0,0.0,627.0
2019-07-27,,0.0,0.0,143.0,0.0,0.0,0.0,0.0,0.0,0.0,0.0,0.0,0.0,0.0,505.0,0.0,0.0,0.0,,0.0,0.0,2.0,0.0,1.0,2.0,0.0,0.0,0.0,0.0,0.0,0.0,0.0,3.0,0.0,0.0,0.0,0.0,0.0,656.0
2019-07-28,,0.0,2.0,168.0,0.0,0.0,0.0,0.0,0.0,0.0,0.0,0.0,0.0,0.0,490.0,0.0,0.0,4.0,,0.0,0.0,1.0,0.0,1.0,2.0,0.0,-1.0,0.0,0.0,0.0,0.0,0.0,2.0,0.0,0.0,0.0,0.0,0.0,669.0
2019-07-29,,0.0,8.0,49.0,0.0,0.0,0.0,0.0,0.0,0.0,0.0,0.0,0.0,0.0,523.0,0.0,0.0,0.0,,0.0,0.0,9.0,7.0,5.0,7.0,0.0,0.0,0.0,0.0,0.0,0.0,0.0,18.0,360.0,0.0,0.0,0.0,0.0,986.0
2019-07-30,,0.0,6.0,59.0,0.0,0.0,0.0,0.0,0.0,0.0,0.0,0.0,0.0,0.0,529.0,100.0,0.0,0.0,,0.0,0.0,7.0,8.0,6.0,4.0,0.0,0.0,0.0,0.0,0.0,0.0,0.0,14.0,0.0,0.0,0.0,0.0,0.0,733.0
2019-07-31,,0.0,2.0,50.0,0.0,0.0,0.0,0.0,0.0,0.0,0.0,0.0,0.0,0.0,504.0,0.0,0.0,0.0,,0.0,0.0,2.0,0.0,1.0,2.0,0.0,0.0,0.0,0.0,0.0,0.0,0.0,5.0,0.0,0.0,0.0,0.0,0.0,566.0
2019-08-01,,0.0,3.0,60.0,0.0,0.0,0.0,0.0,0.0,0.0,0.0,0.0,0.0,0.0,519.0,0.0,0.0,0.0,,0.0,0.0,2.0,0.0,1.0,2.0,0.0,0.0,0.0,0.0,0.0,0.0,0.0,5.0,410.0,0.0,0.0,0.0,0.0,1002.0
2019-08-02,,0.0,2.0,141.0,0.0,0.0,0.0,0.0,0.0,0.0,0.0,0.0,0.0,0.0,487.0,0.0,0.0,-150.0,,0.0,0.0,3.0,0.0,1.0,2.0,0.0,0.0,0.0,0.0,0.0,0.0,0.0,8.0,0.0,0.0,0.0,0.0,0.0,494.0
2019-08-03,,0.0,3.0,102.0,0.0,0.0,0.0,0.0,0.0,0.0,0.0,0.0,0.0,0.0,518.0,0.0,0.0,0.0,,0.0,0.0,3.0,0.0,1.0,2.0,0.0,0.0,0.0,0.0,0.0,0.0,0.0,7.0,0.0,0.0,0.0,0.0,0.0,636.0
2019-08-04,,0.0,2.0,114.0,0.0,0.0,0.0,0.0,0.0,0.0,0.0,0.0,0.0,0.0,505.0,0.0,0.0,0.0,,0.0,0.0,2.0,0.0,1.0,2.0,0.0,0.0,0.0,0.0,0.0,0.0,0.0,3.0,0.0,0.0,0.0,0.0,0.0,629.0
2019-08-05,,0.0,2.0,121.0,0.0,0.0,0.0,0.0,0.0,0.0,0.0,0.0,138.0,0.0,556.0,0.0,0.0,0.0,,0.0,0.0,1.0,0.0,1.0,2.0,0.0,0.0,0.0,0.0,0.0,0.0,0.0,5.0,370.0,0.0,0.0,0.0,0.0,1196.0
2019-08-06,,0.0,7.0,74.0,0.0,0.0,0.0,0.0,0.0,0.0,0.0,0.0,0.0,0.0,520.0,0.0,0.0,0.0,,0.0,0.0,9.0,2.0,8.0,7.0,0.0,0.0,0.0,0.0,0.0,0.0,0.0,17.0,0.0,0.0,0.0,0.0,0.0,644.0
2019-08-07,,0.0,8.0,74.0,0.0,0.0,0.0,0.0,0.0,0.0,0.0,0.0,0.0,0.0,519.0,0.0,0.0,0.0,,0.0,0.0,9.0,11.0,7.0,8.0,0.0,0.0,0.0,0.0,0.0,0.0,0.0,17.0,0.0,0.0,0.0,0.0,0.0,653.0
2019-08-08,,0.0,1.0,90.0,0.0,0.0,0.0,0.0,0.0,0.0,0.0,0.0,0.0,0.0,526.0,0.0,0.0,0.0,,0.0,0.0,1.0,0.0,2.0,2.0,0.0,0.0,0.0,0.0,0.0,0.0,0.0,1.0,0.0,0.0,0.0,0.0,0.0,623.0
2019-08-09,,0.0,1.0,90.0,0.0,0.0,0.0,0.0,0.0,0.0,0.0,0.0,83.0,9.0,493.0,0.0,0.0,0.0,,0.0,0.0,2.0,0.0,2.0,2.0,0.0,0.0,0.0,0.0,0.0,0.0,0.0,1.0,0.0,0.0,0.0,0.0,0.0,683.0
2019-08-10,,0.0,2.0,147.0,0.0,0.0,0.0,0.0,0.0,0.0,0.0,0.0,0.0,0.0,528.0,0.0,0.0,0.0,,0.0,0.0,3.0,0.0,1.0,2.0,0.0,0.0,0.0,0.0,0.0,0.0,0.0,4.0,160.0,0.0,0.0,0.0,0.0,847.0
2019-08-11,,0.0,2.0,86.0,0.0,0.0,0.0,0.0,0.0,0.0,0.0,0.0,0.0,0.0,631.0,0.0,0.0,0.0,,0.0,0.0,1.0,0.0,3.0,2.0,0.0,0.0,0.0,0.0,0.0,0.0,0.0,4.0,0.0,0.0,0.0,0.0,0.0,729.0
2019-08-12,,0.0,4.0,35.0,0.0,0.0,0.0,0.0,0.0,0.0,0.0,0.0,0.0,0.0,503.0,0.0,0.0,0.0,,0.0,0.0,3.0,0.0,2.0,3.0,0.0,0.0,0.0,0.0,0.0,0.0,0.0,15.0,180.0,0.0,0.0,0.0,0.0,745.0
2019-08-13,,0.0,2.0,163.0,0.0,0.0,0.0,0.0,0.0,0.0,0.0,0.0,93.0,0.0,526.0,0.0,4.0,0.0,,0.0,0.0,2.0,0.0,3.0,1.0,0.0,0.0,0.0,0.0,0.0,0.0,0.0,4.0,0.0,0.0,0.0,0.0,0.0,798.0
2019-08-14,,0.0,9.0,65.0,0.0,0.0,0.0,0.0,0.0,0.0,0.0,0.0,0.0,0.0,526.0,0.0,0.0,0.0,,0.0,0.0,9.0,16.0,4.0,6.0,0.0,0.0,0.0,0.0,0.0,0.0,0.0,15.0,0.0,0.0,0.0,0.0,0.0,650.0
2019-08-15,,0.0,7.0,68.0,0.0,0.0,0.0,0.0,0.0,0.0,0.0,0.0,0.0,0.0,476.0,0.0,0.0,0.0,,0.0,0.0,8.0,11.0,7.0,8.0,0.0,0.0,0.0,0.0,0.0,0.0,0.0,18.0,0.0,0.0,0.0,0.0,0.0,603.0
2019-08-16,,0.0,2.0,80.0,0.0,0.0,0.0,0.0,0.0,0.0,0.0,0.0,0.0,0.0,488.0,0.0,0.0,0.0,,0.0,0.0,1.0,0.0,2.0,1.0,0.0,0.0,0.0,0.0,0.0,0.0,0.0,2.0,0.0,0.0,0.0,0.0,0.0,576.0
2019-08-17,,0.0,1.0,80.0,0.0,0.0,0.0,0.0,0.0,0.0,0.0,0.0,0.0,0.0,493.0,0.0,0.0,0.0,,0.0,0.0,2.0,0.0,1.0,2.0,0.0,0.0,0.0,0.0,0.0,0.0,0.0,2.0,0.0,0.0,0.0,0.0,0.0,581.0
2019-08-18,,0.0,3.0,114.0,0.0,0.0,0.0,0.0,0.0,0.0,0.0,0.0,168.0,0.0,512.0,0.0,0.0,0.0,,0.0,0.0,2.0,0.0,3.0,2.0,0.0,0.0,0.0,0.0,0.0,0.0,0.0,7.0,700.0,0.0,0.0,0.0,0.0,1511.0
2019-08-19,,0.0,1.0,142.0,0.0,0.0,0.0,0.0,0.0,0.0,0.0,0.0,578.0,0.0,491.0,0.0,0.0,0.0,,0.0,0.0,2.0,0.0,1.0,3.0,0.0,0.0,0.0,0.0,0.0,0.0,0.0,1.0,0.0,0.0,0.0,0.0,0.0,1219.0
2019-08-20,,0.0,3.0,113.0,0.0,0.0,0.0,0.0,0.0,0.0,0.0,0.0,0.0,0.0,522.0,0.0,0.0,0.0,,0.0,0.0,2.0,0.0,5.0,2.0,0.0,0.0,0.0,0.0,0.0,0.0,0.0,6.0,0.0,0.0,0.0,0.0,0.0,653.0
2019-08-21,,0.0,2.0,93.0,0.0,0.0,0.0,0.0,0.0,0.0,0.0,0.0,0.0,0.0,544.0,0.0,0.0,0.0,,0.0,0.0,4.0,0.0,1.0,3.0,0.0,0.0,0.0,0.0,0.0,0.0,0.0,4.0,0.0,0.0,0.0,0.0,0.0,651.0
2019-08-22,,0.0,3.0,85.0,0.0,0.0,0.0,0.0,0.0,0.0,0.0,0.0,0.0,0.0,527.0,0.0,0.0,0.0,,0.0,0.0,5.0,0.0,2.0,1.0,0.0,0.0,0.0,0.0,0.0,0.0,0.0,4.0,0.0,0.0,0.0,0.0,0.0,627.0
2019-08-23,,0.0,1.0,168.0,0.0,0.0,0.0,0.0,0.0,0.0,0.0,0.0,0.0,0.0,542.0,0.0,0.0,0.0,,0.0,0.0,2.0,0.0,1.0,3.0,0.0,0.0,0.0,0.0,0.0,0.0,0.0,6.0,170.0,0.0,0.0,0.0,0.0,893.0
2019-08-24,,0.0,1.0,120.0,0.0,0.0,0.0,0.0,0.0,0.0,0.0,0.0,0.0,0.0,532.0,0.0,0.0,0.0,,0.0,0.0,2.0,0.0,1.0,2.0,0.0,0.0,0.0,0.0,0.0,0.0,0.0,2.0,0.0,0.0,0.0,0.0,0.0,660.0
2019-08-25,,0.0,1.0,85.0,0.0,0.0,0.0,0.0,0.0,0.0,0.0,0.0,0.0,0.0,541.0,0.0,0.0,0.0,,0.0,0.0,3.0,0.0,2.0,1.0,0.0,0.0,0.0,0.0,0.0,0.0,0.0,2.0,0.0,0.0,0.0,0.0,0.0,635.0
2019-08-25,,0.0,1.0,85.0,0.0,0.0,0.0,0.0,0.0,0.0,0.0,0.0,0.0,0.0,541.0,0.0,0.0,0.0,,0.0,0.0,3.0,0.0,2.0,1.0,0.0,0.0,0.0,0.0,0.0,0.0,0.0,2.0,0.0,0.0,0.0,0.0,0.0,635.0
2019-08-26,,0.0,2.0,89.0,0.0,0.0,0.0,0.0,0.0,0.0,0.0,0.0,0.0,0.0,494.0,0.0,0.0,0.0,,0.0,0.0,1.0,0.0,2.0,1.0,0.0,0.0,0.0,0.0,0.0,0.0,0.0,8.0,440.0,0.0,0.0,0.0,0.0,1037.0
2019-08-27,,0.0,2.0,78.0,0.0,0.0,0.0,0.0,0.0,0.0,0.0,0.0,63.0,0.0,488.0,0.0,0.0,0.0,,0.0,0.0,3.0,0.0,1.0,2.0,0.0,0.0,0.0,0.0,0.0,0.0,0.0,14.0,890.0,35.0,0.0,0.0,0.0,1576.0
2019-08-28,,0.0,1.0,147.0,0.0,0.0,0.0,0.0,0.0,0.0,0.0,0.0,0.0,0.0,489.0,0.0,0.0,0.0,,0.0,0.0,2.0,0.0,2.0,1.0,0.0,0.0,0.0,0.0,0.0,0.0,0.0,4.0,1840.0,0.0,0.0,0.0,0.0,2486.0
2019-08-29,,0.0,2.0,69.0,0.0,0.0,49.0,0.0,0.0,0.0,0.0,0.0,0.0,0.0,519.0,0.0,0.0,0.0,,0.0,0.0,2.0,0.0,1.0,3.0,250.0,0.0,0.0,0.0,0.0,0.0,0.0,4.0,340.0,0.0,0.0,0.0,0.0,1239.0
2019-08-30,,0.0,9.0,67.0,0.0,0.0,0.0,0.0,0.0,0.0,0.0,0.0,50.0,0.0,520.0,0.0,0.0,0.0,,0.0,0.0,12.0,6.0,6.0,8.0,0.0,0.0,0.0,0.0,0.0,0.0,0.0,25.0,1140.0,0.0,0.0,0.0,0.0,1843.0
2019-08-31,,0.0,2.0,85.0,0.0,0.0,0.0,0.0,0.0,0.0,0.0,0.0,0.0,0.0,532.0,0.0,0.0,-75.0,,0.0,0.0,1.0,0.0,2.0,1.0,0.0,0.0,0.0,0.0,0.0,0.0,0.0,2.0,890.0,0.0,0.0,0.0,0.0,1440.0
2019-09-01,,0.0,1.0,80.0,0.0,0.0,0.0,0.0,0.0,0.0,0.0,0.0,0.0,33.0,472.0,0.0,0.0,0.0,,0.0,0.0,2.0,0.0,1.0,1.0,0.0,0.0,0.0,0.0,0.0,0.0,0.0,1.0,680.0,0.0,0.0,0.0,0.0,1271.0
2019-09-02,,0.0,2.0,105.0,0.0,0.0,0.0,0.0,0.0,0.0,0.0,0.0,0.0,0.0,498.0,0.0,0.0,0.0,,0.0,0.0,3.0,0.0,1.0,1.0,0.0,0.0,0.0,0.0,0.0,0.0,0.0,5.0,0.0,0.0,0.0,0.0,0.0,615.0
2019-09-03,,0.0,2.0,92.0,0.0,0.0,0.0,0.0,0.0,0.0,0.0,0.0,0.0,0.0,522.0,0.0,0.0,0.0,,0.0,0.0,2.0,0.0,1.0,3.0,0.0,0.0,0.0,0.0,0.0,0.0,0.0,18.0,0.0,0.0,0.0,0.0,0.0,640.0
2019-09-04,,0.0,2.0,98.0,0.0,0.0,0.0,0.0,0.0,0.0,0.0,0.0,0.0,0.0,493.0,0.0,0.0,0.0,,0.0,0.0,4.0,0.0,1.0,2.0,0.0,0.0,0.0,0.0,0.0,0.0,0.0,3.0,1730.0,0.0,0.0,0.0,0.0,2333.0
2019-09-05,,6.0,1.0,92.0,0.0,0.0,37.0,0.0,0.0,0.0,0.0,0.0,0.0,0.0,484.0,0.0,0.0,0.0,,0.0,0.0,3.0,0.0,1.0,2.0,0.0,0.0,0.0,0.0,0.0,0.0,0.0,3.0,0.0,0.0,0.0,0.0,0.0,629.0
2019-09-06,,0.0,2.0,134.0,0.0,0.0,0.0,0.0,0.0,0.0,0.0,0.0,0.0,0.0,516.0,0.0,0.0,0.0,,0.0,0.0,1.0,0.0,1.0,2.0,0.0,0.0,0.0,0.0,0.0,0.0,0.0,3.0,0.0,0.0,0.0,0.0,0.0,659.0
2019-09-07,,0.0,6.0,68.0,0.0,0.0,0.0,0.0,0.0,0.0,0.0,0.0,0.0,0.0,526.0,0.0,0.0,0.0,,0.0,0.0,5.0,8.0,4.0,6.0,0.0,0.0,0.0,0.0,0.0,0.0,0.0,15.0,590.0,0.0,0.0,0.0,0.0,1228.0
2019-09-08,,0.0,5.0,59.0,0.0,0.0,0.0,0.0,0.0,0.0,0.0,0.0,0.0,15.0,493.0,0.0,0.0,0.0,,0.0,0.0,4.0,2.0,3.0,5.0,0.0,0.0,0.0,0.0,0.0,0.0,0.0,12.0,0.0,0.0,0.0,0.0,0.0,598.0
2019-09-09,,0.0,1.0,110.0,0.0,0.0,0.0,0.0,0.0,0.0,0.0,0.0,0.0,0.0,513.0,0.0,0.0,0.0,,0.0,0.0,2.0,0.0,1.0,2.0,0.0,0.0,0.0,0.0,0.0,0.0,0.0,4.0,0.0,0.0,0.0,0.0,0.0,633.0
2019-09-10,,0.0,1.0,130.0,0.0,0.0,0.0,0.0,0.0,0.0,0.0,0.0,0.0,2.0,553.0,0.0,0.0,0.0,,0.0,0.0,2.0,0.0,1.0,1.0,0.0,0.0,0.0,0.0,0.0,0.0,0.0,3.0,1930.0,0.0,0.0,0.0,0.0,2623.0
2019-09-11,,0.0,1.0,88.0,0.0,0.0,0.0,0.0,0.0,0.0,0.0,0.0,0.0,0.0,541.0,0.0,0.0,-50.0,,0.0,0.0,2.0,0.0,1.0,2.0,0.0,0.0,0.0,0.0,0.0,0.0,0.0,1.0,220.0,0.0,0.0,0.0,0.0,806.0
2019-09-12,,0.0,2.0,74.0,0.0,0.0,0.0,0.0,0.0,0.0,0.0,0.0,0.0,12.0,517.0,0.0,0.0,0.0,,0.0,0.0,2.0,0.0,1.0,1.0,0.0,0.0,0.0,0.0,0.0,0.0,0.0,1.0,710.0,0.0,0.0,0.0,0.0,1320.0
2019-09-13,,0.0,1.0,133.0,0.0,0.0,0.0,0.0,0.0,0.0,0.0,0.0,0.0,0.0,530.0,0.0,0.0,0.0,,0.0,0.0,2.0,0.0,1.0,2.0,0.0,0.0,0.0,0.0,0.0,0.0,0.0,3.0,0.0,0.0,0.0,0.0,0.0,672.0
2019-09-14,,0.0,1.0,147.0,0.0,0.0,0.0,0.0,0.0,0.0,0.0,0.0,0.0,0.0,525.0,0.0,0.0,0.0,,0.0,0.0,1.0,0.0,3.0,1.0,0.0,-1.0,0.0,0.0,0.0,0.0,0.0,2.0,0.0,0.0,0.0,0.0,0.0,679.0
2019-09-15,,0.0,8.0,87.0,0.0,0.0,0.0,0.0,0.0,0.0,0.0,0.0,0.0,0.0,535.0,0.0,0.0,0.0,,0.0,0.0,11.0,9.0,7.0,7.0,0.0,0.0,0.0,0.0,0.0,0.0,0.0,19.0,880.0,0.0,0.0,0.0,0.0,1563.0
2019-09-16,,0.0,7.0,64.0,0.0,0.0,0.0,0.0,0.0,0.0,0.0,0.0,0.0,0.0,562.0,0.0,0.0,0.0,,0.0,0.0,8.0,4.0,6.0,7.0,0.0,0.0,0.0,0.0,0.0,0.0,0.0,18.0,1410.0,0.0,0.0,0.0,0.0,2086.0
2019-09-17,,0.0,1.0,110.0,0.0,0.0,0.0,0.0,0.0,0.0,0.0,0.0,0.0,0.0,556.0,0.0,0.0,0.0,,0.0,0.0,2.0,0.0,1.0,1.0,0.0,0.0,0.0,0.0,0.0,0.0,0.0,1.0,0.0,0.0,0.0,0.0,0.0,672.0
2019-09-18,,0.0,1.0,88.0,0.0,0.0,0.0,0.0,0.0,0.0,0.0,0.0,0.0,0.0,586.0,0.0,0.0,0.0,,0.0,0.0,1.0,0.0,1.0,1.0,0.0,0.0,0.0,0.0,0.0,0.0,0.0,2.0,0.0,0.0,0.0,0.0,0.0,680.0
2019-09-19,,0.0,2.0,75.0,0.0,0.0,0.0,0.0,0.0,0.0,0.0,0.0,0.0,0.0,539.0,0.0,0.0,0.0,,0.0,0.0,1.0,0.0,1.0,2.0,0.0,0.0,0.0,0.0,0.0,0.0,0.0,1.0,0.0,0.0,0.0,0.0,0.0,621.0
2019-09-20,,0.0,2.0,86.0,0.0,0.0,0.0,0.0,0.0,0.0,0.0,0.0,0.0,0.0,482.0,0.0,0.0,0.0,,0.0,0.0,3.0,0.0,1.0,2.0,0.0,0.0,0.0,0.0,0.0,0.0,0.0,10.0,900.0,0.0,0.0,0.0,0.0,1486.0
2019-09-21,,0.0,1.0,80.0,0.0,0.0,0.0,0.0,0.0,0.0,0.0,0.0,0.0,0.0,505.0,0.0,0.0,0.0,,0.0,0.0,1.0,0.0,2.0,1.0,0.0,0.0,0.0,0.0,0.0,0.0,0.0,2.0,0.0,0.0,0.0,0.0,0.0,592.0
2019-09-22,,0.0,2.0,169.0,0.0,0.0,0.0,0.0,0.0,0.0,0.0,0.0,0.0,0.0,541.0,0.0,0.0,0.0,,0.0,0.0,4.0,0.0,2.0,2.0,0.0,0.0,0.0,0.0,0.0,0.0,0.0,10.0,0.0,0.0,0.0,0.0,0.0,730.0
2019-09-23,,0.0,9.0,67.0,0.0,0.0,0.0,0.0,0.0,0.0,0.0,0.0,0.0,0.0,550.0,0.0,0.0,0.0,,0.0,0.0,11.0,6.0,7.0,6.0,0.0,0.0,0.0,0.0,0.0,0.0,0.0,18.0,660.0,0.0,0.0,0.0,0.0,1334.0
2019-09-24,,0.0,3.0,41.0,0.0,0.0,0.0,0.0,0.0,0.0,0.0,0.0,0.0,0.0,523.0,0.0,0.0,0.0,,0.0,0.0,7.0,3.0,4.0,7.0,0.0,0.0,0.0,0.0,0.0,0.0,0.0,12.0,520.0,0.0,0.0,0.0,0.0,1120.0
2019-09-25,,0.0,1.0,90.0,0.0,0.0,0.0,0.0,0.0,0.0,0.0,0.0,0.0,0.0,549.0,0.0,0.0,0.0,,0.0,0.0,2.0,0.0,1.0,2.0,0.0,0.0,0.0,0.0,0.0,0.0,0.0,3.0,0.0,0.0,0.0,0.0,0.0,648.0
2019-09-26,,0.0,1.0,103.0,0.0,0.0,0.0,0.0,0.0,0.0,0.0,0.0,0.0,0.0,532.0,0.0,0.0,0.0,,0.0,0.0,2.0,0.0,1.0,1.0,0.0,0.0,0.0,0.0,0.0,0.0,0.0,3.0,0.0,0.0,0.0,0.0,0.0,643.0
2019-09-27,,0.0,3.0,68.0,0.0,0.0,0.0,0.0,0.0,0.0,0.0,0.0,0.0,0.0,531.0,0.0,0.0,0.0,,0.0,0.0,4.0,0.0,1.0,2.0,0.0,0.0,0.0,0.0,0.0,0.0,0.0,4.0,0.0,0.0,0.0,0.0,0.0,613.0
2019-09-28,,0.0,2.0,153.0,0.0,0.0,0.0,0.0,0.0,0.0,0.0,0.0,0.0,0.0,488.0,0.0,0.0,0.0,,0.0,0.0,3.0,0.0,2.0,3.0,0.0,0.0,0.0,0.0,0.0,0.0,0.0,2.0,0.0,0.0,0.0,0.0,0.0,653.0
2019-09-29,,0.0,1.0,117.0,0.0,0.0,0.0,0.0,0.0,0.0,0.0,0.0,0.0,0.0,508.0,0.0,0.0,0.0,,0.0,0.0,2.0,0.0,3.0,2.0,0.0,0.0,0.0,0.0,0.0,0.0,0.0,6.0,0.0,0.0,0.0,0.0,0.0,639.0
2019-09-30,,0.0,1.0,142.0,0.0,0.0,0.0,0.0,0.0,0.0,0.0,0.0,0.0,0.0,551.0,0.0,0.0,0.0,,0.0,0.0,2.0,0.0,1.0,3.0,0.0,0.0,0.0,0.0,0.0,0.0,0.0,4.0,1230.0,0.0,0.0,0.0,0.0,1934.0
2019-10-01,,0.0,2.0,135.0,0.0,0.0,36.0,0.0,0.0,0.0,0.0,0.0,0.0,0.0,525.0,0.0,0.0,0.0,,0.0,0.0,1.0,0.0,2.0,2.0,0.0,0.0,0.0,0.0,0.0,0.0,0.0,3.0,280.0,0.0,0.0,0.0,0.0,986.0
2019-10-02,,0.0,3.0,68.0,0.0,0.0,0.0,0.0,0.0,0.0,0.0,0.0,0.0,0.0,571.0,0.0,0.0,0.0,,0.0,0.0,4.0,5.0,2.0,3.0,0.0,0.0,0.0,0.0,0.0,0.0,0.0,14.0,340.0,0.0,0.0,0.0,0.0,1010.0
2019-10-03,,0.0,3.0,110.0,0.0,0.0,0.0,0.0,0.0,0.0,0.0,0.0,122.0,9.0,498.0,0.0,0.0,0.0,,0.0,0.0,4.0,0.0,1.0,3.0,0.0,-1.0,0.0,0.0,0.0,0.0,-3.0,0.0,270.0,0.0,0.0,0.0,0.0,1016.0
2019-10-04,,0.0,1.0,104.0,0.0,0.0,36.0,0.0,0.0,0.0,0.0,0.0,0.0,0.0,545.0,0.0,0.0,0.0,,0.0,0.0,2.0,0.0,1.0,2.0,0.0,0.0,0.0,0.0,0.0,0.0,0.0,1.0,390.0,0.0,0.0,0.0,0.0,1082.0
2019-10-05,,0.0,1.0,62.0,0.0,0.0,0.0,0.0,0.0,0.0,0.0,0.0,0.0,0.0,508.0,0.0,0.0,0.0,,0.0,0.0,2.0,0.0,1.0,2.0,0.0,0.0,0.0,0.0,0.0,0.0,0.0,0.0,0.0,0.0,0.0,0.0,0.0,576.0
2019-10-06,,0.0,1.0,13.0,0.0,0.0,0.0,0.0,0.0,0.0,0.0,0.0,0.0,0.0,464.0,0.0,0.0,0.0,,0.0,0.0,2.0,0.0,1.0,2.0,0.0,0.0,0.0,0.0,0.0,0.0,0.0,2.0,0.0,0.0,0.0,0.0,0.0,485.0
2019-10-07,,0.0,1.0,24.0,0.0,0.0,0.0,0.0,0.0,0.0,0.0,0.0,0.0,0.0,478.0,0.0,0.0,0.0,,0.0,0.0,2.0,0.0,1.0,3.0,0.0,0.0,0.0,0.0,0.0,0.0,0.0,3.0,0.0,0.0,0.0,0.0,0.0,512.0
2019-10-08,,0.0,1.0,186.0,0.0,0.0,0.0,0.0,0.0,0.0,0.0,0.0,0.0,0.0,477.0,0.0,0.0,0.0,,0.0,0.0,3.0,0.0,1.0,2.0,0.0,0.0,0.0,0.0,0.0,0.0,0.0,3.0,0.0,0.0,0.0,0.0,0.0,673.0
2019-10-09,,0.0,2.0,47.0,0.0,0.0,0.0,0.0,0.0,0.0,0.0,0.0,0.0,0.0,519.0,0.0,0.0,0.0,,0.0,0.0,3.0,2.0,1.0,1.0,0.0,0.0,0.0,0.0,0.0,0.0,0.0,8.0,0.0,0.0,0.0,0.0,0.0,583.0
2019-10-10,,0.0,3.0,45.0,0.0,0.0,0.0,0.0,0.0,0.0,0.0,0.0,0.0,0.0,555.0,0.0,0.0,0.0,,0.0,0.0,2.0,2.0,1.0,1.0,0.0,0.0,0.0,0.0,0.0,0.0,0.0,7.0,0.0,0.0,0.0,0.0,0.0,616.0
2019-10-11,,0.0,1.0,20.0,0.0,0.0,0.0,0.0,0.0,0.0,0.0,0.0,0.0,0.0,579.0,0.0,0.0,0.0,,0.0,0.0,1.0,0.0,1.0,2.0,0.0,0.0,0.0,0.0,0.0,0.0,0.0,1.0,0.0,0.0,0.0,0.0,0.0,605.0
2019-10-12,,0.0,1.0,93.0,0.0,0.0,0.0,0.0,0.0,0.0,0.0,0.0,0.0,0.0,531.0,0.0,0.0,0.0,,0.0,0.0,2.0,0.0,1.0,1.0,0.0,0.0,0.0,0.0,0.0,0.0,0.0,0.0,0.0,0.0,0.0,0.0,0.0,629.0
2019-10-13,,0.0,2.0,75.0,0.0,0.0,0.0,0.0,0.0,0.0,0.0,0.0,0.0,0.0,551.0,0.0,0.0,0.0,,0.0,0.0,3.0,0.0,1.0,2.0,0.0,0.0,0.0,0.0,0.0,0.0,0.0,1.0,0.0,0.0,0.0,0.0,0.0,635.0
2019-10-14,,0.0,2.0,12.0,0.0,0.0,0.0,0.0,0.0,0.0,0.0,0.0,0.0,0.0,523.0,0.0,0.0,0.0,,0.0,0.0,3.0,0.0,1.0,2.0,0.0,0.0,0.0,0.0,0.0,0.0,0.0,2.0,0.0,0.0,0.0,0.0,0.0,545.0
2019-10-15,,0.0,1.0,108.0,0.0,0.0,0.0,0.0,0.0,0.0,0.0,0.0,0.0,0.0,511.0,0.0,0.0,0.0,,0.0,0.0,4.0,0.0,1.0,2.0,0.0,0.0,0.0,0.0,0.0,0.0,0.0,6.0,0.0,0.0,0.0,0.0,0.0,633.0
2019-10-16,,0.0,2.0,72.0,0.0,0.0,0.0,0.0,0.0,0.0,0.0,0.0,0.0,0.0,538.0,0.0,0.0,0.0,,0.0,0.0,3.0,0.0,1.0,2.0,0.0,0.0,0.0,0.0,0.0,0.0,0.0,4.0,0.0,0.0,0.0,0.0,0.0,622.0
2019-10-17,,0.0,7.0,64.0,0.0,0.0,0.0,0.0,0.0,0.0,0.0,0.0,0.0,0.0,558.0,0.0,0.0,0.0,,0.0,0.0,9.0,7.0,4.0,7.0,0.0,0.0,0.0,0.0,0.0,0.0,0.0,14.0,0.0,0.0,0.0,0.0,0.0,670.0
2019-10-18,,0.0,1.0,110.0,0.0,0.0,0.0,0.0,0.0,0.0,0.0,0.0,0.0,0.0,526.0,0.0,0.0,0.0,,0.0,0.0,2.0,0.0,1.0,2.0,0.0,0.0,0.0,0.0,0.0,0.0,0.0,1.0,0.0,0.0,0.0,0.0,0.0,643.0
2019-10-19,,0.0,1.0,132.0,0.0,0.0,0.0,0.0,0.0,0.0,0.0,0.0,0.0,0.0,548.0,0.0,0.0,0.0,,0.0,0.0,2.0,0.0,1.0,2.0,0.0,0.0,0.0,0.0,0.0,0.0,0.0,3.0,0.0,0.0,0.0,0.0,0.0,689.0
2019-10-20,,0.0,1.0,90.0,0.0,0.0,0.0,0.0,0.0,0.0,0.0,0.0,0.0,0.0,573.0,0.0,0.0,0.0,,0.0,0.0,2.0,0.0,2.0,1.0,0.0,0.0,0.0,0.0,0.0,0.0,0.0,1.0,0.0,0.0,0.0,0.0,0.0,670.0
2019-10-21,,0.0,2.0,154.0,0.0,0.0,0.0,0.0,0.0,0.0,0.0,0.0,0.0,0.0,521.0,0.0,0.0,0.0,,0.0,0.0,3.0,0.0,1.0,2.0,0.0,0.0,0.0,0.0,0.0,0.0,0.0,0.0,0.0,0.0,0.0,0.0,0.0,683.0
2019-10-23,,0.0,1.0,53.0,0.0,0.0,0.0,0.0,0.0,0.0,0.0,0.0,0.0,0.0,530.0,0.0,0.0,0.0,,0.0,0.0,2.0,0.0,2.0,2.0,0.0,0.0,0.0,0.0,0.0,0.0,0.0,0.0,0.0,0.0,0.0,0.0,0.0,590.0
2019-10-24,,0.0,1.0,131.0,0.0,0.0,0.0,0.0,0.0,0.0,0.0,0.0,0.0,0.0,608.0,0.0,0.0,0.0,,0.0,0.0,2.0,0.0,1.0,2.0,0.0,0.0,0.0,0.0,0.0,0.0,0.0,0.0,0.0,0.0,0.0,0.0,0.0,745.0
2019-10-25,,0.0,9.0,91.0,0.0,0.0,0.0,0.0,0.0,0.0,0.0,0.0,0.0,0.0,553.0,0.0,0.0,0.0,,0.0,0.0,11.0,15.0,4.0,6.0,0.0,0.0,0.0,0.0,0.0,0.0,0.0,18.0,0.0,0.0,0.0,0.0,0.0,707.0
2019-10-26,,0.0,5.0,118.0,0.0,0.0,0.0,0.0,0.0,0.0,0.0,0.0,0.0,0.0,560.0,0.0,0.0,0.0,,0.0,0.0,6.0,11.0,7.0,5.0,0.0,0.0,0.0,0.0,0.0,0.0,0.0,18.0,0.0,0.0,0.0,0.0,0.0,730.0
2019-10-27,,0.0,1.0,70.0,0.0,0.0,0.0,0.0,0.0,0.0,0.0,0.0,0.0,0.0,549.0,0.0,0.0,0.0,,0.0,0.0,2.0,0.0,1.0,2.0,0.0,0.0,0.0,0.0,0.0,0.0,0.0,1.0,0.0,0.0,0.0,0.0,0.0,626.0
2019-10-28,,0.0,1.0,50.0,0.0,0.0,0.0,0.0,0.0,0.0,0.0,0.0,0.0,0.0,583.0,0.0,0.0,0.0,,0.0,0.0,1.0,0.0,2.0,1.0,0.0,0.0,0.0,0.0,0.0,0.0,0.0,1.0,0.0,0.0,0.0,0.0,0.0,639.0
2019-10-29,,0.0,2.0,101.0,0.0,0.0,0.0,0.0,0.0,0.0,0.0,0.0,0.0,18.0,596.0,0.0,0.0,0.0,,0.0,0.0,3.0,0.0,2.0,2.0,0.0,0.0,0.0,0.0,0.0,0.0,-7.0,0.0,0.0,0.0,0.0,0.0,0.0,717.0
2019-10-30,,0.0,2.0,20.0,0.0,0.0,0.0,0.0,0.0,0.0,0.0,0.0,0.0,0.0,546.0,0.0,0.0,0.0,,0.0,0.0,3.0,0.0,1.0,2.0,0.0,0.0,0.0,0.0,0.0,0.0,0.0,2.0,0.0,0.0,0.0,0.0,0.0,576.0
2019-10-31,,0.0,1.0,60.0,0.0,0.0,0.0,0.0,0.0,0.0,0.0,0.0,0.0,0.0,556.0,0.0,0.0,0.0,,0.0,0.0,1.0,0.0,2.0,1.0,0.0,0.0,0.0,0.0,0.0,0.0,0.0,1.0,0.0,0.0,0.0,0.0,0.0,622.0
2019-11-01,,0.0,0.0,34.0,0.0,0.0,33.0,0.0,0.0,0.0,0.0,0.0,0.0,0.0,586.0,0.0,0.0,0.0,,0.0,0.0,2.0,0.0,1.0,2.0,0.0,0.0,0.0,0.0,0.0,0.0,0.0,0.0,0.0,0.0,0.0,0.0,0.0,658.0
2019-11-02,,0.0,4.0,58.0,0.0,0.0,0.0,0.0,0.0,0.0,0.0,0.0,0.0,0.0,551.0,0.0,0.0,0.0,,0.0,0.0,7.0,8.0,4.0,4.0,0.0,0.0,0.0,0.0,0.0,0.0,0.0,11.0,0.0,0.0,0.0,0.0,0.0,647.0
2019-11-03,,0.0,1.0,79.0,0.0,0.0,0.0,0.0,0.0,0.0,0.0,0.0,0.0,0.0,541.0,0.0,0.0,0.0,,0.0,0.0,2.0,0.0,1.0,1.0,0.0,0.0,0.0,0.0,0.0,0.0,0.0,5.0,0.0,0.0,0.0,0.0,0.0,630.0
2019-11-04,,0.0,1.0,50.0,0.0,0.0,0.0,0.0,0.0,0.0,0.0,0.0,0.0,0.0,584.0,0.0,0.0,0.0,,0.0,0.0,1.0,0.0,1.0,1.0,0.0,0.0,0.0,0.0,0.0,0.0,0.0,1.0,0.0,0.0,0.0,0.0,0.0,639.0
2019-11-05,,0.0,1.0,70.0,0.0,0.0,0.0,0.0,0.0,0.0,0.0,0.0,0.0,0.0,564.0,0.0,0.0,0.0,,0.0,0.0,1.0,0.0,1.0,1.0,0.0,0.0,0.0,0.0,0.0,0.0,0.0,1.0,0.0,0.0,0.0,0.0,0.0,639.0
2019-11-06,,0.0,1.0,26.0,0.0,0.0,0.0,0.0,0.0,0.0,0.0,0.0,0.0,0.0,509.0,0.0,0.0,0.0,,0.0,0.0,2.0,0.0,1.0,2.0,0.0,0.0,0.0,0.0,0.0,0.0,0.0,0.0,0.0,0.0,0.0,0.0,0.0,541.0
2019-11-07,,0.0,2.0,36.0,0.0,0.0,0.0,0.0,0.0,0.0,0.0,0.0,0.0,0.0,275.0,0.0,0.0,0.0,,0.0,0.0,3.0,0.0,1.0,2.0,0.0,0.0,0.0,0.0,0.0,0.0,0.0,2.0,0.0,0.0,0.0,0.0,0.0,321.0
2019-11-08,,0.0,2.0,26.0,0.0,0.0,0.0,0.0,0.0,0.0,0.0,0.0,0.0,0.0,192.0,0.0,0.0,0.0,,0.0,0.0,3.0,0.0,1.0,2.0,0.0,0.0,0.0,0.0,0.0,0.0,0.0,4.0,0.0,0.0,0.0,0.0,0.0,230.0
2019-11-09,,0.0,2.0,41.0,0.0,0.0,0.0,0.0,0.0,0.0,0.0,0.0,0.0,0.0,393.0,0.0,0.0,0.0,,0.0,0.0,3.0,0.0,1.0,2.0,0.0,0.0,0.0,0.0,0.0,0.0,0.0,4.0,0.0,0.0,0.0,0.0,0.0,446.0
2019-11-10,,0.0,6.0,57.0,0.0,0.0,0.0,0.0,0.0,0.0,0.0,0.0,0.0,0.0,481.0,0.0,0.0,0.0,,0.0,0.0,2.0,3.0,4.0,1.0,0.0,0.0,0.0,0.0,0.0,0.0,0.0,13.0,0.0,0.0,0.0,0.0,0.0,567.0
2019-11-11,,0.0,5.0,52.0,0.0,0.0,0.0,0.0,0.0,0.0,0.0,0.0,0.0,0.0,500.0,0.0,0.0,0.0,,0.0,0.0,3.0,1.0,2.0,2.0,0.0,0.0,0.0,0.0,0.0,0.0,0.0,12.0,0.0,0.0,0.0,0.0,0.0,577.0
2019-11-12,,0.0,2.0,4.0,0.0,0.0,0.0,0.0,0.0,0.0,0.0,0.0,0.0,0.0,495.0,0.0,0.0,0.0,,0.0,0.0,43.0,0.0,1.0,2.0,0.0,0.0,0.0,0.0,0.0,0.0,0.0,0.0,0.0,0.0,0.0,0.0,0.0,547.0
2019-11-13,,0.0,1.0,30.0,0.0,0.0,0.0,0.0,0.0,0.0,0.0,0.0,0.0,0.0,529.0,0.0,0.0,0.0,,0.0,0.0,1.0,0.0,1.0,2.0,0.0,0.0,0.0,0.0,0.0,0.0,0.0,1.0,0.0,0.0,0.0,0.0,0.0,565.0
2019-11-14,,0.0,2.0,24.0,0.0,0.0,0.0,0.0,0.0,0.0,0.0,0.0,0.0,0.0,551.0,0.0,0.0,0.0,,0.0,0.0,3.0,0.0,1.0,2.0,0.0,0.0,0.0,0.0,0.0,0.0,0.0,1.0,0.0,0.0,0.0,0.0,0.0,584.0
2019-11-15,,0.0,2.0,21.0,0.0,0.0,0.0,0.0,0.0,0.0,0.0,0.0,0.0,0.0,512.0,0.0,0.0,0.0,,0.0,0.0,1.0,0.0,1.0,1.0,0.0,0.0,0.0,0.0,0.0,0.0,0.0,2.0,0.0,0.0,0.0,0.0,0.0,540.0
2019-11-16,,0.0,1.0,10.0,0.0,0.0,0.0,0.0,0.0,0.0,0.0,0.0,0.0,0.0,515.0,0.0,0.0,0.0,,0.0,0.0,2.0,0.0,1.0,2.0,0.0,0.0,0.0,0.0,0.0,0.0,0.0,3.0,0.0,0.0,0.0,0.0,0.0,534.0
2019-11-17,,0.0,2.0,45.0,0.0,0.0,0.0,0.0,0.0,0.0,0.0,0.0,0.0,5.0,559.0,0.0,0.0,0.0,,0.0,0.0,3.0,0.0,1.0,2.0,0.0,0.0,0.0,0.0,0.0,0.0,0.0,4.0,0.0,0.0,0.0,0.0,0.0,621.0
2019-11-18,,0.0,2.0,35.0,0.0,0.0,0.0,0.0,0.0,0.0,0.0,0.0,0.0,0.0,529.0,0.0,0.0,0.0,,0.0,0.0,1.0,0.0,1.0,2.0,0.0,0.0,0.0,0.0,0.0,5.0,0.0,1.0,0.0,0.0,0.0,0.0,0.0,576.0
2019-11-19,,0.0,2.0,28.0,0.0,0.0,0.0,0.0,0.0,0.0,0.0,0.0,0.0,0.0,556.0,0.0,0.0,0.0,,0.0,0.0,3.0,0.0,2.0,1.0,0.0,0.0,0.0,0.0,0.0,0.0,0.0,0.0,0.0,0.0,0.0,0.0,0.0,592.0
2019-11-20,,0.0,1.0,45.0,0.0,0.0,0.0,0.0,0.0,0.0,0.0,0.0,0.0,10.0,538.0,0.0,0.0,-50.0,,0.0,0.0,1.0,0.0,1.0,2.0,0.0,0.0,0.0,0.0,0.0,0.0,0.0,1.0,0.0,0.0,0.0,0.0,0.0,549.0
2019-11-21,,0.0,1.0,40.0,0.0,0.0,0.0,0.0,0.0,0.0,0.0,0.0,0.0,0.0,540.0,0.0,0.0,0.0,,0.0,0.0,1.0,0.0,1.0,2.0,0.0,0.0,0.0,0.0,0.0,0.0,0.0,1.0,0.0,0.0,0.0,0.0,0.0,586.0
2019-11-22,,0.0,2.0,15.0,0.0,0.0,0.0,0.0,0.0,0.0,0.0,0.0,0.0,0.0,536.0,0.0,0.0,0.0,,0.0,0.0,3.0,0.0,1.0,2.0,0.0,0.0,0.0,0.0,0.0,0.0,0.0,1.0,0.0,0.0,0.0,0.0,0.0,560.0
2019-11-23,,0.0,2.0,21.0,0.0,0.0,0.0,0.0,0.0,0.0,0.0,0.0,0.0,0.0,517.0,0.0,0.0,0.0,,0.0,0.0,1.0,0.0,0.0,2.0,0.0,0.0,0.0,0.0,0.0,0.0,0.0,1.0,0.0,0.0,0.0,0.0,0.0,544.0
2019-11-24,,0.0,2.0,42.0,0.0,0.0,0.0,0.0,0.0,0.0,0.0,0.0,0.0,29.0,553.0,0.0,0.0,0.0,,0.0,0.0,1.0,0.0,2.0,2.0,0.0,0.0,0.0,0.0,0.0,0.0,0.0,4.0,0.0,0.0,0.0,0.0,0.0,635.0
2019-11-25,,0.0,1.0,36.0,0.0,0.0,0.0,0.0,0.0,0.0,0.0,0.0,0.0,0.0,547.0,0.0,0.0,0.0,,0.0,0.0,2.0,0.0,1.0,2.0,0.0,0.0,0.0,0.0,0.0,0.0,0.0,4.0,0.0,0.0,0.0,0.0,0.0,593.0
2019-11-26,,0.0,3.0,27.0,0.0,0.0,0.0,0.0,0.0,0.0,0.0,0.0,0.0,0.0,547.0,0.0,0.0,0.0,,0.0,0.0,1.0,0.0,3.0,2.0,0.0,0.0,0.0,0.0,0.0,0.0,0.0,9.0,0.0,0.0,0.0,0.0,0.0,592.0
2019-11-27,,0.0,2.0,28.0,0.0,0.0,0.0,0.0,0.0,0.0,0.0,0.0,0.0,0.0,511.0,0.0,0.0,0.0,,0.0,0.0,1.0,0.0,2.0,3.0,0.0,0.0,0.0,0.0,0.0,0.0,0.0,8.0,0.0,0.0,0.0,0.0,0.0,555.0
2019-11-28,,0.0,1.0,25.0,0.0,0.0,0.0,0.0,0.0,0.0,0.0,0.0,0.0,7.0,509.0,0.0,0.0,0.0,,0.0,0.0,2.0,0.0,1.0,2.0,0.0,0.0,0.0,0.0,0.0,0.0,0.0,1.0,0.0,0.0,0.0,0.0,0.0,548.0
2019-11-29,,0.0,1.0,30.0,0.0,0.0,0.0,0.0,0.0,0.0,0.0,0.0,0.0,0.0,571.0,0.0,0.0,0.0,,0.0,0.0,1.0,0.0,2.0,1.0,0.0,0.0,0.0,0.0,0.0,0.0,0.0,1.0,0.0,0.0,0.0,0.0,0.0,607.0
2019-11-30,,0.0,8.0,32.0,0.0,0.0,0.0,0.0,0.0,0.0,0.0,0.0,0.0,0.0,530.0,0.0,0.0,0.0,,0.0,0.0,7.0,5.0,6.0,4.0,0.0,0.0,0.0,0.0,0.0,0.0,0.0,9.0,0.0,0.0,0.0,0.0,0.0,601.0
2019-12-01,,0.0,1.0,21.0,0.0,0.0,0.0,0.0,0.0,0.0,0.0,0.0,0.0,0.0,495.0,0.0,0.0,0.0,,0.0,0.0,0.0,0.0,1.0,2.0,0.0,0.0,0.0,0.0,0.0,0.0,0.0,0.0,0.0,0.0,0.0,0.0,0.0,520.0
2019-12-02,,0.0,1.0,23.0,0.0,0.0,0.0,0.0,0.0,0.0,0.0,0.0,0.0,0.0,576.0,0.0,0.0,0.0,,0.0,0.0,0.0,0.0,1.0,2.0,0.0,0.0,0.0,0.0,0.0,0.0,0.0,0.0,0.0,0.0,0.0,0.0,0.0,603.0
2019-12-03,,0.0,1.0,30.0,0.0,0.0,0.0,0.0,0.0,0.0,0.0,0.0,0.0,0.0,575.0,0.0,0.0,0.0,,0.0,0.0,1.0,0.0,1.0,1.0,0.0,0.0,0.0,0.0,0.0,0.0,0.0,1.0,0.0,0.0,0.0,0.0,0.0,610.0
2019-12-04,,0.0,7.0,40.0,0.0,0.0,40.0,0.0,0.0,0.0,0.0,0.0,0.0,0.0,540.0,0.0,0.0,0.0,,0.0,0.0,6.0,2.0,7.0,6.0,0.0,0.0,0.0,0.0,0.0,0.0,0.0,12.0,0.0,0.0,0.0,0.0,0.0,660.0
2019-12-05,,0.0,7.0,47.0,0.0,0.0,0.0,0.0,0.0,0.0,0.0,0.0,0.0,0.0,575.0,0.0,0.0,0.0,,0.0,0.0,6.0,5.0,7.0,5.0,0.0,0.0,0.0,0.0,0.0,0.0,0.0,11.0,0.0,0.0,0.0,0.0,0.0,663.0
2019-12-06,,0.0,1.0,35.0,0.0,0.0,0.0,0.0,0.0,0.0,0.0,0.0,0.0,0.0,557.0,0.0,39.0,0.0,,0.0,0.0,1.0,0.0,1.0,1.0,0.0,0.0,0.0,0.0,0.0,0.0,5.0,1.0,0.0,0.0,0.0,0.0,0.0,641.0
2019-12-07,,0.0,1.0,30.0,0.0,0.0,0.0,0.0,0.0,0.0,0.0,0.0,0.0,0.0,640.0,0.0,0.0,0.0,,0.0,0.0,1.0,0.0,1.0,1.0,0.0,0.0,0.0,0.0,0.0,0.0,0.0,1.0,0.0,0.0,0.0,0.0,0.0,675.0
2019-12-08,,-21.0,2.0,22.0,0.0,0.0,0.0,0.0,0.0,0.0,0.0,0.0,0.0,0.0,603.0,0.0,-11.0,0.0,,0.0,0.0,3.0,0.0,1.0,2.0,0.0,0.0,0.0,0.0,0.0,0.0,0.0,0.0,0.0,0.0,0.0,0.0,0.0,601.0
2019-12-09,,0.0,1.0,29.0,0.0,0.0,0.0,0.0,0.0,0.0,0.0,0.0,0.0,0.0,550.0,0.0,0.0,0.0,,0.0,0.0,0.0,0.0,1.0,2.0,0.0,0.0,0.0,2.0,0.0,0.0,0.0,1.0,0.0,0.0,0.0,0.0,0.0,586.0
2019-12-10,,0.0,2.0,24.0,0.0,0.0,0.0,0.0,0.0,0.0,0.0,0.0,0.0,0.0,598.0,0.0,0.0,0.0,,0.0,0.0,3.0,0.0,1.0,2.0,0.0,0.0,0.0,0.0,0.0,0.0,0.0,1.0,0.0,0.0,0.0,0.0,0.0,631.0
2019-12-11,,0.0,2.0,32.0,0.0,0.0,0.0,0.0,0.0,0.0,0.0,0.0,125.0,4.0,628.0,0.0,0.0,0.0,,0.0,0.0,1.0,0.0,3.0,2.0,0.0,0.0,0.0,231.0,0.0,0.0,0.0,2.0,0.0,0.0,0.0,0.0,0.0,1030.0
2019-12-12,,0.0,2.0,32.0,0.0,0.0,0.0,0.0,0.0,0.0,0.0,0.0,0.0,0.0,561.0,0.0,0.0,0.0,,0.0,0.0,2.0,0.0,1.0,2.0,0.0,0.0,0.0,0.0,0.0,0.0,0.0,3.0,0.0,0.0,0.0,0.0,0.0,603.0
2019-12-13,,0.0,2.0,12.0,0.0,0.0,0.0,0.0,0.0,0.0,0.0,0.0,0.0,0.0,522.0,0.0,0.0,0.0,,0.0,0.0,2.0,0.0,2.0,3.0,0.0,0.0,0.0,0.0,0.0,0.0,0.0,0.0,0.0,0.0,0.0,0.0,0.0,543.0
2019-12-14,,0.0,2.0,23.0,0.0,0.0,0.0,0.0,0.0,0.0,0.0,0.0,0.0,0.0,631.0,0.0,0.0,0.0,,0.0,0.0,1.0,0.0,2.0,1.0,0.0,0.0,0.0,0.0,0.0,0.0,0.0,7.0,225.0,0.0,0.0,0.0,0.0,892.0
2019-12-15,,0.0,2.0,12.0,0.0,0.0,0.0,0.0,0.0,0.0,0.0,0.0,0.0,0.0,576.0,0.0,0.0,0.0,,0.0,0.0,3.0,0.0,2.0,1.0,0.0,0.0,0.0,0.0,0.0,0.0,0.0,1.0,0.0,0.0,0.0,0.0,0.0,597.0
2019-12-16,,0.0,2.0,8.0,0.0,0.0,0.0,0.0,0.0,0.0,0.0,0.0,0.0,0.0,650.0,0.0,0.0,0.0,,0.0,0.0,2.0,0.0,1.0,2.0,0.0,0.0,0.0,83.0,0.0,0.0,0.0,0.0,0.0,0.0,0.0,0.0,0.0,748.0
2019-12-17,,0.0,2.0,18.0,0.0,0.0,0.0,0.0,0.0,0.0,0.0,0.0,0.0,0.0,581.0,0.0,0.0,0.0,,0.0,0.0,1.0,0.0,0.0,1.0,0.0,0.0,0.0,0.0,0.0,0.0,0.0,1.0,0.0,0.0,0.0,0.0,0.0,604.0
2019-12-18,,0.0,2.0,18.0,0.0,0.0,0.0,0.0,0.0,0.0,0.0,0.0,0.0,0.0,638.0,0.0,0.0,0.0,,0.0,0.0,1.0,0.0,1.0,2.0,0.0,0.0,0.0,0.0,0.0,0.0,0.0,4.0,55.0,0.0,0.0,0.0,0.0,721.0
2019-12-19,,0.0,2.0,16.0,0.0,0.0,0.0,0.0,0.0,0.0,0.0,0.0,0.0,0.0,615.0,0.0,0.0,0.0,,0.0,0.0,1.0,0.0,1.0,3.0,0.0,0.0,0.0,0.0,0.0,0.0,0.0,4.0,0.0,0.0,0.0,0.0,0.0,642.0
2019-12-20,,0.0,2.0,12.0,0.0,0.0,0.0,0.0,0.0,0.0,0.0,0.0,0.0,0.0,647.0,0.0,0.0,0.0,,0.0,0.0,1.0,0.0,1.0,2.0,0.0,0.0,0.0,0.0,0.0,0.0,0.0,5.0,310.0,0.0,0.0,0.0,0.0,980.0
2019-12-21,,0.0,3.0,21.0,0.0,0.0,0.0,0.0,0.0,0.0,0.0,0.0,0.0,0.0,632.0,0.0,0.0,0.0,,0.0,0.0,3.0,1.0,2.0,2.0,0.0,0.0,0.0,0.0,0.0,0.0,0.0,10.0,0.0,0.0,0.0,0.0,0.0,674.0
2019-12-22,,0.0,1.0,16.0,0.0,0.0,0.0,0.0,0.0,0.0,0.0,0.0,0.0,0.0,627.0,0.0,0.0,0.0,,0.0,0.0,2.0,0.0,1.0,2.0,0.0,0.0,0.0,0.0,0.0,0.0,0.0,4.0,150.0,0.0,0.0,0.0,0.0,803.0
2019-12-23,,0.0,1.0,20.0,0.0,0.0,0.0,0.0,0.0,0.0,0.0,0.0,0.0,0.0,690.0,0.0,0.0,0.0,,0.0,0.0,1.0,0.0,0.0,1.0,0.0,0.0,0.0,0.0,0.0,0.0,0.0,0.0,0.0,0.0,0.0,0.0,0.0,713.0
2019-12-24,,0.0,1.0,7.0,0.0,0.0,0.0,0.0,0.0,0.0,0.0,0.0,0.0,0.0,617.0,0.0,0.0,0.0,,0.0,0.0,0.0,0.0,1.0,1.0,0.0,0.0,0.0,0.0,0.0,0.0,0.0,0.0,0.0,0.0,0.0,0.0,0.0,627.0
2019-12-25,,0.0,2.0,12.0,0.0,0.0,0.0,0.0,0.0,0.0,0.0,0.0,0.0,38.0,603.0,0.0,0.0,0.0,,0.0,0.0,1.0,0.0,1.0,2.0,0.0,0.0,0.0,0.0,0.0,0.0,0.0,2.0,545.0,0.0,0.0,0.0,0.0,1206.0
2019-12-26,,0.0,2.0,33.0,0.0,0.0,0.0,0.0,0.0,0.0,0.0,0.0,0.0,0.0,624.0,0.0,0.0,0.0,,0.0,0.0,1.0,0.0,2.0,2.0,0.0,0.0,0.0,0.0,0.0,0.0,0.0,0.0,0.0,0.0,0.0,0.0,0.0,664.0
2019-12-27,,0.0,1.0,19.0,0.0,0.0,0.0,0.0,0.0,0.0,0.0,0.0,0.0,0.0,656.0,0.0,0.0,0.0,,0.0,0.0,2.0,0.0,1.0,2.0,0.0,0.0,0.0,0.0,0.0,0.0,0.0,0.0,310.0,0.0,0.0,0.0,0.0,991.0
2019-12-28,,0.0,2.0,11.0,0.0,0.0,0.0,0.0,0.0,0.0,0.0,0.0,0.0,0.0,720.0,0.0,0.0,0.0,,0.0,0.0,1.0,0.0,1.0,2.0,0.0,0.0,0.0,0.0,0.0,0.0,0.0,0.0,1065.0,0.0,0.0,0.0,0.0,1802.0
2019-12-29,,0.0,2.0,32.0,0.0,0.0,0.0,0.0,0.0,0.0,0.0,0.0,0.0,25.0,673.0,0.0,0.0,0.0,,0.0,0.0,4.0,0.0,2.0,2.0,0.0,0.0,0.0,427.0,0.0,0.0,0.0,6.0,160.0,0.0,0.0,0.0,0.0,1333.0
2019-12-30,,0.0,2.0,35.0,0.0,0.0,0.0,0.0,0.0,0.0,25.0,0.0,0.0,0.0,653.0,0.0,0.0,0.0,,0.0,0.0,1.0,0.0,1.0,1.0,0.0,0.0,0.0,0.0,0.0,0.0,0.0,0.0,300.0,0.0,0.0,0.0,0.0,1018.0
2019-12-31,,0.0,1.0,28.0,0.0,0.0,0.0,0.0,0.0,0.0,25.0,0.0,0.0,0.0,689.0,0.0,0.0,0.0,,0.0,0.0,2.0,0.0,0.0,1.0,0.0,0.0,0.0,386.0,0.0,0.0,0.0,0.0,310.0,0.0,0.0,0.0,0.0,1442.0
2020-01-01,,0.0,2.0,16.0,0.0,0.0,0.0,0.0,0.0,0.0,0.0,0.0,0.0,0.0,698.0,0.0,0.0,0.0,,0.0,0.0,3.0,0.0,1.0,2.0,0.0,0.0,0.0,0.0,0.0,0.0,0.0,0.0,0.0,0.0,0.0,0.0,0.0,722.0
2020-01-02,,0.0,2.0,8.0,0.0,0.0,0.0,0.0,0.0,0.0,0.0,0.0,0.0,0.0,706.0,0.0,0.0,0.0,,0.0,0.0,3.0,0.0,1.0,1.0,0.0,0.0,0.0,0.0,0.0,0.0,0.0,2.0,0.0,0.0,0.0,0.0,0.0,723.0
2020-01-03,,0.0,2.0,43.0,0.0,0.0,0.0,0.0,0.0,0.0,0.0,0.0,0.0,0.0,670.0,0.0,0.0,0.0,,0.0,0.0,1.0,0.0,2.0,1.0,0.0,0.0,0.0,0.0,0.0,0.0,0.0,2.0,0.0,0.0,0.0,0.0,0.0,721.0
2020-01-04,,0.0,1.0,17.0,0.0,0.0,0.0,0.0,0.0,0.0,0.0,0.0,0.0,7.0,734.0,0.0,0.0,0.0,,0.0,0.0,2.0,0.0,1.0,2.0,0.0,0.0,0.0,0.0,0.0,0.0,0.0,0.0,0.0,0.0,0.0,0.0,0.0,764.0
2020-01-05,,0.0,3.0,134.0,0.0,0.0,0.0,0.0,0.0,0.0,0.0,0.0,0.0,0.0,634.0,0.0,0.0,0.0,,0.0,0.0,3.0,5.0,2.0,1.0,0.0,0.0,0.0,0.0,0.0,0.0,0.0,24.0,150.0,0.0,0.0,0.0,0.0,956.0
2020-01-06,,0.0,1.0,9.0,0.0,0.0,0.0,0.0,0.0,0.0,0.0,0.0,0.0,0.0,663.0,0.0,0.0,0.0,,0.0,0.0,0.0,0.0,1.0,2.0,0.0,0.0,0.0,0.0,0.0,0.0,0.0,0.0,0.0,0.0,0.0,0.0,0.0,676.0
2020-01-07,,0.0,2.0,10.0,0.0,0.0,0.0,0.0,0.0,0.0,0.0,0.0,0.0,0.0,597.0,0.0,0.0,0.0,,0.0,0.0,3.0,0.0,1.0,1.0,0.0,0.0,0.0,0.0,0.0,0.0,0.0,1.0,0.0,0.0,0.0,0.0,0.0,615.0
2020-01-08,,0.0,2.0,16.0,0.0,0.0,0.0,0.0,0.0,0.0,0.0,0.0,0.0,0.0,674.0,0.0,0.0,0.0,,0.0,0.0,2.0,0.0,0.0,1.0,0.0,0.0,0.0,79.0,0.0,0.0,0.0,0.0,0.0,0.0,0.0,0.0,0.0,774.0
2020-01-09,,0.0,2.0,14.0,0.0,0.0,0.0,0.0,0.0,0.0,0.0,0.0,0.0,0.0,638.0,0.0,0.0,0.0,,0.0,0.0,2.0,0.0,1.0,2.0,0.0,0.0,0.0,0.0,0.0,0.0,0.0,1.0,595.0,0.0,0.0,0.0,0.0,1255.0
2020-01-10,,0.0,2.0,18.0,0.0,0.0,0.0,0.0,0.0,0.0,0.0,0.0,0.0,0.0,629.0,0.0,0.0,0.0,,0.0,0.0,3.0,0.0,1.0,2.0,0.0,0.0,0.0,0.0,0.0,0.0,0.0,0.0,0.0,0.0,0.0,0.0,0.0,655.0
2020-01-11,,0.0,2.0,15.0,0.0,0.0,0.0,0.0,0.0,0.0,0.0,0.0,0.0,0.0,592.0,0.0,0.0,0.0,,0.0,0.0,1.0,0.0,2.0,1.0,0.0,0.0,0.0,0.0,0.0,0.0,0.0,0.0,0.0,0.0,0.0,0.0,0.0,613.0
2020-01-12,,0.0,2.0,27.0,0.0,0.0,0.0,0.0,0.0,0.0,0.0,0.0,0.0,0.0,593.0,0.0,0.0,0.0,,0.0,0.0,1.0,0.0,1.0,1.0,0.0,0.0,0.0,0.0,0.0,0.0,0.0,0.0,0.0,0.0,0.0,0.0,0.0,625.0
2020-01-13,,0.0,2.0,12.0,0.0,0.0,0.0,0.0,0.0,0.0,0.0,0.0,0.0,0.0,358.0,0.0,0.0,0.0,,0.0,0.0,3.0,0.0,2.0,2.0,0.0,0.0,0.0,0.0,0.0,0.0,0.0,0.0,0.0,0.0,0.0,0.0,0.0,379.0
2020-01-14,,0.0,1.0,20.0,0.0,0.0,0.0,0.0,0.0,0.0,0.0,0.0,0.0,0.0,579.0,0.0,0.0,0.0,,0.0,0.0,1.0,0.0,1.0,1.0,0.0,0.0,0.0,0.0,0.0,0.0,0.0,1.0,0.0,0.0,0.0,0.0,0.0,604.0
2020-01-15,,0.0,1.0,10.0,0.0,0.0,0.0,0.0,0.0,0.0,0.0,0.0,0.0,0.0,571.0,0.0,0.0,0.0,,0.0,0.0,2.0,0.0,1.0,1.0,0.0,0.0,0.0,0.0,0.0,0.0,0.0,1.0,0.0,0.0,0.0,0.0,0.0,587.0
2020-01-16,,0.0,1.0,5.0,0.0,0.0,0.0,0.0,0.0,0.0,0.0,0.0,0.0,0.0,620.0,0.0,0.0,0.0,,0.0,0.0,1.0,0.0,2.0,1.0,0.0,0.0,0.0,0.0,0.0,0.0,0.0,1.0,85.0,0.0,0.0,0.0,0.0,716.0
2020-01-17,,0.0,1.0,10.0,0.0,0.0,0.0,0.0,0.0,0.0,0.0,0.0,0.0,10.0,653.0,0.0,0.0,0.0,,0.0,0.0,3.0,0.0,1.0,3.0,0.0,0.0,0.0,0.0,0.0,0.0,0.0,0.0,85.0,0.0,0.0,0.0,0.0,766.0
2020-01-18,,0.0,2.0,10.0,0.0,0.0,0.0,0.0,0.0,0.0,0.0,0.0,125.0,20.0,579.0,0.0,0.0,0.0,,0.0,0.0,4.0,0.0,1.0,3.0,0.0,0.0,0.0,0.0,0.0,0.0,0.0,2.0,0.0,0.0,0.0,0.0,0.0,746.0
2020-01-19,,0.0,1.0,22.0,0.0,0.0,0.0,0.0,0.0,0.0,0.0,0.0,0.0,0.0,575.0,0.0,0.0,0.0,,0.0,0.0,2.0,0.0,1.0,1.0,0.0,0.0,0.0,0.0,0.0,0.0,0.0,0.0,0.0,0.0,0.0,0.0,0.0,602.0
2020-01-20,,0.0,1.0,10.0,0.0,0.0,0.0,0.0,0.0,0.0,0.0,0.0,0.0,0.0,643.0,0.0,0.0,0.0,,0.0,0.0,2.0,0.0,1.0,1.0,0.0,0.0,0.0,0.0,0.0,0.0,0.0,0.0,0.0,0.0,0.0,0.0,0.0,658.0
2020-01-21,,0.0,5.0,30.0,0.0,0.0,0.0,0.0,0.0,0.0,0.0,0.0,0.0,0.0,661.0,0.0,0.0,0.0,,0.0,0.0,6.0,1.0,2.0,1.0,0.0,0.0,0.0,0.0,0.0,0.0,0.0,11.0,0.0,0.0,0.0,0.0,0.0,717.0
2020-01-22,,0.0,2.0,18.0,0.0,0.0,0.0,0.0,0.0,0.0,0.0,0.0,0.0,0.0,623.0,0.0,0.0,0.0,,0.0,0.0,1.0,2.0,1.0,1.0,0.0,0.0,0.0,0.0,0.0,0.0,0.0,7.0,235.0,0.0,0.0,0.0,0.0,890.0
2020-01-23,,0.0,1.0,35.0,0.0,0.0,0.0,0.0,0.0,0.0,0.0,0.0,0.0,0.0,597.0,0.0,0.0,0.0,,0.0,0.0,1.0,0.0,1.0,1.0,0.0,0.0,0.0,0.0,0.0,0.0,0.0,1.0,0.0,0.0,0.0,0.0,0.0,637.0
2020-01-24,,0.0,1.0,20.0,0.0,0.0,0.0,0.0,0.0,0.0,0.0,0.0,0.0,0.0,620.0,0.0,0.0,0.0,,0.0,0.0,2.0,0.0,1.0,1.0,0.0,0.0,0.0,0.0,0.0,0.0,0.0,1.0,0.0,0.0,0.0,0.0,0.0,646.0
2020-01-25,,0.0,1.0,19.0,0.0,0.0,0.0,0.0,0.0,0.0,0.0,0.0,0.0,0.0,633.0,0.0,0.0,0.0,,0.0,0.0,2.0,0.0,1.0,2.0,0.0,0.0,0.0,0.0,0.0,0.0,0.0,3.0,0.0,0.0,0.0,0.0,0.0,661.0
2020-01-26,,0.0,1.0,10.0,0.0,0.0,0.0,0.0,0.0,0.0,0.0,0.0,0.0,0.0,567.0,0.0,0.0,0.0,,0.0,0.0,1.0,0.0,1.0,2.0,0.0,0.0,0.0,0.0,0.0,0.0,0.0,3.0,0.0,0.0,0.0,0.0,0.0,585.0
2020-01-27,,0.0,1.0,25.0,0.0,0.0,0.0,0.0,0.0,0.0,0.0,0.0,0.0,0.0,660.0,0.0,0.0,0.0,,0.0,0.0,2.0,0.0,1.0,3.0,0.0,0.0,0.0,0.0,0.0,0.0,0.0,0.0,0.0,0.0,0.0,0.0,0.0,692.0
2020-01-28,,0.0,1.0,10.0,0.0,0.0,0.0,0.0,0.0,0.0,0.0,0.0,0.0,0.0,621.0,0.0,0.0,-75.0,,0.0,0.0,1.0,0.0,1.0,2.0,0.0,0.0,0.0,0.0,0.0,0.0,0.0,0.0,0.0,0.0,0.0,0.0,0.0,561.0
2020-01-29,,0.0,2.0,12.0,0.0,0.0,25.0,0.0,0.0,0.0,0.0,0.0,0.0,0.0,584.0,0.0,0.0,0.0,,0.0,0.0,1.0,0.0,2.0,1.0,0.0,0.0,0.0,0.0,0.0,0.0,0.0,3.0,0.0,0.0,0.0,0.0,0.0,630.0
2020-01-30,,0.0,1.0,23.0,0.0,0.0,0.0,0.0,0.0,0.0,0.0,0.0,0.0,0.0,601.0,0.0,0.0,0.0,,0.0,0.0,2.0,1.0,0.0,2.0,0.0,0.0,0.0,0.0,0.0,0.0,0.0,8.0,0.0,0.0,0.0,0.0,0.0,638.0
2020-01-31,,0.0,2.0,20.0,0.0,0.0,0.0,0.0,0.0,0.0,0.0,0.0,0.0,0.0,614.0,0.0,0.0,0.0,,0.0,0.0,1.0,0.0,1.0,2.0,0.0,0.0,0.0,0.0,0.0,0.0,0.0,1.0,0.0,0.0,0.0,0.0,0.0,641.0
2020-02-01,,0.0,1.0,16.0,0.0,0.0,0.0,0.0,0.0,0.0,0.0,0.0,0.0,0.0,651.0,0.0,0.0,0.0,,0.0,0.0,1.0,0.0,1.0,2.0,0.0,0.0,0.0,0.0,0.0,0.0,0.0,1.0,545.0,0.0,0.0,0.0,0.0,1218.0
2020-02-02,,0.0,2.0,12.0,0.0,0.0,0.0,0.0,0.0,0.0,0.0,0.0,0.0,0.0,658.0,0.0,0.0,0.0,,0.0,0.0,3.0,0.0,1.0,2.0,0.0,0.0,0.0,0.0,0.0,0.0,0.0,0.0,0.0,0.0,0.0,0.0,0.0,678.0
2020-02-03,,0.0,3.0,5.0,0.0,0.0,0.0,0.0,0.0,0.0,0.0,0.0,0.0,0.0,587.0,0.0,0.0,0.0,,0.0,0.0,3.0,0.0,1.0,2.0,0.0,0.0,0.0,0.0,0.0,0.0,0.0,0.0,0.0,0.0,0.0,0.0,0.0,601.0
2020-02-04,,0.0,1.0,7.0,0.0,0.0,0.0,0.0,0.0,0.0,0.0,0.0,0.0,0.0,656.0,0.0,0.0,0.0,,0.0,0.0,1.0,0.0,0.0,1.0,0.0,0.0,0.0,0.0,0.0,0.0,0.0,0.0,0.0,0.0,0.0,0.0,0.0,666.0
2020-02-05,,0.0,1.0,22.0,0.0,0.0,0.0,0.0,0.0,0.0,0.0,0.0,0.0,0.0,661.0,0.0,0.0,0.0,,0.0,0.0,1.0,0.0,2.0,1.0,0.0,0.0,0.0,484.0,0.0,0.0,0.0,0.0,245.0,0.0,0.0,0.0,0.0,1417.0
2020-02-06,,0.0,5.0,38.0,0.0,0.0,0.0,0.0,0.0,0.0,0.0,0.0,0.0,0.0,674.0,0.0,0.0,0.0,,0.0,0.0,3.0,2.0,3.0,2.0,0.0,0.0,0.0,0.0,0.0,0.0,0.0,10.0,60.0,0.0,0.0,0.0,0.0,797.0
2020-02-07,,0.0,3.0,37.0,0.0,0.0,0.0,0.0,0.0,0.0,0.0,0.0,0.0,0.0,627.0,0.0,0.0,0.0,,0.0,0.0,4.0,2.0,4.0,3.0,0.0,0.0,0.0,0.0,0.0,0.0,0.0,11.0,150.0,0.0,0.0,0.0,0.0,841.0
2020-02-08,,0.0,1.0,41.0,0.0,0.0,0.0,0.0,0.0,0.0,0.0,0.0,0.0,0.0,643.0,0.0,0.0,0.0,,0.0,0.0,1.0,0.0,2.0,1.0,0.0,0.0,0.0,0.0,0.0,0.0,0.0,1.0,150.0,0.0,0.0,0.0,0.0,840.0
2020-02-09,,0.0,1.0,40.0,0.0,0.0,0.0,0.0,0.0,0.0,0.0,0.0,0.0,0.0,630.0,0.0,0.0,0.0,,0.0,0.0,1.0,0.0,1.0,1.0,0.0,0.0,0.0,0.0,0.0,0.0,0.0,1.0,0.0,0.0,0.0,0.0,0.0,675.0
2020-02-10,,0.0,3.0,10.0,0.0,0.0,0.0,0.0,0.0,0.0,0.0,0.0,0.0,0.0,644.0,0.0,0.0,0.0,,0.0,0.0,3.0,0.0,1.0,3.0,0.0,0.0,0.0,0.0,0.0,0.0,0.0,1.0,0.0,0.0,0.0,0.0,0.0,665.0
2020-02-11,,0.0,2.0,16.0,0.0,0.0,0.0,0.0,0.0,0.0,0.0,0.0,0.0,0.0,638.0,0.0,0.0,0.0,,0.0,0.0,2.0,0.0,2.0,2.0,0.0,0.0,0.0,0.0,0.0,0.0,0.0,1.0,0.0,0.0,0.0,0.0,0.0,663.0
2020-02-12,,0.0,1.0,7.0,0.0,0.0,0.0,0.0,0.0,0.0,0.0,0.0,0.0,0.0,566.0,0.0,0.0,0.0,,0.0,0.0,2.0,0.0,1.0,1.0,0.0,0.0,0.0,0.0,0.0,0.0,0.0,0.0,0.0,0.0,0.0,0.0,0.0,578.0
2020-02-13,,0.0,1.0,15.0,0.0,0.0,0.0,0.0,0.0,0.0,0.0,0.0,0.0,0.0,574.0,0.0,0.0,0.0,,0.0,0.0,2.0,0.0,1.0,1.0,0.0,0.0,0.0,0.0,0.0,0.0,0.0,0.0,0.0,0.0,0.0,0.0,0.0,594.0
2020-02-14,,0.0,2.0,34.0,0.0,0.0,0.0,0.0,0.0,0.0,0.0,0.0,0.0,0.0,1219.0,0.0,0.0,0.0,,0.0,0.0,1.0,3.0,1.0,2.0,0.0,0.0,0.0,0.0,0.0,0.0,0.0,9.0,0.0,0.0,0.0,0.0,0.0,1271.0
2020-02-15,,0.0,2.0,17.0,0.0,0.0,0.0,0.0,0.0,0.0,0.0,0.0,0.0,0.0,578.0,0.0,0.0,0.0,,0.0,0.0,3.0,0.0,1.0,1.0,0.0,0.0,0.0,0.0,0.0,0.0,0.0,1.0,160.0,0.0,0.0,0.0,0.0,763.0
2020-02-16,,0.0,1.0,25.0,0.0,0.0,0.0,0.0,0.0,0.0,0.0,0.0,0.0,0.0,611.0,0.0,0.0,0.0,,0.0,0.0,1.0,0.0,1.0,1.0,0.0,0.0,0.0,0.0,0.0,0.0,0.0,1.0,0.0,0.0,0.0,0.0,0.0,641.0
2020-02-17,,0.0,1.0,25.0,0.0,0.0,0.0,0.0,0.0,0.0,0.0,0.0,0.0,0.0,596.0,0.0,0.0,0.0,,0.0,0.0,1.0,0.0,1.0,1.0,0.0,0.0,0.0,0.0,0.0,0.0,0.0,1.0,0.0,0.0,0.0,0.0,0.0,626.0
2020-02-18,,0.0,2.0,21.0,0.0,0.0,0.0,0.0,0.0,0.0,0.0,0.0,0.0,0.0,650.0,0.0,0.0,0.0,,0.0,0.0,3.0,0.0,1.0,2.0,0.0,0.0,0.0,0.0,0.0,0.0,0.0,0.0,150.0,0.0,0.0,0.0,0.0,829.0
2020-02-19,,0.0,2.0,18.0,0.0,0.0,0.0,0.0,0.0,0.0,0.0,0.0,0.0,0.0,574.0,0.0,0.0,0.0,,0.0,0.0,3.0,0.0,1.0,2.0,0.0,0.0,0.0,0.0,0.0,0.0,0.0,2.0,0.0,0.0,0.0,0.0,0.0,602.0
2020-02-20,,0.0,1.0,11.0,0.0,0.0,0.0,0.0,0.0,0.0,0.0,0.0,0.0,0.0,603.0,0.0,0.0,0.0,,0.0,0.0,2.0,0.0,1.0,1.0,0.0,0.0,0.0,0.0,0.0,0.0,0.0,0.0,0.0,0.0,0.0,0.0,0.0,619.0
2020-02-21,,0.0,1.0,35.0,0.0,0.0,0.0,0.0,0.0,0.0,0.0,0.0,0.0,0.0,625.0,0.0,0.0,0.0,,0.0,0.0,1.0,0.0,1.0,1.0,0.0,0.0,0.0,0.0,0.0,0.0,0.0,0.0,0.0,0.0,0.0,0.0,0.0,664.0
2020-02-22,,0.0,1.0,35.0,0.0,0.0,0.0,0.0,0.0,0.0,0.0,0.0,0.0,0.0,604.0,0.0,0.0,0.0,,0.0,0.0,1.0,0.0,1.0,1.0,0.0,0.0,0.0,0.0,0.0,0.0,0.0,1.0,200.0,0.0,0.0,0.0,0.0,844.0
2020-02-23,,0.0,2.0,15.0,0.0,0.0,0.0,0.0,0.0,0.0,0.0,0.0,0.0,0.0,608.0,0.0,0.0,0.0,,0.0,0.0,1.0,2.0,1.0,2.0,0.0,0.0,0.0,0.0,0.0,0.0,0.0,4.0,0.0,0.0,0.0,0.0,0.0,635.0
2020-02-24,,0.0,1.0,14.0,0.0,0.0,0.0,0.0,0.0,0.0,0.0,0.0,0.0,0.0,600.0,0.0,0.0,0.0,,0.0,0.0,2.0,0.0,1.0,0.0,0.0,0.0,0.0,0.0,0.0,0.0,0.0,3.0,0.0,0.0,0.0,0.0,0.0,621.0
2020-02-25,,0.0,1.0,45.0,0.0,0.0,0.0,0.0,0.0,0.0,0.0,0.0,0.0,0.0,622.0,0.0,0.0,0.0,,0.0,0.0,1.0,0.0,1.0,1.0,0.0,0.0,0.0,0.0,0.0,0.0,0.0,1.0,0.0,0.0,0.0,0.0,0.0,672.0
2020-02-26,,0.0,1.0,100.0,0.0,0.0,0.0,0.0,0.0,0.0,0.0,0.0,0.0,0.0,610.0,0.0,0.0,0.0,,0.0,0.0,2.0,0.0,2.0,1.0,0.0,0.0,0.0,0.0,0.0,0.0,0.0,1.0,0.0,0.0,0.0,0.0,0.0,717.0
2020-02-27,,0.0,2.0,18.0,0.0,0.0,0.0,0.0,0.0,0.0,0.0,0.0,0.0,0.0,555.0,0.0,0.0,0.0,,0.0,0.0,3.0,0.0,1.0,2.0,0.0,0.0,0.0,0.0,0.0,0.0,0.0,0.0,0.0,0.0,0.0,0.0,0.0,581.0
2020-02-28,,0.0,1.0,0.0,0.0,0.0,0.0,0.0,0.0,0.0,0.0,0.0,0.0,0.0,581.0,0.0,0.0,0.0,,0.0,0.0,1.0,0.0,2.0,1.0,0.0,0.0,0.0,0.0,0.0,0.0,0.0,1.0,0.0,0.0,0.0,0.0,0.0,587.0
2020-02-29,,0.0,3.0,17.0,0.0,0.0,0.0,0.0,0.0,0.0,0.0,0.0,0.0,0.0,547.0,0.0,0.0,0.0,,0.0,0.0,1.0,2.0,3.0,1.0,0.0,0.0,0.0,0.0,0.0,0.0,0.0,5.0,0.0,0.0,0.0,0.0,0.0,579.0
2020-03-01,,0.0,1.0,30.0,0.0,0.0,0.0,0.0,0.0,0.0,0.0,0.0,0.0,0.0,586.0,0.0,0.0,0.0,,0.0,0.0,2.0,0.0,1.0,1.0,0.0,0.0,0.0,0.0,0.0,0.0,0.0,0.0,0.0,0.0,0.0,0.0,0.0,621.0
2020-03-02,,0.0,2.0,71.0,0.0,0.0,0.0,0.0,0.0,0.0,0.0,0.0,0.0,0.0,600.0,0.0,0.0,0.0,,0.0,0.0,3.0,4.0,3.0,3.0,0.0,0.0,0.0,0.0,0.0,0.0,0.0,11.0,0.0,0.0,0.0,0.0,0.0,697.0
2020-03-03,,0.0,2.0,165.0,0.0,0.0,0.0,0.0,0.0,0.0,0.0,0.0,0.0,0.0,681.0,0.0,0.0,60.0,,0.0,0.0,6.0,0.0,1.0,2.0,0.0,0.0,0.0,0.0,0.0,0.0,0.0,1.0,0.0,0.0,0.0,0.0,0.0,918.0
2020-03-04,,0.0,1.0,33.0,0.0,0.0,0.0,0.0,0.0,0.0,0.0,0.0,0.0,0.0,602.0,0.0,0.0,0.0,,0.0,0.0,1.0,0.0,1.0,3.0,0.0,0.0,0.0,0.0,0.0,0.0,0.0,0.0,0.0,0.0,0.0,0.0,0.0,641.0
2020-03-05,,0.0,2.0,20.0,0.0,0.0,0.0,0.0,0.0,0.0,0.0,0.0,0.0,0.0,651.0,0.0,0.0,0.0,,0.0,0.0,3.0,0.0,2.0,2.0,0.0,0.0,0.0,0.0,0.0,0.0,0.0,3.0,0.0,0.0,0.0,0.0,0.0,683.0
2020-03-06,,0.0,2.0,75.0,0.0,0.0,0.0,0.0,0.0,0.0,0.0,0.0,0.0,0.0,562.0,0.0,0.0,0.0,,0.0,0.0,4.0,0.0,1.0,2.0,0.0,0.0,0.0,0.0,0.0,0.0,0.0,0.0,0.0,0.0,0.0,0.0,0.0,646.0
2020-03-07,,0.0,1.0,22.0,0.0,0.0,0.0,0.0,0.0,0.0,0.0,0.0,0.0,0.0,582.0,0.0,0.0,0.0,,0.0,0.0,2.0,0.0,1.0,1.0,0.0,0.0,0.0,0.0,0.0,0.0,0.0,0.0,0.0,0.0,0.0,0.0,0.0,609.0
2020-03-08,,0.0,1.0,36.0,0.0,0.0,0.0,0.0,0.0,0.0,0.0,0.0,0.0,0.0,572.0,0.0,0.0,0.0,,0.0,0.0,1.0,0.0,1.0,1.0,0.0,0.0,0.0,0.0,0.0,0.0,0.0,0.0,0.0,0.0,0.0,0.0,0.0,612.0
2020-03-09,,0.0,3.0,41.0,0.0,0.0,0.0,0.0,0.0,0.0,0.0,0.0,0.0,0.0,663.0,0.0,0.0,0.0,,0.0,0.0,4.0,1.0,4.0,3.0,0.0,0.0,0.0,0.0,0.0,0.0,0.0,11.0,0.0,0.0,0.0,0.0,0.0,730.0
2020-03-10,,0.0,3.0,74.0,0.0,0.0,0.0,0.0,0.0,0.0,0.0,0.0,0.0,0.0,568.0,0.0,0.0,0.0,,0.0,0.0,3.0,4.0,4.0,3.0,0.0,0.0,0.0,0.0,0.0,0.0,0.0,13.0,0.0,0.0,0.0,0.0,0.0,672.0
2020-03-11,,0.0,1.0,20.0,0.0,0.0,0.0,0.0,0.0,0.0,0.0,0.0,0.0,0.0,637.0,0.0,0.0,0.0,,0.0,0.0,1.0,0.0,1.0,1.0,0.0,0.0,0.0,0.0,0.0,0.0,0.0,1.0,0.0,0.0,0.0,0.0,0.0,662.0
2020-03-12,,0.0,1.0,21.0,0.0,0.0,0.0,0.0,0.0,0.0,0.0,0.0,0.0,0.0,537.0,0.0,0.0,0.0,,0.0,0.0,2.0,0.0,0.0,2.0,0.0,0.0,0.0,0.0,0.0,0.0,0.0,1.0,0.0,0.0,0.0,0.0,0.0,564.0
2020-03-13,,0.0,2.0,18.0,0.0,0.0,0.0,0.0,0.0,0.0,0.0,0.0,0.0,0.0,576.0,0.0,0.0,0.0,,0.0,0.0,3.0,0.0,1.0,2.0,0.0,0.0,0.0,483.0,0.0,0.0,0.0,0.0,415.0,0.0,0.0,0.0,0.0,1500.0
2020-03-14,,0.0,2.0,19.0,0.0,0.0,0.0,0.0,0.0,0.0,0.0,0.0,0.0,0.0,533.0,0.0,0.0,0.0,,0.0,0.0,2.0,0.0,1.0,2.0,0.0,0.0,0.0,0.0,0.0,0.0,0.0,1.0,0.0,0.0,0.0,0.0,0.0,560.0
2020-03-15,,0.0,1.0,14.0,0.0,0.0,0.0,0.0,0.0,0.0,0.0,0.0,0.0,0.0,606.0,0.0,0.0,0.0,,0.0,0.0,2.0,0.0,1.0,1.0,0.0,0.0,0.0,0.0,0.0,0.0,0.0,0.0,0.0,0.0,0.0,0.0,0.0,625.0
2020-03-16,,0.0,1.0,10.0,0.0,0.0,0.0,0.0,0.0,0.0,0.0,0.0,0.0,0.0,515.0,0.0,0.0,0.0,,0.0,0.0,2.0,0.0,1.0,1.0,0.0,0.0,0.0,0.0,0.0,0.0,0.0,0.0,0.0,0.0,0.0,0.0,0.0,530.0
2020-03-17,,0.0,2.0,18.0,285.0,0.0,0.0,0.0,0.0,0.0,4.0,0.0,0.0,0.0,495.0,148.0,0.0,0.0,,0.0,0.0,3.0,0.0,2.0,1.0,508.0,0.0,0.0,0.0,35.0,0.0,0.0,0.0,0.0,0.0,369.0,0.0,365.0,2235.0
2020-03-18,,0.0,1.0,25.0,0.0,0.0,0.0,0.0,0.0,0.0,0.0,0.0,0.0,0.0,589.0,0.0,0.0,0.0,,0.0,0.0,1.0,0.0,1.0,2.0,0.0,0.0,0.0,0.0,0.0,0.0,0.0,1.0,135.0,0.0,0.0,0.0,0.0,755.0
2020-03-19,,0.0,1.0,40.0,0.0,0.0,0.0,0.0,0.0,0.0,0.0,0.0,0.0,0.0,535.0,0.0,0.0,0.0,,0.0,0.0,2.0,0.0,2.0,1.0,0.0,0.0,0.0,0.0,0.0,0.0,0.0,1.0,0.0,0.0,0.0,0.0,0.0,582.0
2020-03-20,,0.0,1.0,30.0,0.0,0.0,0.0,0.0,0.0,0.0,0.0,0.0,0.0,0.0,598.0,0.0,0.0,0.0,,0.0,0.0,1.0,0.0,1.0,1.0,0.0,0.0,0.0,0.0,0.0,0.0,0.0,1.0,0.0,0.0,0.0,0.0,0.0,633.0
2020-03-21,,0.0,1.0,42.0,0.0,0.0,0.0,0.0,0.0,0.0,0.0,0.0,0.0,60.0,609.0,0.0,0.0,0.0,,0.0,0.0,2.0,0.0,1.0,1.0,0.0,0.0,0.0,0.0,0.0,0.0,0.0,2.0,0.0,0.0,0.0,0.0,0.0,718.0
2020-03-22,,0.0,1.0,22.0,0.0,0.0,0.0,0.0,0.0,0.0,0.0,0.0,0.0,0.0,517.0,0.0,0.0,0.0,,0.0,0.0,1.0,0.0,1.0,2.0,0.0,0.0,0.0,0.0,0.0,0.0,0.0,2.0,0.0,0.0,0.0,0.0,0.0,546.0
2020-03-23,,0.0,1.0,41.0,0.0,0.0,0.0,0.0,0.0,0.0,0.0,0.0,0.0,0.0,560.0,0.0,0.0,0.0,,0.0,0.0,1.0,0.0,1.0,1.0,0.0,0.0,0.0,0.0,0.0,0.0,0.0,0.0,0.0,0.0,0.0,0.0,0.0,605.0
2020-03-24,,0.0,2.0,7.0,0.0,0.0,0.0,0.0,0.0,0.0,0.0,0.0,0.0,0.0,514.0,0.0,0.0,0.0,,0.0,0.0,4.0,0.0,2.0,2.0,0.0,0.0,0.0,0.0,0.0,0.0,0.0,1.0,0.0,0.0,0.0,0.0,0.0,532.0
2020-03-25,,0.0,3.0,10.0,0.0,0.0,0.0,0.0,0.0,0.0,0.0,0.0,0.0,0.0,545.0,0.0,0.0,0.0,,0.0,0.0,1.0,2.0,1.0,2.0,0.0,0.0,0.0,0.0,0.0,0.0,0.0,5.0,75.0,0.0,0.0,0.0,0.0,644.0
2020-03-26,,0.0,2.0,31.0,0.0,0.0,0.0,0.0,0.0,0.0,0.0,0.0,0.0,0.0,512.0,0.0,0.0,0.0,,0.0,0.0,2.0,3.0,1.0,3.0,0.0,0.0,0.0,0.0,0.0,0.0,0.0,8.0,0.0,0.0,0.0,0.0,0.0,562.0
2020-03-27,,0.0,1.0,9.0,0.0,0.0,0.0,0.0,0.0,0.0,0.0,0.0,0.0,0.0,540.0,0.0,0.0,0.0,,0.0,0.0,2.0,0.0,1.0,2.0,0.0,0.0,0.0,0.0,0.0,0.0,0.0,1.0,0.0,0.0,0.0,0.0,0.0,556.0
2020-03-28,,0.0,1.0,26.0,0.0,0.0,0.0,0.0,0.0,0.0,0.0,0.0,0.0,0.0,550.0,0.0,0.0,0.0,,0.0,0.0,0.0,0.0,1.0,2.0,0.0,0.0,0.0,0.0,0.0,0.0,0.0,0.0,0.0,0.0,0.0,0.0,0.0,580.0
2020-03-29,,0.0,1.0,43.0,0.0,0.0,0.0,0.0,0.0,0.0,0.0,0.0,0.0,0.0,538.0,0.0,0.0,0.0,,0.0,0.0,2.0,0.0,0.0,1.0,0.0,0.0,0.0,0.0,0.0,0.0,0.0,2.0,0.0,0.0,0.0,0.0,0.0,587.0
2020-03-30,,0.0,1.0,38.0,0.0,0.0,0.0,0.0,0.0,0.0,0.0,0.0,0.0,0.0,319.0,0.0,0.0,0.0,,0.0,0.0,2.0,0.0,0.0,2.0,0.0,0.0,0.0,0.0,0.0,0.0,0.0,1.0,215.0,0.0,0.0,0.0,0.0,578.0
2020-03-31,,0.0,1.0,9.0,0.0,0.0,0.0,0.0,0.0,0.0,0.0,0.0,0.0,0.0,483.0,0.0,0.0,0.0,,0.0,0.0,1.0,0.0,2.0,1.0,0.0,0.0,0.0,0.0,0.0,0.0,0.0,1.0,0.0,0.0,0.0,0.0,0.0,498.0
2020-04-01,,0.0,1.0,30.0,0.0,0.0,0.0,0.0,0.0,0.0,0.0,0.0,0.0,0.0,541.0,0.0,0.0,0.0,,0.0,0.0,1.0,0.0,2.0,2.0,0.0,0.0,0.0,0.0,0.0,0.0,0.0,1.0,425.0,0.0,0.0,0.0,0.0,1003.0
2020-04-02,,0.0,3.0,88.0,0.0,0.0,0.0,0.0,0.0,0.0,0.0,0.0,0.0,0.0,541.0,0.0,0.0,0.0,,0.0,0.0,6.0,5.0,4.0,6.0,0.0,0.0,0.0,0.0,0.0,0.0,0.0,12.0,0.0,0.0,0.0,0.0,0.0,665.0
2020-04-03,,0.0,7.0,71.0,0.0,0.0,0.0,0.0,0.0,0.0,0.0,0.0,0.0,0.0,373.0,0.0,0.0,0.0,,0.0,0.0,6.0,4.0,4.0,1.0,0.0,0.0,0.0,0.0,0.0,0.0,0.0,14.0,0.0,0.0,0.0,0.0,0.0,480.0
2020-04-04,,0.0,1.0,30.0,0.0,0.0,0.0,0.0,0.0,2.0,0.0,0.0,0.0,0.0,539.0,80.0,0.0,0.0,,0.0,0.0,2.0,0.0,1.0,1.0,0.0,0.0,0.0,0.0,0.0,0.0,0.0,1.0,0.0,0.0,0.0,0.0,0.0,657.0
2020-04-05,,0.0,1.0,30.0,0.0,0.0,0.0,0.0,0.0,0.0,0.0,0.0,0.0,0.0,510.0,0.0,0.0,0.0,,0.0,0.0,1.0,0.0,1.0,1.0,0.0,0.0,0.0,0.0,0.0,0.0,0.0,1.0,0.0,0.0,0.0,0.0,0.0,545.0
2020-04-06,,0.0,1.0,11.0,0.0,0.0,0.0,0.0,0.0,0.0,0.0,0.0,0.0,0.0,509.0,0.0,0.0,0.0,,0.0,0.0,1.0,0.0,1.0,2.0,0.0,0.0,0.0,0.0,0.0,0.0,0.0,1.0,0.0,0.0,0.0,0.0,0.0,526.0
2020-04-07,,0.0,1.0,26.0,0.0,0.0,0.0,0.0,0.0,0.0,0.0,0.0,0.0,0.0,551.0,0.0,0.0,0.0,,0.0,0.0,0.0,0.0,3.0,2.0,0.0,0.0,0.0,0.0,0.0,0.0,0.0,1.0,0.0,0.0,0.0,0.0,0.0,584.0
2020-04-08,,0.0,1.0,22.0,0.0,0.0,0.0,0.0,0.0,0.0,0.0,0.0,0.0,0.0,534.0,0.0,0.0,0.0,,0.0,0.0,1.0,0.0,2.0,1.0,0.0,0.0,0.0,0.0,0.0,0.0,0.0,0.0,0.0,0.0,0.0,0.0,0.0,561.0
2020-04-09,,0.0,1.0,50.0,0.0,0.0,0.0,0.0,0.0,0.0,0.0,0.0,0.0,0.0,356.0,0.0,0.0,0.0,,0.0,0.0,1.0,0.0,1.0,1.0,0.0,0.0,0.0,0.0,0.0,0.0,0.0,3.0,0.0,0.0,0.0,0.0,0.0,413.0
2020-04-10,,0.0,11.0,68.0,0.0,0.0,0.0,0.0,0.0,0.0,0.0,0.0,0.0,0.0,552.0,0.0,0.0,0.0,,0.0,0.0,12.0,8.0,4.0,6.0,0.0,0.0,0.0,0.0,0.0,0.0,0.0,22.0,140.0,0.0,0.0,0.0,0.0,823.0
2020-04-11,,0.0,2.0,86.0,0.0,0.0,0.0,0.0,0.0,0.0,0.0,0.0,0.0,0.0,557.0,0.0,0.0,0.0,,0.0,0.0,8.0,5.0,4.0,5.0,0.0,0.0,0.0,0.0,0.0,0.0,0.0,13.0,0.0,0.0,0.0,0.0,0.0,680.0
2020-04-12,,0.0,1.0,20.0,0.0,0.0,0.0,0.0,0.0,0.0,0.0,0.0,0.0,0.0,531.0,0.0,0.0,0.0,,0.0,0.0,1.0,0.0,1.0,2.0,0.0,0.0,0.0,0.0,0.0,0.0,0.0,1.0,0.0,0.0,0.0,0.0,0.0,557.0
2020-04-13,,0.0,1.0,30.0,0.0,0.0,0.0,0.0,0.0,0.0,0.0,0.0,50.0,0.0,487.0,0.0,0.0,0.0,,0.0,0.0,1.0,0.0,1.0,2.0,0.0,0.0,0.0,0.0,0.0,0.0,0.0,2.0,0.0,0.0,0.0,0.0,0.0,574.0
2020-04-14,,0.0,1.0,18.0,0.0,0.0,0.0,0.0,0.0,0.0,0.0,0.0,0.0,0.0,526.0,0.0,0.0,0.0,,0.0,0.0,2.0,0.0,0.0,1.0,0.0,0.0,0.0,0.0,0.0,0.0,0.0,1.0,0.0,0.0,0.0,0.0,0.0,549.0
2020-04-15,,0.0,23.0,21.0,0.0,0.0,0.0,0.0,0.0,0.0,0.0,0.0,0.0,0.0,509.0,0.0,0.0,0.0,,0.0,0.0,2.0,0.0,8.0,1.0,0.0,0.0,0.0,0.0,0.0,0.0,0.0,3.0,0.0,0.0,0.0,0.0,0.0,567.0
2020-04-16,,0.0,1.0,62.0,0.0,0.0,0.0,0.0,0.0,0.0,0.0,0.0,0.0,0.0,510.0,0.0,0.0,0.0,,0.0,0.0,2.0,0.0,1.0,1.0,0.0,0.0,0.0,0.0,0.0,0.0,0.0,5.0,0.0,0.0,0.0,0.0,0.0,582.0
2020-04-17,,0.0,2.0,130.0,0.0,0.0,0.0,0.0,0.0,0.0,0.0,0.0,0.0,0.0,460.0,0.0,0.0,240.0,,0.0,0.0,3.0,0.0,1.0,2.0,0.0,0.0,0.0,0.0,0.0,0.0,0.0,1.0,0.0,0.0,0.0,0.0,0.0,839.0
2020-04-18,,0.0,4.0,104.0,0.0,0.0,0.0,0.0,0.0,0.0,0.0,0.0,0.0,0.0,542.0,0.0,0.0,60.0,,0.0,0.0,6.0,0.0,23.0,4.0,0.0,0.0,0.0,0.0,0.0,0.0,0.0,70.0,0.0,0.0,0.0,0.0,0.0,813.0
2020-04-19,,0.0,3.0,86.0,0.0,0.0,0.0,0.0,0.0,0.0,0.0,0.0,0.0,0.0,540.0,0.0,0.0,0.0,,0.0,0.0,4.0,0.0,1.0,3.0,0.0,0.0,0.0,0.0,0.0,0.0,0.0,5.0,0.0,0.0,0.0,0.0,0.0,642.0
2020-04-20,,0.0,2.0,86.0,0.0,0.0,0.0,0.0,0.0,0.0,0.0,0.0,0.0,0.0,523.0,0.0,0.0,0.0,,0.0,0.0,3.0,0.0,1.0,2.0,0.0,0.0,0.0,0.0,0.0,0.0,0.0,0.0,0.0,0.0,0.0,0.0,0.0,617.0
2020-04-21,,0.0,3.0,350.0,0.0,0.0,0.0,0.0,0.0,0.0,0.0,0.0,0.0,0.0,487.0,0.0,0.0,0.0,,0.0,0.0,8.0,0.0,5.0,11.0,0.0,0.0,0.0,0.0,0.0,0.0,0.0,1.0,0.0,0.0,0.0,0.0,0.0,865.0
2020-04-22,,0.0,2.0,196.0,0.0,0.0,0.0,0.0,0.0,0.0,0.0,0.0,0.0,0.0,554.0,0.0,0.0,0.0,,0.0,0.0,3.0,0.0,2.0,1.0,0.0,0.0,0.0,0.0,0.0,0.0,0.0,23.0,0.0,0.0,0.0,0.0,0.0,781.0
2020-04-23,,0.0,0.0,79.0,0.0,0.0,0.0,0.0,0.0,0.0,0.0,0.0,0.0,0.0,562.0,0.0,0.0,0.0,,0.0,0.0,3.0,0.0,0.0,1.0,0.0,0.0,0.0,0.0,0.0,0.0,0.0,37.0,0.0,0.0,0.0,0.0,0.0,682.0
2020-04-24,,0.0,1.0,35.0,0.0,0.0,0.0,0.0,0.0,0.0,0.0,0.0,0.0,0.0,561.0,0.0,0.0,0.0,,0.0,0.0,1.0,0.0,2.0,2.0,0.0,0.0,0.0,0.0,0.0,0.0,0.0,10.0,0.0,0.0,0.0,0.0,0.0,612.0
2020-04-25,,0.0,1.0,30.0,0.0,0.0,0.0,0.0,0.0,0.0,0.0,0.0,0.0,0.0,520.0,0.0,0.0,50.0,,0.0,0.0,1.0,0.0,1.0,2.0,0.0,0.0,0.0,0.0,0.0,0.0,0.0,7.0,0.0,0.0,0.0,0.0,0.0,612.0
2020-04-27,,0.0,1.0,101.0,0.0,0.0,0.0,0.0,0.0,0.0,0.0,0.0,0.0,0.0,519.0,0.0,0.0,0.0,,0.0,0.0,1.0,0.0,1.0,1.0,0.0,0.0,0.0,0.0,0.0,0.0,0.0,3.0,0.0,0.0,0.0,0.0,0.0,627.0
2020-04-28,,0.0,0.0,53.0,0.0,0.0,0.0,0.0,0.0,0.0,0.0,0.0,0.0,0.0,541.0,0.0,0.0,0.0,,0.0,0.0,3.0,0.0,1.0,0.0,0.0,0.0,0.0,0.0,0.0,0.0,0.0,6.0,0.0,0.0,0.0,0.0,0.0,604.0
2020-04-29,,0.0,1.0,90.0,0.0,0.0,0.0,0.0,0.0,0.0,0.0,0.0,0.0,0.0,530.0,0.0,0.0,0.0,,0.0,0.0,1.0,0.0,1.0,1.0,0.0,0.0,0.0,68.0,0.0,0.0,0.0,2.0,0.0,0.0,0.0,0.0,0.0,694.0
2020-04-30,,0.0,1.0,41.0,0.0,0.0,0.0,0.0,0.0,0.0,0.0,0.0,0.0,0.0,548.0,0.0,0.0,0.0,,0.0,0.0,0.0,0.0,1.0,0.0,0.0,0.0,0.0,0.0,0.0,0.0,0.0,1.0,0.0,0.0,0.0,0.0,0.0,592.0
2020-05-01,,0.0,1.0,15.0,0.0,0.0,0.0,0.0,0.0,0.0,0.0,0.0,0.0,0.0,519.0,0.0,0.0,0.0,,0.0,0.0,0.0,0.0,2.0,1.0,0.0,0.0,0.0,0.0,0.0,0.0,0.0,1.0,0.0,0.0,0.0,0.0,0.0,539.0
2020-05-02,,0.0,1.0,90.0,0.0,0.0,0.0,0.0,0.0,0.0,0.0,0.0,0.0,0.0,529.0,0.0,0.0,0.0,,0.0,0.0,2.0,0.0,1.0,1.0,0.0,0.0,0.0,0.0,0.0,0.0,0.0,2.0,0.0,0.0,0.0,0.0,0.0,626.0
2020-05-03,,0.0,1.0,30.0,0.0,0.0,0.0,0.0,0.0,0.0,0.0,0.0,0.0,0.0,516.0,0.0,0.0,0.0,,0.0,0.0,1.0,0.0,2.0,2.0,0.0,0.0,0.0,0.0,0.0,0.0,0.0,2.0,0.0,0.0,0.0,0.0,0.0,554.0
2020-05-04,,0.0,2.0,18.0,0.0,0.0,0.0,0.0,0.0,0.0,0.0,0.0,190.0,0.0,323.0,0.0,0.0,0.0,,0.0,0.0,2.0,1.0,2.0,1.0,0.0,0.0,0.0,0.0,0.0,0.0,0.0,5.0,380.0,0.0,0.0,0.0,0.0,924.0
2020-05-05,,0.0,7.0,410.0,0.0,0.0,0.0,0.0,0.0,0.0,0.0,0.0,0.0,0.0,516.0,0.0,0.0,0.0,,0.0,0.0,10.0,11.0,5.0,4.0,0.0,0.0,0.0,0.0,0.0,0.0,0.0,45.0,0.0,0.0,0.0,0.0,0.0,1008.0
2020-05-06,,0.0,1.0,52.0,0.0,0.0,0.0,0.0,0.0,0.0,0.0,0.0,0.0,0.0,512.0,0.0,0.0,0.0,,0.0,0.0,1.0,0.0,1.0,1.0,0.0,0.0,0.0,0.0,0.0,0.0,0.0,3.0,0.0,0.0,0.0,0.0,0.0,571.0
2020-05-07,,0.0,1.0,110.0,0.0,0.0,0.0,0.0,0.0,0.0,0.0,0.0,50.0,0.0,523.0,0.0,0.0,0.0,,0.0,0.0,1.0,0.0,1.0,1.0,0.0,0.0,0.0,0.0,0.0,0.0,0.0,2.0,0.0,0.0,0.0,0.0,0.0,689.0
2020-05-08,,0.0,0.0,63.0,0.0,0.0,0.0,0.0,0.0,0.0,0.0,0.0,0.0,0.0,586.0,0.0,0.0,0.0,,0.0,0.0,1.0,0.0,1.0,2.0,0.0,0.0,0.0,171.0,0.0,0.0,0.0,3.0,0.0,0.0,0.0,0.0,0.0,827.0
2020-05-09,,0.0,0.0,26.0,0.0,0.0,0.0,0.0,0.0,0.0,0.0,0.0,0.0,0.0,546.0,0.0,0.0,0.0,,0.0,0.0,2.0,0.0,1.0,1.0,0.0,0.0,0.0,0.0,0.0,0.0,0.0,2.0,380.0,0.0,0.0,0.0,0.0,958.0
2020-05-10,,0.0,2.0,20.0,0.0,0.0,0.0,0.0,0.0,0.0,0.0,0.0,0.0,0.0,556.0,0.0,0.0,0.0,,0.0,0.0,2.0,0.0,1.0,2.0,0.0,0.0,0.0,0.0,0.0,0.0,0.0,2.0,0.0,0.0,0.0,0.0,0.0,585.0
2020-05-11,,0.0,2.0,45.0,0.0,0.0,0.0,0.0,0.0,0.0,0.0,0.0,0.0,0.0,499.0,0.0,0.0,0.0,,0.0,0.0,1.0,0.0,2.0,2.0,0.0,0.0,0.0,0.0,0.0,0.0,0.0,0.0,0.0,0.0,0.0,0.0,0.0,551.0
2020-05-13,,0.0,11.0,250.0,0.0,0.0,0.0,0.0,0.0,0.0,0.0,0.0,70.0,0.0,547.0,0.0,0.0,0.0,,0.0,0.0,8.0,5.0,5.0,4.0,0.0,0.0,0.0,0.0,0.0,0.0,0.0,8.0,0.0,0.0,0.0,0.0,0.0,908.0
2020-05-14,,0.0,1.0,102.0,0.0,0.0,0.0,0.0,0.0,0.0,0.0,0.0,0.0,0.0,361.0,0.0,0.0,0.0,,0.0,0.0,1.0,0.0,1.0,1.0,0.0,0.0,0.0,0.0,0.0,0.0,0.0,3.0,0.0,0.0,0.0,0.0,0.0,470.0
2020-05-15,,0.0,2.0,52.0,0.0,0.0,0.0,0.0,0.0,0.0,0.0,0.0,0.0,0.0,547.0,0.0,0.0,0.0,,0.0,0.0,3.0,0.0,1.0,2.0,0.0,0.0,0.0,0.0,0.0,0.0,0.0,0.0,610.0,0.0,0.0,0.0,0.0,1217.0
2020-05-16,,0.0,0.0,127.0,0.0,0.0,0.0,0.0,0.0,0.0,0.0,0.0,0.0,0.0,533.0,0.0,0.0,0.0,,0.0,0.0,2.0,0.0,1.0,3.0,0.0,0.0,0.0,0.0,0.0,0.0,0.0,2.0,310.0,0.0,0.0,0.0,0.0,978.0
2020-05-17,,0.0,1.0,19.0,0.0,0.0,0.0,0.0,0.0,0.0,0.0,0.0,0.0,0.0,548.0,0.0,0.0,0.0,,0.0,0.0,2.0,0.0,0.0,0.0,0.0,0.0,0.0,0.0,0.0,0.0,0.0,3.0,0.0,0.0,0.0,0.0,0.0,573.0
2020-05-18,,0.0,3.0,10.0,0.0,0.0,0.0,0.0,0.0,0.0,0.0,0.0,0.0,0.0,547.0,0.0,0.0,0.0,,0.0,0.0,1.0,0.0,2.0,2.0,0.0,0.0,0.0,0.0,0.0,0.0,0.0,4.0,440.0,0.0,0.0,0.0,0.0,1009.0
2020-05-19,,0.0,1.0,40.0,0.0,0.0,0.0,0.0,0.0,0.0,0.0,0.0,0.0,0.0,527.0,0.0,0.0,0.0,,0.0,0.0,4.0,2.0,3.0,3.0,0.0,0.0,0.0,0.0,0.0,0.0,0.0,9.0,0.0,0.0,0.0,0.0,0.0,589.0
2020-05-20,,0.0,1.0,100.0,0.0,0.0,0.0,0.0,0.0,0.0,0.0,0.0,0.0,0.0,556.0,0.0,0.0,0.0,,0.0,0.0,1.0,0.0,1.0,2.0,0.0,0.0,0.0,0.0,0.0,0.0,0.0,1.0,170.0,0.0,0.0,0.0,0.0,832.0
2020-05-21,,0.0,1.0,0.0,0.0,0.0,0.0,0.0,0.0,0.0,0.0,0.0,288.0,0.0,551.0,0.0,0.0,0.0,,0.0,0.0,1.0,0.0,1.0,1.0,0.0,0.0,0.0,0.0,0.0,0.0,0.0,1.0,340.0,0.0,0.0,0.0,0.0,1184.0
2020-05-22,,0.0,1.0,202.0,0.0,0.0,0.0,0.0,0.0,0.0,0.0,0.0,15.0,0.0,548.0,0.0,0.0,0.0,,0.0,0.0,1.0,0.0,1.0,1.0,0.0,0.0,0.0,0.0,0.0,0.0,0.0,2.0,170.0,0.0,0.0,0.0,0.0,941.0
2020-05-23,,0.0,1.0,120.0,0.0,0.0,0.0,0.0,0.0,0.0,0.0,0.0,0.0,0.0,513.0,0.0,0.0,0.0,,0.0,0.0,2.0,0.0,0.0,1.0,0.0,0.0,0.0,0.0,0.0,0.0,0.0,11.0,0.0,0.0,0.0,0.0,0.0,648.0
2020-05-24,,0.0,0.0,237.0,0.0,0.0,0.0,0.0,0.0,0.0,0.0,0.0,0.0,0.0,542.0,0.0,0.0,0.0,,0.0,0.0,1.0,0.0,0.0,0.0,0.0,0.0,0.0,0.0,0.0,0.0,0.0,2.0,0.0,0.0,0.0,0.0,0.0,782.0
2020-05-25,,0.0,0.0,307.0,0.0,0.0,0.0,0.0,0.0,0.0,0.0,0.0,0.0,0.0,550.0,0.0,0.0,0.0,,0.0,0.0,2.0,0.0,0.0,1.0,0.0,0.0,0.0,0.0,0.0,0.0,0.0,0.0,0.0,0.0,0.0,0.0,0.0,860.0
2020-05-26,,0.0,1.0,200.0,0.0,0.0,0.0,0.0,0.0,0.0,0.0,0.0,0.0,0.0,525.0,0.0,0.0,0.0,,0.0,0.0,1.0,0.0,1.0,1.0,0.0,0.0,0.0,0.0,0.0,0.0,0.0,5.0,0.0,0.0,0.0,0.0,0.0,734.0
2020-05-27,,0.0,1.0,40.0,0.0,0.0,0.0,0.0,0.0,0.0,0.0,0.0,0.0,0.0,528.0,0.0,0.0,0.0,,0.0,0.0,2.0,0.0,1.0,1.0,0.0,0.0,0.0,0.0,0.0,0.0,0.0,2.0,0.0,0.0,0.0,0.0,0.0,575.0
2020-05-28,,0.0,1.0,22.0,0.0,0.0,0.0,0.0,0.0,0.0,0.0,0.0,0.0,0.0,506.0,0.0,0.0,0.0,,0.0,0.0,2.0,1.0,0.0,0.0,0.0,0.0,0.0,0.0,0.0,0.0,0.0,2.0,0.0,0.0,0.0,0.0,0.0,534.0
2020-05-29,,0.0,0.0,12.0,0.0,0.0,0.0,0.0,0.0,0.0,0.0,0.0,0.0,0.0,542.0,0.0,0.0,0.0,,0.0,0.0,0.0,1.0,0.0,0.0,0.0,0.0,0.0,0.0,0.0,0.0,0.0,4.0,0.0,0.0,0.0,0.0,0.0,559.0
2020-05-30,,0.0,1.0,3.0,0.0,0.0,0.0,0.0,0.0,0.0,0.0,0.0,0.0,0.0,516.0,0.0,0.0,0.0,,0.0,0.0,1.0,0.0,1.0,1.0,0.0,0.0,0.0,0.0,0.0,0.0,0.0,2.0,0.0,0.0,0.0,0.0,0.0,525.0
2020-05-31,,0.0,1.0,89.0,0.0,0.0,0.0,0.0,0.0,0.0,0.0,0.0,0.0,0.0,541.0,0.0,0.0,0.0,,0.0,0.0,1.0,0.0,1.0,1.0,0.0,0.0,0.0,0.0,0.0,0.0,0.0,0.0,0.0,0.0,0.0,0.0,0.0,634.0
2020-06-01,,0.0,0.0,53.0,0.0,0.0,0.0,0.0,0.0,0.0,0.0,0.0,0.0,0.0,508.0,0.0,0.0,0.0,,0.0,0.0,1.0,0.0,0.0,0.0,0.0,0.0,0.0,0.0,0.0,0.0,0.0,2.0,0.0,0.0,0.0,0.0,0.0,564.0
2020-06-02,,0.0,0.0,137.0,0.0,0.0,0.0,0.0,0.0,0.0,0.0,0.0,0.0,0.0,559.0,0.0,0.0,0.0,,0.0,0.0,1.0,0.0,0.0,0.0,0.0,0.0,0.0,0.0,0.0,0.0,0.0,3.0,0.0,0.0,0.0,0.0,0.0,700.0
2020-06-03,,0.0,1.0,20.0,0.0,0.0,0.0,0.0,0.0,0.0,0.0,0.0,0.0,0.0,552.0,0.0,0.0,0.0,,0.0,0.0,1.0,0.0,2.0,2.0,0.0,0.0,0.0,0.0,0.0,0.0,0.0,1.0,340.0,0.0,0.0,0.0,0.0,919.0
2020-06-04,,0.0,1.0,20.0,0.0,0.0,0.0,0.0,0.0,0.0,0.0,0.0,0.0,0.0,529.0,0.0,0.0,0.0,,0.0,0.0,1.0,0.0,1.0,2.0,0.0,0.0,0.0,0.0,0.0,0.0,0.0,5.0,0.0,0.0,0.0,0.0,0.0,559.0
2020-06-05,,0.0,1.0,12.0,0.0,0.0,0.0,0.0,0.0,0.0,0.0,0.0,0.0,0.0,493.0,0.0,0.0,0.0,,0.0,0.0,0.0,1.0,0.0,0.0,0.0,0.0,0.0,0.0,0.0,0.0,0.0,1.0,0.0,0.0,0.0,0.0,0.0,508.0
2020-06-06,,0.0,1.0,15.0,0.0,0.0,0.0,0.0,0.0,0.0,0.0,0.0,0.0,0.0,435.0,0.0,0.0,0.0,,0.0,0.0,1.0,0.0,0.0,1.0,0.0,0.0,0.0,0.0,0.0,0.0,0.0,2.0,0.0,0.0,0.0,0.0,0.0,455.0
2020-06-07,,0.0,1.0,40.0,0.0,0.0,0.0,0.0,0.0,0.0,0.0,0.0,0.0,0.0,544.0,0.0,0.0,0.0,,0.0,0.0,2.0,0.0,1.0,1.0,0.0,0.0,0.0,0.0,0.0,0.0,0.0,12.0,0.0,0.0,0.0,0.0,0.0,601.0
2020-06-08,,0.0,2.0,0.0,0.0,0.0,0.0,0.0,0.0,0.0,0.0,0.0,550.0,0.0,507.0,0.0,0.0,0.0,,0.0,0.0,1.0,0.0,1.0,2.0,0.0,0.0,0.0,0.0,0.0,0.0,0.0,14.0,170.0,0.0,0.0,0.0,0.0,1247.0
2020-06-09,,0.0,1.0,57.0,0.0,0.0,0.0,0.0,0.0,0.0,0.0,0.0,353.0,0.0,526.0,0.0,0.0,0.0,,0.0,0.0,0.0,0.0,0.0,1.0,0.0,0.0,0.0,0.0,0.0,0.0,0.0,8.0,0.0,0.0,0.0,0.0,0.0,946.0
2020-06-10,,0.0,0.0,37.0,0.0,0.0,0.0,0.0,0.0,0.0,0.0,0.0,0.0,0.0,541.0,0.0,0.0,0.0,,0.0,0.0,2.0,0.0,0.0,1.0,0.0,0.0,0.0,0.0,0.0,0.0,0.0,2.0,0.0,0.0,0.0,0.0,0.0,583.0
2020-06-11,,0.0,1.0,30.0,0.0,0.0,0.0,0.0,0.0,0.0,0.0,0.0,0.0,0.0,527.0,0.0,0.0,0.0,,0.0,0.0,2.0,0.0,2.0,2.0,0.0,0.0,0.0,0.0,0.0,0.0,0.0,1.0,0.0,0.0,0.0,0.0,0.0,565.0
2020-06-12,,0.0,1.0,2.0,0.0,0.0,0.0,0.0,0.0,0.0,0.0,0.0,0.0,0.0,548.0,0.0,0.0,0.0,,0.0,0.0,1.0,0.0,1.0,1.0,0.0,0.0,0.0,69.0,0.0,0.0,0.0,2.0,0.0,0.0,0.0,0.0,0.0,625.0
2020-06-13,,0.0,1.0,15.0,0.0,0.0,0.0,0.0,0.0,0.0,0.0,0.0,0.0,0.0,538.0,0.0,0.0,0.0,,0.0,0.0,2.0,1.0,0.0,0.0,0.0,0.0,0.0,0.0,0.0,0.0,0.0,3.0,0.0,0.0,0.0,0.0,0.0,560.0
2020-06-14,,0.0,2.0,17.0,0.0,0.0,0.0,0.0,0.0,0.0,0.0,0.0,0.0,0.0,546.0,0.0,0.0,0.0,,0.0,0.0,2.0,1.0,0.0,1.0,0.0,0.0,0.0,0.0,0.0,0.0,0.0,4.0,0.0,0.0,0.0,0.0,0.0,573.0
2020-06-15,,0.0,1.0,0.0,0.0,0.0,0.0,0.0,0.0,0.0,0.0,0.0,0.0,0.0,559.0,0.0,0.0,0.0,,0.0,0.0,2.0,0.0,1.0,2.0,0.0,0.0,0.0,0.0,0.0,0.0,0.0,2.0,0.0,0.0,0.0,0.0,0.0,567.0
2020-06-16,,0.0,1.0,0.0,0.0,0.0,0.0,0.0,0.0,0.0,0.0,0.0,0.0,0.0,552.0,0.0,0.0,0.0,,0.0,0.0,2.0,0.0,1.0,1.0,0.0,0.0,0.0,0.0,0.0,0.0,0.0,2.0,0.0,0.0,0.0,0.0,0.0,559.0
2020-06-17,,0.0,0.0,137.0,0.0,0.0,0.0,0.0,0.0,0.0,0.0,0.0,0.0,0.0,550.0,0.0,0.0,0.0,,0.0,0.0,3.0,0.0,0.0,0.0,0.0,0.0,0.0,0.0,0.0,0.0,0.0,3.0,0.0,0.0,0.0,0.0,0.0,693.0
2020-06-18,,0.0,0.0,187.0,0.0,0.0,0.0,0.0,0.0,0.0,0.0,0.0,0.0,0.0,539.0,0.0,0.0,0.0,,0.0,0.0,1.0,0.0,0.0,0.0,0.0,0.0,0.0,0.0,0.0,0.0,0.0,3.0,0.0,0.0,0.0,0.0,0.0,730.0
2020-06-19,,0.0,1.0,10.0,0.0,0.0,0.0,0.0,0.0,0.0,0.0,0.0,0.0,0.0,539.0,0.0,0.0,0.0,,0.0,0.0,1.0,0.0,1.0,1.0,0.0,0.0,0.0,0.0,0.0,0.0,0.0,2.0,0.0,0.0,0.0,0.0,0.0,555.0
2020-06-20,,0.0,1.0,30.0,0.0,0.0,0.0,0.0,0.0,0.0,0.0,0.0,0.0,0.0,524.0,0.0,0.0,0.0,,0.0,0.0,1.0,0.0,1.0,2.0,0.0,0.0,0.0,0.0,0.0,0.0,0.0,1.0,0.0,0.0,0.0,0.0,0.0,560.0
2020-06-20,,0.0,1.0,30.0,0.0,0.0,0.0,0.0,0.0,0.0,0.0,0.0,0.0,0.0,524.0,0.0,0.0,0.0,,0.0,0.0,1.0,0.0,1.0,2.0,0.0,0.0,0.0,0.0,0.0,0.0,0.0,1.0,0.0,0.0,0.0,0.0,0.0,560.0
2020-06-21,,0.0,1.0,14.0,0.0,0.0,0.0,0.0,0.0,0.0,0.0,0.0,0.0,0.0,510.0,0.0,0.0,0.0,,0.0,0.0,1.0,0.0,0.0,0.0,0.0,0.0,0.0,0.0,0.0,0.0,0.0,3.0,0.0,0.0,0.0,0.0,0.0,529.0
2020-06-22,,0.0,1.0,17.0,0.0,0.0,0.0,0.0,0.0,0.0,0.0,0.0,0.0,0.0,539.0,0.0,0.0,0.0,,0.0,0.0,0.0,0.0,1.0,2.0,0.0,0.0,0.0,0.0,0.0,0.0,0.0,5.0,270.0,0.0,0.0,0.0,0.0,835.0
2020-06-24,,0.0,1.0,0.0,0.0,0.0,0.0,0.0,0.0,0.0,0.0,0.0,0.0,0.0,521.0,0.0,0.0,0.0,,0.0,0.0,1.0,0.0,2.0,1.0,0.0,0.0,0.0,0.0,0.0,0.0,0.0,4.0,270.0,0.0,0.0,0.0,0.0,800.0
2020-06-25,,0.0,0.0,173.0,0.0,0.0,0.0,0.0,0.0,0.0,0.0,0.0,0.0,0.0,549.0,0.0,0.0,0.0,,0.0,0.0,2.0,0.0,0.0,1.0,0.0,0.0,0.0,0.0,0.0,0.0,0.0,2.0,0.0,0.0,0.0,0.0,0.0,727.0
2020-06-26,,0.0,0.0,273.0,0.0,0.0,0.0,0.0,0.0,0.0,0.0,0.0,0.0,0.0,519.0,0.0,0.0,0.0,,0.0,0.0,1.0,0.0,0.0,0.0,0.0,0.0,0.0,0.0,0.0,0.0,0.0,3.0,0.0,0.0,0.0,0.0,0.0,796.0
2020-06-27,,0.0,1.0,10.0,0.0,0.0,0.0,0.0,0.0,0.0,0.0,0.0,0.0,57.0,503.0,0.0,0.0,0.0,,0.0,0.0,1.0,0.0,1.0,2.0,0.0,0.0,0.0,0.0,0.0,0.0,0.0,1.0,170.0,0.0,0.0,0.0,0.0,746.0
2020-06-28,,0.0,1.0,30.0,0.0,0.0,0.0,0.0,0.0,0.0,0.0,0.0,0.0,0.0,515.0,0.0,0.0,0.0,,0.0,0.0,1.0,0.0,1.0,2.0,0.0,0.0,0.0,0.0,0.0,0.0,0.0,1.0,0.0,0.0,0.0,0.0,0.0,551.0
2020-06-29,,0.0,3.0,30.0,0.0,0.0,0.0,0.0,0.0,0.0,0.0,0.0,163.0,0.0,510.0,0.0,0.0,0.0,,0.0,0.0,4.0,3.0,3.0,4.0,0.0,0.0,0.0,0.0,0.0,0.0,0.0,11.0,0.0,0.0,0.0,0.0,0.0,731.0
2020-07-02,,0.0,1.0,10.0,0.0,0.0,0.0,0.0,0.0,0.0,0.0,0.0,135.0,0.0,547.0,0.0,0.0,0.0,,0.0,0.0,2.0,0.0,2.0,2.0,0.0,0.0,0.0,0.0,0.0,0.0,0.0,3.0,610.0,0.0,0.0,0.0,0.0,1312.0
2020-07-03,,0.0,0.0,127.0,0.0,0.0,0.0,0.0,0.0,0.0,0.0,0.0,0.0,0.0,560.0,0.0,0.0,0.0,,0.0,0.0,1.0,0.0,0.0,1.0,0.0,0.0,0.0,0.0,0.0,0.0,0.0,1.0,440.0,0.0,0.0,0.0,0.0,1130.0
2020-07-04,,0.0,0.0,117.0,0.0,0.0,0.0,0.0,0.0,0.0,0.0,0.0,0.0,65.0,453.0,0.0,0.0,0.0,,0.0,0.0,2.0,0.0,0.0,0.0,0.0,0.0,0.0,0.0,0.0,0.0,0.0,3.0,0.0,0.0,0.0,0.0,0.0,640.0
2020-07-05,,0.0,1.0,23.0,0.0,0.0,0.0,0.0,0.0,0.0,0.0,0.0,0.0,0.0,459.0,0.0,0.0,0.0,,0.0,0.0,2.0,1.0,2.0,2.0,0.0,0.0,0.0,0.0,0.0,0.0,0.0,9.0,0.0,0.0,0.0,0.0,0.0,499.0
2020-07-06,,0.0,1.0,30.0,0.0,0.0,0.0,0.0,0.0,0.0,0.0,0.0,0.0,0.0,542.0,0.0,0.0,0.0,,0.0,0.0,2.0,0.0,2.0,2.0,0.0,0.0,0.0,0.0,0.0,0.0,0.0,2.0,0.0,0.0,0.0,0.0,0.0,581.0
2020-07-07,,0.0,2.0,34.0,0.0,0.0,0.0,0.0,0.0,0.0,0.0,0.0,0.0,0.0,547.0,0.0,0.0,0.0,,0.0,0.0,2.0,1.0,1.0,2.0,0.0,0.0,0.0,0.0,0.0,0.0,0.0,3.0,0.0,0.0,0.0,0.0,0.0,592.0
2020-07-08,,0.0,2.0,35.0,0.0,0.0,0.0,0.0,0.0,0.0,0.0,0.0,0.0,46.0,531.0,0.0,0.0,0.0,,0.0,0.0,1.0,1.0,2.0,1.0,0.0,0.0,0.0,0.0,0.0,0.0,0.0,8.0,0.0,0.0,0.0,0.0,0.0,627.0
2020-07-09,,0.0,2.0,144.0,0.0,0.0,0.0,0.0,0.0,0.0,0.0,0.0,0.0,0.0,533.0,0.0,0.0,0.0,,0.0,0.0,1.0,0.0,1.0,1.0,0.0,0.0,0.0,0.0,0.0,0.0,0.0,1.0,340.0,0.0,0.0,0.0,0.0,1023.0
2020-07-10,,0.0,1.0,214.0,0.0,0.0,0.0,0.0,0.0,0.0,0.0,0.0,81.0,0.0,558.0,0.0,0.0,0.0,,0.0,0.0,1.0,0.0,1.0,1.0,0.0,0.0,0.0,0.0,0.0,0.0,0.0,2.0,0.0,0.0,0.0,0.0,0.0,859.0
2020-07-11,,0.0,0.0,197.0,0.0,0.0,0.0,0.0,0.0,0.0,0.0,0.0,0.0,0.0,528.0,0.0,0.0,0.0,,0.0,0.0,2.0,0.0,0.0,1.0,0.0,0.0,0.0,0.0,0.0,0.0,0.0,6.0,0.0,0.0,0.0,0.0,0.0,734.0
2020-07-12,,0.0,0.0,177.0,0.0,0.0,0.0,0.0,0.0,0.0,0.0,0.0,0.0,0.0,511.0,0.0,0.0,0.0,,0.0,0.0,1.0,0.0,0.0,0.0,0.0,0.0,0.0,0.0,0.0,0.0,0.0,2.0,0.0,0.0,0.0,0.0,0.0,691.0
2020-07-13,,0.0,1.0,130.0,0.0,0.0,0.0,0.0,0.0,0.0,0.0,0.0,50.0,0.0,547.0,0.0,0.0,0.0,,0.0,0.0,2.0,0.0,0.0,2.0,0.0,0.0,0.0,0.0,0.0,0.0,0.0,4.0,440.0,0.0,0.0,0.0,0.0,1176.0
2020-07-14,,0.0,1.0,149.0,0.0,0.0,0.0,0.0,0.0,0.0,0.0,0.0,243.0,0.0,537.0,0.0,0.0,0.0,,0.0,0.0,2.0,0.0,1.0,2.0,0.0,0.0,0.0,0.0,0.0,0.0,0.0,0.0,0.0,0.0,0.0,0.0,0.0,935.0
2020-07-15,,0.0,3.0,23.0,0.0,0.0,0.0,0.0,0.0,0.0,0.0,0.0,0.0,0.0,544.0,0.0,0.0,0.0,,0.0,0.0,1.0,2.0,1.0,2.0,0.0,0.0,0.0,0.0,0.0,0.0,0.0,7.0,0.0,0.0,0.0,0.0,0.0,583.0
2020-07-16,,0.0,1.0,23.0,0.0,0.0,0.0,0.0,0.0,0.0,0.0,0.0,0.0,0.0,548.0,0.0,0.0,0.0,,0.0,0.0,1.0,0.0,1.0,2.0,0.0,0.0,0.0,0.0,0.0,0.0,0.0,1.0,0.0,0.0,0.0,0.0,0.0,577.0
2020-07-17,,0.0,1.0,135.0,0.0,0.0,0.0,0.0,0.0,0.0,0.0,0.0,0.0,0.0,373.0,0.0,0.0,0.0,,0.0,0.0,2.0,0.0,1.0,1.0,0.0,0.0,0.0,0.0,0.0,0.0,0.0,2.0,0.0,0.0,0.0,0.0,0.0,515.0
2020-07-18,,0.0,1.0,170.0,0.0,0.0,0.0,0.0,0.0,0.0,0.0,0.0,0.0,0.0,539.0,0.0,0.0,0.0,,0.0,0.0,1.0,0.0,1.0,1.0,0.0,0.0,0.0,0.0,0.0,0.0,0.0,0.0,0.0,0.0,0.0,0.0,0.0,713.0
2020-07-19,,0.0,0.0,121.0,0.0,0.0,0.0,0.0,0.0,0.0,0.0,0.0,0.0,0.0,525.0,0.0,0.0,0.0,,0.0,0.0,2.0,0.0,0.0,1.0,0.0,0.0,0.0,0.0,0.0,0.0,0.0,1.0,0.0,0.0,0.0,0.0,0.0,650.0
2020-07-20,,0.0,0.0,167.0,0.0,0.0,0.0,0.0,0.0,0.0,0.0,0.0,0.0,11.0,515.0,0.0,0.0,0.0,,0.0,0.0,2.0,0.0,0.0,1.0,0.0,0.0,0.0,0.0,0.0,0.0,0.0,2.0,0.0,0.0,0.0,0.0,0.0,698.0
2020-07-21,,0.0,1.0,30.0,0.0,0.0,0.0,0.0,0.0,0.0,0.0,0.0,0.0,0.0,525.0,0.0,0.0,0.0,,0.0,0.0,1.0,0.0,1.0,2.0,0.0,0.0,0.0,0.0,0.0,0.0,0.0,2.0,0.0,0.0,0.0,0.0,0.0,562.0
2020-07-22,,0.0,1.0,110.0,0.0,0.0,0.0,0.0,0.0,0.0,0.0,0.0,0.0,0.0,510.0,0.0,0.0,0.0,,0.0,0.0,1.0,0.0,2.0,2.0,0.0,0.0,0.0,0.0,0.0,0.0,0.0,2.0,0.0,0.0,0.0,0.0,0.0,628.0
2020-07-23,,0.0,1.0,15.0,0.0,0.0,0.0,0.0,0.0,0.0,0.0,0.0,0.0,0.0,560.0,0.0,0.0,0.0,,0.0,0.0,1.0,2.0,1.0,1.0,0.0,0.0,0.0,0.0,0.0,0.0,0.0,3.0,0.0,0.0,0.0,0.0,0.0,584.0
2020-07-24,,0.0,0.0,14.0,0.0,0.0,0.0,0.0,0.0,0.0,0.0,0.0,0.0,16.0,550.0,0.0,0.0,0.0,,0.0,0.0,1.0,0.0,0.0,1.0,0.0,0.0,0.0,0.0,0.0,0.0,0.0,3.0,0.0,0.0,0.0,0.0,0.0,585.0
2020-07-25,,0.0,1.0,118.0,0.0,0.0,0.0,0.0,0.0,0.0,0.0,0.0,45.0,0.0,508.0,0.0,0.0,0.0,,0.0,0.0,1.0,0.0,1.0,1.0,0.0,0.0,0.0,0.0,0.0,0.0,0.0,5.0,0.0,0.0,0.0,0.0,0.0,680.0
2020-07-26,,0.0,1.0,150.0,0.0,0.0,0.0,0.0,0.0,0.0,0.0,0.0,0.0,0.0,536.0,0.0,0.0,0.0,,0.0,0.0,1.0,0.0,1.0,1.0,0.0,0.0,0.0,0.0,0.0,0.0,0.0,2.0,170.0,0.0,0.0,0.0,0.0,862.0
2020-07-27,,0.0,0.0,137.0,0.0,0.0,0.0,0.0,0.0,0.0,0.0,0.0,40.0,6.0,504.0,0.0,0.0,0.0,,0.0,0.0,1.0,0.0,0.0,1.0,0.0,0.0,0.0,0.0,0.0,0.0,0.0,1.0,100.0,0.0,0.0,0.0,0.0,790.0
2020-07-28,,0.0,0.0,61.0,0.0,0.0,0.0,0.0,0.0,0.0,0.0,0.0,0.0,0.0,565.0,0.0,0.0,0.0,,0.0,0.0,2.0,0.0,0.0,0.0,0.0,0.0,0.0,0.0,0.0,0.0,0.0,1.0,0.0,0.0,0.0,0.0,0.0,629.0
2020-07-29,,0.0,1.0,30.0,0.0,0.0,0.0,0.0,0.0,0.0,0.0,0.0,0.0,0.0,533.0,0.0,0.0,0.0,,0.0,0.0,1.0,0.0,2.0,2.0,0.0,0.0,0.0,0.0,0.0,0.0,0.0,1.0,0.0,0.0,0.0,0.0,0.0,570.0
2020-07-30,,0.0,2.0,10.0,0.0,0.0,0.0,0.0,0.0,0.0,0.0,0.0,0.0,0.0,500.0,0.0,0.0,0.0,,0.0,0.0,1.0,0.0,1.0,2.0,0.0,0.0,0.0,0.0,0.0,0.0,0.0,1.0,0.0,0.0,0.0,0.0,0.0,517.0
2020-07-31,,0.0,1.0,8.0,0.0,0.0,0.0,0.0,0.0,0.0,0.0,0.0,0.0,0.0,554.0,0.0,0.0,0.0,,0.0,0.0,1.0,0.0,1.0,0.0,0.0,0.0,0.0,0.0,0.0,0.0,0.0,3.0,0.0,0.0,0.0,0.0,0.0,568.0
2020-08-01,,0.0,1.0,25.0,0.0,0.0,0.0,0.0,0.0,0.0,0.0,0.0,0.0,0.0,491.0,0.0,0.0,0.0,,0.0,0.0,2.0,0.0,1.0,2.0,0.0,0.0,0.0,0.0,0.0,0.0,0.0,2.0,0.0,0.0,0.0,0.0,0.0,524.0
2020-08-06,,0.0,2.0,13.0,0.0,0.0,0.0,0.0,0.0,0.0,0.0,0.0,0.0,0.0,0.0,0.0,0.0,0.0,,0.0,0.0,0.0,0.0,1.0,1.0,0.0,0.0,0.0,0.0,0.0,0.0,0.0,3.0,0.0,0.0,0.0,0.0,0.0,20.0
2020-08-07,,0.0,2.0,18.0,0.0,0.0,0.0,0.0,0.0,0.0,0.0,0.0,75.0,0.0,0.0,0.0,0.0,0.0,,0.0,0.0,1.0,0.0,1.0,0.0,0.0,0.0,0.0,0.0,0.0,0.0,0.0,4.0,780.0,0.0,0.0,0.0,0.0,881.0
2020-08-08,,0.0,1.0,30.0,0.0,0.0,0.0,0.0,0.0,0.0,0.0,0.0,13.0,0.0,0.0,0.0,0.0,0.0,,0.0,0.0,1.0,0.0,2.0,1.0,0.0,0.0,0.0,0.0,0.0,0.0,0.0,1.0,0.0,0.0,0.0,0.0,0.0,49.0
2020-08-09,,0.0,2.0,21.0,0.0,0.0,0.0,0.0,0.0,0.0,0.0,0.0,0.0,0.0,0.0,0.0,0.0,0.0,,0.0,0.0,2.0,0.0,1.0,2.0,0.0,0.0,0.0,0.0,0.0,0.0,0.0,2.0,0.0,0.0,0.0,0.0,0.0,30.0
2020-08-10,,0.0,1.0,145.0,0.0,0.0,0.0,0.0,0.0,0.0,0.0,0.0,0.0,0.0,0.0,198.0,0.0,0.0,,0.0,0.0,1.0,0.0,1.0,1.0,0.0,0.0,0.0,0.0,0.0,0.0,0.0,0.0,0.0,0.0,0.0,0.0,0.0,347.0
2020-08-13,,0.0,1.0,8.0,0.0,0.0,0.0,0.0,0.0,0.0,0.0,0.0,0.0,0.0,0.0,0.0,0.0,0.0,,0.0,0.0,2.0,0.0,2.0,1.0,0.0,0.0,0.0,0.0,0.0,0.0,0.0,1.0,0.0,0.0,0.0,0.0,0.0,15.0
2020-08-14,,0.0,2.0,24.0,0.0,0.0,0.0,0.0,0.0,0.0,0.0,0.0,0.0,0.0,0.0,0.0,0.0,0.0,,0.0,0.0,2.0,0.0,2.0,1.0,0.0,0.0,0.0,0.0,0.0,0.0,0.0,4.0,0.0,0.0,0.0,0.0,0.0,35.0
2020-08-15,,0.0,2.0,26.0,0.0,0.0,0.0,0.0,0.0,0.0,0.0,0.0,0.0,0.0,0.0,0.0,0.0,0.0,,0.0,0.0,1.0,0.0,2.0,2.0,0.0,0.0,0.0,0.0,0.0,0.0,0.0,8.0,0.0,0.0,0.0,0.0,0.0,41.0
2020-08-16,,0.0,1.0,24.0,0.0,0.0,0.0,0.0,0.0,0.0,0.0,0.0,0.0,0.0,0.0,0.0,0.0,0.0,,0.0,0.0,2.0,0.0,1.0,2.0,0.0,0.0,0.0,0.0,0.0,0.0,0.0,2.0,0.0,0.0,0.0,0.0,0.0,32.0
2020-08-17,,0.0,2.0,35.0,0.0,0.0,0.0,0.0,0.0,0.0,0.0,0.0,438.0,0.0,0.0,0.0,0.0,0.0,,0.0,0.0,1.0,0.0,1.0,2.0,0.0,0.0,0.0,0.0,0.0,0.0,0.0,2.0,0.0,0.0,0.0,0.0,0.0,481.0
2020-08-18,,0.0,1.0,90.0,0.0,0.0,0.0,0.0,0.0,0.0,0.0,0.0,0.0,0.0,0.0,0.0,0.0,0.0,,0.0,0.0,1.0,0.0,1.0,1.0,0.0,0.0,0.0,0.0,0.0,0.0,0.0,0.0,0.0,0.0,0.0,0.0,0.0,94.0
2020-08-19,,0.0,1.0,96.0,0.0,0.0,0.0,0.0,0.0,0.0,0.0,0.0,0.0,0.0,0.0,0.0,0.0,0.0,,0.0,0.0,1.0,0.0,1.0,1.0,0.0,0.0,0.0,0.0,0.0,0.0,0.0,2.0,0.0,0.0,0.0,0.0,0.0,102.0
2020-08-21,,0.0,1.0,14.0,0.0,0.0,0.0,0.0,0.0,0.0,0.0,0.0,0.0,0.0,0.0,0.0,0.0,0.0,,0.0,0.0,1.0,0.0,1.0,2.0,0.0,0.0,0.0,0.0,0.0,0.0,0.0,6.0,0.0,0.0,0.0,0.0,0.0,25.0
2020-08-22,,0.0,2.0,110.0,0.0,0.0,0.0,0.0,0.0,0.0,0.0,0.0,0.0,0.0,0.0,0.0,0.0,0.0,,0.0,0.0,1.0,0.0,1.0,1.0,0.0,0.0,0.0,0.0,0.0,0.0,0.0,0.0,0.0,0.0,0.0,0.0,0.0,115.0
2020-08-23,,0.0,1.0,65.0,0.0,0.0,0.0,0.0,0.0,0.0,0.0,0.0,0.0,0.0,0.0,0.0,0.0,0.0,,0.0,0.0,2.0,0.0,1.0,1.0,0.0,0.0,0.0,0.0,0.0,0.0,0.0,0.0,0.0,0.0,0.0,0.0,0.0,70.0
2020-08-30,,0.0,2.0,117.0,0.0,0.0,0.0,0.0,0.0,0.0,0.0,0.0,0.0,0.0,0.0,0.0,0.0,0.0,,0.0,0.0,2.0,0.0,1.0,1.0,0.0,0.0,0.0,0.0,0.0,0.0,0.0,2.0,0.0,0.0,0.0,0.0,0.0,125.0
2020-08-31,,0.0,1.0,80.0,70.0,0.0,0.0,0.0,0.0,0.0,0.0,0.0,0.0,0.0,0.0,219.0,0.0,0.0,,0.0,0.0,2.0,0.0,1.0,1.0,0.0,0.0,0.0,0.0,0.0,0.0,0.0,1.0,0.0,0.0,0.0,0.0,0.0,375.0
2020-09-01,,0.0,1.0,20.0,0.0,0.0,0.0,0.0,0.0,0.0,0.0,0.0,0.0,0.0,0.0,0.0,0.0,0.0,,0.0,0.0,1.0,0.0,2.0,1.0,0.0,0.0,0.0,0.0,0.0,0.0,0.0,2.0,0.0,0.0,0.0,0.0,0.0,27.0
2020-09-05,,0.0,1.0,0.0,0.0,0.0,0.0,0.0,0.0,0.0,0.0,0.0,0.0,33.0,0.0,0.0,0.0,0.0,,0.0,0.0,0.0,0.0,3.0,2.0,0.0,0.0,0.0,0.0,0.0,0.0,0.0,2.0,0.0,0.0,0.0,0.0,0.0,41.0
2020-09-06,,0.0,1.0,8.0,0.0,0.0,0.0,0.0,0.0,0.0,0.0,0.0,0.0,0.0,0.0,0.0,0.0,0.0,,0.0,0.0,2.0,0.0,2.0,1.0,0.0,0.0,0.0,0.0,0.0,0.0,0.0,4.0,0.0,0.0,0.0,0.0,0.0,18.0
2020-09-07,,0.0,1.0,105.0,0.0,0.0,0.0,0.0,0.0,0.0,0.0,0.0,0.0,0.0,0.0,0.0,0.0,0.0,,0.0,0.0,2.0,0.0,1.0,2.0,0.0,0.0,0.0,0.0,0.0,0.0,0.0,3.0,0.0,0.0,0.0,0.0,0.0,114.0
2020-09-08,,0.0,1.0,80.0,0.0,0.0,0.0,0.0,0.0,0.0,0.0,0.0,0.0,0.0,0.0,0.0,0.0,0.0,,0.0,0.0,1.0,0.0,1.0,2.0,0.0,0.0,0.0,0.0,0.0,0.0,0.0,1.0,85.0,0.0,0.0,0.0,0.0,171.0
2020-09-09,,0.0,1.0,21.0,90.0,0.0,0.0,0.0,0.0,0.0,0.0,0.0,0.0,0.0,0.0,0.0,0.0,0.0,,0.0,0.0,2.0,0.0,1.0,2.0,0.0,0.0,0.0,0.0,0.0,0.0,0.0,2.0,68.0,0.0,0.0,0.0,0.0,187.0
2020-09-10,,0.0,1.0,23.0,0.0,0.0,0.0,0.0,0.0,0.0,0.0,0.0,0.0,0.0,0.0,0.0,0.0,0.0,,0.0,0.0,1.0,0.0,2.0,2.0,0.0,0.0,0.0,0.0,0.0,0.0,0.0,1.0,0.0,0.0,0.0,0.0,0.0,30.0
2020-09-15,,0.0,2.0,115.0,0.0,0.0,0.0,0.0,0.0,0.0,0.0,0.0,0.0,0.0,0.0,0.0,0.0,0.0,,0.0,0.0,3.0,0.0,1.0,2.0,0.0,0.0,0.0,0.0,0.0,0.0,0.0,1.0,135.0,0.0,0.0,0.0,0.0,259.0
2020-09-16,,0.0,1.0,145.0,0.0,0.0,0.0,0.0,0.0,0.0,0.0,0.0,0.0,43.0,0.0,0.0,0.0,0.0,,0.0,0.0,1.0,0.0,2.0,1.0,0.0,0.0,0.0,0.0,0.0,0.0,0.0,1.0,0.0,0.0,0.0,0.0,0.0,194.0
2020-09-24,,0.0,2.0,100.0,0.0,0.0,0.0,0.0,0.0,0.0,0.0,0.0,0.0,0.0,0.0,0.0,0.0,0.0,,0.0,0.0,4.0,0.0,2.0,2.0,0.0,0.0,0.0,0.0,0.0,0.0,0.0,2.0,0.0,0.0,0.0,0.0,0.0,112.0
2020-09-25,,0.0,1.0,25.0,0.0,0.0,0.0,0.0,0.0,0.0,0.0,0.0,0.0,0.0,0.0,0.0,0.0,0.0,,0.0,0.0,1.0,0.0,1.0,2.0,0.0,0.0,0.0,0.0,0.0,0.0,0.0,2.0,43.0,0.0,0.0,0.0,0.0,75.0
2020-09-26,,0.0,2.0,28.0,0.0,0.0,0.0,0.0,0.0,0.0,0.0,0.0,0.0,53.0,0.0,0.0,0.0,0.0,,0.0,0.0,1.0,0.0,2.0,1.0,0.0,0.0,0.0,0.0,0.0,0.0,0.0,1.0,0.0,0.0,0.0,0.0,0.0,88.0
2020-09-29,,0.0,2.0,6.0,0.0,0.0,0.0,0.0,0.0,0.0,0.0,0.0,0.0,0.0,0.0,0.0,0.0,0.0,,0.0,0.0,1.0,0.0,2.0,1.0,0.0,0.0,0.0,0.0,0.0,0.0,0.0,2.0,0.0,0.0,0.0,0.0,0.0,14.0
2020-09-30,,0.0,1.0,7.0,0.0,0.0,0.0,0.0,0.0,0.0,0.0,0.0,0.0,0.0,0.0,0.0,0.0,0.0,,0.0,0.0,2.0,0.0,1.0,2.0,0.0,0.0,0.0,0.0,0.0,0.0,0.0,1.0,0.0,0.0,0.0,0.0,0.0,14.0
2020-10-01,,0.0,2.0,83.0,0.0,0.0,0.0,0.0,0.0,0.0,0.0,0.0,0.0,0.0,0.0,0.0,0.0,0.0,,0.0,0.0,2.0,0.0,1.0,1.0,0.0,0.0,0.0,0.0,0.0,0.0,0.0,1.0,238.0,0.0,0.0,0.0,0.0,328.0
2020-10-03,,0.0,2.0,19.0,0.0,0.0,0.0,0.0,0.0,0.0,0.0,0.0,0.0,0.0,0.0,0.0,0.0,0.0,,0.0,0.0,2.0,0.0,1.0,2.0,0.0,0.0,0.0,0.0,0.0,0.0,0.0,2.0,0.0,0.0,0.0,0.0,0.0,28.0
2020-10-04,,0.0,2.0,25.0,0.0,0.0,0.0,0.0,0.0,0.0,0.0,0.0,0.0,0.0,0.0,0.0,0.0,0.0,,0.0,0.0,1.0,0.0,1.0,2.0,0.0,0.0,0.0,0.0,0.0,0.0,0.0,1.0,0.0,0.0,0.0,0.0,0.0,32.0
2020-10-05,,0.0,1.0,220.0,0.0,0.0,0.0,0.0,0.0,0.0,0.0,0.0,0.0,0.0,0.0,0.0,0.0,0.0,,0.0,0.0,1.0,0.0,1.0,1.0,0.0,0.0,0.0,0.0,0.0,0.0,0.0,2.0,0.0,0.0,0.0,0.0,0.0,226.0
2020-10-06,,0.0,1.0,165.0,0.0,0.0,0.0,0.0,0.0,0.0,0.0,0.0,45.0,0.0,0.0,0.0,0.0,0.0,,0.0,0.0,1.0,0.0,1.0,1.0,0.0,0.0,0.0,0.0,0.0,0.0,0.0,1.0,0.0,0.0,0.0,0.0,0.0,215.0
2020-10-07,,0.0,2.0,15.0,0.0,0.0,0.0,0.0,0.0,0.0,0.0,0.0,0.0,0.0,0.0,0.0,0.0,0.0,,0.0,0.0,2.0,1.0,1.0,1.0,0.0,0.0,0.0,0.0,0.0,0.0,0.0,5.0,0.0,0.0,0.0,0.0,0.0,27.0
2020-10-09,,0.0,1.0,111.0,0.0,0.0,0.0,0.0,0.0,0.0,0.0,0.0,225.0,0.0,0.0,0.0,0.0,0.0,,0.0,0.0,2.0,0.0,1.0,1.0,0.0,0.0,0.0,0.0,0.0,0.0,0.0,1.0,0.0,0.0,0.0,0.0,0.0,342.0
2020-10-10,,0.0,1.0,96.0,0.0,0.0,0.0,0.0,0.0,0.0,0.0,0.0,68.0,0.0,0.0,0.0,0.0,0.0,,0.0,0.0,2.0,0.0,1.0,1.0,0.0,0.0,0.0,0.0,0.0,0.0,0.0,1.0,0.0,0.0,0.0,0.0,0.0,170.0
2020-10-11,,0.0,1.0,6.0,0.0,0.0,0.0,0.0,0.0,0.0,0.0,0.0,0.0,0.0,0.0,63.0,0.0,0.0,,0.0,0.0,2.0,0.0,1.0,3.0,0.0,0.0,0.0,0.0,0.0,0.0,0.0,2.0,0.0,0.0,0.0,0.0,0.0,78.0
2020-10-12,,0.0,2.0,7.0,0.0,0.0,0.0,0.0,0.0,0.0,0.0,0.0,200.0,0.0,0.0,0.0,0.0,0.0,,0.0,0.0,1.0,0.0,3.0,2.0,0.0,0.0,0.0,0.0,0.0,0.0,0.0,1.0,0.0,0.0,0.0,0.0,0.0,216.0
2020-10-15,,0.0,2.0,6.0,0.0,0.0,0.0,0.0,0.0,0.0,0.0,0.0,0.0,0.0,0.0,0.0,0.0,0.0,,0.0,0.0,1.0,0.0,2.0,1.0,0.0,0.0,0.0,0.0,0.0,0.0,0.0,1.0,0.0,0.0,0.0,0.0,0.0,13.0
2020-10-16,,0.0,1.0,16.0,0.0,0.0,0.0,0.0,0.0,0.0,0.0,0.0,0.0,0.0,0.0,0.0,0.0,0.0,,0.0,0.0,2.0,1.0,1.0,1.0,0.0,0.0,0.0,0.0,0.0,0.0,0.0,5.0,0.0,0.0,0.0,0.0,0.0,27.0
2020-10-17,,0.0,1.0,31.0,0.0,0.0,0.0,0.0,0.0,0.0,0.0,0.0,0.0,0.0,0.0,0.0,0.0,0.0,,0.0,0.0,2.0,0.0,1.0,1.0,0.0,0.0,0.0,0.0,0.0,0.0,0.0,3.0,0.0,0.0,0.0,0.0,0.0,39.0
2020-10-18,,0.0,2.0,70.0,40.0,0.0,0.0,0.0,0.0,0.0,0.0,0.0,0.0,0.0,0.0,52.0,0.0,0.0,,0.0,0.0,3.0,0.0,1.0,2.0,0.0,0.0,0.0,0.0,0.0,0.0,0.0,0.0,0.0,0.0,0.0,0.0,0.0,170.0
2020-10-21,,0.0,3.0,46.0,0.0,0.0,0.0,0.0,0.0,0.0,0.0,0.0,0.0,0.0,0.0,0.0,0.0,0.0,,0.0,0.0,4.0,0.0,1.0,2.0,0.0,0.0,0.0,0.0,0.0,0.0,0.0,6.0,310.0,0.0,0.0,0.0,0.0,372.0
2020-10-23,,0.0,1.0,15.0,0.0,0.0,0.0,0.0,0.0,0.0,0.0,0.0,0.0,0.0,0.0,0.0,0.0,0.0,,0.0,0.0,2.0,1.0,1.0,2.0,0.0,0.0,0.0,0.0,0.0,0.0,0.0,18.0,0.0,0.0,0.0,0.0,0.0,40.0
2020-10-24,,0.0,1.0,7.0,0.0,0.0,0.0,0.0,0.0,0.0,22.0,0.0,0.0,0.0,0.0,0.0,0.0,0.0,,0.0,0.0,1.0,2.0,1.0,1.0,0.0,0.0,0.0,0.0,0.0,0.0,0.0,2.0,90.0,0.0,0.0,0.0,0.0,127.0
2020-10-25,,0.0,2.0,7.0,0.0,0.0,0.0,0.0,0.0,0.0,0.0,0.0,0.0,0.0,0.0,0.0,0.0,0.0,,0.0,0.0,0.0,0.0,3.0,2.0,0.0,0.0,0.0,0.0,0.0,0.0,0.0,1.0,0.0,0.0,0.0,0.0,0.0,15.0
2020-10-26,,0.0,1.0,5.0,0.0,0.0,0.0,0.0,0.0,0.0,0.0,0.0,0.0,0.0,0.0,0.0,0.0,0.0,,0.0,0.0,1.0,0.0,1.0,2.0,0.0,0.0,0.0,0.0,0.0,0.0,0.0,1.0,0.0,0.0,0.0,0.0,0.0,11.0
2020-10-27,,0.0,1.0,6.0,0.0,0.0,0.0,0.0,0.0,0.0,0.0,0.0,0.0,0.0,0.0,0.0,0.0,60.0,,0.0,0.0,2.0,0.0,2.0,1.0,0.0,0.0,0.0,0.0,0.0,0.0,0.0,2.0,370.0,0.0,0.0,0.0,0.0,444.0
2020-10-28,,0.0,1.0,7.0,0.0,0.0,0.0,0.0,0.0,0.0,0.0,0.0,0.0,10.0,0.0,0.0,0.0,0.0,,0.0,0.0,2.0,0.0,2.0,2.0,0.0,0.0,0.0,0.0,0.0,0.0,0.0,1.0,10.0,0.0,0.0,0.0,0.0,35.0
2020-10-31,,0.0,2.0,5.0,0.0,0.0,0.0,0.0,0.0,0.0,0.0,0.0,0.0,0.0,0.0,0.0,0.0,0.0,,0.0,0.0,2.0,0.0,0.0,2.0,0.0,0.0,0.0,0.0,0.0,0.0,0.0,1.0,0.0,0.0,0.0,0.0,0.0,12.0
2020-11-02,,0.0,2.0,46.0,0.0,0.0,0.0,0.0,0.0,0.0,0.0,0.0,0.0,0.0,0.0,0.0,0.0,0.0,,0.0,0.0,3.0,0.0,2.0,3.0,0.0,0.0,0.0,0.0,0.0,0.0,0.0,0.0,160.0,0.0,0.0,0.0,0.0,216.0
2020-11-03,,0.0,2.0,80.0,0.0,0.0,0.0,0.0,0.0,0.0,0.0,0.0,0.0,0.0,0.0,0.0,0.0,0.0,,0.0,0.0,3.0,0.0,1.0,2.0,0.0,0.0,0.0,0.0,0.0,0.0,0.0,1.0,0.0,0.0,0.0,0.0,0.0,89.0
2020-11-04,,0.0,1.0,7.0,0.0,0.0,0.0,0.0,0.0,0.0,0.0,0.0,0.0,0.0,0.0,0.0,0.0,0.0,,0.0,0.0,2.0,0.0,2.0,1.0,0.0,0.0,0.0,0.0,0.0,0.0,0.0,2.0,0.0,0.0,0.0,0.0,0.0,15.0
2020-11-05,,0.0,1.0,6.0,0.0,0.0,0.0,0.0,0.0,0.0,0.0,0.0,0.0,0.0,0.0,0.0,0.0,0.0,,0.0,0.0,2.0,0.0,2.0,1.0,0.0,0.0,0.0,0.0,0.0,0.0,0.0,2.0,170.0,0.0,0.0,0.0,0.0,184.0
2020-11-06,,0.0,1.0,59.0,0.0,0.0,0.0,0.0,0.0,0.0,0.0,0.0,0.0,0.0,0.0,0.0,0.0,0.0,,0.0,0.0,1.0,0.0,1.0,1.0,0.0,0.0,0.0,0.0,0.0,0.0,0.0,0.0,300.0,0.0,0.0,0.0,0.0,363.0
2020-11-07,,0.0,1.0,31.0,0.0,0.0,0.0,0.0,0.0,0.0,0.0,0.0,0.0,0.0,0.0,0.0,0.0,0.0,,0.0,0.0,1.0,0.0,1.0,1.0,0.0,0.0,0.0,0.0,0.0,0.0,0.0,1.0,0.0,0.0,0.0,0.0,0.0,36.0
2020-11-09,,0.0,1.0,6.0,0.0,0.0,0.0,0.0,0.0,0.0,0.0,0.0,0.0,6.0,0.0,0.0,0.0,0.0,,0.0,0.0,1.0,0.0,0.0,0.0,0.0,0.0,0.0,0.0,0.0,0.0,0.0,2.0,0.0,0.0,0.0,0.0,0.0,16.0
2020-11-10,,0.0,1.0,7.0,0.0,0.0,0.0,0.0,0.0,0.0,0.0,0.0,0.0,0.0,0.0,0.0,0.0,0.0,,0.0,0.0,2.0,0.0,2.0,1.0,0.0,0.0,0.0,0.0,0.0,0.0,0.0,1.0,230.0,0.0,0.0,0.0,0.0,244.0
2020-11-11,,0.0,2.0,6.0,0.0,0.0,0.0,0.0,0.0,0.0,0.0,0.0,0.0,0.0,0.0,103.0,0.0,0.0,,0.0,0.0,0.0,0.0,1.0,3.0,0.0,0.0,38.0,0.0,0.0,0.0,0.0,2.0,0.0,0.0,0.0,0.0,0.0,155.0
2020-11-12,,0.0,1.0,30.0,0.0,0.0,0.0,0.0,0.0,0.0,0.0,0.0,0.0,0.0,0.0,0.0,0.0,0.0,,0.0,0.0,2.0,0.0,1.0,2.0,0.0,0.0,0.0,0.0,0.0,0.0,0.0,1.0,0.0,0.0,0.0,0.0,0.0,37.0
2020-11-13,,0.0,3.0,35.0,0.0,0.0,0.0,0.0,0.0,0.0,0.0,0.0,0.0,0.0,0.0,0.0,0.0,0.0,,0.0,0.0,2.0,0.0,2.0,3.0,0.0,0.0,0.0,0.0,0.0,0.0,0.0,2.0,0.0,0.0,0.0,0.0,0.0,47.0
2020-11-14,,0.0,1.0,26.0,0.0,0.0,0.0,0.0,0.0,0.0,0.0,0.0,0.0,0.0,0.0,0.0,0.0,0.0,,0.0,0.0,1.0,0.0,1.0,1.0,0.0,0.0,0.0,0.0,0.0,0.0,0.0,0.0,0.0,0.0,0.0,0.0,0.0,30.0
2020-11-15,,0.0,1.0,22.0,0.0,0.0,0.0,0.0,0.0,0.0,0.0,0.0,0.0,0.0,0.0,0.0,0.0,0.0,,0.0,0.0,1.0,0.0,1.0,1.0,0.0,0.0,0.0,0.0,0.0,0.0,0.0,0.0,0.0,0.0,0.0,0.0,0.0,26.0
2020-11-16,,0.0,1.0,21.0,0.0,0.0,0.0,0.0,0.0,0.0,0.0,0.0,0.0,0.0,0.0,0.0,0.0,0.0,,0.0,0.0,0.0,2.0,1.0,0.0,0.0,0.0,500.0,0.0,0.0,0.0,0.0,2.0,550.0,0.0,0.0,0.0,0.0,1077.0
2020-11-17,,0.0,1.0,51.0,0.0,0.0,0.0,0.0,0.0,0.0,0.0,0.0,0.0,0.0,0.0,0.0,0.0,0.0,,0.0,0.0,0.0,1.0,1.0,0.0,0.0,0.0,0.0,0.0,0.0,0.0,0.0,1.0,0.0,0.0,0.0,0.0,0.0,55.0
2020-11-18,,0.0,1.0,3.0,0.0,0.0,0.0,0.0,0.0,0.0,0.0,0.0,98.0,0.0,0.0,0.0,0.0,0.0,,0.0,0.0,2.0,0.0,2.0,1.0,0.0,0.0,0.0,0.0,0.0,0.0,0.0,2.0,0.0,0.0,0.0,0.0,0.0,109.0
2020-11-19,,0.0,2.0,3.0,0.0,0.0,0.0,0.0,0.0,0.0,0.0,0.0,0.0,0.0,0.0,0.0,0.0,0.0,,0.0,0.0,1.0,0.0,2.0,1.0,0.0,0.0,0.0,0.0,0.0,0.0,0.0,2.0,0.0,0.0,0.0,0.0,0.0,11.0
2020-11-20,,0.0,2.0,6.0,0.0,0.0,0.0,0.0,0.0,0.0,0.0,0.0,0.0,0.0,0.0,0.0,0.0,0.0,,0.0,0.0,1.0,0.0,2.0,2.0,0.0,0.0,0.0,0.0,0.0,0.0,0.0,3.0,0.0,0.0,0.0,0.0,0.0,16.0
2020-11-22,,0.0,1.0,35.0,0.0,0.0,0.0,0.0,0.0,0.0,0.0,0.0,0.0,18.0,0.0,0.0,0.0,0.0,,0.0,0.0,2.0,0.0,1.0,1.0,0.0,0.0,0.0,0.0,0.0,0.0,0.0,0.0,0.0,0.0,0.0,0.0,0.0,58.0
2020-11-24,,0.0,2.0,11.0,0.0,0.0,0.0,0.0,0.0,0.0,0.0,0.0,0.0,0.0,0.0,0.0,0.0,0.0,,0.0,0.0,1.0,1.0,1.0,2.0,0.0,0.0,263.0,0.0,0.0,0.0,0.0,2.0,0.0,0.0,0.0,0.0,0.0,283.0
2020-11-25,,0.0,2.0,12.0,0.0,0.0,0.0,0.0,0.0,0.0,0.0,0.0,0.0,0.0,0.0,0.0,0.0,0.0,,0.0,0.0,1.0,0.0,0.0,1.0,0.0,0.0,175.0,282.0,0.0,0.0,0.0,5.0,0.0,0.0,0.0,0.0,0.0,478.0
2020-11-26,,0.0,1.0,3.0,0.0,0.0,0.0,0.0,0.0,0.0,0.0,0.0,0.0,0.0,0.0,0.0,0.0,0.0,,0.0,0.0,2.0,0.0,1.0,2.0,0.0,0.0,0.0,0.0,0.0,0.0,0.0,1.0,0.0,0.0,0.0,0.0,0.0,10.0
2020-11-27,,0.0,2.0,39.0,0.0,0.0,0.0,0.0,0.0,0.0,0.0,0.0,0.0,0.0,0.0,0.0,0.0,0.0,,0.0,0.0,2.0,0.0,1.0,2.0,0.0,0.0,0.0,0.0,0.0,0.0,0.0,0.0,0.0,0.0,0.0,0.0,0.0,46.0
2020-11-28,,0.0,1.0,7.0,0.0,0.0,0.0,0.0,0.0,0.0,0.0,0.0,0.0,0.0,0.0,0.0,0.0,0.0,,0.0,0.0,1.0,0.0,2.0,1.0,0.0,0.0,0.0,0.0,0.0,0.0,0.0,2.0,20.0,0.0,0.0,0.0,0.0,34.0
2020-11-29,,0.0,1.0,6.0,0.0,0.0,0.0,0.0,0.0,0.0,0.0,0.0,0.0,0.0,0.0,0.0,0.0,0.0,,0.0,0.0,2.0,3.0,2.0,1.0,0.0,0.0,0.0,0.0,0.0,0.0,0.0,1.0,0.0,0.0,0.0,0.0,0.0,16.0
2020-11-30,,0.0,1.0,19.0,0.0,0.0,0.0,0.0,0.0,0.0,0.0,0.0,0.0,0.0,0.0,0.0,0.0,0.0,,0.0,0.0,1.0,0.0,1.0,1.0,0.0,0.0,0.0,0.0,0.0,0.0,0.0,1.0,0.0,0.0,0.0,0.0,0.0,24.0
2020-12-01,,0.0,1.0,30.0,0.0,0.0,0.0,0.0,0.0,0.0,0.0,0.0,343.0,0.0,0.0,42.0,0.0,0.0,,0.0,0.0,2.0,0.0,1.0,2.0,0.0,0.0,0.0,0.0,0.0,0.0,0.0,6.0,0.0,0.0,0.0,0.0,0.0,427.0
2020-12-02,,0.0,2.0,16.0,0.0,0.0,0.0,0.0,0.0,0.0,0.0,0.0,0.0,0.0,581.0,0.0,0.0,0.0,,0.0,0.0,3.0,1.0,0.0,1.0,0.0,0.0,0.0,0.0,0.0,0.0,0.0,5.0,0.0,0.0,0.0,0.0,0.0,609.0
2020-12-03,,0.0,1.0,15.0,0.0,0.0,0.0,0.0,0.0,0.0,0.0,0.0,150.0,0.0,500.0,0.0,0.0,0.0,,0.0,0.0,3.0,1.0,0.0,2.0,0.0,0.0,0.0,0.0,0.0,0.0,0.0,5.0,0.0,0.0,0.0,0.0,0.0,677.0
2020-12-04,,0.0,1.0,0.0,0.0,0.0,0.0,0.0,0.0,0.0,0.0,0.0,0.0,0.0,500.0,0.0,0.0,0.0,,0.0,0.0,2.0,0.0,1.0,2.0,0.0,0.0,0.0,0.0,0.0,0.0,0.0,1.0,870.0,0.0,0.0,0.0,0.0,1377.0
2020-12-05,,0.0,1.0,0.0,0.0,0.0,0.0,0.0,0.0,0.0,0.0,0.0,0.0,0.0,500.0,0.0,0.0,0.0,,0.0,0.0,1.0,0.0,2.0,1.0,0.0,0.0,0.0,0.0,0.0,0.0,0.0,1.0,0.0,0.0,0.0,0.0,0.0,506.0
2020-12-06,,0.0,1.0,4.0,0.0,0.0,0.0,0.0,0.0,0.0,0.0,0.0,0.0,0.0,500.0,0.0,0.0,0.0,,0.0,0.0,2.0,2.0,2.0,1.0,0.0,0.0,0.0,0.0,0.0,0.0,0.0,3.0,270.0,0.0,0.0,0.0,0.0,785.0
2020-12-07,,0.0,1.0,12.0,0.0,0.0,0.0,0.0,0.0,0.0,0.0,0.0,0.0,0.0,500.0,127.0,0.0,0.0,,0.0,0.0,2.0,0.0,1.0,2.0,0.0,0.0,0.0,0.0,0.0,0.0,0.0,6.0,0.0,0.0,0.0,0.0,0.0,651.0
2020-12-11,,0.0,2.0,18.0,0.0,0.0,0.0,0.0,0.0,0.0,0.0,0.0,0.0,0.0,500.0,0.0,0.0,0.0,,0.0,0.0,1.0,0.0,1.0,1.0,0.0,0.0,0.0,0.0,0.0,0.0,0.0,1.0,0.0,0.0,0.0,0.0,0.0,524.0
2020-12-12,,0.0,1.0,6.0,0.0,0.0,0.0,0.0,0.0,0.0,0.0,0.0,0.0,0.0,500.0,0.0,0.0,0.0,,0.0,0.0,3.0,2.0,1.0,1.0,0.0,0.0,0.0,0.0,0.0,0.0,0.0,1.0,0.0,0.0,0.0,0.0,0.0,515.0
2020-12-13,,0.0,1.0,7.0,0.0,0.0,0.0,0.0,0.0,0.0,0.0,0.0,0.0,0.0,500.0,0.0,0.0,0.0,,0.0,0.0,2.0,3.0,1.0,1.0,0.0,0.0,0.0,0.0,0.0,0.0,0.0,1.0,0.0,0.0,0.0,0.0,0.0,516.0
2020-12-14,,0.0,1.0,21.0,0.0,0.0,0.0,0.0,0.0,0.0,0.0,0.0,0.0,0.0,500.0,0.0,0.0,0.0,,0.0,0.0,2.0,0.0,1.0,1.0,0.0,0.0,0.0,0.0,0.0,0.0,0.0,2.0,0.0,0.0,0.0,0.0,0.0,528.0
2020-12-15,,0.0,2.0,23.0,0.0,0.0,0.0,0.0,0.0,0.0,0.0,0.0,0.0,0.0,500.0,0.0,0.0,0.0,,0.0,0.0,3.0,0.0,1.0,2.0,0.0,0.0,0.0,0.0,0.0,0.0,0.0,3.0,0.0,0.0,0.0,0.0,0.0,534.0
2020-12-16,,0.0,2.0,15.0,0.0,0.0,0.0,0.0,0.0,0.0,0.0,0.0,68.0,0.0,550.0,99.0,0.0,0.0,,0.0,0.0,2.0,0.0,1.0,1.0,0.0,0.0,0.0,0.0,0.0,0.0,0.0,2.0,0.0,0.0,0.0,0.0,0.0,740.0
2020-12-17,,0.0,2.0,18.0,0.0,0.0,0.0,0.0,0.0,0.0,0.0,0.0,0.0,13.0,550.0,0.0,0.0,0.0,,0.0,0.0,2.0,0.0,1.0,2.0,0.0,0.0,0.0,0.0,0.0,0.0,0.0,1.0,0.0,0.0,0.0,0.0,0.0,589.0
2020-12-18,,0.0,2.0,17.0,0.0,0.0,0.0,0.0,0.0,0.0,0.0,0.0,0.0,2.0,550.0,0.0,0.0,0.0,,0.0,0.0,2.0,0.0,1.0,1.0,0.0,0.0,0.0,0.0,0.0,0.0,0.0,2.0,140.0,0.0,0.0,0.0,0.0,717.0
2020-12-19,,0.0,2.0,18.0,0.0,0.0,0.0,0.0,0.0,0.0,0.0,0.0,0.0,0.0,550.0,0.0,0.0,0.0,,0.0,0.0,2.0,0.0,1.0,2.0,0.0,0.0,0.0,0.0,0.0,0.0,0.0,1.0,0.0,0.0,0.0,0.0,0.0,576.0
2020-12-20,,0.0,2.0,16.0,0.0,0.0,0.0,0.0,0.0,0.0,0.0,0.0,0.0,0.0,550.0,0.0,0.0,0.0,,0.0,0.0,2.0,2.0,0.0,1.0,0.0,0.0,0.0,0.0,0.0,0.0,0.0,1.0,0.0,0.0,0.0,0.0,0.0,574.0
2020-12-21,,0.0,1.0,10.0,0.0,0.0,0.0,0.0,0.0,0.0,0.0,0.0,0.0,0.0,550.0,0.0,0.0,0.0,,0.0,0.0,2.0,2.0,1.0,1.0,0.0,0.0,0.0,0.0,0.0,0.0,0.0,1.0,0.0,0.0,0.0,0.0,0.0,568.0
2020-12-22,,0.0,1.0,23.0,0.0,0.0,0.0,0.0,0.0,0.0,0.0,0.0,0.0,0.0,550.0,0.0,0.0,0.0,,0.0,0.0,2.0,0.0,1.0,2.0,0.0,0.0,0.0,130.0,0.0,0.0,0.0,0.0,0.0,0.0,0.0,0.0,0.0,709.0
2020-12-23,,0.0,1.0,21.0,0.0,0.0,0.0,0.0,0.0,0.0,0.0,0.0,95.0,0.0,550.0,186.0,0.0,0.0,,0.0,0.0,2.0,0.0,1.0,2.0,0.0,0.0,0.0,0.0,0.0,0.0,0.0,0.0,0.0,0.0,0.0,0.0,0.0,858.0
2020-12-24,,0.0,1.0,8.0,0.0,0.0,0.0,0.0,0.0,0.0,0.0,0.0,0.0,0.0,550.0,0.0,0.0,0.0,,0.0,0.0,1.0,3.0,1.0,0.0,0.0,0.0,0.0,0.0,0.0,0.0,0.0,1.0,0.0,0.0,0.0,0.0,0.0,565.0
2020-12-25,,0.0,2.0,15.0,0.0,0.0,0.0,0.0,0.0,0.0,0.0,0.0,13.0,0.0,550.0,0.0,0.0,0.0,,0.0,0.0,1.0,0.0,1.0,2.0,0.0,0.0,0.0,0.0,0.0,0.0,0.0,1.0,0.0,0.0,0.0,0.0,0.0,585.0
2020-12-26,,0.0,1.0,6.0,0.0,0.0,133.0,0.0,0.0,0.0,0.0,0.0,0.0,0.0,550.0,0.0,0.0,0.0,,0.0,0.0,2.0,0.0,1.0,2.0,0.0,0.0,0.0,0.0,0.0,0.0,0.0,1.0,0.0,0.0,0.0,0.0,0.0,696.0
2020-12-27,,0.0,1.0,8.0,0.0,0.0,0.0,0.0,0.0,0.0,0.0,0.0,0.0,0.0,550.0,0.0,0.0,0.0,,0.0,0.0,2.0,0.0,1.0,2.0,0.0,0.0,0.0,0.0,0.0,0.0,0.0,1.0,0.0,0.0,0.0,0.0,0.0,565.0
2020-12-28,,0.0,1.0,3.0,0.0,0.0,0.0,0.0,0.0,0.0,0.0,0.0,0.0,0.0,550.0,0.0,0.0,0.0,,0.0,0.0,1.0,0.0,1.0,2.0,0.0,0.0,0.0,0.0,0.0,0.0,0.0,1.0,0.0,0.0,0.0,0.0,0.0,559.0
2020-12-29,,0.0,1.0,28.0,0.0,0.0,0.0,0.0,0.0,0.0,0.0,0.0,0.0,0.0,550.0,0.0,0.0,0.0,,0.0,0.0,2.0,0.0,2.0,1.0,0.0,0.0,0.0,0.0,0.0,0.0,0.0,0.0,0.0,0.0,0.0,0.0,0.0,584.0
2020-12-30,,0.0,1.0,22.0,0.0,0.0,0.0,0.0,0.0,0.0,0.0,0.0,0.0,31.0,550.0,0.0,0.0,0.0,,0.0,0.0,2.0,0.0,2.0,1.0,0.0,0.0,0.0,0.0,0.0,0.0,0.0,0.0,0.0,0.0,0.0,0.0,0.0,609.0
2020-12-31,,0.0,1.0,22.0,0.0,0.0,28.0,0.0,0.0,0.0,0.0,0.0,0.0,0.0,550.0,149.0,0.0,0.0,,0.0,0.0,2.0,0.0,2.0,1.0,0.0,0.0,0.0,0.0,0.0,0.0,0.0,0.0,170.0,0.0,0.0,0.0,0.0,925.0
2021-01-01,,0.0,1.0,20.0,0.0,0.0,0.0,0.0,0.0,1.0,0.0,0.0,0.0,0.0,550.0,102.0,0.0,0.0,,0.0,0.0,1.0,0.0,1.0,1.0,0.0,0.0,0.0,0.0,0.0,0.0,0.0,0.0,0.0,0.0,0.0,0.0,0.0,677.0
2021-01-02,,0.0,2.0,15.0,0.0,0.0,0.0,0.0,0.0,0.0,0.0,0.0,0.0,0.0,550.0,0.0,0.0,0.0,,0.0,0.0,1.0,0.0,1.0,1.0,0.0,0.0,0.0,0.0,0.0,0.0,0.0,0.0,0.0,0.0,0.0,0.0,0.0,570.0
2021-01-03,,0.0,2.0,15.0,0.0,0.0,0.0,0.0,0.0,0.0,0.0,0.0,0.0,0.0,450.0,0.0,0.0,0.0,,0.0,0.0,1.0,0.0,1.0,1.0,0.0,0.0,0.0,0.0,0.0,0.0,0.0,0.0,0.0,0.0,0.0,0.0,0.0,470.0
2021-01-04,,0.0,2.0,14.0,0.0,0.0,0.0,0.0,0.0,0.0,0.0,0.0,75.0,76.0,600.0,0.0,0.0,0.0,,0.0,0.0,2.0,5.0,1.0,1.0,0.0,0.0,0.0,0.0,0.0,0.0,0.0,1.0,0.0,0.0,0.0,0.0,0.0,777.0
2021-01-05,,0.0,2.0,18.0,0.0,0.0,0.0,0.0,0.0,0.0,0.0,0.0,0.0,0.0,600.0,0.0,0.0,0.0,,0.0,0.0,3.0,0.0,2.0,1.0,0.0,0.0,0.0,0.0,0.0,0.0,0.0,2.0,0.0,0.0,0.0,0.0,0.0,628.0
2021-01-06,,0.0,2.0,7.0,0.0,0.0,0.0,0.0,0.0,0.0,0.0,0.0,0.0,1.0,400.0,0.0,0.0,0.0,,0.0,0.0,2.0,0.0,1.0,3.0,0.0,0.0,0.0,0.0,0.0,0.0,0.0,0.0,0.0,0.0,0.0,0.0,0.0,416.0
2021-01-07,,0.0,2.0,21.0,0.0,0.0,0.0,0.0,0.0,0.0,0.0,0.0,0.0,0.0,600.0,0.0,0.0,0.0,,0.0,0.0,2.0,0.0,1.0,3.0,0.0,0.0,0.0,0.0,0.0,0.0,0.0,0.0,0.0,0.0,0.0,0.0,0.0,629.0
2021-01-08,,0.0,2.0,20.0,0.0,0.0,30.0,0.0,0.0,0.0,0.0,0.0,0.0,0.0,600.0,0.0,0.0,0.0,,0.0,0.0,2.0,0.0,1.0,2.0,0.0,0.0,0.0,0.0,0.0,0.0,0.0,1.0,0.0,0.0,0.0,0.0,0.0,658.0
2021-01-09,,0.0,1.0,15.0,0.0,0.0,0.0,0.0,0.0,0.0,0.0,0.0,0.0,0.0,600.0,0.0,0.0,0.0,,0.0,0.0,1.0,0.0,1.0,2.0,0.0,0.0,0.0,0.0,0.0,0.0,0.0,0.0,0.0,0.0,0.0,0.0,0.0,620.0
2021-01-10,,0.0,1.0,18.0,0.0,0.0,0.0,0.0,0.0,0.0,0.0,0.0,0.0,0.0,600.0,0.0,0.0,0.0,,0.0,0.0,2.0,0.0,1.0,1.0,0.0,0.0,0.0,0.0,0.0,0.0,0.0,0.0,0.0,0.0,0.0,0.0,0.0,623.0
2021-01-11,,0.0,2.0,12.0,0.0,0.0,75.0,0.0,0.0,0.0,0.0,0.0,0.0,0.0,600.0,105.0,0.0,0.0,,0.0,0.0,2.0,4.0,2.0,2.0,0.0,0.0,0.0,0.0,0.0,0.0,0.0,1.0,0.0,0.0,0.0,0.0,0.0,805.0
2021-01-12,,0.0,2.0,10.0,0.0,0.0,0.0,0.0,0.0,0.0,0.0,0.0,148.0,0.0,600.0,0.0,0.0,0.0,,0.0,0.0,2.0,3.0,2.0,2.0,0.0,0.0,0.0,0.0,0.0,0.0,0.0,1.0,0.0,0.0,0.0,0.0,0.0,770.0
2021-01-13,,0.0,2.0,12.0,0.0,0.0,24.0,0.0,0.0,0.0,0.0,0.0,0.0,0.0,600.0,0.0,0.0,0.0,,0.0,0.0,3.0,0.0,2.0,2.0,0.0,0.0,0.0,0.0,0.0,0.0,0.0,1.0,80.0,0.0,0.0,0.0,0.0,726.0
2021-01-14,,0.0,2.0,13.0,0.0,0.0,0.0,0.0,0.0,0.0,0.0,0.0,0.0,0.0,600.0,0.0,0.0,0.0,,0.0,0.0,3.0,0.0,1.0,2.0,0.0,0.0,0.0,0.0,0.0,0.0,0.0,2.0,0.0,0.0,0.0,0.0,0.0,623.0
2021-01-15,,0.0,2.0,15.0,0.0,0.0,36.0,0.0,0.0,0.0,0.0,0.0,50.0,0.0,600.0,0.0,0.0,0.0,,0.0,0.0,3.0,0.0,1.0,2.0,0.0,0.0,0.0,0.0,0.0,0.0,0.0,2.0,0.0,0.0,0.0,0.0,0.0,711.0
2021-01-16,,0.0,2.0,15.0,0.0,0.0,0.0,0.0,0.0,0.0,0.0,0.0,0.0,0.0,600.0,128.0,0.0,0.0,,0.0,0.0,3.0,0.0,1.0,2.0,0.0,0.0,0.0,0.0,0.0,0.0,0.0,2.0,140.0,0.0,0.0,0.0,0.0,893.0
2021-01-17,,0.0,2.0,12.0,0.0,0.0,0.0,0.0,0.0,0.0,0.0,0.0,0.0,3.0,600.0,172.0,0.0,0.0,,0.0,0.0,1.0,0.0,1.0,1.0,0.0,0.0,0.0,0.0,0.0,0.0,0.0,0.0,0.0,0.0,0.0,0.0,0.0,792.0
2021-01-18,,0.0,1.0,14.0,0.0,0.0,43.0,0.0,0.0,0.0,0.0,0.0,0.0,69.0,600.0,0.0,0.0,0.0,,0.0,0.0,2.0,0.0,1.0,1.0,0.0,0.0,150.0,724.0,0.0,0.0,0.0,1.0,30.0,0.0,0.0,0.0,0.0,1636.0
2021-01-19,,0.0,3.0,12.0,0.0,0.0,0.0,0.0,0.0,0.0,0.0,0.0,0.0,0.0,600.0,0.0,0.0,0.0,,0.0,0.0,2.0,3.0,2.0,1.0,0.0,0.0,0.0,0.0,0.0,0.0,0.0,1.0,0.0,0.0,0.0,0.0,0.0,624.0
2021-01-20,,0.0,3.0,13.0,0.0,0.0,0.0,0.0,0.0,0.0,0.0,0.0,0.0,0.0,600.0,0.0,0.0,0.0,,0.0,0.0,2.0,4.0,2.0,1.0,0.0,0.0,0.0,0.0,0.0,0.0,0.0,1.0,0.0,0.0,0.0,0.0,0.0,626.0
2021-01-21,,0.0,2.0,12.0,0.0,0.0,0.0,0.0,0.0,0.0,0.0,0.0,0.0,0.0,600.0,0.0,0.0,0.0,,0.0,0.0,3.0,0.0,2.0,1.0,0.0,0.0,0.0,0.0,0.0,0.0,0.0,2.0,0.0,0.0,0.0,0.0,0.0,622.0
2021-01-22,,0.0,2.0,15.0,0.0,0.0,0.0,0.0,0.0,0.0,0.0,0.0,0.0,0.0,600.0,0.0,0.0,0.0,,0.0,0.0,3.0,0.0,2.0,1.0,0.0,0.0,0.0,0.0,0.0,0.0,0.0,2.0,0.0,0.0,0.0,0.0,0.0,625.0
2021-01-23,,0.0,2.0,17.0,0.0,0.0,0.0,0.0,0.0,0.0,0.0,0.0,0.0,0.0,600.0,0.0,0.0,0.0,,0.0,0.0,3.0,0.0,2.0,1.0,0.0,0.0,0.0,0.0,0.0,0.0,0.0,2.0,0.0,0.0,0.0,0.0,0.0,627.0
2021-01-24,,0.0,2.0,16.0,0.0,0.0,0.0,0.0,0.0,0.0,0.0,0.0,0.0,0.0,600.0,0.0,0.0,0.0,,0.0,0.0,2.0,0.0,2.0,1.0,0.0,0.0,0.0,0.0,0.0,0.0,0.0,2.0,0.0,0.0,0.0,0.0,0.0,625.0
2021-01-25,,0.0,1.0,12.0,0.0,0.0,0.0,0.0,0.0,0.0,0.0,0.0,0.0,0.0,600.0,147.0,0.0,150.0,,0.0,0.0,1.0,0.0,1.0,1.0,0.0,0.0,0.0,0.0,0.0,0.0,0.0,0.0,0.0,0.0,0.0,0.0,0.0,913.0
2021-01-26,,0.0,1.0,12.0,0.0,0.0,0.0,0.0,0.0,0.0,0.0,0.0,0.0,0.0,600.0,0.0,0.0,40.0,,0.0,0.0,1.0,0.0,1.0,2.0,0.0,0.0,0.0,0.0,0.0,0.0,0.0,0.0,0.0,0.0,0.0,0.0,0.0,657.0
2021-01-27,,0.0,2.0,13.0,0.0,0.0,0.0,0.0,0.0,0.0,0.0,0.0,0.0,0.0,600.0,0.0,0.0,0.0,,0.0,0.0,2.0,0.0,1.0,2.0,0.0,0.0,0.0,0.0,0.0,0.0,0.0,4.0,0.0,0.0,0.0,0.0,0.0,624.0
2021-01-28,,0.0,1.0,10.0,0.0,0.0,0.0,0.0,0.0,0.0,0.0,0.0,170.0,0.0,600.0,0.0,0.0,0.0,,0.0,0.0,1.0,0.0,0.0,1.0,0.0,0.0,0.0,0.0,0.0,0.0,0.0,4.0,0.0,0.0,0.0,0.0,0.0,787.0
2021-01-29,,0.0,2.0,11.0,0.0,0.0,0.0,0.0,0.0,0.0,0.0,0.0,0.0,0.0,600.0,0.0,0.0,0.0,,0.0,0.0,4.0,3.0,2.0,1.0,0.0,0.0,0.0,0.0,0.0,0.0,0.0,1.0,0.0,0.0,0.0,0.0,0.0,624.0
2021-01-30,,0.0,2.0,13.0,0.0,0.0,0.0,0.0,0.0,0.0,0.0,0.0,0.0,0.0,600.0,0.0,0.0,0.0,,0.0,0.0,3.0,0.0,4.0,2.0,0.0,0.0,0.0,0.0,0.0,0.0,0.0,3.0,0.0,0.0,0.0,0.0,0.0,627.0
2021-01-31,,0.0,2.0,13.0,0.0,0.0,0.0,0.0,0.0,0.0,0.0,0.0,0.0,0.0,600.0,0.0,0.0,0.0,,0.0,0.0,3.0,0.0,3.0,2.0,0.0,0.0,0.0,0.0,0.0,0.0,0.0,3.0,0.0,0.0,0.0,0.0,0.0,626.0
2021-02-01,,0.0,2.0,14.0,0.0,0.0,0.0,0.0,0.0,0.0,0.0,0.0,0.0,0.0,0.0,0.0,0.0,0.0,,0.0,0.0,2.0,0.0,3.0,2.0,0.0,0.0,0.0,0.0,0.0,0.0,0.0,2.0,0.0,0.0,0.0,0.0,0.0,25.0
2021-02-03,,0.0,1.0,15.0,0.0,0.0,0.0,0.0,0.0,0.0,0.0,0.0,0.0,0.0,550.0,0.0,0.0,70.0,,0.0,0.0,1.0,0.0,1.0,1.0,0.0,0.0,0.0,195.0,0.0,0.0,0.0,0.0,0.0,70.0,0.0,0.0,0.0,904.0
2021-02-04,,0.0,1.0,20.0,0.0,0.0,0.0,0.0,0.0,0.0,0.0,0.0,0.0,61.0,550.0,0.0,0.0,60.0,,0.0,0.0,2.0,0.0,1.0,2.0,0.0,0.0,0.0,0.0,0.0,0.0,0.0,2.0,0.0,0.0,0.0,0.0,0.0,699.0
2021-02-05,,0.0,1.0,20.0,0.0,0.0,0.0,0.0,0.0,0.0,0.0,0.0,0.0,0.0,550.0,0.0,0.0,0.0,,0.0,0.0,1.0,0.0,1.0,2.0,0.0,0.0,0.0,0.0,0.0,0.0,0.0,3.0,0.0,0.0,0.0,0.0,0.0,578.0
2021-02-06,,0.0,2.0,16.0,0.0,0.0,0.0,0.0,0.0,0.0,0.0,0.0,0.0,0.0,0.0,0.0,0.0,0.0,,0.0,0.0,2.0,0.0,1.0,1.0,0.0,0.0,0.0,0.0,0.0,0.0,0.0,0.0,0.0,0.0,0.0,0.0,0.0,22.0
2021-02-07,,0.0,2.0,10.0,0.0,0.0,0.0,0.0,0.0,0.0,0.0,0.0,0.0,0.0,550.0,0.0,0.0,0.0,,0.0,0.0,3.0,0.0,2.0,1.0,0.0,0.0,0.0,0.0,0.0,0.0,0.0,1.0,0.0,0.0,0.0,0.0,0.0,569.0
2021-02-08,,0.0,2.0,19.0,0.0,0.0,0.0,0.0,0.0,0.0,0.0,0.0,0.0,0.0,550.0,0.0,0.0,0.0,,0.0,0.0,2.0,0.0,1.0,2.0,0.0,0.0,0.0,0.0,0.0,0.0,0.0,2.0,0.0,0.0,0.0,0.0,0.0,578.0
2021-02-09,,0.0,2.0,19.0,0.0,0.0,0.0,0.0,0.0,0.0,0.0,0.0,0.0,0.0,550.0,152.0,0.0,0.0,,0.0,0.0,2.0,0.0,1.0,2.0,0.0,0.0,0.0,0.0,0.0,0.0,0.0,2.0,0.0,0.0,0.0,0.0,0.0,730.0
2021-02-10,,0.0,2.0,13.0,0.0,0.0,308.0,0.0,0.0,0.0,0.0,0.0,0.0,0.0,550.0,174.0,0.0,0.0,,0.0,0.0,3.0,5.0,1.0,1.0,0.0,0.0,0.0,0.0,0.0,0.0,0.0,1.0,0.0,0.0,0.0,0.0,0.0,1058.0
2021-02-11,,0.0,2.0,11.0,0.0,0.0,0.0,0.0,0.0,0.0,0.0,0.0,0.0,0.0,0.0,0.0,0.0,0.0,,0.0,0.0,2.0,0.0,2.0,2.0,0.0,0.0,0.0,0.0,0.0,0.0,0.0,1.0,0.0,0.0,0.0,0.0,0.0,20.0
2021-02-12,,0.0,2.0,12.0,0.0,0.0,0.0,0.0,0.0,0.0,0.0,0.0,0.0,0.0,550.0,0.0,0.0,0.0,,0.0,0.0,2.0,0.0,0.0,1.0,0.0,0.0,0.0,0.0,0.0,0.0,0.0,4.0,140.0,0.0,0.0,0.0,0.0,711.0
2021-02-13,,0.0,1.0,12.0,0.0,0.0,229.0,0.0,0.0,0.0,0.0,0.0,0.0,0.0,550.0,0.0,0.0,0.0,,0.0,0.0,2.0,0.0,1.0,2.0,0.0,0.0,0.0,0.0,0.0,0.0,0.0,4.0,0.0,0.0,0.0,0.0,0.0,801.0
2021-02-14,,0.0,1.0,12.0,0.0,0.0,25.0,0.0,0.0,0.0,0.0,0.0,0.0,0.0,550.0,0.0,0.0,0.0,,0.0,0.0,2.0,0.0,2.0,3.0,0.0,0.0,0.0,0.0,0.0,0.0,0.0,2.0,0.0,0.0,0.0,0.0,0.0,597.0
2021-02-15,,0.0,2.0,14.0,0.0,0.0,0.0,0.0,0.0,0.0,0.0,0.0,0.0,0.0,550.0,0.0,0.0,0.0,,0.0,0.0,4.0,0.0,2.0,2.0,0.0,0.0,0.0,0.0,0.0,0.0,0.0,2.0,0.0,0.0,0.0,0.0,0.0,576.0
2021-02-16,,0.0,2.0,15.0,0.0,0.0,0.0,0.0,0.0,0.0,0.0,0.0,0.0,0.0,550.0,0.0,0.0,50.0,,0.0,0.0,3.0,0.0,2.0,2.0,0.0,0.0,0.0,0.0,0.0,0.0,0.0,2.0,0.0,0.0,0.0,0.0,0.0,626.0
2021-02-17,,0.0,2.0,15.0,0.0,0.0,0.0,0.0,0.0,0.0,0.0,0.0,0.0,0.0,550.0,100.0,0.0,0.0,,0.0,0.0,3.0,0.0,2.0,2.0,0.0,0.0,0.0,0.0,0.0,0.0,0.0,3.0,80.0,0.0,0.0,0.0,0.0,757.0
2021-02-18,,0.0,1.0,10.0,0.0,0.0,0.0,0.0,0.0,0.0,0.0,0.0,50.0,0.0,550.0,111.0,0.0,0.0,,0.0,0.0,1.0,0.0,1.0,2.0,0.0,0.0,0.0,0.0,0.0,0.0,0.0,0.0,0.0,0.0,0.0,0.0,0.0,726.0
2021-02-19,,0.0,1.0,12.0,0.0,0.0,0.0,0.0,0.0,0.0,0.0,0.0,0.0,0.0,550.0,0.0,0.0,0.0,,0.0,0.0,1.0,0.0,1.0,1.0,0.0,0.0,0.0,0.0,0.0,0.0,0.0,0.0,280.0,0.0,0.0,0.0,0.0,846.0
2021-02-20,,0.0,1.0,10.0,0.0,0.0,0.0,0.0,0.0,0.0,0.0,0.0,0.0,0.0,550.0,0.0,0.0,0.0,,0.0,0.0,1.0,0.0,2.0,1.0,0.0,0.0,0.0,0.0,0.0,0.0,0.0,2.0,0.0,0.0,0.0,0.0,0.0,567.0
2021-02-21,,0.0,1.0,20.0,0.0,0.0,0.0,0.0,0.0,0.0,0.0,0.0,0.0,0.0,550.0,0.0,0.0,0.0,,0.0,0.0,1.0,0.0,1.0,2.0,0.0,0.0,0.0,0.0,0.0,0.0,0.0,1.0,140.0,0.0,0.0,0.0,0.0,716.0
2021-02-22,,0.0,2.0,21.0,0.0,0.0,0.0,0.0,0.0,0.0,0.0,0.0,0.0,0.0,550.0,0.0,0.0,0.0,,0.0,0.0,3.0,0.0,3.0,2.0,0.0,0.0,0.0,0.0,0.0,0.0,0.0,3.0,0.0,0.0,0.0,0.0,0.0,584.0
2021-02-23,,0.0,2.0,20.0,0.0,0.0,0.0,0.0,0.0,0.0,0.0,0.0,0.0,0.0,550.0,0.0,0.0,0.0,,0.0,0.0,3.0,0.0,4.0,2.0,0.0,0.0,0.0,0.0,0.0,0.0,0.0,3.0,0.0,0.0,0.0,0.0,0.0,584.0
2021-02-24,,0.0,2.0,19.0,0.0,0.0,0.0,0.0,0.0,0.0,0.0,0.0,0.0,0.0,500.0,0.0,0.0,0.0,,0.0,0.0,3.0,0.0,2.0,2.0,0.0,0.0,0.0,0.0,0.0,0.0,0.0,2.0,300.0,0.0,0.0,0.0,0.0,830.0
2021-02-25,,0.0,2.0,19.0,0.0,0.0,0.0,0.0,0.0,0.0,0.0,0.0,0.0,0.0,500.0,195.0,0.0,0.0,,0.0,0.0,2.0,0.0,2.0,2.0,0.0,0.0,0.0,0.0,0.0,0.0,0.0,2.0,0.0,0.0,0.0,0.0,0.0,724.0
2021-02-26,,0.0,2.0,13.0,0.0,0.0,0.0,0.0,0.0,0.0,0.0,0.0,0.0,0.0,500.0,177.0,0.0,0.0,,0.0,0.0,3.0,0.0,3.0,2.0,0.0,0.0,0.0,329.0,0.0,0.0,0.0,1.0,160.0,0.0,0.0,0.0,0.0,1190.0
2021-02-27,,0.0,1.0,10.0,0.0,0.0,0.0,0.0,0.0,0.0,0.0,0.0,0.0,0.0,500.0,0.0,0.0,0.0,,0.0,0.0,1.0,0.0,1.0,1.0,0.0,0.0,0.0,0.0,0.0,0.0,0.0,0.0,200.0,0.0,0.0,0.0,0.0,714.0
2021-02-28,,0.0,1.0,8.0,0.0,0.0,0.0,0.0,0.0,0.0,0.0,0.0,0.0,0.0,500.0,0.0,0.0,0.0,,0.0,0.0,1.0,0.0,1.0,1.0,0.0,0.0,0.0,0.0,0.0,0.0,0.0,3.0,0.0,0.0,0.0,0.0,0.0,515.0
2021-03-01,,0.0,2.0,9.0,0.0,0.0,0.0,0.0,0.0,0.0,0.0,0.0,0.0,0.0,500.0,0.0,0.0,0.0,,0.0,0.0,1.0,0.0,1.0,2.0,0.0,0.0,0.0,0.0,0.0,0.0,0.0,4.0,0.0,0.0,0.0,0.0,0.0,519.0
2021-03-02,,0.0,2.0,19.0,0.0,0.0,0.0,0.0,0.0,0.0,0.0,0.0,0.0,0.0,500.0,0.0,0.0,0.0,,0.0,0.0,3.0,60.0,3.0,2.0,0.0,0.0,0.0,0.0,0.0,0.0,0.0,3.0,0.0,0.0,0.0,0.0,0.0,592.0
2021-03-03,,0.0,4.0,20.0,0.0,0.0,0.0,0.0,0.0,0.0,0.0,0.0,0.0,0.0,500.0,0.0,0.0,0.0,,0.0,0.0,6.0,0.0,3.0,5.0,0.0,0.0,0.0,0.0,0.0,0.0,0.0,0.0,0.0,0.0,0.0,0.0,0.0,538.0
2021-03-04,,0.0,4.0,20.0,0.0,0.0,0.0,0.0,0.0,0.0,0.0,0.0,0.0,0.0,500.0,0.0,0.0,0.0,,0.0,0.0,6.0,35.0,3.0,5.0,0.0,0.0,0.0,0.0,0.0,0.0,0.0,0.0,0.0,0.0,0.0,0.0,0.0,573.0
2021-03-05,,0.0,4.0,22.0,0.0,0.0,0.0,0.0,0.0,0.0,0.0,0.0,0.0,0.0,500.0,134.0,0.0,0.0,,0.0,0.0,3.0,0.0,4.0,5.0,0.0,0.0,0.0,0.0,0.0,0.0,0.0,2.0,0.0,0.0,0.0,0.0,0.0,674.0
2021-03-06,,0.0,1.0,152.0,0.0,0.0,0.0,0.0,0.0,0.0,0.0,0.0,0.0,0.0,500.0,0.0,0.0,0.0,,0.0,0.0,1.0,25.0,1.0,1.0,0.0,0.0,0.0,0.0,0.0,0.0,0.0,1.0,0.0,0.0,0.0,0.0,0.0,682.0
2021-03-07,,0.0,1.0,52.0,0.0,0.0,0.0,0.0,0.0,0.0,0.0,0.0,0.0,0.0,500.0,0.0,0.0,0.0,,0.0,0.0,1.0,30.0,1.0,2.0,0.0,0.0,0.0,0.0,0.0,0.0,0.0,1.0,0.0,0.0,0.0,0.0,0.0,588.0
2021-03-08,,0.0,1.0,23.0,0.0,0.0,0.0,0.0,0.0,0.0,0.0,0.0,0.0,0.0,500.0,0.0,0.0,0.0,,0.0,0.0,1.0,0.0,1.0,2.0,0.0,0.0,0.0,185.0,0.0,0.0,0.0,1.0,0.0,0.0,0.0,0.0,0.0,714.0
2021-03-09,,0.0,1.0,21.0,0.0,0.0,0.0,0.0,0.0,0.0,0.0,0.0,195.0,0.0,500.0,0.0,0.0,0.0,,0.0,0.0,1.0,0.0,1.0,2.0,0.0,0.0,0.0,0.0,0.0,0.0,0.0,2.0,0.0,0.0,0.0,0.0,0.0,723.0
2021-03-10,,0.0,3.0,43.0,0.0,0.0,0.0,0.0,0.0,0.0,0.0,0.0,0.0,0.0,500.0,0.0,0.0,0.0,,0.0,0.0,5.0,0.0,4.0,3.0,0.0,0.0,200.0,0.0,0.0,0.0,0.0,6.0,0.0,0.0,0.0,0.0,0.0,764.0
2021-03-11,,0.0,5.0,35.0,0.0,0.0,0.0,0.0,0.0,0.0,0.0,0.0,0.0,0.0,500.0,0.0,0.0,0.0,,0.0,0.0,4.0,0.0,3.0,2.0,0.0,0.0,0.0,0.0,0.0,0.0,0.0,3.0,150.0,0.0,0.0,0.0,0.0,702.0
2021-03-12,,0.0,4.0,26.0,0.0,0.0,0.0,0.0,0.0,0.0,0.0,0.0,0.0,0.0,500.0,0.0,0.0,0.0,,0.0,0.0,3.0,0.0,3.0,2.0,0.0,0.0,0.0,0.0,0.0,0.0,0.0,2.0,0.0,0.0,0.0,0.0,0.0,540.0
2021-03-13,,0.0,4.0,26.0,0.0,0.0,0.0,0.0,0.0,0.0,0.0,0.0,0.0,1.0,500.0,0.0,0.0,0.0,,0.0,0.0,3.0,0.0,3.0,5.0,0.0,0.0,100.0,0.0,0.0,0.0,0.0,2.0,0.0,0.0,0.0,0.0,0.0,644.0
2021-03-14,,0.0,1.0,50.0,0.0,0.0,0.0,0.0,0.0,0.0,0.0,0.0,0.0,15.0,500.0,114.0,0.0,0.0,,0.0,0.0,1.0,0.0,1.0,10.0,0.0,0.0,0.0,0.0,0.0,0.0,0.0,2.0,0.0,0.0,0.0,0.0,0.0,694.0
2021-03-16,,0.0,1.0,12.0,0.0,0.0,0.0,0.0,0.0,0.0,0.0,0.0,0.0,0.0,500.0,0.0,0.0,0.0,,0.0,0.0,2.0,0.0,1.0,2.0,0.0,0.0,0.0,0.0,0.0,0.0,0.0,5.0,0.0,0.0,0.0,0.0,0.0,523.0
2021-03-17,,0.0,2.0,14.0,0.0,0.0,0.0,0.0,0.0,0.0,0.0,0.0,0.0,0.0,500.0,0.0,0.0,0.0,,0.0,0.0,2.0,0.0,1.0,2.0,0.0,0.0,0.0,139.0,0.0,0.0,0.0,5.0,290.0,0.0,0.0,0.0,0.0,955.0
2021-03-18,,0.0,3.0,33.0,0.0,0.0,0.0,0.0,0.0,0.0,0.0,0.0,28.0,0.0,500.0,0.0,0.0,0.0,,0.0,0.0,4.0,0.0,2.0,4.0,0.0,0.0,0.0,1105.0,0.0,0.0,0.0,5.0,0.0,0.0,0.0,0.0,0.0,1684.0
2021-03-19,,0.0,4.0,26.0,0.0,0.0,0.0,0.0,0.0,0.0,0.0,0.0,0.0,0.0,400.0,0.0,0.0,0.0,,0.0,0.0,3.0,0.0,4.0,5.0,0.0,0.0,0.0,0.0,0.0,0.0,0.0,3.0,0.0,0.0,0.0,0.0,0.0,445.0
2021-03-20,,0.0,3.0,24.0,0.0,0.0,0.0,0.0,0.0,0.0,0.0,0.0,0.0,0.0,400.0,0.0,0.0,0.0,,0.0,0.0,3.0,90.0,4.0,4.0,0.0,0.0,0.0,0.0,0.0,0.0,0.0,5.0,0.0,0.0,0.0,0.0,0.0,533.0
2021-03-21,,0.0,3.0,80.0,0.0,0.0,0.0,0.0,0.0,0.0,0.0,0.0,0.0,0.0,400.0,0.0,0.0,0.0,,0.0,0.0,3.0,95.0,4.0,4.0,0.0,0.0,0.0,0.0,0.0,0.0,0.0,5.0,0.0,0.0,0.0,0.0,0.0,594.0
2021-03-22,,0.0,1.0,20.0,0.0,0.0,0.0,0.0,0.0,0.0,0.0,0.0,0.0,0.0,400.0,0.0,0.0,0.0,,0.0,0.0,1.0,86.0,1.0,1.0,0.0,0.0,0.0,0.0,0.0,0.0,0.0,0.0,0.0,0.0,0.0,0.0,0.0,510.0
2021-03-23,,0.0,1.0,10.0,0.0,0.0,0.0,0.0,0.0,0.0,0.0,0.0,0.0,0.0,400.0,0.0,0.0,0.0,,0.0,0.0,1.0,0.0,1.0,1.0,0.0,0.0,0.0,0.0,0.0,0.0,0.0,0.0,0.0,0.0,0.0,0.0,0.0,414.0
2021-03-24,,0.0,2.0,16.0,0.0,0.0,0.0,0.0,0.0,0.0,0.0,0.0,0.0,10.0,400.0,0.0,0.0,0.0,,0.0,0.0,3.0,0.0,1.0,2.0,0.0,0.0,0.0,0.0,0.0,0.0,0.0,2.0,320.0,0.0,0.0,0.0,0.0,756.0
2021-03-25,,0.0,2.0,12.0,0.0,0.0,45.0,0.0,0.0,0.0,0.0,0.0,0.0,0.0,400.0,0.0,0.0,0.0,,0.0,0.0,4.0,0.0,3.0,2.0,0.0,0.0,0.0,0.0,0.0,0.0,0.0,1.0,0.0,0.0,0.0,0.0,0.0,469.0
2021-03-26,,0.0,4.0,43.0,0.0,0.0,45.0,0.0,0.0,0.0,0.0,0.0,0.0,0.0,400.0,0.0,0.0,0.0,,0.0,0.0,3.0,0.0,4.0,3.0,0.0,0.0,0.0,0.0,0.0,0.0,0.0,2.0,0.0,0.0,0.0,0.0,0.0,504.0
2021-03-27,,0.0,3.0,52.0,0.0,0.0,0.0,0.0,0.0,0.0,0.0,0.0,0.0,0.0,400.0,0.0,0.0,0.0,,0.0,0.0,4.0,0.0,3.0,3.0,0.0,0.0,0.0,0.0,0.0,0.0,0.0,6.0,140.0,0.0,0.0,0.0,0.0,611.0
2021-03-28,,0.0,2.0,48.0,0.0,0.0,0.0,0.0,0.0,0.0,0.0,0.0,0.0,0.0,400.0,0.0,0.0,0.0,,0.0,0.0,3.0,0.0,4.0,2.0,0.0,0.0,0.0,0.0,0.0,0.0,0.0,5.0,0.0,0.0,0.0,0.0,0.0,464.0
2021-03-29,,0.0,3.0,240.0,0.0,0.0,0.0,0.0,0.0,0.0,0.0,0.0,0.0,0.0,400.0,0.0,0.0,0.0,,0.0,0.0,3.0,0.0,4.0,8.0,0.0,0.0,0.0,0.0,0.0,0.0,0.0,5.0,0.0,0.0,0.0,0.0,0.0,663.0
2021-03-30,,0.0,1.0,277.0,0.0,0.0,0.0,0.0,0.0,0.0,0.0,0.0,0.0,0.0,400.0,0.0,0.0,0.0,,0.0,0.0,5.0,0.0,4.0,2.0,0.0,0.0,0.0,0.0,0.0,0.0,0.0,6.0,0.0,0.0,0.0,0.0,0.0,695.0
2021-03-31,,0.0,1.0,140.0,0.0,0.0,0.0,0.0,0.0,0.0,0.0,0.0,0.0,0.0,400.0,0.0,0.0,0.0,,0.0,0.0,1.0,0.0,1.0,1.0,0.0,0.0,0.0,0.0,0.0,0.0,0.0,19.0,0.0,0.0,0.0,0.0,0.0,563.0
2021-04-01,,0.0,2.0,14.0,0.0,0.0,0.0,0.0,0.0,0.0,0.0,0.0,0.0,0.0,400.0,0.0,0.0,0.0,,0.0,0.0,4.0,0.0,2.0,2.0,0.0,0.0,0.0,0.0,0.0,0.0,0.0,1.0,0.0,0.0,0.0,0.0,0.0,425.0
2021-04-02,,0.0,1.0,45.0,0.0,0.0,0.0,0.0,0.0,0.0,0.0,0.0,0.0,0.0,400.0,0.0,0.0,0.0,,0.0,0.0,1.0,0.0,1.0,2.0,0.0,0.0,0.0,0.0,0.0,0.0,0.0,2.0,0.0,0.0,0.0,0.0,0.0,452.0
2021-04-03,,0.0,3.0,44.0,0.0,0.0,0.0,0.0,0.0,0.0,0.0,0.0,0.0,0.0,350.0,0.0,0.0,0.0,,0.0,0.0,4.0,0.0,3.0,2.0,0.0,0.0,0.0,0.0,0.0,0.0,0.0,3.0,0.0,0.0,0.0,0.0,0.0,409.0
2021-04-04,,0.0,5.0,301.0,0.0,0.0,0.0,0.0,0.0,0.0,0.0,0.0,0.0,0.0,350.0,0.0,0.0,0.0,,0.0,0.0,6.0,0.0,6.0,5.0,0.0,0.0,0.0,0.0,0.0,0.0,0.0,45.0,0.0,0.0,0.0,0.0,0.0,718.0
2021-04-05,,0.0,4.0,42.0,0.0,0.0,0.0,0.0,0.0,0.0,0.0,0.0,171.0,0.0,350.0,0.0,0.0,0.0,,0.0,0.0,3.0,0.0,4.0,3.0,0.0,0.0,0.0,0.0,0.0,0.0,0.0,7.0,0.0,0.0,0.0,0.0,0.0,584.0
2021-04-06,,0.0,2.0,22.0,0.0,0.0,0.0,0.0,0.0,0.0,0.0,0.0,0.0,0.0,250.0,0.0,0.0,0.0,,0.0,0.0,3.0,0.0,1.0,1.0,0.0,0.0,0.0,0.0,0.0,0.0,0.0,0.0,0.0,0.0,0.0,0.0,0.0,279.0
2021-04-07,,0.0,2.0,21.0,0.0,0.0,0.0,0.0,0.0,0.0,0.0,0.0,0.0,0.0,350.0,0.0,0.0,0.0,,0.0,0.0,3.0,0.0,1.0,1.0,0.0,0.0,0.0,0.0,0.0,0.0,0.0,1.0,0.0,0.0,0.0,0.0,0.0,379.0
2021-04-08,,0.0,2.0,23.0,0.0,0.0,0.0,0.0,0.0,0.0,0.0,0.0,0.0,0.0,350.0,0.0,0.0,50.0,,0.0,0.0,3.0,0.0,1.0,1.0,0.0,0.0,0.0,0.0,0.0,0.0,0.0,1.0,0.0,0.0,0.0,0.0,0.0,431.0
2021-04-09,,0.0,1.0,25.0,0.0,0.0,0.0,0.0,0.0,0.0,0.0,0.0,0.0,0.0,350.0,0.0,0.0,0.0,,0.0,0.0,3.0,3.0,0.0,1.0,0.0,0.0,100.0,0.0,0.0,0.0,0.0,8.0,0.0,0.0,0.0,0.0,0.0,491.0
2021-04-10,,0.0,1.0,12.0,0.0,0.0,0.0,0.0,0.0,0.0,0.0,0.0,0.0,0.0,350.0,0.0,0.0,0.0,,0.0,0.0,1.0,0.0,0.0,0.0,0.0,0.0,0.0,0.0,0.0,0.0,0.0,2.0,150.0,0.0,0.0,0.0,0.0,516.0
2021-04-11,,0.0,2.0,100.0,0.0,0.0,0.0,0.0,0.0,0.0,0.0,0.0,0.0,0.0,350.0,0.0,0.0,0.0,,0.0,0.0,3.0,47.0,4.0,3.0,0.0,0.0,0.0,0.0,0.0,0.0,0.0,6.0,0.0,0.0,0.0,0.0,0.0,515.0
2021-04-12,,0.0,2.0,0.0,0.0,0.0,0.0,0.0,0.0,0.0,0.0,0.0,0.0,3.0,350.0,0.0,0.0,0.0,,0.0,0.0,2.0,47.0,3.0,1.0,0.0,0.0,0.0,0.0,0.0,0.0,0.0,0.0,0.0,0.0,0.0,0.0,0.0,408.0
2021-04-13,,0.0,2.0,21.0,0.0,0.0,0.0,0.0,0.0,0.0,0.0,0.0,0.0,0.0,350.0,0.0,0.0,0.0,,0.0,0.0,2.0,48.0,5.0,2.0,0.0,0.0,0.0,0.0,0.0,0.0,0.0,2.0,0.0,0.0,0.0,0.0,0.0,432.0
2021-04-14,,0.0,2.0,5.0,0.0,0.0,0.0,0.0,0.0,0.0,0.0,0.0,25.0,0.0,350.0,0.0,0.0,0.0,,0.0,0.0,2.0,0.0,5.0,2.0,0.0,0.0,0.0,0.0,0.0,0.0,0.0,2.0,0.0,0.0,0.0,0.0,0.0,393.0
2021-04-17,,0.0,1.0,30.0,0.0,0.0,0.0,0.0,0.0,0.0,15.0,0.0,0.0,0.0,350.0,0.0,0.0,0.0,,0.0,0.0,1.0,0.0,1.0,2.0,0.0,0.0,0.0,0.0,0.0,0.0,0.0,2.0,150.0,0.0,0.0,0.0,0.0,552.0
2021-04-18,,0.0,1.0,0.0,0.0,0.0,0.0,0.0,0.0,0.0,0.0,0.0,0.0,0.0,350.0,0.0,0.0,0.0,,0.0,0.0,1.0,0.0,1.0,2.0,0.0,0.0,0.0,0.0,0.0,0.0,0.0,0.0,0.0,0.0,0.0,0.0,0.0,355.0
2021-04-19,,0.0,2.0,0.0,0.0,0.0,0.0,0.0,0.0,0.0,0.0,0.0,88.0,0.0,500.0,0.0,0.0,0.0,,0.0,0.0,3.0,0.0,3.0,2.0,0.0,0.0,0.0,0.0,0.0,0.0,0.0,0.0,0.0,0.0,0.0,0.0,0.0,598.0
2021-04-20,,0.0,3.0,0.0,0.0,0.0,0.0,0.0,0.0,0.0,0.0,0.0,0.0,0.0,350.0,0.0,0.0,0.0,,0.0,0.0,2.0,0.0,4.0,3.0,0.0,0.0,0.0,0.0,0.0,0.0,0.0,0.0,0.0,0.0,0.0,0.0,0.0,362.0
2021-04-21,,0.0,3.0,4.0,0.0,0.0,0.0,0.0,0.0,0.0,0.0,0.0,0.0,0.0,350.0,0.0,0.0,0.0,,0.0,0.0,2.0,0.0,3.0,4.0,0.0,0.0,0.0,0.0,0.0,0.0,0.0,2.0,0.0,0.0,0.0,0.0,0.0,368.0
2021-04-23,,0.0,1.0,0.0,0.0,0.0,0.0,0.0,0.0,0.0,0.0,0.0,0.0,0.0,0.0,0.0,0.0,0.0,,0.0,0.0,1.0,0.0,1.0,1.0,0.0,0.0,0.0,0.0,0.0,0.0,0.0,0.0,0.0,0.0,0.0,0.0,0.0,4.0
2021-04-24,,0.0,1.0,0.0,0.0,0.0,0.0,0.0,0.0,0.0,0.0,0.0,0.0,0.0,350.0,0.0,0.0,0.0,,0.0,0.0,1.0,0.0,1.0,1.0,0.0,0.0,0.0,0.0,0.0,0.0,0.0,0.0,0.0,0.0,0.0,0.0,0.0,354.0
2021-04-25,,0.0,1.0,0.0,0.0,0.0,0.0,0.0,0.0,0.0,0.0,0.0,0.0,0.0,350.0,0.0,0.0,0.0,,0.0,0.0,2.0,0.0,2.0,0.0,0.0,0.0,0.0,0.0,0.0,0.0,0.0,2.0,0.0,0.0,0.0,0.0,0.0,357.0
2021-04-26,,0.0,1.0,0.0,0.0,0.0,0.0,0.0,0.0,0.0,0.0,0.0,0.0,0.0,350.0,0.0,0.0,0.0,,0.0,0.0,2.0,73.0,0.0,5.0,0.0,0.0,0.0,0.0,0.0,0.0,0.0,4.0,0.0,0.0,0.0,0.0,0.0,435.0
2021-04-27,,0.0,2.0,0.0,0.0,0.0,0.0,0.0,0.0,0.0,0.0,0.0,50.0,0.0,350.0,0.0,0.0,0.0,,0.0,0.0,3.0,50.0,2.0,4.0,0.0,0.0,0.0,0.0,0.0,0.0,0.0,0.0,0.0,0.0,0.0,0.0,0.0,461.0
2021-04-28,,0.0,2.0,0.0,0.0,0.0,0.0,0.0,0.0,0.0,0.0,0.0,0.0,0.0,350.0,0.0,0.0,0.0,,0.0,0.0,3.0,19.0,2.0,14.0,0.0,0.0,0.0,0.0,0.0,0.0,0.0,4.0,0.0,0.0,0.0,0.0,0.0,394.0
2021-04-29,,0.0,2.0,4.0,0.0,0.0,0.0,0.0,0.0,0.0,0.0,0.0,0.0,52.0,350.0,0.0,0.0,0.0,,0.0,0.0,2.0,42.0,2.0,1.0,0.0,0.0,0.0,0.0,0.0,0.0,0.0,0.0,290.0,0.0,0.0,0.0,0.0,745.0
2021-04-30,,0.0,0.0,6.0,0.0,0.0,0.0,0.0,0.0,0.0,0.0,0.0,0.0,0.0,350.0,0.0,0.0,0.0,,0.0,0.0,0.0,40.0,1.0,0.0,0.0,0.0,0.0,0.0,0.0,0.0,0.0,0.0,0.0,0.0,0.0,0.0,0.0,397.0
2021-05-01,,0.0,1.0,0.0,0.0,0.0,0.0,0.0,0.0,0.0,0.0,0.0,0.0,0.0,208.0,0.0,0.0,0.0,,0.0,0.0,1.0,0.0,1.0,1.0,0.0,0.0,0.0,0.0,0.0,0.0,0.0,0.0,0.0,0.0,0.0,0.0,0.0,212.0
2021-05-02,,0.0,2.0,0.0,0.0,0.0,0.0,0.0,0.0,0.0,0.0,0.0,0.0,0.0,0.0,0.0,0.0,0.0,,0.0,0.0,1.0,0.0,1.0,1.0,0.0,0.0,0.0,0.0,0.0,0.0,0.0,0.0,0.0,0.0,0.0,0.0,0.0,5.0
2021-05-03,,0.0,1.0,0.0,0.0,0.0,0.0,0.0,0.0,0.0,0.0,0.0,0.0,0.0,350.0,0.0,0.0,0.0,,0.0,0.0,1.0,0.0,1.0,1.0,0.0,0.0,0.0,0.0,0.0,0.0,0.0,0.0,0.0,0.0,0.0,0.0,0.0,354.0
2021-05-04,,0.0,1.0,0.0,0.0,0.0,0.0,0.0,0.0,0.0,0.0,0.0,0.0,0.0,350.0,0.0,0.0,0.0,,0.0,0.0,1.0,0.0,1.0,1.0,0.0,0.0,0.0,0.0,0.0,0.0,0.0,0.0,0.0,0.0,0.0,0.0,0.0,354.0
2021-05-05,,0.0,2.0,0.0,0.0,0.0,0.0,0.0,0.0,0.0,0.0,0.0,0.0,0.0,0.0,0.0,0.0,0.0,,0.0,0.0,1.0,0.0,2.0,1.0,0.0,0.0,0.0,0.0,0.0,0.0,0.0,0.0,0.0,0.0,0.0,0.0,0.0,6.0
2021-05-06,,0.0,1.0,0.0,0.0,0.0,0.0,0.0,0.0,0.0,0.0,0.0,151.0,0.0,350.0,0.0,0.0,0.0,,0.0,0.0,1.0,0.0,1.0,1.0,0.0,0.0,0.0,0.0,0.0,0.0,0.0,0.0,0.0,0.0,0.0,0.0,0.0,505.0
2021-05-07,,0.0,1.0,0.0,0.0,0.0,0.0,0.0,0.0,0.0,0.0,0.0,0.0,0.0,0.0,0.0,0.0,0.0,,0.0,0.0,1.0,0.0,1.0,1.0,0.0,0.0,0.0,0.0,0.0,0.0,0.0,0.0,0.0,0.0,0.0,0.0,0.0,4.0
2021-05-08,,0.0,1.0,0.0,0.0,0.0,0.0,0.0,0.0,0.0,0.0,0.0,313.0,0.0,200.0,0.0,0.0,0.0,,0.0,0.0,1.0,0.0,1.0,2.0,0.0,0.0,0.0,0.0,0.0,0.0,0.0,0.0,0.0,0.0,0.0,0.0,0.0,518.0
2021-05-09,,0.0,1.0,0.0,0.0,0.0,0.0,0.0,0.0,0.0,0.0,0.0,0.0,0.0,250.0,0.0,0.0,0.0,,0.0,0.0,1.0,0.0,1.0,1.0,0.0,0.0,0.0,0.0,0.0,0.0,0.0,0.0,410.0,0.0,0.0,0.0,0.0,664.0
2021-05-10,,0.0,1.0,0.0,0.0,0.0,0.0,0.0,0.0,0.0,0.0,0.0,0.0,0.0,250.0,0.0,0.0,0.0,,0.0,0.0,1.0,0.0,2.0,1.0,0.0,0.0,0.0,66.0,0.0,0.0,0.0,0.0,0.0,0.0,0.0,0.0,0.0,321.0
2021-05-11,,0.0,0.0,0.0,0.0,0.0,0.0,0.0,0.0,0.0,0.0,0.0,0.0,0.0,200.0,0.0,0.0,0.0,,0.0,0.0,1.0,0.0,0.0,3.0,0.0,0.0,0.0,140.0,0.0,0.0,0.0,0.0,0.0,0.0,0.0,0.0,0.0,344.0
2021-05-12,,0.0,0.0,0.0,0.0,0.0,0.0,0.0,0.0,0.0,0.0,0.0,0.0,0.0,200.0,0.0,0.0,0.0,,0.0,0.0,1.0,0.0,0.0,2.0,0.0,0.0,0.0,0.0,0.0,0.0,0.0,0.0,0.0,0.0,0.0,0.0,0.0,203.0
2021-05-13,,0.0,1.0,0.0,0.0,0.0,0.0,0.0,0.0,0.0,0.0,0.0,0.0,0.0,250.0,0.0,0.0,0.0,,0.0,0.0,1.0,0.0,1.0,1.0,0.0,0.0,0.0,0.0,0.0,0.0,0.0,0.0,0.0,0.0,0.0,0.0,0.0,254.0
2021-05-14,,0.0,0.0,0.0,0.0,0.0,0.0,0.0,0.0,0.0,0.0,0.0,0.0,15.0,200.0,0.0,0.0,0.0,,0.0,0.0,1.0,0.0,0.0,2.0,0.0,0.0,0.0,0.0,0.0,0.0,0.0,0.0,0.0,0.0,0.0,0.0,0.0,218.0
2021-05-15,,0.0,0.0,2.0,0.0,0.0,0.0,0.0,0.0,0.0,0.0,0.0,0.0,5.0,250.0,0.0,0.0,0.0,,0.0,0.0,0.0,0.0,1.0,0.0,0.0,0.0,0.0,0.0,0.0,0.0,0.0,1.0,0.0,0.0,0.0,0.0,0.0,259.0
2021-05-16,,0.0,0.0,2.0,0.0,0.0,0.0,0.0,0.0,0.0,0.0,0.0,0.0,0.0,250.0,0.0,0.0,0.0,,0.0,0.0,0.0,0.0,0.0,1.0,0.0,0.0,0.0,0.0,0.0,0.0,0.0,0.0,0.0,0.0,0.0,0.0,0.0,253.0
2021-05-17,,0.0,2.0,0.0,0.0,0.0,0.0,0.0,0.0,0.0,0.0,0.0,0.0,0.0,250.0,0.0,0.0,0.0,,0.0,0.0,1.0,0.0,1.0,1.0,0.0,0.0,0.0,0.0,0.0,0.0,0.0,0.0,0.0,0.0,0.0,0.0,0.0,255.0
2021-05-18,,0.0,1.0,0.0,0.0,0.0,0.0,0.0,0.0,0.0,0.0,0.0,0.0,0.0,250.0,0.0,0.0,0.0,,0.0,0.0,1.0,0.0,1.0,1.0,0.0,0.0,0.0,0.0,0.0,0.0,0.0,0.0,0.0,0.0,0.0,0.0,0.0,254.0
2021-05-19,,0.0,0.0,0.0,0.0,0.0,0.0,0.0,0.0,0.0,0.0,0.0,0.0,0.0,250.0,0.0,0.0,0.0,,0.0,0.0,1.0,0.0,0.0,1.0,0.0,0.0,0.0,0.0,0.0,0.0,0.0,1.0,0.0,0.0,0.0,0.0,0.0,253.0
2021-05-20,,0.0,0.0,0.0,0.0,0.0,0.0,0.0,0.0,0.0,0.0,0.0,0.0,0.0,250.0,0.0,0.0,0.0,,0.0,0.0,1.0,0.0,0.0,1.0,0.0,0.0,0.0,0.0,0.0,0.0,0.0,0.0,0.0,0.0,0.0,0.0,0.0,252.0
2021-05-21,,0.0,0.0,0.0,0.0,0.0,0.0,0.0,0.0,0.0,0.0,0.0,0.0,15.0,250.0,0.0,0.0,0.0,,0.0,0.0,2.0,0.0,0.0,1.0,0.0,0.0,0.0,0.0,0.0,0.0,0.0,0.0,0.0,0.0,0.0,0.0,0.0,268.0
2021-05-22,,0.0,1.0,0.0,0.0,0.0,0.0,0.0,0.0,0.0,0.0,0.0,0.0,0.0,200.0,0.0,0.0,0.0,,0.0,0.0,2.0,0.0,0.0,1.0,0.0,0.0,0.0,0.0,0.0,0.0,0.0,0.0,0.0,0.0,0.0,0.0,0.0,204.0
2021-05-23,,0.0,1.0,0.0,0.0,0.0,0.0,0.0,0.0,0.0,0.0,0.0,0.0,0.0,250.0,0.0,0.0,0.0,,0.0,0.0,2.0,0.0,0.0,11.0,0.0,0.0,0.0,0.0,0.0,0.0,0.0,0.0,0.0,0.0,0.0,0.0,0.0,264.0
2021-05-24,,0.0,1.0,0.0,0.0,0.0,0.0,0.0,0.0,0.0,0.0,0.0,0.0,0.0,250.0,0.0,0.0,0.0,,0.0,0.0,2.0,0.0,0.0,2.0,0.0,0.0,0.0,0.0,0.0,0.0,0.0,0.0,0.0,0.0,0.0,0.0,0.0,255.0
2021-05-25,,0.0,2.0,0.0,0.0,0.0,0.0,0.0,0.0,0.0,0.0,0.0,0.0,0.0,250.0,0.0,0.0,0.0,,0.0,0.0,1.0,0.0,1.0,1.0,0.0,0.0,0.0,0.0,0.0,0.0,0.0,0.0,150.0,0.0,0.0,0.0,0.0,405.0
2021-05-26,,0.0,1.0,0.0,0.0,0.0,0.0,0.0,0.0,0.0,0.0,0.0,0.0,0.0,250.0,0.0,0.0,0.0,,0.0,0.0,1.0,0.0,1.0,1.0,0.0,0.0,0.0,0.0,0.0,0.0,0.0,0.0,0.0,0.0,0.0,0.0,0.0,254.0
2021-05-27,,0.0,1.0,0.0,0.0,0.0,0.0,0.0,0.0,0.0,0.0,0.0,188.0,0.0,250.0,0.0,0.0,0.0,,0.0,0.0,1.0,0.0,1.0,1.0,0.0,0.0,0.0,0.0,0.0,0.0,0.0,0.0,0.0,0.0,0.0,0.0,0.0,442.0
2021-05-28,,0.0,1.0,0.0,0.0,0.0,0.0,0.0,0.0,0.0,0.0,0.0,0.0,0.0,100.0,0.0,0.0,0.0,,0.0,0.0,1.0,0.0,1.0,1.0,0.0,0.0,0.0,0.0,0.0,0.0,0.0,0.0,0.0,0.0,0.0,0.0,0.0,104.0
2021-05-29,,0.0,0.0,0.0,0.0,0.0,0.0,0.0,0.0,0.0,0.0,0.0,0.0,0.0,250.0,0.0,0.0,0.0,,0.0,0.0,1.0,0.0,0.0,2.0,0.0,0.0,0.0,0.0,0.0,0.0,0.0,0.0,0.0,0.0,0.0,0.0,0.0,253.0
2021-05-30,,0.0,0.0,0.0,0.0,0.0,0.0,0.0,0.0,0.0,0.0,0.0,0.0,0.0,250.0,0.0,0.0,0.0,,0.0,0.0,1.0,0.0,1.0,1.0,0.0,0.0,0.0,0.0,0.0,0.0,0.0,0.0,0.0,0.0,0.0,0.0,0.0,253.0
2021-06-04,,0.0,1.0,0.0,0.0,0.0,0.0,0.0,0.0,0.0,0.0,0.0,0.0,0.0,250.0,0.0,0.0,0.0,,0.0,0.0,1.0,0.0,1.0,1.0,0.0,0.0,0.0,0.0,0.0,0.0,0.0,0.0,0.0,0.0,0.0,0.0,0.0,254.0
2021-06-05,,0.0,1.0,0.0,0.0,0.0,0.0,0.0,0.0,0.0,0.0,0.0,0.0,0.0,250.0,0.0,0.0,0.0,,0.0,0.0,1.0,0.0,1.0,1.0,0.0,0.0,0.0,0.0,0.0,0.0,0.0,0.0,0.0,0.0,0.0,0.0,0.0,254.0
2021-06-06,,0.0,0.0,0.0,0.0,0.0,0.0,0.0,0.0,0.0,0.0,0.0,0.0,0.0,250.0,0.0,0.0,0.0,,0.0,0.0,1.0,0.0,0.0,2.0,0.0,0.0,0.0,0.0,0.0,0.0,0.0,0.0,0.0,0.0,0.0,0.0,0.0,253.0
2021-06-07,,0.0,0.0,0.0,0.0,0.0,0.0,0.0,0.0,0.0,0.0,0.0,0.0,0.0,250.0,0.0,0.0,0.0,,0.0,0.0,1.0,0.0,1.0,1.0,0.0,0.0,0.0,0.0,0.0,0.0,0.0,0.0,0.0,0.0,0.0,0.0,0.0,253.0
2021-06-08,,0.0,0.0,8.0,0.0,0.0,0.0,0.0,0.0,0.0,0.0,0.0,0.0,0.0,250.0,0.0,0.0,0.0,,0.0,0.0,1.0,0.0,1.0,1.0,0.0,0.0,0.0,0.0,0.0,0.0,0.0,0.0,0.0,0.0,0.0,0.0,0.0,261.0
2021-06-09,,0.0,0.0,2.0,0.0,0.0,0.0,0.0,0.0,0.0,0.0,0.0,0.0,0.0,250.0,0.0,0.0,0.0,,0.0,0.0,0.0,0.0,0.0,0.0,0.0,0.0,0.0,0.0,0.0,0.0,0.0,1.0,0.0,0.0,0.0,0.0,0.0,253.0
2021-06-10,,0.0,1.0,0.0,0.0,0.0,0.0,0.0,0.0,0.0,0.0,0.0,0.0,0.0,250.0,0.0,0.0,0.0,,0.0,0.0,1.0,0.0,1.0,1.0,0.0,0.0,0.0,0.0,0.0,0.0,0.0,3.0,0.0,0.0,0.0,0.0,0.0,257.0
2021-06-11,,0.0,1.0,0.0,0.0,0.0,0.0,0.0,0.0,0.0,0.0,0.0,206.0,0.0,0.0,0.0,0.0,0.0,,0.0,0.0,1.0,0.0,1.0,1.0,0.0,0.0,0.0,0.0,0.0,0.0,0.0,1.0,0.0,0.0,0.0,0.0,0.0,211.0
2021-06-12,,0.0,1.0,0.0,0.0,0.0,0.0,0.0,0.0,0.0,0.0,0.0,175.0,0.0,250.0,0.0,0.0,0.0,,0.0,0.0,1.0,0.0,1.0,1.0,0.0,0.0,0.0,0.0,0.0,0.0,0.0,0.0,0.0,0.0,0.0,0.0,0.0,429.0
2021-06-13,,0.0,1.0,0.0,0.0,0.0,0.0,0.0,0.0,0.0,0.0,0.0,0.0,0.0,250.0,0.0,0.0,0.0,,0.0,0.0,1.0,0.0,1.0,1.0,0.0,0.0,0.0,0.0,0.0,0.0,0.0,0.0,0.0,0.0,0.0,0.0,0.0,254.0
2021-06-14,,0.0,0.0,0.0,0.0,0.0,0.0,0.0,0.0,0.0,0.0,0.0,0.0,0.0,250.0,0.0,0.0,0.0,,0.0,0.0,1.0,0.0,1.0,1.0,0.0,0.0,0.0,0.0,0.0,0.0,0.0,0.0,0.0,0.0,0.0,0.0,0.0,253.0
2021-06-15,,0.0,0.0,0.0,0.0,0.0,0.0,0.0,0.0,0.0,0.0,0.0,0.0,0.0,250.0,0.0,0.0,0.0,,0.0,0.0,2.0,0.0,1.0,1.0,0.0,0.0,0.0,0.0,0.0,0.0,0.0,0.0,0.0,0.0,0.0,0.0,0.0,254.0
2021-06-16,,0.0,0.0,5.0,0.0,0.0,0.0,0.0,0.0,0.0,0.0,0.0,0.0,0.0,250.0,0.0,0.0,0.0,,0.0,0.0,2.0,0.0,1.0,1.0,0.0,0.0,0.0,0.0,0.0,0.0,0.0,0.0,0.0,0.0,0.0,0.0,0.0,259.0
2021-06-17,,0.0,0.0,3.0,0.0,0.0,0.0,0.0,0.0,0.0,0.0,0.0,0.0,0.0,250.0,0.0,0.0,0.0,,0.0,0.0,1.0,0.0,1.0,1.0,0.0,0.0,0.0,0.0,0.0,0.0,0.0,1.0,0.0,0.0,0.0,0.0,0.0,257.0
2021-06-18,,0.0,1.0,0.0,0.0,0.0,0.0,0.0,0.0,0.0,0.0,0.0,0.0,0.0,100.0,0.0,0.0,0.0,,0.0,0.0,1.0,0.0,1.0,1.0,0.0,0.0,0.0,0.0,0.0,0.0,0.0,0.0,0.0,0.0,0.0,0.0,0.0,104.0
2021-06-19,,0.0,2.0,0.0,0.0,0.0,0.0,0.0,0.0,0.0,0.0,0.0,0.0,3.0,250.0,0.0,0.0,0.0,,0.0,0.0,1.0,0.0,1.0,1.0,0.0,0.0,0.0,0.0,0.0,0.0,0.0,0.0,0.0,0.0,0.0,0.0,0.0,258.0
2021-06-20,,0.0,2.0,0.0,0.0,0.0,0.0,0.0,0.0,0.0,0.0,0.0,0.0,0.0,250.0,0.0,0.0,0.0,,0.0,0.0,1.0,0.0,0.0,0.0,0.0,0.0,0.0,0.0,0.0,0.0,0.0,0.0,0.0,0.0,0.0,0.0,0.0,253.0
2021-06-21,,0.0,1.0,0.0,0.0,0.0,0.0,0.0,0.0,0.0,0.0,0.0,238.0,0.0,250.0,0.0,0.0,0.0,,0.0,0.0,1.0,0.0,0.0,1.0,0.0,0.0,0.0,0.0,0.0,0.0,0.0,0.0,540.0,0.0,0.0,0.0,0.0,1031.0
2021-06-22,,0.0,1.0,0.0,0.0,0.0,0.0,0.0,0.0,0.0,0.0,0.0,465.0,8.0,250.0,0.0,0.0,0.0,,0.0,0.0,2.0,0.0,0.0,1.0,0.0,0.0,0.0,149.0,0.0,0.0,0.0,0.0,520.0,0.0,0.0,0.0,0.0,1396.0
2021-06-23,,0.0,1.0,0.0,0.0,0.0,0.0,0.0,0.0,0.0,0.0,0.0,0.0,0.0,250.0,0.0,0.0,0.0,,0.0,0.0,0.0,0.0,1.0,1.0,0.0,0.0,0.0,0.0,0.0,0.0,0.0,2.0,0.0,0.0,0.0,0.0,0.0,255.0
2021-06-24,,0.0,1.0,1.0,0.0,0.0,0.0,0.0,0.0,0.0,0.0,0.0,0.0,0.0,250.0,0.0,0.0,0.0,,0.0,0.0,0.0,0.0,1.0,1.0,0.0,0.0,175.0,0.0,0.0,0.0,0.0,2.0,0.0,0.0,0.0,0.0,0.0,431.0
2021-06-25,,0.0,1.0,3.0,0.0,0.0,0.0,0.0,0.0,0.0,0.0,0.0,0.0,0.0,100.0,0.0,0.0,0.0,,0.0,0.0,1.0,0.0,1.0,1.0,0.0,0.0,0.0,0.0,0.0,0.0,0.0,2.0,0.0,0.0,0.0,0.0,0.0,109.0
2021-06-26,,0.0,1.0,0.0,0.0,0.0,0.0,0.0,0.0,0.0,0.0,0.0,0.0,0.0,250.0,0.0,0.0,0.0,,0.0,0.0,1.0,0.0,1.0,1.0,0.0,0.0,0.0,0.0,0.0,0.0,0.0,0.0,0.0,0.0,0.0,0.0,0.0,254.0
2021-06-27,,0.0,1.0,0.0,0.0,0.0,0.0,0.0,0.0,0.0,0.0,0.0,0.0,0.0,250.0,0.0,0.0,0.0,,0.0,0.0,1.0,0.0,1.0,1.0,0.0,0.0,0.0,0.0,0.0,0.0,0.0,7.0,180.0,0.0,0.0,0.0,0.0,441.0
2021-06-28,,0.0,1.0,0.0,0.0,0.0,29.0,0.0,0.0,0.0,0.0,0.0,0.0,0.0,250.0,0.0,0.0,0.0,,0.0,0.0,1.0,0.0,1.0,1.0,0.0,0.0,0.0,0.0,0.0,0.0,0.0,0.0,0.0,0.0,0.0,0.0,0.0,283.0
2021-06-29,,0.0,1.0,0.0,0.0,0.0,44.0,0.0,0.0,0.0,0.0,0.0,0.0,0.0,250.0,0.0,0.0,0.0,,0.0,0.0,1.0,0.0,1.0,1.0,0.0,0.0,1550.0,0.0,0.0,0.0,0.0,0.0,0.0,0.0,0.0,0.0,0.0,1848.0
2021-06-30,,0.0,1.0,0.0,0.0,0.0,0.0,0.0,0.0,0.0,0.0,0.0,0.0,0.0,250.0,0.0,0.0,0.0,,0.0,0.0,1.0,0.0,0.0,1.0,0.0,0.0,1300.0,0.0,0.0,0.0,0.0,0.0,100.0,0.0,0.0,0.0,0.0,1653.0
2021-07-01,,0.0,1.0,0.0,0.0,0.0,0.0,0.0,0.0,0.0,0.0,0.0,0.0,0.0,100.0,0.0,0.0,0.0,,0.0,0.0,1.0,0.0,0.0,1.0,0.0,0.0,125.0,0.0,0.0,0.0,0.0,2.0,0.0,0.0,0.0,0.0,0.0,230.0
2021-07-02,,0.0,1.0,0.0,0.0,0.0,0.0,0.0,0.0,0.0,0.0,0.0,0.0,0.0,100.0,0.0,0.0,0.0,,0.0,0.0,1.0,0.0,0.0,1.0,0.0,0.0,0.0,0.0,0.0,0.0,0.0,1.0,450.0,0.0,0.0,0.0,0.0,554.0
2021-07-03,,0.0,0.0,3.0,0.0,0.0,0.0,0.0,0.0,0.0,0.0,0.0,0.0,0.0,250.0,0.0,0.0,0.0,,0.0,0.0,0.0,0.0,1.0,1.0,0.0,0.0,88.0,0.0,0.0,0.0,0.0,2.0,350.0,0.0,0.0,0.0,0.0,695.0
2021-07-04,,0.0,1.0,0.0,0.0,0.0,0.0,0.0,0.0,0.0,0.0,0.0,0.0,0.0,250.0,0.0,0.0,0.0,,0.0,0.0,1.0,0.0,1.0,1.0,0.0,0.0,0.0,0.0,0.0,0.0,0.0,0.0,620.0,0.0,0.0,0.0,0.0,874.0
2021-07-05,,0.0,1.0,0.0,0.0,0.0,0.0,0.0,0.0,0.0,0.0,0.0,0.0,0.0,250.0,0.0,0.0,0.0,,0.0,0.0,1.0,0.0,1.0,1.0,0.0,0.0,450.0,323.0,0.0,0.0,0.0,10.0,370.0,0.0,0.0,0.0,0.0,1407.0
2021-07-06,,0.0,1.0,0.0,0.0,0.0,0.0,0.0,0.0,0.0,0.0,0.0,0.0,0.0,250.0,0.0,0.0,0.0,,0.0,0.0,1.0,0.0,1.0,0.0,0.0,0.0,0.0,0.0,0.0,0.0,0.0,0.0,270.0,0.0,0.0,0.0,0.0,523.0
2021-07-07,,0.0,1.0,0.0,0.0,0.0,0.0,0.0,0.0,0.0,0.0,0.0,0.0,0.0,0.0,0.0,0.0,0.0,,0.0,0.0,1.0,0.0,1.0,1.0,0.0,0.0,0.0,0.0,0.0,0.0,0.0,0.0,0.0,0.0,0.0,0.0,0.0,4.0
2021-07-08,,0.0,1.0,0.0,0.0,0.0,0.0,0.0,0.0,0.0,0.0,0.0,0.0,23.0,250.0,0.0,0.0,0.0,,0.0,0.0,1.0,0.0,1.0,1.0,0.0,0.0,0.0,0.0,0.0,0.0,0.0,0.0,170.0,0.0,0.0,0.0,0.0,447.0
2021-07-09,,0.0,0.0,0.0,0.0,0.0,0.0,0.0,0.0,0.0,0.0,0.0,0.0,20.0,250.0,0.0,0.0,0.0,,0.0,0.0,2.0,0.0,1.0,2.0,0.0,0.0,0.0,0.0,0.0,0.0,0.0,0.0,0.0,0.0,0.0,0.0,0.0,275.0
2021-07-11,,0.0,0.0,0.0,0.0,0.0,0.0,0.0,0.0,0.0,0.0,0.0,394.0,0.0,250.0,0.0,0.0,0.0,,0.0,0.0,1.0,0.0,1.0,1.0,0.0,0.0,0.0,0.0,0.0,0.0,0.0,2.0,0.0,150.0,0.0,0.0,0.0,799.0
2021-07-12,,0.0,0.0,0.0,0.0,0.0,0.0,0.0,0.0,0.0,0.0,0.0,0.0,0.0,250.0,0.0,0.0,0.0,,0.0,0.0,1.0,0.0,1.0,1.0,0.0,0.0,0.0,0.0,0.0,0.0,0.0,0.0,0.0,0.0,0.0,0.0,0.0,253.0
2021-07-13,,0.0,0.0,0.0,0.0,0.0,0.0,0.0,0.0,0.0,0.0,0.0,0.0,0.0,250.0,0.0,0.0,0.0,,0.0,0.0,1.0,0.0,1.0,0.0,0.0,0.0,0.0,0.0,0.0,0.0,0.0,2.0,0.0,0.0,0.0,0.0,0.0,254.0
2021-07-14,,0.0,0.0,0.0,0.0,0.0,0.0,0.0,0.0,0.0,0.0,0.0,0.0,0.0,250.0,0.0,0.0,0.0,,0.0,0.0,1.0,0.0,1.0,1.0,0.0,0.0,0.0,0.0,0.0,0.0,0.0,0.0,0.0,0.0,0.0,0.0,0.0,253.0
2021-07-15,,0.0,0.0,0.0,0.0,0.0,39.0,0.0,0.0,0.0,0.0,0.0,0.0,0.0,250.0,0.0,0.0,0.0,,0.0,0.0,0.0,0.0,0.0,0.0,0.0,0.0,0.0,0.0,0.0,0.0,0.0,1.0,0.0,0.0,0.0,0.0,0.0,290.0
2021-07-16,,0.0,0.0,0.0,0.0,0.0,0.0,0.0,0.0,0.0,0.0,0.0,25.0,0.0,250.0,0.0,0.0,0.0,,0.0,0.0,1.0,0.0,0.0,1.0,0.0,0.0,0.0,0.0,0.0,0.0,0.0,0.0,170.0,0.0,0.0,0.0,0.0,447.0
2021-07-17,,0.0,0.0,0.0,0.0,0.0,26.0,0.0,0.0,0.0,0.0,0.0,0.0,0.0,250.0,0.0,0.0,0.0,,0.0,0.0,1.0,0.0,1.0,1.0,0.0,0.0,450.0,0.0,0.0,0.0,0.0,0.0,0.0,0.0,0.0,0.0,0.0,729.0
2021-07-18,,0.0,0.0,0.0,0.0,0.0,26.0,0.0,0.0,0.0,0.0,0.0,0.0,0.0,250.0,0.0,0.0,0.0,,0.0,0.0,0.0,0.0,0.0,0.0,0.0,0.0,0.0,0.0,0.0,0.0,0.0,0.0,0.0,0.0,0.0,0.0,0.0,276.0
2021-07-19,,0.0,0.0,0.0,0.0,0.0,0.0,0.0,0.0,0.0,0.0,0.0,0.0,0.0,250.0,0.0,0.0,0.0,,0.0,0.0,0.0,0.0,0.0,0.0,0.0,0.0,0.0,0.0,0.0,0.0,0.0,0.0,0.0,0.0,0.0,0.0,0.0,250.0
2021-07-20,,0.0,0.0,0.0,0.0,0.0,26.0,0.0,0.0,0.0,0.0,0.0,0.0,0.0,250.0,0.0,0.0,0.0,,0.0,0.0,0.0,0.0,0.0,0.0,0.0,0.0,0.0,0.0,0.0,0.0,0.0,0.0,0.0,0.0,0.0,0.0,0.0,276.0
2021-07-21,,0.0,0.0,0.0,0.0,0.0,0.0,0.0,0.0,0.0,0.0,0.0,0.0,0.0,250.0,0.0,0.0,0.0,,0.0,0.0,0.0,0.0,0.0,0.0,0.0,0.0,0.0,0.0,0.0,0.0,0.0,2.0,0.0,0.0,0.0,0.0,0.0,252.0
2021-07-22,,0.0,0.0,1.0,0.0,0.0,0.0,0.0,0.0,0.0,0.0,0.0,0.0,0.0,100.0,0.0,0.0,0.0,,0.0,0.0,0.0,0.0,1.0,0.0,0.0,0.0,0.0,0.0,0.0,0.0,0.0,0.0,0.0,0.0,0.0,0.0,0.0,102.0
2021-07-23,,0.0,0.0,0.0,0.0,0.0,0.0,0.0,0.0,0.0,0.0,0.0,0.0,0.0,250.0,0.0,0.0,0.0,,0.0,0.0,1.0,0.0,0.0,1.0,0.0,0.0,0.0,0.0,0.0,0.0,0.0,0.0,0.0,0.0,0.0,0.0,0.0,252.0
2021-07-24,,0.0,0.0,0.0,0.0,0.0,0.0,0.0,0.0,0.0,0.0,0.0,0.0,0.0,100.0,0.0,0.0,0.0,,0.0,0.0,0.0,0.0,0.0,0.0,0.0,0.0,0.0,0.0,0.0,0.0,0.0,0.0,0.0,0.0,0.0,0.0,0.0,100.0
2021-07-25,,0.0,0.0,0.0,0.0,0.0,0.0,0.0,0.0,0.0,0.0,0.0,0.0,0.0,250.0,0.0,0.0,0.0,,0.0,0.0,0.0,0.0,0.0,0.0,0.0,0.0,0.0,0.0,0.0,0.0,0.0,0.0,0.0,0.0,0.0,0.0,0.0,250.0
2021-07-26,,0.0,0.0,0.0,0.0,0.0,0.0,0.0,0.0,0.0,0.0,0.0,0.0,0.0,250.0,0.0,0.0,0.0,,0.0,0.0,0.0,0.0,0.0,0.0,0.0,0.0,0.0,0.0,0.0,0.0,0.0,0.0,0.0,0.0,0.0,0.0,0.0,250.0
2021-07-27,,0.0,0.0,0.0,0.0,0.0,0.0,0.0,0.0,0.0,0.0,0.0,0.0,0.0,250.0,0.0,0.0,0.0,,0.0,0.0,0.0,0.0,0.0,0.0,0.0,0.0,0.0,0.0,0.0,0.0,0.0,0.0,0.0,300.0,0.0,0.0,0.0,550.0
2021-07-28,,0.0,0.0,0.0,0.0,0.0,0.0,0.0,0.0,0.0,0.0,0.0,0.0,0.0,100.0,0.0,0.0,0.0,,0.0,0.0,0.0,0.0,0.0,0.0,0.0,0.0,0.0,0.0,0.0,0.0,0.0,0.0,0.0,0.0,0.0,0.0,0.0,100.0
2021-07-29,,0.0,0.0,0.0,0.0,0.0,0.0,0.0,0.0,0.0,0.0,0.0,0.0,0.0,250.0,0.0,0.0,0.0,,0.0,0.0,0.0,0.0,0.0,0.0,0.0,0.0,0.0,0.0,0.0,0.0,0.0,0.0,0.0,0.0,0.0,0.0,0.0,250.0
2021-07-30,,0.0,0.0,0.0,0.0,0.0,0.0,0.0,0.0,0.0,0.0,0.0,0.0,0.0,250.0,0.0,0.0,0.0,,0.0,0.0,0.0,0.0,0.0,0.0,0.0,0.0,0.0,0.0,0.0,0.0,0.0,0.0,0.0,0.0,0.0,0.0,0.0,250.0
2021-07-31,,0.0,0.0,0.0,0.0,0.0,0.0,0.0,0.0,0.0,0.0,0.0,0.0,0.0,250.0,0.0,0.0,0.0,,0.0,0.0,0.0,0.0,0.0,0.0,0.0,0.0,0.0,0.0,0.0,0.0,0.0,0.0,0.0,0.0,0.0,0.0,0.0,250.0
2021-08-01,,0.0,0.0,0.0,0.0,0.0,0.0,0.0,0.0,0.0,0.0,0.0,0.0,0.0,250.0,0.0,0.0,0.0,,0.0,0.0,0.0,0.0,0.0,0.0,0.0,0.0,0.0,0.0,0.0,0.0,0.0,0.0,0.0,0.0,0.0,0.0,0.0,250.0
2021-08-02,,0.0,0.0,0.0,0.0,0.0,0.0,0.0,0.0,0.0,0.0,0.0,0.0,0.0,100.0,0.0,0.0,0.0,,0.0,0.0,0.0,0.0,0.0,0.0,0.0,0.0,0.0,0.0,0.0,0.0,0.0,0.0,0.0,0.0,0.0,0.0,0.0,100.0
2021-08-03,,0.0,0.0,0.0,0.0,0.0,0.0,0.0,0.0,0.0,0.0,0.0,0.0,0.0,100.0,0.0,0.0,0.0,,0.0,0.0,0.0,0.0,0.0,0.0,0.0,0.0,0.0,0.0,0.0,0.0,0.0,0.0,170.0,0.0,0.0,0.0,0.0,270.0
2021-08-04,,0.0,0.0,0.0,0.0,0.0,0.0,0.0,0.0,0.0,0.0,0.0,0.0,0.0,100.0,0.0,0.0,0.0,,0.0,0.0,0.0,0.0,0.0,0.0,0.0,0.0,0.0,0.0,0.0,0.0,0.0,0.0,170.0,0.0,0.0,0.0,0.0,270.0
2021-08-05,,0.0,0.0,0.0,0.0,0.0,0.0,0.0,0.0,0.0,0.0,0.0,0.0,0.0,250.0,0.0,0.0,0.0,,0.0,0.0,0.0,0.0,0.0,0.0,0.0,0.0,0.0,0.0,0.0,0.0,0.0,0.0,1500.0,0.0,0.0,0.0,0.0,1750.0
2021-08-06,,0.0,0.0,0.0,0.0,0.0,0.0,0.0,0.0,0.0,0.0,0.0,0.0,0.0,250.0,0.0,0.0,0.0,,0.0,0.0,0.0,0.0,0.0,0.0,0.0,0.0,0.0,0.0,0.0,0.0,0.0,0.0,0.0,0.0,0.0,0.0,0.0,250.0
2021-08-07,,0.0,0.0,0.0,0.0,0.0,0.0,0.0,0.0,0.0,0.0,50.0,0.0,0.0,250.0,0.0,0.0,0.0,,0.0,0.0,0.0,0.0,0.0,0.0,0.0,20.0,0.0,0.0,0.0,0.0,0.0,0.0,0.0,0.0,0.0,0.0,0.0,320.0
2021-08-08,,0.0,0.0,0.0,0.0,0.0,0.0,0.0,0.0,0.0,0.0,0.0,0.0,0.0,250.0,0.0,0.0,0.0,,0.0,0.0,0.0,0.0,0.0,0.0,0.0,0.0,0.0,0.0,0.0,0.0,0.0,0.0,0.0,0.0,0.0,0.0,0.0,250.0
2021-08-09,,0.0,0.0,0.0,0.0,0.0,0.0,0.0,0.0,0.0,0.0,0.0,0.0,0.0,200.0,0.0,0.0,0.0,,0.0,0.0,0.0,0.0,0.0,0.0,0.0,0.0,0.0,0.0,0.0,0.0,0.0,0.0,0.0,0.0,0.0,0.0,0.0,200.0
2021-08-10,,0.0,0.0,0.0,0.0,0.0,0.0,0.0,0.0,0.0,0.0,0.0,0.0,0.0,250.0,150.0,0.0,0.0,,0.0,0.0,0.0,0.0,0.0,0.0,0.0,20.0,0.0,0.0,0.0,0.0,0.0,0.0,100.0,0.0,0.0,0.0,0.0,520.0
2021-08-11,,0.0,0.0,0.0,0.0,0.0,0.0,0.0,0.0,0.0,0.0,0.0,0.0,0.0,250.0,138.0,0.0,0.0,,0.0,0.0,0.0,0.0,0.0,0.0,0.0,20.0,0.0,0.0,0.0,0.0,0.0,0.0,0.0,0.0,0.0,0.0,0.0,408.0
2021-08-12,,0.0,0.0,0.0,0.0,0.0,0.0,0.0,0.0,0.0,0.0,0.0,0.0,0.0,250.0,0.0,0.0,0.0,,0.0,0.0,0.0,0.0,0.0,0.0,0.0,0.0,0.0,0.0,0.0,0.0,0.0,0.0,620.0,0.0,0.0,0.0,0.0,870.0
2021-08-13,,0.0,0.0,0.0,0.0,0.0,29.0,0.0,0.0,0.0,0.0,0.0,0.0,0.0,250.0,0.0,0.0,0.0,,0.0,0.0,0.0,0.0,0.0,0.0,0.0,0.0,0.0,0.0,0.0,0.0,0.0,0.0,450.0,0.0,0.0,0.0,0.0,729.0
2021-08-14,,0.0,0.0,0.0,0.0,0.0,0.0,0.0,0.0,0.0,0.0,0.0,0.0,0.0,250.0,0.0,0.0,0.0,,0.0,0.0,0.0,0.0,0.0,0.0,0.0,0.0,0.0,0.0,0.0,0.0,0.0,2.0,0.0,0.0,0.0,0.0,0.0,252.0
2021-08-15,,0.0,0.0,0.0,0.0,0.0,25.0,0.0,0.0,0.0,0.0,0.0,0.0,0.0,250.0,0.0,0.0,0.0,,0.0,0.0,0.0,0.0,0.0,0.0,0.0,0.0,0.0,0.0,0.0,0.0,0.0,0.0,0.0,0.0,0.0,0.0,0.0,275.0
2021-08-16,,0.0,0.0,0.0,0.0,0.0,0.0,0.0,0.0,0.0,0.0,0.0,0.0,0.0,250.0,0.0,0.0,0.0,,0.0,0.0,0.0,0.0,0.0,0.0,0.0,0.0,0.0,182.0,0.0,0.0,0.0,0.0,350.0,0.0,0.0,0.0,0.0,782.0
2021-08-17,,0.0,0.0,0.0,0.0,0.0,25.0,0.0,0.0,0.0,0.0,0.0,0.0,0.0,250.0,0.0,0.0,0.0,,0.0,0.0,0.0,0.0,0.0,0.0,0.0,0.0,0.0,0.0,0.0,0.0,0.0,0.0,690.0,0.0,0.0,0.0,0.0,965.0
2021-08-18,,0.0,0.0,0.0,0.0,0.0,0.0,0.0,0.0,0.0,0.0,0.0,0.0,0.0,250.0,252.0,0.0,0.0,,0.0,0.0,0.0,0.0,0.0,0.0,0.0,0.0,0.0,0.0,0.0,0.0,0.0,0.0,360.0,0.0,0.0,0.0,0.0,862.0
2021-08-19,,0.0,0.0,0.0,0.0,0.0,33.0,0.0,0.0,0.0,15.0,0.0,0.0,0.0,100.0,0.0,0.0,0.0,,0.0,0.0,0.0,0.0,0.0,0.0,0.0,0.0,0.0,0.0,0.0,0.0,0.0,0.0,0.0,0.0,0.0,0.0,0.0,148.0
2021-08-20,,0.0,0.0,0.0,0.0,0.0,0.0,0.0,0.0,0.0,0.0,0.0,0.0,0.0,100.0,0.0,0.0,0.0,,0.0,0.0,0.0,0.0,0.0,0.0,0.0,0.0,0.0,0.0,0.0,0.0,0.0,0.0,0.0,0.0,0.0,0.0,0.0,100.0
2021-08-21,,0.0,0.0,0.0,0.0,0.0,0.0,0.0,0.0,0.0,0.0,0.0,0.0,0.0,250.0,0.0,0.0,0.0,,0.0,0.0,0.0,0.0,0.0,0.0,0.0,0.0,0.0,0.0,0.0,0.0,0.0,0.0,0.0,0.0,0.0,0.0,0.0,250.0
2021-08-22,,0.0,0.0,0.0,0.0,0.0,0.0,0.0,0.0,0.0,0.0,0.0,0.0,0.0,200.0,0.0,0.0,0.0,,0.0,0.0,0.0,0.0,0.0,0.0,0.0,0.0,0.0,0.0,0.0,0.0,0.0,0.0,0.0,0.0,0.0,0.0,0.0,200.0
2021-08-23,,0.0,0.0,0.0,0.0,0.0,0.0,0.0,0.0,0.0,0.0,0.0,0.0,0.0,250.0,0.0,0.0,0.0,,0.0,0.0,0.0,0.0,0.0,0.0,0.0,0.0,0.0,0.0,0.0,0.0,0.0,0.0,100.0,0.0,0.0,0.0,0.0,350.0
2021-08-24,,0.0,0.0,0.0,0.0,0.0,34.0,0.0,0.0,0.0,0.0,0.0,8.0,0.0,250.0,337.0,0.0,0.0,,0.0,0.0,0.0,0.0,0.0,0.0,0.0,0.0,0.0,0.0,0.0,0.0,0.0,0.0,0.0,0.0,0.0,0.0,0.0,629.0
2021-08-25,,0.0,0.0,0.0,0.0,0.0,0.0,0.0,0.0,0.0,0.0,0.0,255.0,0.0,250.0,0.0,0.0,0.0,,0.0,0.0,0.0,0.0,0.0,0.0,0.0,0.0,0.0,0.0,0.0,0.0,0.0,0.0,1070.0,0.0,0.0,0.0,0.0,1575.0
2021-08-26,,0.0,0.0,0.0,0.0,0.0,0.0,0.0,0.0,0.0,0.0,0.0,0.0,0.0,200.0,95.0,0.0,0.0,,0.0,0.0,0.0,0.0,0.0,0.0,0.0,0.0,0.0,0.0,0.0,0.0,0.0,0.0,0.0,0.0,0.0,0.0,0.0,295.0
2021-08-27,,0.0,0.0,122.0,0.0,0.0,0.0,0.0,0.0,0.0,0.0,0.0,0.0,0.0,100.0,0.0,0.0,0.0,,0.0,0.0,0.0,0.0,0.0,0.0,0.0,0.0,0.0,2264.0,0.0,0.0,0.0,0.0,0.0,150.0,0.0,0.0,0.0,2636.0
2021-08-28,,0.0,0.0,0.0,0.0,0.0,0.0,0.0,0.0,0.0,0.0,75.0,0.0,0.0,200.0,0.0,0.0,0.0,,942.0,0.0,0.0,0.0,0.0,0.0,0.0,0.0,0.0,875.0,0.0,0.0,0.0,25.0,890.0,75.0,0.0,0.0,0.0,3082.0
2021-08-29,,0.0,0.0,0.0,0.0,0.0,0.0,0.0,0.0,0.0,0.0,0.0,0.0,0.0,250.0,0.0,0.0,0.0,,1177.0,0.0,0.0,0.0,0.0,0.0,0.0,0.0,0.0,0.0,0.0,0.0,0.0,0.0,0.0,0.0,0.0,0.0,0.0,1427.0
2021-08-30,,0.0,0.0,0.0,0.0,0.0,0.0,0.0,0.0,0.0,0.0,0.0,0.0,0.0,100.0,217.0,0.0,0.0,,0.0,0.0,0.0,0.0,0.0,0.0,0.0,0.0,0.0,0.0,0.0,0.0,0.0,0.0,0.0,0.0,0.0,0.0,0.0,317.0
2021-08-31,,0.0,0.0,0.0,0.0,0.0,0.0,0.0,0.0,0.0,0.0,0.0,0.0,0.0,250.0,0.0,0.0,110.0,,0.0,0.0,0.0,0.0,0.0,0.0,0.0,0.0,0.0,0.0,0.0,0.0,0.0,2.0,0.0,0.0,0.0,0.0,0.0,362.0
2021-09-01,,0.0,0.0,0.0,0.0,0.0,0.0,0.0,0.0,0.0,0.0,0.0,0.0,0.0,250.0,0.0,0.0,0.0,,0.0,0.0,0.0,0.0,0.0,0.0,0.0,0.0,0.0,0.0,0.0,0.0,0.0,0.0,0.0,0.0,0.0,0.0,0.0,250.0
2021-09-02,,0.0,0.0,0.0,0.0,0.0,0.0,0.0,0.0,0.0,0.0,0.0,0.0,0.0,250.0,0.0,0.0,0.0,,0.0,0.0,0.0,0.0,0.0,0.0,0.0,0.0,0.0,0.0,0.0,0.0,0.0,0.0,0.0,0.0,0.0,0.0,0.0,250.0
2021-09-03,,0.0,0.0,0.0,0.0,0.0,0.0,0.0,0.0,0.0,0.0,0.0,0.0,0.0,200.0,193.0,0.0,0.0,,0.0,0.0,0.0,0.0,0.0,0.0,0.0,0.0,0.0,0.0,0.0,0.0,0.0,3.0,0.0,0.0,0.0,0.0,0.0,396.0
2021-09-04,,0.0,0.0,0.0,0.0,0.0,0.0,0.0,0.0,0.0,0.0,0.0,0.0,0.0,200.0,128.0,0.0,0.0,,0.0,0.0,20.0,0.0,0.0,0.0,0.0,0.0,0.0,0.0,0.0,0.0,0.0,2.0,0.0,0.0,0.0,0.0,0.0,350.0
2021-09-06,,0.0,0.0,0.0,0.0,0.0,0.0,0.0,0.0,0.0,0.0,73.0,0.0,8.0,200.0,0.0,0.0,0.0,,0.0,0.0,0.0,0.0,0.0,0.0,0.0,0.0,0.0,0.0,0.0,0.0,0.0,0.0,0.0,0.0,0.0,0.0,0.0,281.0
2021-09-07,,0.0,0.0,0.0,0.0,0.0,0.0,0.0,0.0,0.0,0.0,102.0,0.0,0.0,200.0,0.0,0.0,0.0,,0.0,0.0,0.0,0.0,0.0,0.0,0.0,0.0,0.0,0.0,0.0,0.0,0.0,2.0,0.0,0.0,0.0,0.0,0.0,304.0
2021-09-08,,0.0,0.0,0.0,0.0,0.0,0.0,0.0,0.0,0.0,0.0,0.0,0.0,0.0,200.0,0.0,0.0,0.0,,0.0,0.0,0.0,0.0,0.0,0.0,0.0,0.0,0.0,0.0,0.0,0.0,0.0,1.0,0.0,0.0,0.0,0.0,0.0,201.0
2021-09-09,,0.0,0.0,0.0,0.0,0.0,0.0,0.0,0.0,0.0,0.0,0.0,0.0,0.0,200.0,0.0,0.0,0.0,,0.0,0.0,13.0,0.0,0.0,0.0,0.0,0.0,0.0,0.0,0.0,0.0,0.0,1.0,0.0,0.0,0.0,0.0,0.0,214.0
2021-09-10,,0.0,0.0,0.0,0.0,0.0,0.0,0.0,0.0,0.0,0.0,0.0,0.0,0.0,250.0,0.0,0.0,0.0,,0.0,0.0,0.0,0.0,0.0,0.0,0.0,0.0,0.0,0.0,0.0,0.0,0.0,3.0,0.0,0.0,0.0,0.0,0.0,253.0
2021-09-11,,0.0,0.0,0.0,0.0,0.0,0.0,0.0,0.0,0.0,0.0,0.0,0.0,0.0,200.0,0.0,0.0,0.0,,0.0,0.0,0.0,0.0,0.0,0.0,0.0,0.0,0.0,0.0,0.0,0.0,0.0,2.0,0.0,0.0,0.0,0.0,0.0,202.0
2021-09-12,,0.0,0.0,0.0,0.0,0.0,0.0,0.0,0.0,0.0,0.0,0.0,0.0,22.0,200.0,0.0,0.0,0.0,,0.0,0.0,0.0,0.0,0.0,0.0,0.0,0.0,0.0,0.0,0.0,0.0,0.0,0.0,0.0,0.0,0.0,0.0,0.0,222.0
2021-09-13,,0.0,0.0,0.0,0.0,0.0,0.0,0.0,0.0,0.0,0.0,0.0,0.0,0.0,200.0,0.0,0.0,0.0,,0.0,0.0,0.0,0.0,0.0,0.0,0.0,0.0,0.0,0.0,0.0,0.0,0.0,0.0,0.0,0.0,0.0,0.0,0.0,200.0
2021-09-14,,0.0,0.0,0.0,0.0,0.0,0.0,0.0,0.0,0.0,0.0,0.0,0.0,0.0,200.0,0.0,0.0,0.0,,0.0,0.0,0.0,0.0,0.0,0.0,0.0,0.0,0.0,0.0,0.0,0.0,0.0,0.0,0.0,0.0,0.0,0.0,0.0,200.0
2021-09-15,,0.0,0.0,0.0,0.0,0.0,0.0,0.0,0.0,0.0,0.0,0.0,0.0,0.0,200.0,0.0,0.0,0.0,,0.0,0.0,0.0,0.0,0.0,0.0,0.0,0.0,0.0,0.0,0.0,0.0,0.0,0.0,0.0,80.0,0.0,0.0,0.0,280.0
2021-09-16,,0.0,0.0,0.0,0.0,0.0,0.0,0.0,0.0,0.0,0.0,0.0,0.0,0.0,250.0,0.0,0.0,0.0,,0.0,0.0,0.0,0.0,0.0,0.0,0.0,0.0,0.0,0.0,0.0,0.0,0.0,0.0,0.0,0.0,0.0,0.0,0.0,250.0
2021-09-17,,0.0,0.0,0.0,0.0,0.0,0.0,0.0,0.0,0.0,0.0,0.0,0.0,0.0,200.0,0.0,0.0,0.0,,0.0,0.0,0.0,0.0,0.0,0.0,0.0,0.0,0.0,0.0,0.0,0.0,0.0,0.0,0.0,0.0,0.0,0.0,0.0,200.0
2021-09-18,,0.0,0.0,0.0,0.0,0.0,0.0,0.0,0.0,0.0,0.0,0.0,0.0,0.0,250.0,0.0,0.0,0.0,,0.0,0.0,0.0,0.0,0.0,0.0,0.0,0.0,0.0,0.0,0.0,0.0,0.0,0.0,0.0,0.0,0.0,0.0,0.0,250.0
2021-09-19,,0.0,0.0,0.0,0.0,0.0,0.0,0.0,0.0,0.0,0.0,80.0,0.0,0.0,250.0,0.0,0.0,0.0,,0.0,0.0,0.0,0.0,0.0,0.0,0.0,0.0,0.0,0.0,0.0,0.0,0.0,0.0,0.0,0.0,0.0,0.0,0.0,330.0
2021-09-20,,0.0,0.0,0.0,0.0,0.0,0.0,0.0,0.0,0.0,0.0,0.0,0.0,0.0,250.0,149.0,0.0,0.0,,0.0,0.0,0.0,0.0,0.0,0.0,0.0,0.0,0.0,0.0,0.0,0.0,0.0,0.0,0.0,35.0,0.0,0.0,0.0,434.0
2021-09-21,,0.0,0.0,0.0,0.0,0.0,0.0,0.0,0.0,0.0,0.0,0.0,0.0,0.0,200.0,0.0,0.0,0.0,,0.0,0.0,0.0,0.0,0.0,0.0,0.0,0.0,0.0,0.0,0.0,0.0,0.0,0.0,0.0,0.0,0.0,0.0,0.0,200.0
2021-09-22,,0.0,0.0,0.0,0.0,0.0,0.0,0.0,0.0,0.0,0.0,0.0,0.0,0.0,200.0,0.0,0.0,0.0,,0.0,0.0,0.0,0.0,0.0,0.0,0.0,0.0,0.0,0.0,0.0,0.0,0.0,0.0,0.0,0.0,0.0,0.0,0.0,200.0
2021-09-24,,0.0,0.0,0.0,0.0,0.0,0.0,0.0,0.0,0.0,40.0,0.0,0.0,0.0,250.0,0.0,0.0,0.0,,0.0,0.0,0.0,0.0,0.0,0.0,0.0,0.0,0.0,0.0,0.0,0.0,0.0,0.0,0.0,0.0,0.0,0.0,0.0,290.0
2021-09-25,,0.0,0.0,0.0,0.0,0.0,0.0,0.0,0.0,0.0,0.0,0.0,0.0,0.0,250.0,0.0,0.0,0.0,,0.0,0.0,0.0,0.0,0.0,0.0,0.0,0.0,0.0,0.0,0.0,0.0,0.0,0.0,0.0,0.0,0.0,0.0,0.0,250.0
2021-09-26,,0.0,0.0,0.0,0.0,0.0,0.0,0.0,0.0,0.0,0.0,0.0,0.0,0.0,250.0,0.0,0.0,0.0,,0.0,0.0,0.0,0.0,0.0,0.0,0.0,0.0,0.0,0.0,0.0,0.0,0.0,0.0,0.0,0.0,0.0,0.0,0.0,250.0
2021-09-27,,0.0,0.0,0.0,0.0,0.0,0.0,0.0,0.0,0.0,0.0,0.0,0.0,0.0,100.0,0.0,0.0,0.0,,0.0,0.0,0.0,0.0,0.0,0.0,0.0,0.0,0.0,0.0,0.0,0.0,0.0,0.0,0.0,80.0,0.0,0.0,0.0,180.0
2021-09-28,,0.0,0.0,0.0,35.0,0.0,0.0,0.0,0.0,0.0,0.0,0.0,0.0,0.0,200.0,75.0,0.0,0.0,,0.0,0.0,0.0,0.0,0.0,0.0,0.0,0.0,0.0,0.0,0.0,0.0,0.0,0.0,0.0,0.0,0.0,0.0,0.0,310.0
2021-09-29,,0.0,0.0,0.0,0.0,0.0,0.0,0.0,0.0,0.0,0.0,0.0,0.0,0.0,250.0,0.0,0.0,0.0,,0.0,0.0,0.0,0.0,0.0,0.0,0.0,0.0,0.0,0.0,0.0,0.0,0.0,0.0,170.0,0.0,0.0,0.0,0.0,420.0
2021-09-30,,0.0,0.0,0.0,0.0,0.0,0.0,0.0,0.0,0.0,0.0,0.0,0.0,0.0,250.0,0.0,0.0,0.0,,0.0,0.0,0.0,0.0,0.0,0.0,0.0,0.0,0.0,0.0,0.0,0.0,0.0,0.0,980.0,0.0,0.0,0.0,0.0,1230.0
2021-10-01,,0.0,0.0,0.0,0.0,0.0,0.0,0.0,0.0,0.0,0.0,501.0,0.0,0.0,200.0,0.0,0.0,0.0,,0.0,0.0,0.0,0.0,0.0,0.0,0.0,0.0,0.0,0.0,0.0,0.0,0.0,0.0,170.0,0.0,0.0,0.0,0.0,871.0
2021-10-02,,0.0,0.0,0.0,0.0,0.0,0.0,0.0,0.0,0.0,0.0,0.0,31.0,0.0,250.0,0.0,0.0,0.0,,0.0,0.0,0.0,0.0,0.0,0.0,0.0,0.0,0.0,0.0,0.0,0.0,0.0,0.0,0.0,0.0,0.0,0.0,0.0,281.0
2021-10-03,,0.0,0.0,0.0,0.0,0.0,0.0,0.0,0.0,0.0,0.0,0.0,0.0,0.0,250.0,0.0,0.0,0.0,,0.0,0.0,0.0,0.0,0.0,0.0,0.0,0.0,0.0,0.0,0.0,0.0,0.0,0.0,430.0,0.0,0.0,0.0,0.0,680.0
2021-10-04,,0.0,0.0,0.0,0.0,0.0,0.0,0.0,0.0,0.0,0.0,0.0,0.0,0.0,200.0,0.0,0.0,0.0,,0.0,0.0,0.0,0.0,0.0,0.0,0.0,0.0,0.0,0.0,0.0,0.0,0.0,0.0,360.0,0.0,0.0,0.0,0.0,560.0
2021-10-05,,0.0,0.0,0.0,1738.0,0.0,0.0,0.0,0.0,0.0,0.0,207.0,0.0,0.0,200.0,480.0,0.0,0.0,,0.0,0.0,0.0,0.0,0.0,0.0,0.0,0.0,650.0,232.0,0.0,0.0,0.0,0.0,0.0,0.0,0.0,0.0,350.0,3857.0
2021-10-06,,0.0,0.0,0.0,500.0,0.0,0.0,0.0,0.0,0.0,0.0,0.0,0.0,0.0,200.0,359.0,0.0,0.0,,0.0,0.0,0.0,0.0,0.0,0.0,0.0,0.0,650.0,81.0,0.0,0.0,0.0,0.0,0.0,0.0,0.0,0.0,121.0,1911.0
2021-10-07,,0.0,0.0,56.0,0.0,0.0,15.0,0.0,0.0,0.0,0.0,0.0,0.0,0.0,200.0,0.0,0.0,0.0,,0.0,0.0,0.0,0.0,14.0,0.0,0.0,0.0,150.0,2894.0,0.0,0.0,0.0,7.0,360.0,0.0,0.0,0.0,0.0,3696.0
2021-10-08,,0.0,0.0,0.0,0.0,0.0,0.0,0.0,0.0,0.0,40.0,0.0,0.0,0.0,200.0,0.0,0.0,0.0,,0.0,0.0,0.0,0.0,0.0,0.0,0.0,0.0,0.0,2516.0,0.0,0.0,0.0,0.0,190.0,0.0,0.0,0.0,0.0,2946.0
2021-10-09,,0.0,0.0,0.0,0.0,0.0,28.0,0.0,0.0,0.0,40.0,0.0,0.0,0.0,0.0,0.0,0.0,250.0,,0.0,0.0,0.0,0.0,0.0,0.0,0.0,0.0,2260.0,24.0,0.0,0.0,0.0,0.0,0.0,0.0,0.0,0.0,0.0,2602.0
2021-10-10,,0.0,0.0,0.0,0.0,0.0,0.0,0.0,0.0,0.0,0.0,0.0,0.0,0.0,200.0,240.0,0.0,0.0,,0.0,0.0,0.0,0.0,0.0,0.0,0.0,0.0,0.0,0.0,0.0,0.0,0.0,0.0,430.0,0.0,0.0,0.0,0.0,870.0
2021-10-11,,0.0,0.0,90.0,0.0,0.0,0.0,0.0,0.0,0.0,0.0,30.0,63.0,0.0,200.0,0.0,0.0,0.0,,0.0,0.0,0.0,0.0,0.0,0.0,0.0,0.0,2295.0,272.0,0.0,0.0,0.0,0.0,870.0,190.0,0.0,0.0,0.0,4010.0
2021-10-12,,0.0,0.0,0.0,0.0,0.0,0.0,0.0,0.0,0.0,0.0,0.0,0.0,0.0,200.0,0.0,0.0,0.0,,0.0,0.0,0.0,0.0,0.0,0.0,0.0,0.0,900.0,0.0,0.0,0.0,0.0,0.0,0.0,0.0,0.0,0.0,0.0,1100.0
2021-10-13,,0.0,0.0,0.0,0.0,0.0,0.0,0.0,0.0,0.0,0.0,45.0,0.0,0.0,250.0,60.0,0.0,0.0,,0.0,0.0,0.0,0.0,0.0,0.0,0.0,0.0,0.0,0.0,0.0,0.0,0.0,0.0,0.0,0.0,0.0,0.0,0.0,355.0
2021-10-14,,0.0,0.0,0.0,0.0,0.0,0.0,0.0,0.0,0.0,0.0,69.0,0.0,0.0,200.0,93.0,0.0,0.0,,0.0,0.0,0.0,0.0,0.0,0.0,0.0,0.0,0.0,0.0,0.0,0.0,0.0,0.0,0.0,0.0,0.0,0.0,0.0,362.0
2021-10-16,,0.0,0.0,0.0,0.0,0.0,0.0,0.0,0.0,0.0,50.0,0.0,0.0,0.0,200.0,0.0,0.0,0.0,,0.0,0.0,0.0,0.0,0.0,0.0,0.0,0.0,0.0,586.0,0.0,0.0,0.0,0.0,0.0,0.0,0.0,0.0,0.0,836.0
2021-10-17,,0.0,0.0,0.0,0.0,0.0,0.0,0.0,0.0,0.0,0.0,0.0,0.0,0.0,200.0,0.0,0.0,0.0,,0.0,0.0,0.0,0.0,0.0,0.0,0.0,0.0,0.0,0.0,0.0,0.0,0.0,0.0,0.0,0.0,0.0,0.0,0.0,200.0
2021-10-18,,0.0,0.0,0.0,0.0,0.0,0.0,0.0,0.0,0.0,0.0,0.0,0.0,0.0,200.0,0.0,0.0,0.0,,0.0,0.0,0.0,0.0,0.0,0.0,0.0,0.0,0.0,0.0,0.0,0.0,0.0,0.0,0.0,0.0,0.0,0.0,50.0,250.0
2021-10-19,,0.0,0.0,0.0,0.0,0.0,0.0,0.0,0.0,0.0,0.0,658.0,0.0,0.0,200.0,0.0,0.0,0.0,,0.0,0.0,0.0,0.0,0.0,0.0,0.0,0.0,0.0,0.0,0.0,0.0,0.0,0.0,0.0,0.0,0.0,0.0,0.0,858.0
2021-10-20,,0.0,0.0,0.0,0.0,0.0,0.0,0.0,0.0,0.0,0.0,493.0,0.0,0.0,200.0,0.0,0.0,0.0,,0.0,0.0,0.0,0.0,0.0,0.0,0.0,0.0,0.0,0.0,0.0,0.0,0.0,0.0,0.0,0.0,0.0,0.0,0.0,693.0
2021-10-21,,0.0,0.0,0.0,139.0,0.0,0.0,0.0,0.0,0.0,0.0,1055.0,0.0,0.0,200.0,180.0,0.0,0.0,,0.0,0.0,0.0,0.0,0.0,0.0,0.0,0.0,0.0,0.0,0.0,0.0,0.0,0.0,0.0,0.0,0.0,0.0,0.0,1574.0
2021-10-22,,0.0,0.0,0.0,380.0,0.0,0.0,0.0,0.0,0.0,0.0,75.0,0.0,0.0,200.0,81.0,0.0,0.0,,0.0,0.0,0.0,0.0,0.0,0.0,0.0,0.0,0.0,0.0,0.0,0.0,0.0,0.0,0.0,0.0,0.0,0.0,0.0,736.0
2021-10-23,,0.0,0.0,0.0,0.0,0.0,0.0,0.0,0.0,0.0,40.0,0.0,0.0,0.0,250.0,0.0,0.0,0.0,,0.0,0.0,0.0,0.0,0.0,0.0,0.0,0.0,0.0,0.0,0.0,0.0,0.0,0.0,0.0,0.0,0.0,0.0,0.0,290.0
2021-10-24,,0.0,0.0,0.0,0.0,0.0,0.0,0.0,0.0,0.0,0.0,0.0,0.0,0.0,200.0,0.0,0.0,0.0,,0.0,0.0,0.0,0.0,0.0,0.0,0.0,0.0,0.0,0.0,0.0,0.0,0.0,0.0,0.0,0.0,0.0,0.0,0.0,200.0
2021-10-25,,0.0,0.0,0.0,308.0,0.0,0.0,0.0,0.0,0.0,20.0,0.0,0.0,0.0,200.0,0.0,0.0,0.0,,0.0,0.0,0.0,0.0,0.0,0.0,0.0,0.0,0.0,0.0,0.0,0.0,0.0,0.0,0.0,0.0,0.0,0.0,0.0,528.0
2021-10-26,,0.0,0.0,0.0,0.0,0.0,0.0,0.0,0.0,0.0,0.0,0.0,0.0,0.0,200.0,142.0,0.0,0.0,,0.0,0.0,0.0,0.0,0.0,0.0,0.0,0.0,0.0,0.0,0.0,0.0,0.0,0.0,0.0,0.0,0.0,0.0,0.0,342.0
2021-10-27,,0.0,0.0,0.0,0.0,0.0,0.0,0.0,0.0,0.0,0.0,0.0,0.0,0.0,200.0,0.0,0.0,0.0,,0.0,0.0,0.0,0.0,0.0,0.0,0.0,0.0,0.0,0.0,0.0,0.0,0.0,0.0,0.0,0.0,0.0,0.0,0.0,200.0
2021-10-28,,0.0,0.0,0.0,0.0,0.0,28.0,0.0,0.0,0.0,0.0,0.0,0.0,0.0,200.0,0.0,0.0,0.0,,0.0,0.0,0.0,0.0,0.0,0.0,0.0,0.0,0.0,0.0,0.0,0.0,0.0,0.0,0.0,0.0,0.0,0.0,0.0,228.0
2021-10-29,,0.0,0.0,0.0,0.0,0.0,0.0,0.0,0.0,0.0,0.0,0.0,0.0,0.0,200.0,0.0,0.0,0.0,,0.0,0.0,0.0,0.0,0.0,0.0,0.0,0.0,0.0,0.0,0.0,0.0,0.0,0.0,0.0,0.0,0.0,0.0,0.0,200.0
2021-10-30,,0.0,0.0,0.0,0.0,0.0,0.0,0.0,0.0,0.0,0.0,0.0,0.0,0.0,200.0,0.0,0.0,0.0,,0.0,0.0,0.0,0.0,0.0,0.0,0.0,0.0,0.0,0.0,0.0,0.0,0.0,0.0,0.0,0.0,0.0,0.0,65.0,265.0
2021-10-31,,0.0,0.0,0.0,0.0,0.0,0.0,0.0,0.0,0.0,0.0,0.0,0.0,0.0,200.0,0.0,0.0,0.0,,0.0,0.0,0.0,0.0,0.0,0.0,0.0,0.0,0.0,0.0,0.0,0.0,0.0,0.0,0.0,0.0,0.0,0.0,0.0,200.0
2021-11-01,,0.0,0.0,0.0,0.0,0.0,0.0,0.0,0.0,0.0,0.0,0.0,0.0,0.0,250.0,0.0,0.0,0.0,,0.0,0.0,0.0,0.0,0.0,0.0,0.0,0.0,0.0,0.0,0.0,0.0,0.0,0.0,0.0,0.0,0.0,0.0,0.0,250.0
2021-11-02,,0.0,0.0,0.0,0.0,0.0,0.0,0.0,0.0,0.0,0.0,0.0,0.0,0.0,200.0,0.0,0.0,0.0,,0.0,0.0,0.0,0.0,0.0,0.0,0.0,0.0,500.0,0.0,0.0,0.0,0.0,0.0,0.0,0.0,0.0,0.0,0.0,700.0
2021-11-03,,0.0,0.0,0.0,0.0,0.0,0.0,0.0,0.0,0.0,0.0,0.0,0.0,0.0,250.0,0.0,0.0,0.0,,0.0,0.0,0.0,0.0,0.0,0.0,0.0,0.0,0.0,0.0,0.0,0.0,0.0,0.0,0.0,0.0,0.0,0.0,0.0,250.0
2021-11-04,,0.0,0.0,0.0,0.0,0.0,0.0,0.0,0.0,0.0,0.0,0.0,0.0,0.0,250.0,0.0,0.0,0.0,,0.0,0.0,0.0,0.0,0.0,0.0,0.0,0.0,0.0,0.0,0.0,0.0,0.0,0.0,0.0,0.0,0.0,0.0,0.0,250.0
2021-11-05,,0.0,0.0,0.0,0.0,0.0,0.0,0.0,0.0,0.0,0.0,0.0,0.0,0.0,0.0,0.0,0.0,0.0,,0.0,0.0,0.0,0.0,0.0,0.0,0.0,0.0,0.0,0.0,0.0,0.0,0.0,0.0,0.0,0.0,0.0,0.0,0.0,0.0
2021-11-06,,0.0,0.0,0.0,0.0,0.0,0.0,0.0,0.0,0.0,0.0,0.0,0.0,0.0,200.0,0.0,0.0,0.0,,0.0,0.0,0.0,0.0,0.0,0.0,0.0,0.0,0.0,0.0,0.0,0.0,0.0,0.0,0.0,0.0,0.0,0.0,115.0,315.0
2021-11-07,,0.0,0.0,0.0,480.0,0.0,0.0,0.0,0.0,0.0,0.0,0.0,0.0,0.0,200.0,0.0,0.0,0.0,,0.0,0.0,0.0,0.0,0.0,0.0,0.0,0.0,0.0,0.0,0.0,0.0,0.0,0.0,0.0,0.0,0.0,0.0,62.0,742.0
2021-11-08,,0.0,0.0,0.0,0.0,0.0,0.0,0.0,0.0,0.0,0.0,0.0,0.0,0.0,200.0,0.0,0.0,0.0,,0.0,0.0,18.0,0.0,0.0,0.0,0.0,0.0,400.0,233.0,0.0,0.0,0.0,0.0,0.0,0.0,0.0,0.0,0.0,851.0
2021-11-09,,0.0,0.0,0.0,0.0,0.0,0.0,0.0,0.0,0.0,0.0,0.0,0.0,25.0,200.0,0.0,0.0,0.0,,0.0,0.0,0.0,0.0,0.0,0.0,0.0,0.0,0.0,434.0,0.0,0.0,0.0,0.0,0.0,0.0,0.0,0.0,0.0,659.0
2021-11-10,,0.0,0.0,0.0,0.0,0.0,0.0,0.0,0.0,0.0,0.0,0.0,0.0,0.0,200.0,0.0,0.0,0.0,,0.0,0.0,0.0,0.0,0.0,0.0,0.0,0.0,100.0,0.0,0.0,0.0,0.0,0.0,0.0,0.0,0.0,0.0,0.0,300.0
2021-11-11,,0.0,0.0,0.0,0.0,0.0,0.0,0.0,0.0,0.0,0.0,0.0,0.0,0.0,200.0,0.0,0.0,0.0,,0.0,0.0,0.0,0.0,0.0,0.0,0.0,0.0,0.0,0.0,0.0,0.0,0.0,0.0,0.0,0.0,0.0,0.0,0.0,200.0
2021-11-12,,0.0,0.0,0.0,0.0,0.0,0.0,0.0,0.0,0.0,0.0,0.0,0.0,0.0,0.0,0.0,0.0,0.0,,0.0,0.0,23.0,0.0,0.0,0.0,0.0,0.0,0.0,0.0,0.0,0.0,0.0,0.0,0.0,0.0,0.0,0.0,0.0,23.0
2021-11-13,,0.0,0.0,0.0,0.0,0.0,0.0,0.0,0.0,0.0,0.0,0.0,0.0,15.0,250.0,0.0,0.0,0.0,,0.0,0.0,0.0,0.0,0.0,0.0,0.0,0.0,0.0,0.0,0.0,0.0,0.0,0.0,0.0,0.0,0.0,0.0,0.0,265.0
2021-11-14,,0.0,0.0,0.0,0.0,0.0,0.0,0.0,0.0,0.0,0.0,0.0,0.0,0.0,250.0,0.0,0.0,0.0,,0.0,0.0,0.0,0.0,0.0,0.0,0.0,0.0,0.0,0.0,0.0,0.0,0.0,0.0,0.0,0.0,0.0,0.0,0.0,250.0
2021-11-15,,0.0,0.0,0.0,0.0,0.0,0.0,0.0,0.0,0.0,0.0,77.0,0.0,0.0,0.0,0.0,0.0,0.0,,0.0,0.0,0.0,0.0,0.0,0.0,0.0,0.0,0.0,0.0,0.0,0.0,0.0,0.0,0.0,0.0,0.0,0.0,40.0,117.0
2021-11-16,,0.0,0.0,0.0,0.0,0.0,0.0,0.0,0.0,0.0,0.0,0.0,0.0,0.0,200.0,0.0,0.0,0.0,,0.0,0.0,0.0,0.0,0.0,0.0,0.0,0.0,0.0,0.0,0.0,0.0,0.0,0.0,0.0,0.0,0.0,0.0,0.0,200.0
2021-11-17,,0.0,0.0,0.0,0.0,0.0,0.0,0.0,0.0,0.0,0.0,0.0,0.0,0.0,250.0,0.0,0.0,0.0,,0.0,0.0,0.0,0.0,0.0,0.0,0.0,0.0,0.0,0.0,0.0,0.0,0.0,0.0,0.0,0.0,0.0,0.0,0.0,250.0
2021-11-18,,0.0,0.0,0.0,0.0,0.0,0.0,0.0,0.0,0.0,0.0,671.0,38.0,0.0,250.0,0.0,0.0,0.0,,0.0,0.0,0.0,0.0,0.0,0.0,0.0,0.0,0.0,0.0,0.0,0.0,0.0,0.0,0.0,0.0,0.0,0.0,0.0,959.0
2021-11-19,,0.0,0.0,0.0,0.0,0.0,0.0,0.0,0.0,0.0,0.0,0.0,0.0,0.0,250.0,65.0,0.0,0.0,,0.0,0.0,0.0,0.0,0.0,0.0,0.0,0.0,0.0,0.0,0.0,0.0,0.0,0.0,0.0,0.0,0.0,0.0,120.0,435.0
2021-11-20,,0.0,0.0,0.0,0.0,0.0,0.0,0.0,0.0,0.0,0.0,0.0,0.0,0.0,250.0,0.0,0.0,0.0,,0.0,0.0,0.0,0.0,0.0,0.0,0.0,0.0,0.0,0.0,0.0,0.0,0.0,0.0,0.0,0.0,0.0,0.0,0.0,250.0
2021-11-21,,0.0,0.0,0.0,0.0,0.0,0.0,0.0,0.0,0.0,0.0,0.0,0.0,0.0,200.0,0.0,0.0,0.0,,0.0,0.0,0.0,0.0,0.0,0.0,0.0,0.0,0.0,0.0,0.0,0.0,0.0,0.0,0.0,0.0,0.0,0.0,0.0,200.0
2021-11-22,,0.0,0.0,0.0,0.0,0.0,0.0,0.0,0.0,0.0,0.0,0.0,0.0,0.0,250.0,0.0,0.0,0.0,,0.0,0.0,0.0,0.0,0.0,0.0,0.0,0.0,0.0,0.0,0.0,0.0,0.0,0.0,0.0,0.0,0.0,0.0,130.0,380.0
2021-11-23,,0.0,0.0,0.0,388.0,0.0,0.0,0.0,0.0,0.0,0.0,0.0,0.0,0.0,250.0,0.0,0.0,0.0,,0.0,0.0,0.0,0.0,0.0,0.0,0.0,0.0,0.0,0.0,0.0,0.0,0.0,0.0,0.0,0.0,0.0,0.0,81.0,719.0
2021-11-24,,0.0,0.0,0.0,0.0,0.0,0.0,0.0,0.0,0.0,0.0,0.0,0.0,0.0,100.0,0.0,0.0,0.0,,0.0,0.0,0.0,0.0,0.0,0.0,0.0,0.0,0.0,0.0,0.0,0.0,0.0,0.0,0.0,0.0,0.0,0.0,0.0,100.0
2021-11-25,,0.0,0.0,0.0,0.0,0.0,0.0,0.0,0.0,0.0,0.0,0.0,0.0,0.0,100.0,0.0,0.0,0.0,,0.0,0.0,0.0,0.0,0.0,0.0,0.0,0.0,0.0,0.0,0.0,0.0,0.0,0.0,0.0,0.0,0.0,0.0,0.0,100.0
2021-11-26,,0.0,0.0,0.0,0.0,0.0,0.0,0.0,0.0,0.0,0.0,0.0,0.0,15.0,200.0,114.0,0.0,0.0,,0.0,0.0,0.0,0.0,0.0,0.0,0.0,0.0,550.0,0.0,0.0,0.0,0.0,0.0,0.0,0.0,0.0,0.0,0.0,879.0
2021-11-27,,0.0,0.0,0.0,0.0,0.0,0.0,0.0,0.0,0.0,0.0,0.0,0.0,0.0,200.0,0.0,0.0,0.0,,0.0,0.0,0.0,0.0,0.0,0.0,0.0,0.0,0.0,0.0,0.0,0.0,0.0,0.0,0.0,0.0,0.0,0.0,0.0,200.0
2021-11-28,,0.0,0.0,0.0,0.0,0.0,0.0,0.0,0.0,0.0,0.0,0.0,0.0,0.0,250.0,0.0,0.0,0.0,,0.0,0.0,0.0,0.0,0.0,0.0,0.0,0.0,0.0,0.0,0.0,0.0,0.0,0.0,0.0,0.0,0.0,0.0,0.0,250.0
2021-11-29,,0.0,0.0,0.0,0.0,0.0,0.0,0.0,0.0,0.0,0.0,0.0,0.0,0.0,200.0,0.0,0.0,0.0,,0.0,0.0,0.0,0.0,0.0,0.0,0.0,0.0,0.0,0.0,0.0,0.0,0.0,0.0,0.0,0.0,0.0,0.0,0.0,200.0
2021-11-30,,0.0,0.0,0.0,0.0,0.0,0.0,0.0,0.0,0.0,0.0,146.0,0.0,0.0,200.0,0.0,0.0,0.0,,0.0,0.0,0.0,0.0,0.0,0.0,0.0,0.0,0.0,0.0,0.0,0.0,0.0,0.0,0.0,0.0,0.0,0.0,0.0,346.0
2021-12-01,,0.0,0.0,0.0,0.0,0.0,0.0,0.0,0.0,0.0,0.0,336.0,0.0,0.0,250.0,0.0,0.0,0.0,,0.0,0.0,0.0,0.0,0.0,0.0,0.0,0.0,0.0,0.0,0.0,0.0,0.0,0.0,0.0,0.0,0.0,0.0,0.0,586.0
2021-12-02,,0.0,0.0,0.0,0.0,0.0,0.0,0.0,0.0,0.0,0.0,0.0,0.0,0.0,300.0,0.0,0.0,0.0,,0.0,0.0,0.0,0.0,0.0,0.0,0.0,0.0,0.0,110.0,0.0,0.0,0.0,0.0,0.0,0.0,0.0,0.0,0.0,410.0
2021-12-03,,0.0,0.0,0.0,0.0,0.0,0.0,0.0,0.0,0.0,0.0,0.0,0.0,0.0,300.0,0.0,0.0,0.0,,0.0,0.0,0.0,0.0,0.0,0.0,0.0,0.0,0.0,0.0,0.0,0.0,0.0,0.0,0.0,0.0,0.0,0.0,0.0,300.0
2021-12-04,,0.0,0.0,0.0,0.0,0.0,0.0,0.0,0.0,0.0,0.0,321.0,0.0,0.0,0.0,0.0,0.0,0.0,,0.0,0.0,0.0,0.0,0.0,0.0,0.0,0.0,0.0,0.0,0.0,0.0,0.0,0.0,0.0,0.0,0.0,0.0,0.0,321.0
2021-12-05,,0.0,0.0,0.0,0.0,0.0,0.0,0.0,0.0,0.0,0.0,0.0,0.0,0.0,0.0,0.0,0.0,0.0,,0.0,0.0,0.0,0.0,0.0,0.0,0.0,0.0,0.0,0.0,0.0,0.0,0.0,0.0,0.0,0.0,0.0,0.0,0.0,0.0
2021-12-06,,0.0,0.0,0.0,0.0,0.0,0.0,0.0,0.0,0.0,0.0,0.0,0.0,0.0,0.0,0.0,0.0,0.0,,0.0,0.0,0.0,0.0,0.0,0.0,0.0,0.0,0.0,0.0,0.0,0.0,0.0,0.0,0.0,0.0,0.0,0.0,0.0,0.0
2021-12-07,,0.0,0.0,0.0,0.0,0.0,0.0,0.0,0.0,0.0,0.0,0.0,0.0,0.0,0.0,240.0,0.0,0.0,,0.0,0.0,0.0,0.0,0.0,0.0,0.0,0.0,0.0,0.0,0.0,0.0,0.0,0.0,0.0,0.0,0.0,0.0,85.0,325.0
2021-12-08,,0.0,0.0,0.0,256.0,0.0,0.0,0.0,0.0,0.0,0.0,0.0,0.0,0.0,250.0,0.0,0.0,0.0,,0.0,0.0,0.0,0.0,0.0,0.0,0.0,0.0,0.0,0.0,0.0,0.0,0.0,0.0,0.0,0.0,0.0,0.0,0.0,506.0
2021-12-09,,0.0,0.0,0.0,0.0,0.0,0.0,0.0,0.0,0.0,0.0,0.0,0.0,0.0,300.0,0.0,0.0,0.0,,0.0,0.0,0.0,0.0,0.0,0.0,0.0,0.0,0.0,0.0,0.0,0.0,0.0,0.0,0.0,0.0,0.0,0.0,0.0,300.0
2021-12-10,,0.0,0.0,0.0,0.0,0.0,0.0,0.0,0.0,0.0,0.0,0.0,0.0,0.0,250.0,0.0,0.0,0.0,,0.0,0.0,0.0,0.0,0.0,0.0,0.0,0.0,0.0,0.0,0.0,0.0,0.0,0.0,0.0,0.0,0.0,0.0,0.0,250.0
2021-12-11,,0.0,0.0,0.0,0.0,0.0,0.0,0.0,0.0,0.0,0.0,0.0,0.0,0.0,250.0,0.0,0.0,0.0,,0.0,0.0,0.0,0.0,0.0,0.0,0.0,0.0,0.0,0.0,0.0,0.0,0.0,0.0,0.0,0.0,0.0,0.0,0.0,250.0
2021-12-12,,0.0,0.0,0.0,0.0,0.0,0.0,0.0,0.0,0.0,0.0,0.0,0.0,0.0,300.0,0.0,0.0,0.0,,0.0,0.0,0.0,0.0,0.0,0.0,0.0,0.0,0.0,0.0,0.0,0.0,0.0,0.0,0.0,0.0,0.0,0.0,0.0,300.0
2021-12-13,,0.0,0.0,0.0,0.0,0.0,0.0,0.0,0.0,0.0,0.0,0.0,0.0,0.0,300.0,0.0,0.0,0.0,,0.0,0.0,0.0,0.0,0.0,0.0,0.0,0.0,0.0,0.0,0.0,0.0,0.0,0.0,0.0,0.0,0.0,0.0,0.0,300.0
2021-12-14,,0.0,0.0,0.0,0.0,0.0,0.0,0.0,0.0,0.0,0.0,0.0,0.0,0.0,250.0,168.0,0.0,0.0,,0.0,0.0,0.0,0.0,0.0,0.0,0.0,0.0,0.0,0.0,0.0,0.0,0.0,0.0,0.0,0.0,0.0,0.0,60.0,478.0
2021-12-15,,0.0,0.0,0.0,0.0,0.0,0.0,0.0,0.0,0.0,0.0,0.0,0.0,0.0,250.0,128.0,0.0,0.0,,0.0,0.0,0.0,0.0,0.0,0.0,0.0,0.0,0.0,0.0,0.0,0.0,0.0,0.0,0.0,0.0,0.0,0.0,60.0,438.0
2021-12-16,,0.0,0.0,0.0,0.0,0.0,0.0,0.0,0.0,0.0,0.0,0.0,0.0,0.0,250.0,271.0,0.0,0.0,,0.0,0.0,0.0,0.0,0.0,0.0,0.0,0.0,0.0,0.0,0.0,0.0,0.0,0.0,0.0,0.0,0.0,0.0,156.0,677.0
2021-12-17,,0.0,0.0,0.0,0.0,0.0,0.0,0.0,0.0,0.0,0.0,0.0,0.0,0.0,300.0,0.0,0.0,0.0,,0.0,0.0,0.0,0.0,0.0,0.0,0.0,0.0,0.0,0.0,0.0,0.0,0.0,0.0,0.0,0.0,0.0,0.0,0.0,300.0
2021-12-18,,0.0,0.0,0.0,0.0,0.0,0.0,0.0,0.0,0.0,0.0,0.0,0.0,0.0,300.0,0.0,0.0,0.0,,0.0,0.0,0.0,0.0,0.0,0.0,0.0,0.0,0.0,0.0,0.0,0.0,0.0,0.0,0.0,0.0,0.0,0.0,0.0,300.0
2021-12-19,,0.0,0.0,0.0,0.0,0.0,0.0,0.0,0.0,0.0,0.0,0.0,0.0,0.0,250.0,0.0,0.0,0.0,,0.0,0.0,0.0,0.0,0.0,0.0,0.0,0.0,0.0,0.0,0.0,0.0,0.0,0.0,0.0,0.0,0.0,0.0,0.0,250.0
2021-12-20,,0.0,0.0,0.0,0.0,0.0,0.0,0.0,0.0,0.0,0.0,0.0,0.0,0.0,300.0,0.0,0.0,0.0,,0.0,0.0,0.0,0.0,0.0,0.0,0.0,0.0,0.0,0.0,0.0,0.0,0.0,0.0,0.0,0.0,0.0,0.0,0.0,300.0
2021-12-21,,0.0,0.0,0.0,0.0,0.0,0.0,0.0,0.0,0.0,0.0,0.0,0.0,0.0,250.0,308.0,0.0,0.0,,0.0,0.0,0.0,0.0,0.0,0.0,0.0,0.0,0.0,0.0,0.0,0.0,0.0,0.0,0.0,0.0,0.0,0.0,70.0,628.0
2021-12-22,,0.0,0.0,0.0,0.0,0.0,0.0,0.0,0.0,0.0,0.0,0.0,0.0,0.0,150.0,0.0,0.0,0.0,,0.0,0.0,0.0,0.0,0.0,0.0,0.0,0.0,0.0,0.0,0.0,0.0,0.0,0.0,0.0,0.0,0.0,0.0,0.0,150.0
2021-12-23,,0.0,0.0,0.0,0.0,0.0,0.0,0.0,0.0,0.0,0.0,0.0,0.0,0.0,300.0,108.0,0.0,0.0,,0.0,0.0,0.0,0.0,0.0,0.0,0.0,0.0,0.0,225.0,0.0,0.0,0.0,0.0,0.0,0.0,0.0,0.0,0.0,633.0
2021-12-24,,0.0,0.0,0.0,0.0,0.0,0.0,0.0,0.0,0.0,0.0,38.0,0.0,20.0,300.0,0.0,0.0,0.0,,0.0,0.0,0.0,0.0,0.0,0.0,0.0,0.0,0.0,0.0,0.0,0.0,0.0,0.0,0.0,0.0,0.0,0.0,130.0,488.0
2021-12-25,,0.0,0.0,0.0,0.0,0.0,0.0,0.0,0.0,0.0,0.0,0.0,0.0,0.0,0.0,0.0,0.0,0.0,,0.0,0.0,0.0,0.0,0.0,0.0,0.0,0.0,0.0,0.0,0.0,0.0,0.0,0.0,0.0,0.0,0.0,0.0,0.0,0.0
2021-12-26,,0.0,0.0,0.0,0.0,0.0,0.0,0.0,0.0,0.0,0.0,40.0,0.0,0.0,250.0,0.0,0.0,0.0,,0.0,0.0,0.0,0.0,0.0,0.0,0.0,0.0,0.0,0.0,0.0,0.0,0.0,0.0,0.0,0.0,0.0,0.0,0.0,290.0
2021-12-27,,0.0,0.0,0.0,0.0,0.0,0.0,0.0,0.0,0.0,0.0,300.0,0.0,0.0,250.0,0.0,0.0,0.0,,0.0,0.0,0.0,0.0,0.0,0.0,0.0,0.0,0.0,0.0,0.0,0.0,0.0,0.0,0.0,0.0,0.0,0.0,0.0,550.0
2021-12-28,,0.0,0.0,0.0,0.0,0.0,0.0,0.0,0.0,0.0,0.0,130.0,0.0,0.0,250.0,0.0,0.0,0.0,,0.0,0.0,0.0,0.0,0.0,0.0,0.0,0.0,0.0,0.0,0.0,0.0,0.0,0.0,0.0,0.0,0.0,0.0,0.0,380.0
2021-12-29,,0.0,0.0,0.0,0.0,0.0,0.0,0.0,0.0,0.0,0.0,0.0,0.0,0.0,250.0,0.0,0.0,0.0,,0.0,0.0,0.0,0.0,0.0,0.0,0.0,0.0,0.0,0.0,0.0,0.0,0.0,0.0,0.0,0.0,0.0,0.0,0.0,250.0
2021-12-30,,0.0,0.0,0.0,0.0,0.0,0.0,0.0,0.0,0.0,0.0,0.0,0.0,0.0,250.0,109.0,0.0,0.0,,0.0,0.0,0.0,0.0,0.0,0.0,0.0,0.0,0.0,0.0,0.0,0.0,0.0,0.0,0.0,0.0,0.0,0.0,0.0,359.0
2021-12-31,,0.0,0.0,0.0,0.0,0.0,0.0,0.0,0.0,0.0,0.0,78.0,0.0,0.0,300.0,0.0,0.0,0.0,,0.0,0.0,0.0,0.0,0.0,0.0,0.0,0.0,0.0,0.0,0.0,0.0,0.0,0.0,0.0,0.0,0.0,0.0,60.0,438.0
2022-01-01,,0.0,0.0,0.0,0.0,0.0,0.0,0.0,0.0,0.0,0.0,219.0,0.0,0.0,300.0,228.0,0.0,0.0,,0.0,0.0,0.0,0.0,0.0,0.0,0.0,0.0,0.0,0.0,0.0,0.0,0.0,0.0,0.0,0.0,0.0,0.0,91.0,838.0
2022-01-02,,0.0,0.0,0.0,0.0,0.0,0.0,0.0,0.0,0.0,0.0,391.0,0.0,0.0,250.0,0.0,0.0,0.0,,0.0,0.0,0.0,0.0,0.0,0.0,0.0,0.0,0.0,0.0,0.0,0.0,0.0,0.0,0.0,0.0,0.0,0.0,0.0,641.0
2022-01-03,,0.0,0.0,0.0,0.0,0.0,0.0,0.0,0.0,0.0,0.0,156.0,0.0,0.0,250.0,0.0,0.0,0.0,,0.0,0.0,0.0,0.0,0.0,0.0,0.0,0.0,0.0,0.0,0.0,0.0,0.0,0.0,0.0,0.0,0.0,0.0,0.0,406.0
2022-01-04,,0.0,0.0,0.0,0.0,0.0,0.0,0.0,0.0,0.0,0.0,86.0,0.0,0.0,250.0,0.0,0.0,0.0,,0.0,0.0,0.0,0.0,0.0,0.0,0.0,0.0,0.0,0.0,0.0,0.0,0.0,0.0,0.0,0.0,0.0,0.0,0.0,336.0
2022-01-05,,0.0,0.0,0.0,0.0,0.0,0.0,0.0,0.0,0.0,0.0,0.0,0.0,0.0,250.0,0.0,0.0,0.0,,0.0,0.0,0.0,0.0,0.0,0.0,0.0,0.0,0.0,0.0,0.0,0.0,0.0,0.0,0.0,0.0,0.0,0.0,0.0,250.0
2022-01-06,,0.0,0.0,0.0,445.0,0.0,0.0,0.0,0.0,0.0,20.0,0.0,567.0,0.0,250.0,54.0,0.0,0.0,,0.0,0.0,0.0,0.0,0.0,0.0,0.0,0.0,0.0,0.0,0.0,0.0,0.0,0.0,0.0,0.0,0.0,0.0,97.0,1433.0
2022-01-07,,0.0,0.0,0.0,0.0,0.0,0.0,0.0,0.0,0.0,0.0,0.0,0.0,0.0,250.0,46.0,0.0,0.0,,0.0,0.0,0.0,0.0,0.0,0.0,0.0,0.0,75.0,0.0,0.0,0.0,0.0,0.0,0.0,0.0,0.0,0.0,80.0,451.0
2022-01-08,,0.0,0.0,0.0,0.0,0.0,0.0,0.0,0.0,0.0,0.0,0.0,0.0,0.0,300.0,0.0,0.0,0.0,,0.0,0.0,0.0,0.0,0.0,0.0,0.0,0.0,0.0,0.0,0.0,0.0,0.0,0.0,0.0,0.0,0.0,0.0,0.0,300.0
2022-01-09,,0.0,0.0,0.0,0.0,0.0,0.0,0.0,0.0,0.0,0.0,0.0,0.0,0.0,250.0,0.0,0.0,0.0,,0.0,0.0,0.0,0.0,0.0,0.0,0.0,0.0,150.0,0.0,0.0,0.0,0.0,0.0,0.0,0.0,0.0,0.0,0.0,400.0
2022-01-10,,0.0,0.0,0.0,0.0,0.0,0.0,0.0,0.0,0.0,0.0,0.0,0.0,0.0,250.0,0.0,0.0,0.0,,0.0,0.0,0.0,0.0,0.0,0.0,0.0,0.0,100.0,0.0,0.0,0.0,0.0,0.0,0.0,0.0,0.0,0.0,0.0,350.0
2022-01-11,,0.0,0.0,0.0,0.0,0.0,0.0,0.0,0.0,0.0,0.0,0.0,0.0,0.0,100.0,0.0,0.0,0.0,,0.0,0.0,0.0,0.0,0.0,0.0,0.0,0.0,100.0,0.0,0.0,0.0,0.0,0.0,0.0,0.0,0.0,0.0,0.0,200.0
2022-01-12,,0.0,0.0,0.0,0.0,0.0,0.0,0.0,0.0,0.0,0.0,0.0,0.0,0.0,250.0,0.0,0.0,0.0,,0.0,0.0,0.0,0.0,0.0,0.0,0.0,0.0,100.0,0.0,0.0,0.0,0.0,0.0,0.0,0.0,0.0,0.0,0.0,350.0
2022-01-13,,0.0,0.0,0.0,0.0,0.0,0.0,0.0,0.0,0.0,0.0,0.0,0.0,0.0,250.0,0.0,0.0,0.0,,0.0,0.0,0.0,0.0,0.0,0.0,0.0,0.0,0.0,0.0,0.0,0.0,0.0,0.0,0.0,0.0,0.0,0.0,0.0,250.0
2022-01-14,,0.0,0.0,0.0,0.0,0.0,0.0,0.0,0.0,0.0,0.0,0.0,0.0,0.0,0.0,0.0,0.0,0.0,,0.0,0.0,0.0,0.0,0.0,0.0,0.0,0.0,0.0,0.0,0.0,0.0,0.0,0.0,0.0,0.0,0.0,0.0,120.0,120.0
2022-01-15,,0.0,0.0,0.0,0.0,0.0,0.0,0.0,0.0,0.0,0.0,0.0,60.0,0.0,250.0,60.0,0.0,0.0,,0.0,0.0,0.0,0.0,0.0,0.0,0.0,0.0,0.0,0.0,0.0,0.0,0.0,0.0,0.0,0.0,0.0,0.0,95.0,465.0
2022-01-16,,0.0,0.0,0.0,0.0,0.0,0.0,0.0,0.0,0.0,0.0,0.0,0.0,0.0,300.0,0.0,0.0,0.0,,0.0,0.0,0.0,0.0,0.0,0.0,0.0,0.0,0.0,0.0,0.0,0.0,0.0,0.0,0.0,0.0,0.0,0.0,0.0,300.0
2022-01-17,,0.0,0.0,0.0,0.0,0.0,0.0,0.0,0.0,0.0,0.0,0.0,0.0,0.0,250.0,0.0,0.0,0.0,,0.0,0.0,0.0,0.0,0.0,0.0,0.0,0.0,0.0,0.0,0.0,0.0,0.0,0.0,0.0,0.0,0.0,0.0,0.0,250.0
2022-01-18,,0.0,0.0,0.0,0.0,0.0,0.0,0.0,0.0,0.0,0.0,0.0,0.0,0.0,250.0,0.0,0.0,0.0,,0.0,0.0,0.0,0.0,0.0,0.0,0.0,0.0,100.0,0.0,0.0,0.0,0.0,0.0,0.0,0.0,0.0,0.0,0.0,350.0
2022-01-19,,0.0,0.0,0.0,0.0,0.0,0.0,0.0,0.0,0.0,0.0,0.0,0.0,0.0,300.0,0.0,0.0,0.0,,0.0,0.0,0.0,0.0,0.0,0.0,0.0,0.0,750.0,0.0,0.0,0.0,0.0,0.0,0.0,0.0,0.0,0.0,0.0,1050.0
2022-01-20,,0.0,0.0,0.0,0.0,0.0,0.0,0.0,0.0,0.0,0.0,0.0,0.0,0.0,250.0,0.0,0.0,0.0,,0.0,0.0,0.0,0.0,0.0,0.0,0.0,0.0,0.0,0.0,0.0,0.0,0.0,0.0,0.0,0.0,0.0,0.0,0.0,250.0
2022-01-21,,0.0,0.0,0.0,0.0,0.0,0.0,0.0,0.0,0.0,0.0,0.0,0.0,0.0,250.0,0.0,0.0,0.0,,0.0,0.0,0.0,0.0,0.0,0.0,0.0,0.0,0.0,0.0,0.0,0.0,0.0,0.0,0.0,0.0,0.0,0.0,0.0,250.0
2022-01-22,,0.0,0.0,0.0,0.0,0.0,0.0,0.0,0.0,0.0,0.0,0.0,0.0,0.0,250.0,175.0,0.0,0.0,,0.0,0.0,0.0,0.0,0.0,0.0,0.0,0.0,0.0,0.0,0.0,0.0,0.0,0.0,0.0,0.0,0.0,0.0,244.0,669.0
2022-01-23,,0.0,0.0,0.0,0.0,0.0,0.0,0.0,0.0,0.0,0.0,0.0,0.0,0.0,250.0,0.0,0.0,0.0,,0.0,0.0,0.0,0.0,0.0,0.0,0.0,0.0,0.0,0.0,0.0,0.0,0.0,0.0,0.0,0.0,0.0,0.0,27.0,277.0
2022-01-24,,0.0,0.0,0.0,0.0,0.0,0.0,0.0,0.0,0.0,0.0,0.0,0.0,0.0,250.0,0.0,0.0,0.0,,0.0,0.0,0.0,0.0,0.0,0.0,0.0,0.0,0.0,0.0,0.0,0.0,0.0,0.0,0.0,0.0,0.0,0.0,0.0,250.0
2022-01-25,,0.0,0.0,0.0,0.0,0.0,0.0,0.0,0.0,0.0,0.0,0.0,0.0,0.0,150.0,0.0,0.0,0.0,,0.0,0.0,0.0,0.0,0.0,0.0,0.0,0.0,0.0,0.0,0.0,0.0,0.0,0.0,0.0,0.0,0.0,0.0,0.0,150.0
2022-01-26,,0.0,0.0,0.0,0.0,0.0,0.0,0.0,0.0,0.0,0.0,0.0,0.0,0.0,150.0,0.0,0.0,0.0,,0.0,0.0,0.0,0.0,0.0,0.0,0.0,0.0,0.0,0.0,0.0,0.0,0.0,0.0,0.0,0.0,0.0,0.0,0.0,150.0
2022-01-27,,0.0,0.0,0.0,0.0,0.0,0.0,0.0,0.0,0.0,0.0,0.0,0.0,0.0,300.0,0.0,0.0,0.0,,0.0,0.0,0.0,0.0,0.0,0.0,0.0,0.0,0.0,0.0,0.0,0.0,0.0,0.0,0.0,0.0,0.0,0.0,0.0,300.0
2022-01-28,,0.0,0.0,0.0,0.0,0.0,0.0,0.0,0.0,0.0,0.0,0.0,170.0,0.0,250.0,0.0,0.0,0.0,,0.0,0.0,0.0,0.0,0.0,0.0,0.0,0.0,0.0,0.0,0.0,0.0,0.0,0.0,0.0,0.0,0.0,0.0,0.0,420.0
2022-01-29,,0.0,0.0,0.0,0.0,0.0,0.0,0.0,0.0,0.0,0.0,0.0,0.0,0.0,250.0,0.0,0.0,0.0,,0.0,0.0,0.0,0.0,0.0,0.0,0.0,0.0,0.0,0.0,0.0,0.0,0.0,0.0,0.0,0.0,0.0,0.0,0.0,250.0
2022-01-30,,0.0,0.0,0.0,0.0,0.0,0.0,0.0,0.0,0.0,0.0,0.0,0.0,0.0,250.0,0.0,0.0,0.0,,0.0,0.0,0.0,0.0,0.0,0.0,0.0,0.0,0.0,0.0,0.0,0.0,0.0,0.0,0.0,0.0,0.0,0.0,0.0,250.0
2022-01-31,,0.0,0.0,0.0,0.0,0.0,0.0,0.0,0.0,0.0,0.0,0.0,0.0,0.0,250.0,108.0,0.0,0.0,,0.0,0.0,0.0,0.0,0.0,0.0,0.0,0.0,0.0,83.0,0.0,0.0,0.0,0.0,0.0,0.0,0.0,0.0,0.0,441.0
2022-02-01,,0.0,0.0,0.0,0.0,0.0,0.0,0.0,0.0,0.0,0.0,0.0,0.0,0.0,300.0,0.0,0.0,0.0,,0.0,0.0,0.0,0.0,0.0,0.0,0.0,0.0,0.0,0.0,0.0,0.0,0.0,0.0,0.0,150.0,0.0,0.0,0.0,450.0
2022-02-02,,0.0,0.0,0.0,0.0,0.0,0.0,0.0,0.0,0.0,0.0,0.0,0.0,0.0,0.0,0.0,0.0,0.0,,0.0,0.0,0.0,0.0,0.0,0.0,0.0,0.0,0.0,0.0,0.0,0.0,0.0,0.0,0.0,0.0,0.0,0.0,0.0,0.0
2022-02-03,,500.0,0.0,0.0,0.0,0.0,0.0,0.0,0.0,0.0,0.0,0.0,19.0,0.0,250.0,0.0,0.0,0.0,,0.0,0.0,0.0,0.0,0.0,0.0,0.0,0.0,0.0,0.0,0.0,0.0,0.0,0.0,0.0,0.0,0.0,0.0,0.0,769.0
2022-02-04,,850.0,0.0,0.0,0.0,0.0,0.0,0.0,0.0,0.0,0.0,0.0,0.0,0.0,250.0,0.0,0.0,0.0,,0.0,0.0,0.0,0.0,0.0,0.0,0.0,0.0,0.0,0.0,0.0,0.0,0.0,0.0,0.0,0.0,0.0,0.0,0.0,1100.0
2022-02-05,,1500.0,0.0,0.0,0.0,0.0,0.0,0.0,0.0,0.0,0.0,0.0,0.0,0.0,250.0,0.0,0.0,0.0,,0.0,0.0,0.0,0.0,0.0,0.0,0.0,0.0,0.0,0.0,0.0,0.0,0.0,0.0,0.0,0.0,0.0,0.0,0.0,1750.0
2022-02-06,,0.0,0.0,0.0,0.0,0.0,0.0,0.0,0.0,0.0,0.0,0.0,0.0,0.0,250.0,0.0,0.0,0.0,,0.0,0.0,0.0,0.0,0.0,0.0,0.0,0.0,0.0,0.0,0.0,0.0,0.0,0.0,0.0,0.0,0.0,0.0,0.0,250.0
2022-02-07,,0.0,0.0,0.0,0.0,0.0,0.0,0.0,0.0,0.0,0.0,0.0,0.0,0.0,250.0,0.0,0.0,0.0,,0.0,0.0,0.0,0.0,0.0,0.0,0.0,0.0,0.0,0.0,0.0,0.0,0.0,0.0,0.0,0.0,0.0,0.0,0.0,250.0
2022-02-08,,0.0,0.0,0.0,0.0,0.0,0.0,0.0,0.0,0.0,0.0,0.0,0.0,0.0,250.0,0.0,0.0,0.0,,0.0,0.0,0.0,0.0,0.0,0.0,0.0,0.0,225.0,0.0,0.0,0.0,0.0,0.0,0.0,0.0,0.0,0.0,285.0,760.0
2022-02-09,,0.0,0.0,0.0,0.0,0.0,0.0,0.0,0.0,0.0,0.0,0.0,0.0,0.0,300.0,0.0,0.0,0.0,,0.0,716.0,0.0,0.0,0.0,0.0,0.0,0.0,0.0,0.0,0.0,0.0,0.0,0.0,0.0,0.0,0.0,0.0,0.0,1016.0
2022-02-10,,0.0,0.0,0.0,0.0,0.0,0.0,0.0,0.0,0.0,0.0,0.0,0.0,0.0,300.0,0.0,0.0,0.0,,0.0,0.0,0.0,0.0,0.0,0.0,0.0,0.0,0.0,0.0,0.0,0.0,0.0,0.0,0.0,0.0,0.0,0.0,0.0,300.0
2022-02-11,,0.0,0.0,0.0,0.0,0.0,0.0,0.0,0.0,0.0,0.0,0.0,0.0,0.0,0.0,0.0,0.0,0.0,,0.0,0.0,0.0,0.0,0.0,0.0,0.0,0.0,0.0,0.0,0.0,0.0,0.0,0.0,0.0,0.0,0.0,0.0,0.0,0.0
2022-02-12,,500.0,0.0,0.0,342.0,0.0,0.0,0.0,0.0,0.0,0.0,0.0,0.0,0.0,300.0,0.0,0.0,0.0,,0.0,0.0,0.0,0.0,0.0,0.0,0.0,0.0,0.0,0.0,0.0,0.0,0.0,0.0,0.0,0.0,0.0,0.0,0.0,1142.0
2022-02-13,,0.0,0.0,0.0,0.0,0.0,0.0,0.0,0.0,0.0,0.0,0.0,0.0,0.0,250.0,0.0,0.0,0.0,,0.0,0.0,0.0,0.0,0.0,0.0,0.0,0.0,0.0,0.0,0.0,0.0,0.0,0.0,0.0,0.0,0.0,0.0,0.0,250.0
2022-02-14,,0.0,0.0,0.0,0.0,0.0,0.0,0.0,0.0,0.0,0.0,0.0,0.0,0.0,250.0,0.0,0.0,0.0,,0.0,0.0,0.0,0.0,0.0,0.0,0.0,0.0,0.0,0.0,0.0,0.0,0.0,0.0,0.0,0.0,0.0,0.0,0.0,250.0
2022-02-15,,1500.0,0.0,0.0,0.0,0.0,0.0,0.0,0.0,0.0,0.0,0.0,0.0,0.0,250.0,296.0,0.0,0.0,,0.0,0.0,0.0,0.0,0.0,0.0,0.0,0.0,0.0,0.0,0.0,0.0,0.0,0.0,0.0,0.0,0.0,0.0,0.0,2046.0
2022-02-16,,500.0,0.0,0.0,0.0,0.0,0.0,0.0,0.0,0.0,0.0,0.0,0.0,0.0,300.0,239.0,0.0,0.0,,0.0,0.0,0.0,0.0,0.0,0.0,0.0,0.0,0.0,0.0,0.0,0.0,0.0,0.0,0.0,0.0,0.0,0.0,0.0,1039.0
2022-02-17,,0.0,0.0,0.0,0.0,0.0,0.0,0.0,0.0,0.0,0.0,0.0,0.0,0.0,300.0,0.0,0.0,0.0,,0.0,0.0,0.0,0.0,0.0,0.0,0.0,0.0,0.0,0.0,0.0,0.0,0.0,0.0,0.0,0.0,0.0,0.0,0.0,300.0
2022-02-18,,0.0,0.0,0.0,0.0,0.0,0.0,0.0,0.0,0.0,0.0,0.0,0.0,0.0,300.0,0.0,0.0,0.0,,0.0,0.0,0.0,0.0,0.0,0.0,0.0,0.0,0.0,261.0,0.0,0.0,0.0,0.0,0.0,0.0,0.0,0.0,0.0,561.0
2022-02-19,,0.0,0.0,0.0,0.0,0.0,0.0,0.0,0.0,0.0,0.0,0.0,0.0,0.0,300.0,0.0,0.0,0.0,,0.0,0.0,0.0,0.0,0.0,0.0,0.0,0.0,0.0,0.0,0.0,0.0,0.0,0.0,0.0,0.0,0.0,0.0,0.0,300.0
2022-02-20,,0.0,0.0,0.0,0.0,0.0,0.0,0.0,0.0,0.0,0.0,0.0,0.0,0.0,250.0,0.0,0.0,0.0,,0.0,0.0,0.0,0.0,0.0,0.0,0.0,0.0,0.0,0.0,0.0,0.0,0.0,0.0,0.0,0.0,0.0,0.0,0.0,250.0
2022-02-21,,0.0,0.0,0.0,0.0,0.0,0.0,0.0,0.0,0.0,0.0,0.0,0.0,0.0,250.0,0.0,0.0,0.0,,0.0,0.0,0.0,0.0,0.0,0.0,0.0,0.0,0.0,0.0,0.0,0.0,0.0,0.0,0.0,0.0,0.0,0.0,0.0,250.0
2022-02-22,,0.0,0.0,0.0,0.0,0.0,0.0,0.0,0.0,0.0,0.0,0.0,0.0,0.0,300.0,0.0,0.0,0.0,,0.0,0.0,0.0,0.0,0.0,0.0,0.0,0.0,0.0,0.0,0.0,0.0,0.0,0.0,0.0,0.0,0.0,0.0,0.0,300.0
2022-02-23,,450.0,0.0,0.0,0.0,0.0,0.0,0.0,0.0,0.0,20.0,0.0,0.0,0.0,0.0,158.0,0.0,0.0,,0.0,0.0,0.0,0.0,0.0,0.0,0.0,0.0,0.0,0.0,0.0,0.0,0.0,0.0,0.0,70.0,0.0,0.0,0.0,698.0
2022-02-24,,0.0,0.0,0.0,0.0,0.0,0.0,0.0,0.0,0.0,20.0,0.0,125.0,0.0,250.0,205.0,0.0,0.0,,0.0,0.0,0.0,0.0,0.0,0.0,0.0,0.0,0.0,27.0,0.0,0.0,0.0,0.0,0.0,80.0,0.0,0.0,0.0,707.0
2022-02-25,,0.0,0.0,0.0,0.0,0.0,0.0,0.0,0.0,0.0,0.0,0.0,0.0,0.0,300.0,0.0,0.0,0.0,,0.0,0.0,0.0,0.0,0.0,0.0,0.0,0.0,0.0,0.0,0.0,0.0,0.0,0.0,0.0,0.0,0.0,0.0,0.0,300.0
2022-02-26,,0.0,0.0,0.0,0.0,0.0,0.0,0.0,0.0,0.0,0.0,0.0,0.0,0.0,300.0,0.0,0.0,0.0,,0.0,0.0,0.0,0.0,0.0,0.0,0.0,0.0,0.0,0.0,0.0,0.0,0.0,0.0,0.0,0.0,0.0,0.0,0.0,300.0
2022-02-27,,0.0,0.0,0.0,0.0,0.0,0.0,0.0,0.0,0.0,0.0,0.0,0.0,0.0,250.0,0.0,0.0,0.0,,0.0,0.0,0.0,0.0,0.0,0.0,0.0,0.0,0.0,0.0,0.0,0.0,0.0,0.0,0.0,0.0,0.0,0.0,0.0,250.0
2022-02-28,,0.0,0.0,0.0,0.0,0.0,0.0,0.0,0.0,0.0,0.0,0.0,0.0,0.0,250.0,0.0,0.0,0.0,,0.0,0.0,0.0,0.0,0.0,0.0,0.0,0.0,0.0,0.0,0.0,0.0,0.0,0.0,0.0,0.0,0.0,0.0,0.0,250.0
2022-03-01,,0.0,0.0,0.0,0.0,0.0,0.0,0.0,0.0,0.0,0.0,0.0,0.0,0.0,300.0,0.0,0.0,0.0,,0.0,0.0,0.0,0.0,0.0,0.0,0.0,0.0,0.0,0.0,0.0,0.0,0.0,0.0,0.0,0.0,0.0,0.0,0.0,300.0
2022-03-02,,0.0,0.0,0.0,0.0,0.0,0.0,0.0,0.0,0.0,0.0,0.0,0.0,0.0,300.0,0.0,0.0,0.0,,0.0,0.0,0.0,0.0,0.0,0.0,0.0,0.0,0.0,0.0,0.0,0.0,0.0,0.0,0.0,0.0,0.0,0.0,0.0,300.0
2022-03-03,,0.0,0.0,0.0,270.0,0.0,0.0,0.0,0.0,0.0,0.0,0.0,0.0,0.0,150.0,0.0,0.0,0.0,,0.0,0.0,0.0,0.0,0.0,0.0,0.0,0.0,0.0,0.0,0.0,0.0,0.0,0.0,0.0,0.0,0.0,0.0,0.0,420.0
2022-03-04,,0.0,0.0,0.0,0.0,0.0,0.0,0.0,0.0,0.0,0.0,0.0,0.0,0.0,300.0,0.0,0.0,0.0,,0.0,0.0,0.0,0.0,0.0,0.0,0.0,0.0,0.0,0.0,0.0,0.0,0.0,0.0,0.0,0.0,0.0,0.0,0.0,300.0
2022-03-05,,0.0,0.0,0.0,0.0,0.0,0.0,0.0,0.0,0.0,0.0,0.0,0.0,0.0,300.0,0.0,0.0,0.0,,0.0,0.0,0.0,0.0,0.0,0.0,0.0,0.0,0.0,0.0,0.0,0.0,0.0,0.0,0.0,0.0,0.0,0.0,0.0,300.0
2022-03-06,,0.0,0.0,0.0,0.0,0.0,0.0,0.0,0.0,0.0,0.0,0.0,0.0,0.0,300.0,0.0,0.0,0.0,,0.0,0.0,0.0,0.0,0.0,0.0,0.0,0.0,0.0,0.0,0.0,0.0,0.0,0.0,0.0,0.0,0.0,0.0,0.0,300.0
2022-03-07,,0.0,0.0,0.0,0.0,0.0,0.0,0.0,0.0,0.0,0.0,0.0,73.0,0.0,300.0,0.0,0.0,0.0,,0.0,0.0,0.0,0.0,0.0,0.0,0.0,0.0,0.0,0.0,0.0,0.0,0.0,0.0,0.0,0.0,0.0,0.0,0.0,373.0
2022-03-08,,0.0,0.0,0.0,0.0,0.0,0.0,0.0,0.0,0.0,0.0,0.0,0.0,0.0,300.0,0.0,0.0,0.0,,0.0,0.0,0.0,0.0,0.0,0.0,0.0,0.0,0.0,0.0,0.0,0.0,0.0,0.0,0.0,0.0,0.0,0.0,0.0,300.0
2022-03-09,,0.0,0.0,0.0,0.0,0.0,0.0,0.0,0.0,0.0,0.0,0.0,0.0,0.0,300.0,0.0,0.0,0.0,,0.0,0.0,0.0,0.0,0.0,0.0,0.0,0.0,0.0,0.0,0.0,0.0,0.0,0.0,0.0,0.0,0.0,0.0,0.0,300.0
2022-03-10,,0.0,0.0,0.0,0.0,0.0,0.0,0.0,0.0,0.0,0.0,0.0,0.0,0.0,150.0,0.0,0.0,0.0,,0.0,0.0,0.0,0.0,0.0,0.0,0.0,0.0,0.0,0.0,0.0,0.0,0.0,0.0,0.0,0.0,0.0,0.0,0.0,150.0
2022-03-11,,0.0,0.0,0.0,533.0,0.0,0.0,0.0,0.0,0.0,0.0,0.0,0.0,0.0,300.0,232.0,0.0,0.0,,0.0,0.0,0.0,0.0,0.0,0.0,0.0,0.0,0.0,0.0,0.0,0.0,0.0,0.0,0.0,0.0,0.0,0.0,0.0,1065.0
2022-03-12,,0.0,0.0,0.0,0.0,0.0,0.0,0.0,0.0,0.0,0.0,0.0,0.0,0.0,300.0,0.0,0.0,0.0,,0.0,0.0,0.0,0.0,0.0,0.0,0.0,0.0,0.0,0.0,0.0,0.0,0.0,0.0,0.0,0.0,0.0,0.0,0.0,300.0
2022-03-13,,0.0,0.0,0.0,0.0,0.0,0.0,0.0,0.0,0.0,0.0,0.0,0.0,58.0,300.0,0.0,0.0,0.0,,0.0,0.0,0.0,0.0,0.0,0.0,0.0,0.0,0.0,0.0,0.0,0.0,0.0,0.0,0.0,0.0,0.0,0.0,0.0,358.0
2022-03-14,,0.0,0.0,0.0,0.0,0.0,0.0,0.0,0.0,0.0,0.0,0.0,0.0,0.0,300.0,0.0,0.0,0.0,,0.0,0.0,0.0,0.0,0.0,0.0,0.0,0.0,0.0,0.0,0.0,0.0,0.0,0.0,0.0,0.0,0.0,0.0,0.0,300.0
2022-03-15,,0.0,0.0,0.0,0.0,0.0,15.0,0.0,0.0,0.0,0.0,0.0,0.0,0.0,300.0,0.0,0.0,0.0,,0.0,0.0,0.0,0.0,0.0,0.0,0.0,0.0,0.0,0.0,0.0,0.0,0.0,0.0,0.0,0.0,0.0,0.0,0.0,315.0
2022-03-16,,0.0,0.0,0.0,0.0,0.0,0.0,0.0,0.0,0.0,0.0,0.0,0.0,0.0,300.0,0.0,0.0,0.0,,0.0,0.0,0.0,0.0,0.0,0.0,0.0,0.0,0.0,481.0,0.0,0.0,0.0,0.0,0.0,0.0,0.0,0.0,0.0,781.0
2022-03-17,,0.0,0.0,0.0,0.0,0.0,0.0,0.0,0.0,0.0,0.0,0.0,0.0,0.0,300.0,0.0,0.0,0.0,,0.0,0.0,0.0,0.0,0.0,0.0,0.0,0.0,0.0,330.0,0.0,0.0,0.0,0.0,0.0,0.0,0.0,0.0,0.0,630.0
2022-03-18,,0.0,0.0,0.0,0.0,0.0,0.0,0.0,0.0,0.0,0.0,0.0,0.0,0.0,300.0,0.0,0.0,0.0,,0.0,0.0,0.0,0.0,0.0,0.0,0.0,0.0,0.0,0.0,0.0,0.0,0.0,0.0,0.0,0.0,0.0,0.0,0.0,300.0
2022-03-19,,0.0,0.0,0.0,0.0,0.0,0.0,0.0,0.0,0.0,0.0,0.0,0.0,0.0,300.0,54.0,0.0,0.0,,0.0,0.0,0.0,0.0,0.0,0.0,0.0,0.0,0.0,0.0,0.0,0.0,0.0,0.0,0.0,0.0,0.0,0.0,0.0,354.0
2022-03-20,,0.0,0.0,0.0,0.0,0.0,0.0,0.0,0.0,0.0,0.0,0.0,0.0,0.0,0.0,0.0,0.0,0.0,,0.0,0.0,0.0,0.0,0.0,0.0,0.0,0.0,0.0,0.0,0.0,0.0,0.0,0.0,0.0,0.0,0.0,0.0,0.0,0.0
2022-03-21,,0.0,0.0,0.0,245.0,0.0,0.0,0.0,0.0,0.0,25.0,0.0,356.0,0.0,250.0,354.0,0.0,0.0,,0.0,0.0,0.0,0.0,0.0,0.0,0.0,0.0,0.0,0.0,0.0,0.0,0.0,0.0,0.0,75.0,0.0,0.0,0.0,1305.0
2022-03-22,,0.0,0.0,0.0,0.0,0.0,0.0,0.0,0.0,0.0,0.0,0.0,0.0,0.0,250.0,0.0,0.0,0.0,,0.0,0.0,0.0,0.0,0.0,0.0,0.0,0.0,0.0,0.0,0.0,0.0,0.0,0.0,0.0,0.0,0.0,0.0,0.0,250.0
2022-03-23,,0.0,0.0,0.0,0.0,0.0,0.0,0.0,0.0,0.0,0.0,0.0,0.0,0.0,300.0,0.0,0.0,0.0,,0.0,0.0,0.0,0.0,0.0,0.0,0.0,0.0,0.0,0.0,0.0,0.0,0.0,0.0,0.0,0.0,0.0,0.0,0.0,300.0
2022-03-24,,0.0,0.0,0.0,0.0,0.0,0.0,0.0,0.0,0.0,0.0,0.0,0.0,0.0,250.0,0.0,0.0,0.0,,0.0,0.0,0.0,0.0,0.0,0.0,0.0,0.0,200.0,240.0,0.0,0.0,0.0,0.0,770.0,0.0,0.0,0.0,0.0,1460.0
2022-03-25,,0.0,0.0,0.0,0.0,0.0,0.0,0.0,0.0,0.0,0.0,0.0,175.0,0.0,250.0,0.0,0.0,0.0,,0.0,0.0,0.0,0.0,0.0,0.0,0.0,0.0,0.0,1129.0,0.0,0.0,0.0,0.0,260.0,0.0,0.0,0.0,0.0,1814.0
2022-03-26,,0.0,0.0,0.0,0.0,0.0,0.0,80.0,0.0,0.0,0.0,0.0,0.0,0.0,250.0,0.0,0.0,0.0,,0.0,0.0,0.0,0.0,0.0,0.0,0.0,0.0,0.0,17.0,0.0,0.0,0.0,0.0,430.0,0.0,0.0,0.0,0.0,777.0
2022-03-27,,0.0,0.0,0.0,0.0,0.0,0.0,80.0,0.0,0.0,0.0,0.0,0.0,19.0,0.0,152.0,0.0,0.0,,0.0,0.0,0.0,0.0,0.0,0.0,0.0,0.0,0.0,0.0,0.0,0.0,0.0,0.0,0.0,0.0,0.0,0.0,0.0,251.0
2022-03-28,,0.0,0.0,0.0,386.0,0.0,0.0,120.0,0.0,0.0,0.0,0.0,0.0,0.0,250.0,0.0,0.0,0.0,,0.0,0.0,0.0,0.0,0.0,0.0,0.0,0.0,0.0,0.0,0.0,0.0,0.0,0.0,352.0,0.0,0.0,0.0,0.0,1108.0
2022-03-29,,0.0,0.0,0.0,0.0,0.0,0.0,118.0,0.0,0.0,0.0,0.0,0.0,0.0,250.0,0.0,0.0,0.0,,0.0,93.0,0.0,0.0,0.0,0.0,0.0,0.0,0.0,0.0,0.0,0.0,0.0,0.0,0.0,0.0,0.0,0.0,0.0,461.0
2022-03-30,,799.0,0.0,0.0,0.0,0.0,0.0,116.0,0.0,0.0,0.0,0.0,0.0,0.0,0.0,0.0,0.0,0.0,,0.0,0.0,0.0,0.0,0.0,0.0,0.0,0.0,0.0,0.0,0.0,0.0,0.0,0.0,670.0,0.0,0.0,0.0,0.0,1585.0
2022-03-31,,694.0,0.0,0.0,0.0,0.0,0.0,92.0,0.0,0.0,0.0,0.0,0.0,0.0,250.0,0.0,0.0,0.0,,0.0,460.0,0.0,0.0,0.0,0.0,0.0,0.0,0.0,0.0,0.0,0.0,0.0,0.0,860.0,0.0,0.0,0.0,0.0,2356.0
2022-04-01,,244.0,0.0,0.0,0.0,0.0,0.0,0.0,0.0,0.0,0.0,0.0,0.0,0.0,250.0,0.0,0.0,0.0,,0.0,0.0,0.0,0.0,0.0,0.0,0.0,0.0,0.0,0.0,0.0,0.0,0.0,0.0,0.0,0.0,0.0,0.0,0.0,494.0
2022-04-02,,0.0,0.0,0.0,0.0,0.0,0.0,0.0,0.0,0.0,0.0,0.0,0.0,0.0,0.0,0.0,0.0,0.0,,0.0,0.0,0.0,0.0,0.0,0.0,0.0,0.0,400.0,0.0,0.0,0.0,0.0,0.0,600.0,0.0,0.0,0.0,0.0,1000.0
2022-04-03,,0.0,0.0,0.0,0.0,0.0,0.0,0.0,0.0,0.0,0.0,0.0,0.0,0.0,0.0,0.0,0.0,0.0,,451.0,0.0,0.0,0.0,0.0,0.0,0.0,0.0,0.0,0.0,0.0,0.0,0.0,0.0,600.0,0.0,0.0,0.0,0.0,1051.0
2022-04-04,,449.0,0.0,0.0,0.0,0.0,0.0,0.0,0.0,0.0,0.0,0.0,0.0,0.0,300.0,84.0,0.0,0.0,,381.0,0.0,0.0,0.0,0.0,24.0,0.0,0.0,250.0,0.0,0.0,0.0,0.0,0.0,170.0,0.0,0.0,0.0,0.0,1658.0
2022-04-05,,1000.0,0.0,0.0,1126.0,0.0,0.0,0.0,0.0,0.0,0.0,0.0,0.0,0.0,250.0,0.0,0.0,0.0,,607.0,0.0,0.0,0.0,0.0,0.0,0.0,0.0,100.0,0.0,0.0,0.0,0.0,0.0,260.0,0.0,0.0,0.0,0.0,3343.0
2022-04-06,,1300.0,0.0,0.0,0.0,0.0,0.0,0.0,0.0,0.0,0.0,0.0,193.0,0.0,250.0,0.0,0.0,0.0,,400.0,305.0,0.0,0.0,0.0,0.0,0.0,0.0,750.0,0.0,0.0,0.0,0.0,0.0,90.0,0.0,0.0,0.0,0.0,3288.0
2022-04-07,,600.0,0.0,0.0,0.0,0.0,41.0,27.0,0.0,0.0,0.0,0.0,388.0,0.0,300.0,0.0,0.0,0.0,,0.0,716.0,0.0,0.0,0.0,0.0,0.0,0.0,600.0,0.0,0.0,0.0,0.0,0.0,770.0,0.0,0.0,0.0,0.0,3442.0
2022-04-08,,500.0,0.0,0.0,0.0,0.0,0.0,0.0,0.0,0.0,0.0,0.0,74.0,0.0,250.0,0.0,0.0,0.0,,0.0,0.0,0.0,0.0,0.0,0.0,0.0,0.0,0.0,0.0,0.0,0.0,0.0,0.0,600.0,0.0,0.0,0.0,0.0,1424.0
2022-04-09,,612.0,0.0,0.0,0.0,0.0,0.0,0.0,0.0,0.0,0.0,0.0,85.0,0.0,250.0,0.0,0.0,0.0,,0.0,622.0,0.0,0.0,0.0,0.0,0.0,0.0,0.0,0.0,0.0,0.0,0.0,0.0,170.0,0.0,0.0,0.0,0.0,1739.0
2022-04-10,,836.0,0.0,0.0,0.0,0.0,0.0,0.0,0.0,0.0,0.0,0.0,18.0,0.0,250.0,0.0,0.0,0.0,,0.0,0.0,0.0,0.0,0.0,0.0,0.0,0.0,0.0,0.0,0.0,0.0,0.0,0.0,0.0,0.0,0.0,0.0,0.0,1104.0
2022-04-11,,518.0,0.0,0.0,0.0,0.0,17.0,0.0,0.0,0.0,0.0,0.0,0.0,0.0,250.0,0.0,0.0,0.0,,0.0,332.0,0.0,0.0,0.0,0.0,0.0,0.0,0.0,0.0,0.0,0.0,0.0,0.0,520.0,0.0,0.0,0.0,0.0,1637.0
2022-04-12,,991.0,0.0,120.0,490.0,0.0,21.0,0.0,0.0,0.0,0.0,0.0,608.0,0.0,250.0,205.0,0.0,0.0,,244.0,1315.0,34.0,0.0,0.0,3.0,0.0,0.0,100.0,0.0,0.0,0.0,0.0,0.0,940.0,105.0,0.0,0.0,0.0,5426.0
2022-04-13,,944.0,0.0,0.0,564.0,0.0,0.0,0.0,0.0,0.0,0.0,0.0,130.0,0.0,300.0,0.0,0.0,0.0,,881.0,2293.0,0.0,0.0,0.0,11.0,0.0,0.0,0.0,534.0,0.0,0.0,0.0,0.0,860.0,0.0,0.0,0.0,0.0,6517.0
2022-04-14,,914.0,0.0,0.0,0.0,0.0,0.0,0.0,0.0,0.0,0.0,0.0,268.0,0.0,250.0,0.0,0.0,0.0,,0.0,2059.0,0.0,0.0,0.0,0.0,0.0,0.0,0.0,475.0,0.0,0.0,0.0,0.0,0.0,0.0,0.0,0.0,0.0,3966.0
2022-04-15,,984.0,0.0,0.0,0.0,0.0,0.0,0.0,0.0,0.0,0.0,0.0,13.0,0.0,150.0,0.0,0.0,0.0,,0.0,0.0,0.0,0.0,0.0,0.0,0.0,0.0,0.0,0.0,0.0,0.0,0.0,0.0,430.0,0.0,0.0,0.0,0.0,1577.0
2022-04-16,,958.0,0.0,0.0,0.0,0.0,25.0,0.0,0.0,0.0,0.0,0.0,0.0,0.0,150.0,0.0,0.0,0.0,,0.0,0.0,0.0,0.0,0.0,0.0,0.0,0.0,0.0,0.0,0.0,0.0,0.0,0.0,770.0,0.0,0.0,0.0,0.0,1903.0
2022-04-17,,940.0,0.0,0.0,0.0,0.0,0.0,0.0,0.0,0.0,0.0,0.0,288.0,0.0,150.0,0.0,0.0,0.0,,0.0,0.0,0.0,0.0,0.0,0.0,0.0,0.0,0.0,0.0,0.0,0.0,0.0,0.0,260.0,0.0,0.0,0.0,0.0,1638.0
2022-04-18,,927.0,0.0,0.0,0.0,0.0,0.0,0.0,0.0,0.0,0.0,0.0,38.0,0.0,150.0,0.0,0.0,0.0,,0.0,0.0,0.0,0.0,0.0,0.0,0.0,0.0,0.0,0.0,0.0,0.0,0.0,0.0,1200.0,0.0,0.0,0.0,0.0,2315.0
2022-04-19,,917.0,0.0,0.0,0.0,0.0,0.0,0.0,0.0,0.0,0.0,0.0,0.0,5.0,300.0,0.0,0.0,0.0,,0.0,0.0,0.0,0.0,0.0,0.0,0.0,0.0,0.0,428.0,0.0,0.0,0.0,0.0,1110.0,0.0,0.0,0.0,0.0,2760.0
2022-04-20,,0.0,0.0,0.0,0.0,0.0,181.0,0.0,0.0,0.0,0.0,0.0,1288.0,0.0,250.0,260.0,0.0,0.0,,0.0,419.0,0.0,0.0,0.0,0.0,130.0,0.0,0.0,413.0,0.0,0.0,0.0,0.0,1440.0,0.0,0.0,0.0,0.0,4381.0
2022-04-21,,259.0,0.0,0.0,0.0,0.0,42.0,0.0,0.0,0.0,0.0,0.0,848.0,0.0,0.0,0.0,0.0,0.0,,83.0,212.0,10.0,0.0,0.0,0.0,0.0,0.0,0.0,0.0,0.0,0.0,0.0,0.0,1030.0,115.0,0.0,0.0,0.0,2599.0
2022-04-23,,0.0,0.0,0.0,0.0,0.0,0.0,0.0,0.0,0.0,0.0,0.0,300.0,0.0,0.0,0.0,0.0,0.0,,0.0,0.0,0.0,0.0,0.0,0.0,0.0,0.0,0.0,1308.0,0.0,0.0,0.0,0.0,0.0,70.0,0.0,0.0,0.0,1678.0
2022-04-24,,0.0,0.0,0.0,0.0,0.0,0.0,0.0,0.0,0.0,0.0,0.0,150.0,0.0,0.0,0.0,0.0,0.0,,0.0,0.0,0.0,0.0,0.0,0.0,0.0,0.0,0.0,124.0,0.0,0.0,0.0,0.0,1290.0,0.0,0.0,0.0,0.0,1564.0
2022-04-25,,0.0,0.0,0.0,0.0,0.0,0.0,0.0,0.0,0.0,0.0,0.0,13.0,0.0,0.0,0.0,0.0,0.0,,0.0,0.0,0.0,0.0,0.0,0.0,0.0,0.0,0.0,903.0,0.0,0.0,0.0,0.0,0.0,0.0,0.0,0.0,0.0,916.0
2022-04-26,,0.0,0.0,0.0,0.0,0.0,0.0,0.0,0.0,0.0,0.0,0.0,445.0,0.0,0.0,0.0,0.0,50.0,,0.0,0.0,0.0,0.0,0.0,0.0,0.0,0.0,500.0,629.0,0.0,0.0,0.0,0.0,0.0,0.0,0.0,0.0,0.0,1624.0
2022-04-27,,19.0,0.0,0.0,0.0,0.0,19.0,0.0,0.0,0.0,0.0,0.0,125.0,0.0,100.0,0.0,0.0,300.0,,458.0,0.0,0.0,0.0,0.0,0.0,0.0,0.0,2050.0,2229.0,0.0,0.0,0.0,0.0,320.0,0.0,0.0,0.0,0.0,5620.0
2022-04-28,,40.0,0.0,0.0,1430.0,0.0,0.0,0.0,0.0,0.0,0.0,0.0,1013.0,0.0,0.0,175.0,0.0,350.0,,0.0,0.0,16.0,0.0,0.0,0.0,240.0,0.0,700.0,767.0,0.0,0.0,0.0,0.0,1332.0,0.0,0.0,0.0,0.0,6063.0
2022-04-29,,180.0,0.0,0.0,1170.0,0.0,268.0,0.0,0.0,0.0,0.0,0.0,1355.0,0.0,0.0,0.0,0.0,0.0,,571.0,0.0,0.0,0.0,0.0,0.0,240.0,5.0,200.0,1543.0,0.0,0.0,0.0,0.0,0.0,0.0,0.0,0.0,0.0,5532.0
2022-04-30,,0.0,0.0,0.0,0.0,0.0,0.0,0.0,0.0,0.0,0.0,0.0,25.0,0.0,0.0,0.0,0.0,20.0,,557.0,0.0,0.0,0.0,0.0,0.0,0.0,0.0,0.0,500.0,0.0,0.0,0.0,0.0,170.0,0.0,0.0,0.0,0.0,1272.0
2022-05-01,,0.0,0.0,0.0,0.0,0.0,0.0,0.0,0.0,0.0,0.0,0.0,345.0,9.0,0.0,0.0,0.0,0.0,,0.0,0.0,0.0,0.0,0.0,0.0,0.0,0.0,0.0,0.0,0.0,0.0,0.0,0.0,170.0,0.0,0.0,0.0,0.0,524.0
2022-05-02,,0.0,0.0,0.0,0.0,0.0,0.0,0.0,0.0,0.0,0.0,0.0,325.0,0.0,330.0,227.0,0.0,0.0,,0.0,0.0,0.0,0.0,0.0,0.0,0.0,0.0,0.0,0.0,0.0,0.0,0.0,0.0,320.0,0.0,0.0,0.0,0.0,1202.0
2022-05-03,,0.0,0.0,0.0,0.0,0.0,0.0,0.0,0.0,0.0,0.0,0.0,0.0,14.0,0.0,0.0,0.0,0.0,,0.0,0.0,0.0,0.0,0.0,0.0,0.0,0.0,0.0,0.0,0.0,0.0,0.0,0.0,850.0,0.0,0.0,0.0,0.0,864.0
2022-05-04,,0.0,0.0,0.0,0.0,0.0,0.0,0.0,0.0,0.0,0.0,0.0,25.0,0.0,0.0,70.0,0.0,0.0,,0.0,0.0,0.0,0.0,0.0,0.0,0.0,0.0,0.0,0.0,0.0,0.0,0.0,0.0,660.0,0.0,0.0,0.0,0.0,755.0
2022-05-05,,0.0,0.0,0.0,0.0,0.0,0.0,0.0,0.0,0.0,0.0,0.0,638.0,0.0,30.0,55.0,0.0,0.0,,0.0,0.0,0.0,0.0,0.0,0.0,0.0,0.0,0.0,0.0,0.0,0.0,0.0,0.0,0.0,0.0,0.0,0.0,0.0,723.0
2022-05-06,,0.0,0.0,0.0,0.0,0.0,0.0,0.0,0.0,0.0,0.0,0.0,305.0,0.0,0.0,0.0,0.0,0.0,,0.0,0.0,0.0,0.0,0.0,0.0,0.0,0.0,0.0,0.0,0.0,0.0,0.0,0.0,90.0,0.0,0.0,0.0,0.0,395.0
2022-05-07,,0.0,0.0,0.0,254.0,0.0,0.0,0.0,0.0,0.0,0.0,0.0,0.0,0.0,0.0,0.0,0.0,0.0,,0.0,0.0,0.0,0.0,0.0,0.0,0.0,0.0,0.0,0.0,0.0,0.0,0.0,0.0,0.0,0.0,0.0,0.0,0.0,254.0
2022-05-08,,0.0,0.0,0.0,0.0,0.0,0.0,0.0,0.0,0.0,0.0,0.0,0.0,0.0,0.0,0.0,0.0,0.0,,0.0,0.0,0.0,0.0,0.0,0.0,0.0,0.0,0.0,0.0,0.0,0.0,0.0,0.0,180.0,0.0,0.0,0.0,0.0,180.0
2022-05-09,,0.0,0.0,0.0,0.0,0.0,0.0,0.0,0.0,0.0,0.0,0.0,131.0,0.0,0.0,0.0,0.0,0.0,,0.0,0.0,0.0,0.0,0.0,0.0,0.0,0.0,0.0,0.0,0.0,0.0,0.0,0.0,90.0,0.0,0.0,0.0,0.0,221.0
2022-05-10,,0.0,0.0,0.0,355.0,0.0,0.0,0.0,0.0,0.0,0.0,0.0,0.0,0.0,85.0,0.0,0.0,0.0,,0.0,0.0,0.0,0.0,0.0,0.0,0.0,0.0,0.0,0.0,0.0,0.0,0.0,0.0,170.0,0.0,0.0,0.0,0.0,610.0
2022-05-11,,0.0,0.0,0.0,198.0,0.0,0.0,0.0,0.0,0.0,0.0,0.0,0.0,0.0,0.0,0.0,0.0,0.0,,0.0,0.0,0.0,0.0,0.0,0.0,0.0,0.0,0.0,0.0,0.0,0.0,0.0,0.0,0.0,0.0,0.0,0.0,0.0,198.0
2022-05-12,,0.0,0.0,0.0,580.0,0.0,0.0,0.0,0.0,0.0,0.0,0.0,0.0,0.0,0.0,0.0,0.0,0.0,,0.0,0.0,0.0,0.0,0.0,0.0,0.0,0.0,0.0,0.0,0.0,0.0,0.0,0.0,170.0,0.0,0.0,0.0,0.0,750.0
2022-05-13,,0.0,0.0,0.0,0.0,0.0,0.0,0.0,0.0,0.0,0.0,0.0,0.0,0.0,0.0,211.0,0.0,0.0,,0.0,0.0,0.0,0.0,0.0,0.0,0.0,0.0,0.0,0.0,0.0,0.0,0.0,0.0,0.0,0.0,0.0,0.0,0.0,211.0
2022-05-14,,0.0,0.0,0.0,0.0,0.0,0.0,0.0,0.0,0.0,0.0,0.0,0.0,0.0,0.0,0.0,0.0,0.0,,0.0,0.0,0.0,0.0,0.0,0.0,0.0,0.0,0.0,0.0,0.0,0.0,0.0,0.0,0.0,0.0,0.0,0.0,0.0,0.0
2022-05-15,,0.0,0.0,0.0,162.0,0.0,0.0,0.0,0.0,0.0,0.0,0.0,0.0,0.0,0.0,0.0,0.0,0.0,,0.0,0.0,0.0,0.0,0.0,0.0,0.0,0.0,0.0,0.0,0.0,0.0,0.0,0.0,0.0,0.0,0.0,0.0,0.0,162.0
2022-05-16,,0.0,0.0,0.0,0.0,0.0,0.0,0.0,0.0,0.0,0.0,0.0,0.0,0.0,0.0,0.0,0.0,0.0,,0.0,0.0,0.0,0.0,0.0,0.0,0.0,0.0,0.0,0.0,0.0,0.0,0.0,0.0,0.0,0.0,0.0,0.0,0.0,0.0
2022-05-17,,0.0,0.0,0.0,289.0,0.0,0.0,0.0,0.0,0.0,0.0,0.0,0.0,0.0,0.0,0.0,0.0,0.0,,0.0,0.0,0.0,0.0,0.0,0.0,0.0,0.0,0.0,0.0,0.0,0.0,0.0,0.0,680.0,0.0,0.0,0.0,0.0,969.0
2022-05-18,,0.0,0.0,0.0,728.0,0.0,0.0,0.0,0.0,0.0,0.0,0.0,0.0,0.0,0.0,66.0,0.0,0.0,,0.0,0.0,0.0,0.0,0.0,0.0,0.0,0.0,0.0,121.0,0.0,0.0,0.0,0.0,0.0,75.0,0.0,0.0,0.0,990.0
2022-05-19,,0.0,0.0,0.0,0.0,0.0,0.0,0.0,0.0,0.0,0.0,0.0,0.0,0.0,0.0,130.0,0.0,0.0,,0.0,0.0,0.0,0.0,0.0,0.0,0.0,0.0,0.0,51.0,0.0,0.0,0.0,0.0,1030.0,0.0,0.0,0.0,0.0,1211.0
2022-05-20,,0.0,0.0,0.0,0.0,0.0,0.0,0.0,0.0,0.0,0.0,0.0,0.0,0.0,0.0,0.0,0.0,0.0,,0.0,0.0,0.0,0.0,0.0,0.0,0.0,0.0,0.0,0.0,0.0,0.0,0.0,0.0,0.0,0.0,0.0,0.0,0.0,0.0
2022-05-21,,0.0,0.0,0.0,0.0,0.0,0.0,0.0,0.0,0.0,0.0,0.0,0.0,0.0,0.0,0.0,0.0,0.0,,0.0,0.0,0.0,0.0,0.0,0.0,0.0,0.0,0.0,0.0,0.0,0.0,0.0,0.0,0.0,0.0,0.0,0.0,0.0,0.0
2022-05-22,,0.0,0.0,0.0,0.0,0.0,0.0,0.0,0.0,0.0,0.0,0.0,0.0,0.0,0.0,0.0,0.0,0.0,,0.0,0.0,0.0,0.0,0.0,0.0,0.0,0.0,0.0,0.0,0.0,0.0,0.0,0.0,0.0,0.0,0.0,0.0,0.0,0.0
2022-05-23,,0.0,0.0,0.0,0.0,0.0,0.0,0.0,0.0,0.0,0.0,0.0,0.0,0.0,300.0,0.0,0.0,0.0,,0.0,0.0,0.0,0.0,0.0,0.0,0.0,0.0,0.0,328.0,0.0,0.0,0.0,0.0,0.0,0.0,0.0,0.0,0.0,628.0
2022-05-24,,0.0,0.0,0.0,0.0,0.0,0.0,0.0,0.0,0.0,0.0,0.0,0.0,0.0,300.0,0.0,0.0,0.0,,0.0,0.0,0.0,0.0,0.0,0.0,0.0,0.0,0.0,0.0,0.0,0.0,0.0,0.0,0.0,0.0,0.0,0.0,0.0,300.0
2022-05-25,,0.0,0.0,0.0,0.0,0.0,0.0,0.0,0.0,0.0,0.0,0.0,30.0,0.0,0.0,376.0,0.0,0.0,,0.0,0.0,0.0,0.0,0.0,0.0,0.0,0.0,0.0,111.0,0.0,0.0,0.0,0.0,0.0,0.0,0.0,0.0,0.0,517.0
2022-05-26,,0.0,0.0,0.0,0.0,0.0,0.0,0.0,0.0,0.0,0.0,0.0,150.0,0.0,0.0,0.0,0.0,0.0,,0.0,0.0,0.0,0.0,0.0,0.0,0.0,0.0,0.0,0.0,0.0,0.0,0.0,0.0,0.0,0.0,0.0,0.0,0.0,150.0
2022-05-27,,0.0,0.0,0.0,371.0,0.0,0.0,0.0,0.0,0.0,0.0,0.0,0.0,0.0,0.0,0.0,0.0,0.0,,0.0,0.0,0.0,0.0,0.0,0.0,0.0,0.0,0.0,0.0,0.0,0.0,0.0,0.0,0.0,0.0,0.0,0.0,0.0,371.0
2022-05-28,,0.0,0.0,0.0,447.0,0.0,0.0,0.0,0.0,0.0,0.0,0.0,75.0,0.0,150.0,0.0,0.0,0.0,,0.0,0.0,0.0,0.0,0.0,0.0,0.0,0.0,0.0,420.0,0.0,0.0,0.0,0.0,0.0,0.0,0.0,0.0,0.0,1092.0
2022-05-29,,0.0,0.0,0.0,289.0,0.0,0.0,0.0,0.0,0.0,0.0,0.0,0.0,0.0,0.0,173.0,0.0,0.0,,0.0,0.0,0.0,0.0,0.0,0.0,0.0,0.0,0.0,0.0,0.0,0.0,0.0,0.0,490.0,0.0,0.0,0.0,0.0,952.0
2022-05-30,,0.0,0.0,0.0,850.0,0.0,0.0,0.0,0.0,0.0,0.0,0.0,100.0,0.0,0.0,336.0,0.0,0.0,,0.0,0.0,0.0,0.0,0.0,0.0,0.0,0.0,0.0,0.0,0.0,0.0,0.0,0.0,0.0,0.0,0.0,0.0,0.0,1286.0
2022-05-31,,0.0,0.0,0.0,460.0,0.0,0.0,0.0,0.0,0.0,0.0,0.0,0.0,0.0,0.0,0.0,0.0,0.0,,0.0,0.0,0.0,0.0,0.0,0.0,0.0,0.0,0.0,0.0,0.0,0.0,0.0,0.0,0.0,0.0,0.0,0.0,0.0,460.0
2022-06-01,,0.0,0.0,0.0,0.0,0.0,0.0,,,0.0,0.0,0.0,0.0,0.0,160.0,0.0,0.0,0.0,,0.0,0.0,0.0,0.0,0.0,0.0,0.0,0.0,0.0,0.0,0.0,0.0,0.0,0.0,220.0,0.0,0.0,0.0,0.0,380.0
2022-06-02,,0.0,0.0,0.0,245.0,0.0,0.0,,,0.0,0.0,0.0,57.0,0.0,0.0,291.0,0.0,0.0,,0.0,0.0,0.0,0.0,0.0,0.0,0.0,0.0,0.0,0.0,0.0,0.0,0.0,0.0,870.0,0.0,0.0,0.0,0.0,1463.0
2022-06-03,,0.0,0.0,0.0,0.0,0.0,0.0,,,0.0,0.0,0.0,0.0,0.0,200.0,0.0,0.0,0.0,,0.0,0.0,0.0,0.0,0.0,0.0,0.0,0.0,0.0,0.0,0.0,0.0,0.0,0.0,520.0,0.0,0.0,0.0,0.0,720.0
2022-06-04,,0.0,0.0,0.0,60.0,0.0,0.0,,,0.0,0.0,0.0,0.0,0.0,0.0,0.0,0.0,0.0,,0.0,0.0,0.0,0.0,0.0,0.0,0.0,0.0,0.0,0.0,0.0,0.0,0.0,0.0,1120.0,0.0,0.0,0.0,0.0,1180.0
2022-06-05,,0.0,0.0,0.0,51.0,0.0,0.0,,,0.0,0.0,0.0,0.0,0.0,0.0,0.0,0.0,0.0,,0.0,0.0,0.0,0.0,0.0,0.0,0.0,0.0,0.0,0.0,0.0,0.0,0.0,0.0,0.0,0.0,0.0,0.0,0.0,51.0
2022-06-06,,0.0,0.0,0.0,0.0,0.0,0.0,,,0.0,0.0,0.0,0.0,14.0,230.0,214.0,0.0,0.0,,0.0,0.0,0.0,0.0,0.0,0.0,0.0,0.0,0.0,0.0,0.0,0.0,0.0,0.0,190.0,0.0,0.0,0.0,0.0,648.0
2022-06-07,,0.0,0.0,0.0,0.0,0.0,0.0,,,0.0,0.0,0.0,0.0,0.0,100.0,0.0,0.0,0.0,,0.0,0.0,0.0,0.0,0.0,0.0,0.0,0.0,0.0,0.0,0.0,0.0,0.0,0.0,410.0,0.0,0.0,0.0,0.0,510.0
2022-06-08,,0.0,0.0,0.0,0.0,0.0,0.0,,,0.0,0.0,0.0,0.0,0.0,185.0,0.0,0.0,0.0,,0.0,0.0,0.0,0.0,0.0,0.0,0.0,0.0,0.0,0.0,0.0,0.0,0.0,0.0,300.0,0.0,0.0,0.0,0.0,485.0
2022-06-09,,0.0,0.0,0.0,0.0,0.0,0.0,,,0.0,0.0,0.0,0.0,0.0,0.0,0.0,0.0,0.0,,0.0,0.0,0.0,0.0,0.0,0.0,0.0,0.0,0.0,20.0,0.0,0.0,0.0,0.0,0.0,0.0,0.0,0.0,0.0,20.0
2022-06-10,,0.0,0.0,0.0,0.0,0.0,0.0,,,0.0,0.0,0.0,0.0,0.0,0.0,105.0,0.0,0.0,,0.0,0.0,0.0,0.0,0.0,0.0,0.0,0.0,0.0,0.0,0.0,0.0,0.0,0.0,410.0,0.0,0.0,0.0,0.0,515.0
2022-06-11,,0.0,0.0,0.0,652.0,0.0,0.0,,,0.0,0.0,0.0,0.0,0.0,180.0,365.0,0.0,0.0,,0.0,0.0,0.0,45.0,0.0,0.0,0.0,0.0,0.0,0.0,0.0,0.0,0.0,0.0,0.0,0.0,0.0,0.0,0.0,1242.0
2022-06-12,,0.0,0.0,0.0,396.0,0.0,0.0,,,0.0,0.0,0.0,0.0,0.0,0.0,340.0,0.0,0.0,,0.0,0.0,0.0,0.0,0.0,0.0,0.0,0.0,0.0,0.0,0.0,0.0,0.0,0.0,0.0,0.0,0.0,0.0,0.0,736.0
2022-06-13,,0.0,0.0,0.0,554.0,0.0,0.0,,,0.0,0.0,0.0,0.0,21.0,250.0,0.0,0.0,0.0,,0.0,0.0,0.0,0.0,0.0,0.0,0.0,0.0,0.0,820.0,0.0,0.0,0.0,0.0,160.0,75.0,0.0,0.0,0.0,1880.0
2022-06-15,,0.0,0.0,0.0,243.0,0.0,0.0,,,0.0,0.0,0.0,0.0,0.0,200.0,0.0,0.0,0.0,,0.0,0.0,0.0,0.0,0.0,0.0,0.0,0.0,0.0,0.0,0.0,0.0,0.0,0.0,490.0,0.0,0.0,0.0,100.0,1033.0
2022-06-16,,0.0,0.0,0.0,129.0,0.0,0.0,,,0.0,0.0,0.0,0.0,40.0,0.0,131.0,0.0,0.0,,0.0,0.0,0.0,0.0,0.0,0.0,0.0,0.0,0.0,0.0,0.0,0.0,0.0,0.0,0.0,0.0,0.0,0.0,0.0,300.0
2022-06-17,,0.0,0.0,0.0,0.0,0.0,0.0,,,0.0,0.0,0.0,0.0,49.0,150.0,432.0,0.0,0.0,,0.0,0.0,0.0,0.0,0.0,0.0,0.0,0.0,0.0,0.0,0.0,0.0,0.0,0.0,1080.0,0.0,0.0,0.0,0.0,1711.0
2022-06-18,,0.0,0.0,0.0,0.0,0.0,0.0,,,0.0,0.0,0.0,0.0,0.0,300.0,0.0,0.0,0.0,,0.0,0.0,0.0,0.0,0.0,0.0,0.0,0.0,0.0,0.0,0.0,0.0,0.0,0.0,0.0,0.0,0.0,0.0,0.0,300.0
2022-06-19,,0.0,0.0,0.0,0.0,0.0,0.0,,,0.0,0.0,0.0,0.0,0.0,0.0,0.0,0.0,0.0,,0.0,0.0,0.0,0.0,0.0,0.0,0.0,0.0,0.0,0.0,0.0,0.0,0.0,0.0,0.0,0.0,0.0,0.0,0.0,0.0
2022-06-20,,0.0,0.0,0.0,0.0,0.0,0.0,,,0.0,0.0,0.0,0.0,0.0,140.0,0.0,0.0,0.0,,0.0,0.0,0.0,23.0,0.0,0.0,0.0,0.0,0.0,0.0,0.0,0.0,0.0,0.0,0.0,0.0,0.0,0.0,0.0,163.0
2022-06-21,,0.0,0.0,0.0,278.0,0.0,0.0,,,0.0,0.0,0.0,0.0,0.0,0.0,0.0,0.0,0.0,,0.0,0.0,0.0,0.0,0.0,0.0,0.0,0.0,0.0,4.0,0.0,0.0,0.0,0.0,0.0,0.0,0.0,0.0,0.0,282.0
2022-06-22,,0.0,0.0,0.0,0.0,0.0,0.0,,,0.0,0.0,0.0,0.0,0.0,0.0,0.0,0.0,0.0,,0.0,0.0,0.0,0.0,0.0,0.0,0.0,0.0,0.0,0.0,0.0,0.0,0.0,0.0,490.0,0.0,0.0,0.0,0.0,490.0
2022-06-23,,0.0,0.0,0.0,173.0,0.0,0.0,,,0.0,0.0,0.0,208.0,0.0,0.0,0.0,0.0,0.0,,0.0,0.0,0.0,49.0,0.0,0.0,0.0,0.0,0.0,0.0,0.0,0.0,0.0,0.0,0.0,0.0,0.0,0.0,0.0,430.0
2022-06-24,,0.0,0.0,0.0,0.0,0.0,0.0,,,0.0,0.0,0.0,0.0,0.0,30.0,0.0,0.0,0.0,,0.0,0.0,0.0,0.0,0.0,0.0,0.0,0.0,0.0,0.0,0.0,0.0,0.0,0.0,190.0,0.0,0.0,0.0,0.0,220.0
2022-06-25,,0.0,0.0,0.0,0.0,0.0,0.0,,,0.0,0.0,0.0,0.0,0.0,0.0,88.0,0.0,0.0,,0.0,0.0,0.0,0.0,0.0,0.0,0.0,0.0,0.0,0.0,0.0,0.0,0.0,0.0,0.0,0.0,0.0,0.0,0.0,88.0
2022-06-26,,0.0,0.0,0.0,645.0,0.0,0.0,,,0.0,0.0,0.0,0.0,0.0,0.0,0.0,0.0,0.0,,0.0,0.0,0.0,0.0,0.0,0.0,0.0,0.0,0.0,0.0,0.0,0.0,0.0,0.0,0.0,0.0,0.0,0.0,0.0,645.0
2022-06-27,,0.0,0.0,0.0,519.0,0.0,50.0,,,0.0,0.0,0.0,298.0,0.0,100.0,63.0,0.0,0.0,,0.0,0.0,30.0,25.0,0.0,0.0,0.0,0.0,0.0,718.0,0.0,0.0,0.0,0.0,380.0,30.0,0.0,0.0,0.0,2213.0
2022-06-28,,0.0,0.0,0.0,319.0,0.0,0.0,,,0.0,0.0,0.0,0.0,0.0,0.0,96.0,0.0,0.0,,0.0,0.0,0.0,0.0,0.0,0.0,0.0,0.0,0.0,0.0,0.0,0.0,0.0,0.0,490.0,0.0,0.0,0.0,0.0,905.0
2022-06-29,,0.0,0.0,0.0,303.0,0.0,0.0,,,0.0,0.0,0.0,0.0,0.0,0.0,0.0,0.0,0.0,,0.0,0.0,0.0,48.0,0.0,0.0,0.0,0.0,0.0,0.0,0.0,0.0,0.0,0.0,0.0,0.0,0.0,0.0,0.0,351.0
2022-06-30,,0.0,0.0,0.0,453.0,0.0,0.0,,,0.0,0.0,0.0,0.0,0.0,0.0,118.0,0.0,0.0,,0.0,0.0,0.0,88.0,0.0,0.0,0.0,0.0,0.0,0.0,0.0,0.0,0.0,0.0,0.0,0.0,0.0,0.0,0.0,659.0
2022-07-01,,0.0,0.0,0.0,0.0,0.0,0.0,,,0.0,0.0,0.0,0.0,0.0,0.0,0.0,0.0,0.0,,0.0,0.0,0.0,46.0,0.0,0.0,0.0,0.0,0.0,0.0,0.0,0.0,0.0,0.0,0.0,0.0,0.0,0.0,0.0,46.0
2022-07-02,,0.0,0.0,0.0,110.0,0.0,0.0,,,0.0,0.0,0.0,0.0,0.0,150.0,0.0,0.0,0.0,,0.0,0.0,0.0,65.0,0.0,0.0,0.0,0.0,0.0,0.0,0.0,0.0,0.0,0.0,0.0,0.0,0.0,0.0,0.0,325.0
2022-07-03,,0.0,0.0,0.0,0.0,0.0,0.0,,,0.0,0.0,0.0,0.0,18.0,0.0,126.0,0.0,0.0,,0.0,0.0,0.0,64.0,0.0,0.0,0.0,0.0,0.0,0.0,0.0,0.0,0.0,0.0,0.0,0.0,0.0,0.0,0.0,208.0
2022-07-04,,0.0,0.0,0.0,0.0,0.0,0.0,,,0.0,0.0,0.0,0.0,0.0,0.0,0.0,0.0,0.0,,0.0,0.0,0.0,52.0,0.0,0.0,0.0,0.0,0.0,9.0,0.0,0.0,0.0,0.0,1224.0,0.0,0.0,0.0,0.0,1285.0
2022-07-05,,0.0,0.0,0.0,291.0,0.0,0.0,,,0.0,0.0,0.0,0.0,0.0,0.0,215.0,0.0,0.0,,0.0,0.0,0.0,13.0,0.0,0.0,0.0,40.0,0.0,0.0,0.0,0.0,0.0,10.0,540.0,75.0,0.0,0.0,0.0,1184.0
2022-07-06,,0.0,0.0,0.0,45.0,0.0,0.0,,,0.0,0.0,0.0,0.0,0.0,0.0,0.0,0.0,0.0,,0.0,0.0,0.0,21.0,0.0,0.0,0.0,0.0,0.0,0.0,0.0,0.0,0.0,0.0,490.0,0.0,0.0,0.0,0.0,556.0
2022-07-07,,0.0,0.0,0.0,0.0,0.0,0.0,,,0.0,0.0,0.0,125.0,0.0,0.0,0.0,0.0,0.0,,0.0,0.0,0.0,41.0,0.0,0.0,0.0,0.0,0.0,0.0,0.0,0.0,0.0,0.0,540.0,65.0,0.0,0.0,0.0,771.0
2022-07-08,,0.0,0.0,0.0,0.0,0.0,0.0,,,0.0,0.0,0.0,0.0,0.0,0.0,0.0,0.0,0.0,,0.0,0.0,0.0,40.0,0.0,0.0,0.0,0.0,0.0,0.0,0.0,0.0,0.0,0.0,300.0,15.0,0.0,0.0,0.0,355.0
2022-07-09,,0.0,0.0,0.0,1100.0,0.0,0.0,,,0.0,0.0,0.0,0.0,0.0,0.0,0.0,0.0,0.0,,0.0,0.0,0.0,15.0,0.0,0.0,0.0,0.0,0.0,0.0,0.0,0.0,0.0,0.0,0.0,0.0,0.0,0.0,0.0,1115.0
2022-07-10,,0.0,0.0,0.0,0.0,0.0,0.0,,,0.0,0.0,0.0,0.0,0.0,0.0,25.0,0.0,0.0,,0.0,0.0,0.0,51.0,0.0,0.0,0.0,0.0,0.0,0.0,0.0,0.0,0.0,0.0,0.0,0.0,0.0,0.0,0.0,76.0
2022-07-11,,0.0,0.0,0.0,0.0,0.0,0.0,,,0.0,0.0,0.0,143.0,0.0,0.0,0.0,0.0,0.0,,0.0,0.0,0.0,15.0,0.0,0.0,0.0,0.0,0.0,0.0,0.0,0.0,0.0,0.0,520.0,0.0,0.0,0.0,0.0,678.0
2022-07-12,,0.0,0.0,0.0,0.0,0.0,0.0,,,0.0,0.0,0.0,0.0,0.0,0.0,0.0,0.0,0.0,,0.0,0.0,0.0,0.0,0.0,0.0,0.0,0.0,0.0,0.0,0.0,0.0,0.0,0.0,190.0,0.0,0.0,0.0,0.0,190.0
2022-07-13,,0.0,0.0,0.0,0.0,0.0,0.0,,,0.0,0.0,0.0,0.0,0.0,0.0,0.0,0.0,0.0,,0.0,0.0,0.0,0.0,0.0,0.0,0.0,0.0,0.0,0.0,0.0,0.0,0.0,9.0,190.0,0.0,0.0,0.0,0.0,199.0
2022-07-14,,0.0,0.0,0.0,0.0,0.0,0.0,,,0.0,0.0,0.0,0.0,0.0,0.0,0.0,0.0,0.0,,0.0,0.0,0.0,0.0,0.0,0.0,0.0,0.0,0.0,0.0,0.0,0.0,0.0,0.0,0.0,0.0,0.0,0.0,0.0,0.0
2022-07-15,,0.0,0.0,0.0,1106.0,0.0,0.0,,,0.0,0.0,0.0,0.0,0.0,0.0,0.0,0.0,0.0,,0.0,0.0,0.0,0.0,0.0,0.0,0.0,0.0,0.0,0.0,0.0,0.0,0.0,0.0,0.0,0.0,0.0,0.0,0.0,1106.0
2022-07-16,,0.0,0.0,0.0,1698.0,0.0,0.0,,,0.0,0.0,0.0,0.0,0.0,0.0,0.0,0.0,0.0,,0.0,0.0,0.0,0.0,0.0,0.0,0.0,0.0,0.0,0.0,0.0,0.0,0.0,0.0,0.0,0.0,0.0,0.0,0.0,1698.0
2022-07-17,,0.0,0.0,0.0,873.0,0.0,0.0,,,0.0,0.0,0.0,0.0,0.0,200.0,0.0,0.0,0.0,,0.0,0.0,0.0,0.0,0.0,0.0,0.0,0.0,0.0,0.0,0.0,0.0,0.0,0.0,0.0,0.0,0.0,0.0,0.0,1073.0
2022-07-18,,0.0,0.0,0.0,1144.0,0.0,0.0,,,0.0,0.0,0.0,625.0,0.0,0.0,89.0,0.0,0.0,,0.0,0.0,29.0,0.0,0.0,0.0,0.0,0.0,0.0,219.0,0.0,0.0,0.0,0.0,0.0,35.0,0.0,0.0,0.0,2141.0
2022-07-19,,0.0,0.0,0.0,509.0,0.0,0.0,,,0.0,0.0,0.0,0.0,48.0,0.0,0.0,0.0,0.0,,0.0,0.0,32.0,0.0,0.0,0.0,0.0,0.0,0.0,0.0,0.0,0.0,0.0,0.0,410.0,50.0,0.0,0.0,0.0,1049.0
2022-07-20,,0.0,0.0,0.0,298.0,0.0,0.0,,,0.0,0.0,0.0,0.0,0.0,0.0,0.0,0.0,0.0,,0.0,0.0,0.0,0.0,0.0,0.0,0.0,0.0,0.0,0.0,0.0,0.0,0.0,0.0,540.0,75.0,0.0,0.0,0.0,913.0
2022-07-21,,0.0,0.0,0.0,81.0,0.0,0.0,,,0.0,0.0,0.0,0.0,0.0,0.0,439.0,0.0,0.0,,0.0,0.0,0.0,0.0,0.0,0.0,0.0,0.0,0.0,0.0,0.0,0.0,0.0,0.0,0.0,35.0,0.0,0.0,0.0,555.0
2022-07-22,,0.0,0.0,0.0,765.0,0.0,0.0,,,0.0,0.0,0.0,0.0,0.0,0.0,0.0,0.0,0.0,,0.0,0.0,0.0,0.0,0.0,0.0,0.0,0.0,0.0,0.0,0.0,0.0,0.0,0.0,0.0,35.0,0.0,0.0,0.0,800.0
2022-07-23,,0.0,0.0,0.0,0.0,0.0,0.0,,,0.0,0.0,0.0,0.0,0.0,0.0,0.0,0.0,0.0,,0.0,0.0,0.0,0.0,0.0,0.0,0.0,0.0,0.0,0.0,0.0,0.0,0.0,0.0,0.0,0.0,0.0,0.0,0.0,0.0
2022-07-24,,0.0,0.0,0.0,698.0,0.0,0.0,,,0.0,0.0,0.0,0.0,0.0,0.0,0.0,0.0,0.0,,0.0,0.0,0.0,0.0,0.0,0.0,0.0,0.0,0.0,0.0,0.0,0.0,0.0,0.0,0.0,0.0,0.0,0.0,0.0,698.0
2022-07-25,,0.0,0.0,0.0,0.0,0.0,0.0,,,0.0,0.0,0.0,0.0,54.0,0.0,329.0,0.0,0.0,,0.0,0.0,0.0,0.0,0.0,0.0,0.0,0.0,0.0,0.0,0.0,0.0,0.0,0.0,0.0,0.0,0.0,0.0,0.0,383.0
2022-07-26,,0.0,0.0,0.0,482.0,0.0,0.0,,,0.0,0.0,0.0,0.0,0.0,0.0,0.0,0.0,0.0,,0.0,0.0,0.0,0.0,0.0,0.0,0.0,0.0,0.0,0.0,0.0,0.0,0.0,0.0,220.0,0.0,0.0,0.0,0.0,702.0
2022-07-27,,0.0,0.0,0.0,0.0,0.0,0.0,,,0.0,0.0,0.0,0.0,0.0,0.0,0.0,0.0,0.0,,0.0,0.0,0.0,0.0,0.0,0.0,0.0,0.0,0.0,0.0,0.0,0.0,0.0,0.0,380.0,40.0,0.0,0.0,0.0,420.0
2022-07-28,,0.0,0.0,0.0,0.0,0.0,0.0,,,0.0,0.0,0.0,0.0,0.0,0.0,178.0,0.0,0.0,,0.0,0.0,0.0,0.0,0.0,0.0,0.0,0.0,0.0,0.0,0.0,0.0,0.0,0.0,220.0,0.0,0.0,0.0,0.0,398.0
2022-07-29,,0.0,0.0,0.0,0.0,0.0,0.0,,,0.0,0.0,0.0,0.0,0.0,0.0,0.0,0.0,0.0,,0.0,0.0,0.0,0.0,0.0,0.0,0.0,0.0,0.0,0.0,0.0,0.0,0.0,0.0,0.0,0.0,0.0,0.0,0.0,0.0
2022-07-30,,0.0,0.0,0.0,0.0,0.0,0.0,,,0.0,0.0,0.0,0.0,0.0,0.0,43.0,0.0,0.0,,0.0,0.0,0.0,0.0,0.0,0.0,0.0,0.0,0.0,0.0,0.0,0.0,0.0,0.0,0.0,0.0,0.0,0.0,0.0,43.0
2022-07-31,,0.0,0.0,0.0,0.0,0.0,0.0,,,0.0,0.0,0.0,0.0,0.0,0.0,0.0,0.0,0.0,,0.0,0.0,0.0,0.0,0.0,0.0,0.0,0.0,0.0,0.0,0.0,0.0,0.0,0.0,0.0,0.0,0.0,0.0,0.0,0.0
2022-08-01,,0.0,0.0,0.0,0.0,0.0,0.0,,,0.0,0.0,0.0,0.0,0.0,0.0,183.0,0.0,0.0,,0.0,0.0,0.0,0.0,0.0,0.0,0.0,0.0,0.0,0.0,0.0,0.0,0.0,0.0,0.0,35.0,0.0,0.0,0.0,218.0
2022-08-02,,0.0,0.0,0.0,180.0,0.0,0.0,,,0.0,0.0,0.0,0.0,0.0,0.0,0.0,0.0,0.0,,0.0,0.0,0.0,0.0,0.0,0.0,0.0,0.0,0.0,0.0,0.0,0.0,0.0,0.0,410.0,0.0,0.0,0.0,0.0,590.0
2022-08-03,,0.0,0.0,0.0,0.0,0.0,0.0,,,0.0,0.0,0.0,0.0,0.0,0.0,0.0,0.0,0.0,,0.0,0.0,0.0,0.0,0.0,0.0,200.0,0.0,0.0,0.0,0.0,0.0,0.0,0.0,220.0,110.0,0.0,0.0,0.0,530.0
2022-08-04,,0.0,0.0,0.0,0.0,0.0,0.0,,,0.0,0.0,0.0,0.0,19.0,0.0,0.0,0.0,0.0,,0.0,0.0,0.0,0.0,0.0,0.0,200.0,0.0,0.0,0.0,0.0,0.0,0.0,0.0,0.0,0.0,0.0,0.0,0.0,219.0
2022-08-05,,0.0,0.0,0.0,85.0,0.0,0.0,,,0.0,0.0,0.0,0.0,0.0,0.0,320.0,0.0,0.0,,0.0,0.0,0.0,0.0,0.0,0.0,0.0,0.0,0.0,0.0,0.0,0.0,0.0,0.0,0.0,0.0,0.0,0.0,0.0,405.0
2022-08-06,,0.0,0.0,0.0,0.0,0.0,0.0,,,0.0,0.0,0.0,0.0,0.0,0.0,0.0,0.0,0.0,,0.0,0.0,0.0,0.0,0.0,0.0,0.0,0.0,0.0,0.0,0.0,0.0,0.0,0.0,0.0,70.0,0.0,0.0,0.0,70.0
2022-08-07,,0.0,0.0,0.0,388.0,0.0,0.0,,,0.0,0.0,0.0,0.0,0.0,0.0,0.0,0.0,0.0,,0.0,0.0,0.0,0.0,0.0,0.0,0.0,0.0,0.0,0.0,0.0,0.0,0.0,0.0,0.0,0.0,0.0,0.0,0.0,388.0
2022-08-08,,0.0,0.0,0.0,0.0,0.0,0.0,,,0.0,0.0,0.0,0.0,0.0,0.0,0.0,0.0,0.0,,0.0,0.0,0.0,0.0,0.0,0.0,0.0,0.0,0.0,0.0,0.0,0.0,0.0,0.0,0.0,0.0,0.0,0.0,0.0,0.0
2022-08-09,,0.0,0.0,0.0,0.0,0.0,0.0,,,0.0,0.0,0.0,0.0,0.0,0.0,115.0,0.0,0.0,,0.0,0.0,0.0,0.0,0.0,0.0,0.0,0.0,0.0,0.0,0.0,0.0,0.0,0.0,0.0,0.0,0.0,0.0,0.0,115.0
2022-08-10,,0.0,0.0,0.0,0.0,0.0,0.0,,,0.0,0.0,0.0,0.0,0.0,0.0,0.0,0.0,0.0,,0.0,0.0,0.0,0.0,0.0,0.0,0.0,0.0,0.0,0.0,0.0,0.0,0.0,0.0,0.0,0.0,0.0,0.0,0.0,0.0
2022-08-11,,0.0,0.0,0.0,0.0,0.0,0.0,,,0.0,0.0,0.0,0.0,0.0,0.0,0.0,0.0,0.0,,0.0,0.0,0.0,0.0,0.0,0.0,0.0,0.0,0.0,0.0,0.0,0.0,0.0,0.0,0.0,0.0,0.0,0.0,0.0,0.0
2022-08-12,,0.0,0.0,0.0,175.0,0.0,0.0,,,0.0,0.0,0.0,0.0,0.0,0.0,190.0,0.0,0.0,,0.0,0.0,0.0,0.0,0.0,0.0,0.0,0.0,0.0,0.0,0.0,0.0,0.0,0.0,0.0,0.0,0.0,0.0,0.0,365.0
2022-08-13,,0.0,0.0,0.0,104.0,0.0,0.0,,,0.0,0.0,0.0,0.0,0.0,0.0,298.0,0.0,0.0,,0.0,0.0,0.0,0.0,0.0,0.0,0.0,0.0,0.0,0.0,0.0,0.0,0.0,0.0,0.0,0.0,0.0,0.0,0.0,402.0
2022-08-14,,0.0,0.0,0.0,0.0,0.0,0.0,,,0.0,0.0,0.0,0.0,0.0,0.0,44.0,0.0,0.0,,0.0,0.0,0.0,0.0,0.0,0.0,0.0,0.0,0.0,0.0,0.0,0.0,0.0,0.0,0.0,0.0,0.0,0.0,0.0,44.0
2022-08-15,,0.0,0.0,0.0,312.0,0.0,0.0,,,0.0,0.0,0.0,0.0,0.0,0.0,0.0,0.0,0.0,,0.0,0.0,0.0,0.0,0.0,0.0,0.0,0.0,0.0,0.0,0.0,0.0,0.0,0.0,0.0,0.0,0.0,0.0,0.0,312.0
2022-08-16,,0.0,0.0,0.0,187.0,0.0,177.0,,,0.0,0.0,0.0,0.0,0.0,0.0,0.0,0.0,0.0,,0.0,0.0,0.0,0.0,0.0,0.0,0.0,0.0,0.0,0.0,0.0,0.0,0.0,0.0,0.0,0.0,0.0,0.0,0.0,364.0
2022-08-17,,0.0,0.0,0.0,187.0,0.0,0.0,,,0.0,0.0,0.0,0.0,0.0,0.0,259.0,0.0,0.0,,0.0,0.0,0.0,0.0,0.0,0.0,0.0,0.0,0.0,0.0,0.0,0.0,0.0,0.0,0.0,0.0,0.0,0.0,0.0,446.0
2022-08-18,,0.0,0.0,0.0,117.0,0.0,0.0,,,0.0,0.0,0.0,225.0,0.0,0.0,0.0,0.0,0.0,,0.0,0.0,0.0,0.0,0.0,0.0,0.0,0.0,0.0,0.0,0.0,0.0,0.0,0.0,110.0,0.0,0.0,0.0,0.0,452.0
2022-08-19,,0.0,0.0,0.0,1457.0,0.0,0.0,,,0.0,0.0,0.0,0.0,0.0,0.0,0.0,0.0,0.0,,0.0,0.0,0.0,0.0,0.0,0.0,0.0,0.0,0.0,0.0,0.0,0.0,0.0,0.0,0.0,0.0,0.0,0.0,0.0,1457.0
2022-08-20,,0.0,0.0,0.0,0.0,0.0,0.0,,,0.0,0.0,0.0,0.0,0.0,0.0,0.0,0.0,0.0,,0.0,0.0,0.0,0.0,0.0,0.0,0.0,0.0,0.0,0.0,0.0,0.0,0.0,0.0,0.0,0.0,0.0,0.0,0.0,0.0
2022-08-21,,0.0,0.0,0.0,0.0,0.0,0.0,,,0.0,0.0,0.0,0.0,0.0,0.0,0.0,0.0,0.0,,0.0,0.0,0.0,0.0,0.0,0.0,0.0,0.0,0.0,0.0,0.0,0.0,0.0,0.0,0.0,0.0,0.0,0.0,0.0,0.0
2022-08-22,,0.0,0.0,0.0,822.0,0.0,0.0,,,0.0,0.0,0.0,0.0,0.0,0.0,133.0,0.0,0.0,,0.0,0.0,0.0,0.0,0.0,0.0,0.0,0.0,0.0,0.0,0.0,0.0,0.0,0.0,0.0,0.0,0.0,0.0,0.0,955.0
2022-08-23,,0.0,0.0,0.0,253.0,0.0,0.0,,,0.0,0.0,0.0,0.0,0.0,0.0,51.0,0.0,0.0,,0.0,0.0,0.0,0.0,0.0,0.0,0.0,0.0,0.0,0.0,0.0,0.0,0.0,0.0,0.0,0.0,0.0,0.0,0.0,304.0
2022-08-24,,0.0,0.0,0.0,0.0,0.0,0.0,,,0.0,18.0,0.0,100.0,0.0,0.0,135.0,0.0,0.0,,0.0,0.0,0.0,0.0,0.0,0.0,0.0,0.0,0.0,0.0,0.0,0.0,0.0,0.0,0.0,75.0,0.0,0.0,0.0,328.0
2022-08-25,,0.0,0.0,0.0,0.0,0.0,0.0,,,0.0,0.0,0.0,0.0,0.0,190.0,126.0,0.0,0.0,,0.0,0.0,0.0,0.0,0.0,0.0,0.0,0.0,0.0,0.0,0.0,0.0,0.0,0.0,870.0,0.0,0.0,0.0,0.0,1186.0
2022-08-26,,0.0,0.0,0.0,1046.0,0.0,0.0,,,0.0,0.0,0.0,0.0,0.0,215.0,0.0,0.0,0.0,,0.0,0.0,37.0,0.0,0.0,0.0,350.0,0.0,0.0,0.0,0.0,0.0,0.0,0.0,730.0,0.0,0.0,0.0,0.0,2378.0
2022-08-27,,0.0,0.0,0.0,647.0,0.0,0.0,,,0.0,0.0,0.0,0.0,0.0,40.0,64.0,0.0,0.0,,0.0,0.0,0.0,0.0,0.0,0.0,0.0,0.0,0.0,0.0,0.0,0.0,0.0,0.0,370.0,75.0,0.0,0.0,0.0,1196.0
2022-08-28,,0.0,0.0,0.0,931.0,0.0,0.0,,,0.0,0.0,0.0,0.0,0.0,140.0,0.0,0.0,0.0,,0.0,0.0,0.0,0.0,0.0,0.0,0.0,0.0,0.0,0.0,0.0,0.0,0.0,0.0,0.0,0.0,0.0,0.0,0.0,1071.0
2022-08-29,,0.0,0.0,0.0,687.0,0.0,0.0,,,0.0,0.0,0.0,0.0,0.0,100.0,431.0,0.0,0.0,,0.0,0.0,40.0,0.0,0.0,0.0,0.0,0.0,0.0,60.0,0.0,0.0,0.0,0.0,300.0,0.0,0.0,0.0,0.0,1618.0
2022-08-30,,0.0,0.0,0.0,1365.0,0.0,0.0,,,0.0,0.0,0.0,13.0,0.0,0.0,0.0,0.0,0.0,,0.0,0.0,0.0,0.0,0.0,0.0,80.0,0.0,0.0,0.0,0.0,0.0,0.0,0.0,0.0,0.0,0.0,0.0,0.0,1458.0
2022-08-31,,0.0,0.0,0.0,1384.0,0.0,0.0,,,0.0,0.0,0.0,0.0,0.0,255.0,0.0,0.0,0.0,,0.0,0.0,0.0,0.0,0.0,0.0,0.0,0.0,0.0,0.0,0.0,0.0,0.0,0.0,0.0,75.0,0.0,0.0,0.0,1714.0
2022-09-01,,0.0,0.0,0.0,1490.0,0.0,0.0,,,0.0,0.0,0.0,0.0,0.0,0.0,0.0,0.0,0.0,,0.0,0.0,0.0,0.0,0.0,0.0,0.0,0.0,0.0,0.0,0.0,0.0,0.0,0.0,250.0,0.0,0.0,0.0,0.0,1740.0
2022-09-02,,0.0,0.0,0.0,0.0,0.0,0.0,,,0.0,0.0,0.0,0.0,0.0,320.0,223.0,0.0,0.0,,0.0,0.0,0.0,0.0,0.0,0.0,0.0,0.0,0.0,25.0,0.0,0.0,0.0,0.0,0.0,0.0,0.0,0.0,0.0,568.0
2022-09-03,,0.0,0.0,0.0,0.0,0.0,0.0,,,0.0,0.0,0.0,0.0,0.0,0.0,0.0,0.0,0.0,,0.0,0.0,0.0,0.0,0.0,0.0,0.0,0.0,0.0,0.0,0.0,0.0,0.0,0.0,110.0,0.0,0.0,0.0,0.0,110.0
2022-09-04,,0.0,0.0,0.0,0.0,0.0,0.0,,,0.0,0.0,0.0,0.0,0.0,0.0,0.0,0.0,0.0,,0.0,0.0,0.0,0.0,0.0,0.0,0.0,0.0,0.0,0.0,0.0,0.0,0.0,0.0,0.0,0.0,0.0,0.0,0.0,0.0
2022-09-05,,0.0,0.0,0.0,350.0,0.0,0.0,,,0.0,0.0,0.0,33.0,0.0,0.0,331.0,0.0,0.0,,0.0,0.0,0.0,0.0,0.0,0.0,0.0,0.0,0.0,0.0,0.0,0.0,0.0,0.0,410.0,0.0,0.0,0.0,0.0,1124.0
2022-09-06,,0.0,0.0,0.0,0.0,0.0,0.0,,,0.0,0.0,0.0,0.0,41.0,0.0,98.0,0.0,0.0,,0.0,0.0,0.0,0.0,0.0,0.0,0.0,0.0,0.0,0.0,0.0,0.0,0.0,0.0,190.0,110.0,0.0,0.0,0.0,439.0
2022-09-07,,0.0,0.0,0.0,0.0,0.0,0.0,,,0.0,0.0,0.0,0.0,0.0,250.0,120.0,0.0,0.0,,0.0,0.0,0.0,0.0,0.0,0.0,0.0,0.0,0.0,0.0,0.0,0.0,0.0,0.0,634.0,75.0,0.0,0.0,0.0,1079.0
2022-09-08,,0.0,0.0,0.0,0.0,0.0,0.0,,,0.0,0.0,0.0,0.0,0.0,0.0,0.0,0.0,0.0,,0.0,0.0,0.0,0.0,0.0,0.0,0.0,0.0,0.0,0.0,0.0,0.0,0.0,0.0,220.0,110.0,0.0,0.0,0.0,330.0
2022-09-09,,0.0,0.0,0.0,30.0,0.0,0.0,,,0.0,0.0,0.0,0.0,0.0,0.0,0.0,0.0,0.0,,0.0,0.0,0.0,0.0,0.0,0.0,0.0,0.0,0.0,0.0,0.0,0.0,0.0,0.0,840.0,0.0,0.0,0.0,0.0,870.0
2022-09-10,,0.0,0.0,0.0,365.0,0.0,0.0,,,0.0,0.0,0.0,0.0,0.0,200.0,189.0,0.0,0.0,,0.0,0.0,0.0,0.0,0.0,0.0,0.0,0.0,0.0,86.0,0.0,0.0,0.0,0.0,0.0,0.0,0.0,0.0,0.0,840.0
2022-09-11,,0.0,0.0,0.0,0.0,0.0,0.0,,,0.0,0.0,0.0,0.0,0.0,0.0,0.0,0.0,0.0,,0.0,0.0,0.0,0.0,0.0,0.0,0.0,0.0,0.0,0.0,0.0,0.0,0.0,0.0,0.0,0.0,0.0,0.0,0.0,0.0
2022-09-12,,0.0,0.0,0.0,15.0,0.0,0.0,,,0.0,0.0,0.0,0.0,0.0,0.0,149.0,0.0,0.0,,0.0,0.0,6.0,0.0,0.0,0.0,0.0,0.0,0.0,0.0,0.0,0.0,0.0,0.0,0.0,0.0,0.0,0.0,0.0,170.0
2022-09-13,,0.0,0.0,0.0,0.0,0.0,0.0,,,0.0,0.0,0.0,0.0,0.0,150.0,139.0,0.0,0.0,,0.0,0.0,0.0,0.0,0.0,0.0,0.0,0.0,0.0,0.0,0.0,0.0,0.0,0.0,0.0,0.0,0.0,0.0,0.0,289.0
2022-09-14,,0.0,0.0,0.0,0.0,0.0,0.0,,,0.0,0.0,0.0,0.0,0.0,0.0,0.0,0.0,0.0,,0.0,0.0,14.0,0.0,0.0,0.0,0.0,0.0,0.0,0.0,0.0,0.0,0.0,0.0,0.0,0.0,0.0,0.0,0.0,14.0
2022-09-15,,0.0,0.0,0.0,0.0,0.0,0.0,,,0.0,0.0,0.0,0.0,0.0,0.0,0.0,0.0,0.0,,0.0,0.0,46.0,0.0,0.0,0.0,0.0,0.0,0.0,0.0,0.0,0.0,0.0,0.0,0.0,0.0,0.0,0.0,0.0,46.0
2022-09-16,,0.0,0.0,0.0,0.0,0.0,0.0,,,0.0,0.0,0.0,0.0,0.0,0.0,131.0,0.0,0.0,,0.0,0.0,7.0,0.0,0.0,0.0,0.0,0.0,0.0,17.0,0.0,0.0,0.0,0.0,0.0,0.0,0.0,0.0,0.0,155.0
2022-09-17,,0.0,0.0,0.0,0.0,0.0,0.0,,,0.0,0.0,0.0,0.0,0.0,130.0,0.0,0.0,0.0,,0.0,0.0,0.0,0.0,0.0,0.0,0.0,0.0,0.0,0.0,0.0,0.0,0.0,0.0,0.0,0.0,0.0,0.0,0.0,130.0
2022-09-18,,0.0,0.0,0.0,0.0,0.0,0.0,,,0.0,0.0,0.0,150.0,0.0,200.0,170.0,0.0,0.0,,0.0,0.0,0.0,0.0,0.0,0.0,0.0,0.0,0.0,0.0,0.0,0.0,0.0,0.0,0.0,0.0,0.0,0.0,0.0,520.0
2022-09-19,,0.0,0.0,0.0,0.0,0.0,0.0,,,0.0,0.0,0.0,0.0,0.0,0.0,211.0,0.0,0.0,,0.0,0.0,40.0,0.0,0.0,0.0,0.0,0.0,0.0,0.0,0.0,0.0,0.0,0.0,0.0,40.0,0.0,0.0,0.0,291.0
2022-09-20,,0.0,0.0,0.0,0.0,0.0,0.0,,,0.0,0.0,0.0,0.0,0.0,0.0,79.0,0.0,0.0,,0.0,0.0,0.0,0.0,0.0,0.0,0.0,0.0,0.0,0.0,0.0,0.0,0.0,0.0,0.0,0.0,0.0,0.0,0.0,79.0
2022-09-21,,0.0,0.0,0.0,0.0,0.0,0.0,,,0.0,0.0,0.0,0.0,0.0,0.0,207.0,0.0,0.0,,0.0,0.0,0.0,0.0,0.0,0.0,0.0,0.0,0.0,0.0,0.0,0.0,0.0,0.0,0.0,0.0,0.0,0.0,0.0,207.0
2022-09-22,,0.0,0.0,0.0,511.0,0.0,0.0,,,0.0,0.0,0.0,0.0,0.0,100.0,0.0,0.0,0.0,,0.0,0.0,0.0,0.0,0.0,0.0,0.0,0.0,0.0,0.0,0.0,0.0,0.0,0.0,0.0,0.0,0.0,0.0,0.0,611.0
2022-09-23,,0.0,0.0,0.0,329.0,0.0,0.0,,,0.0,0.0,0.0,0.0,0.0,0.0,0.0,0.0,0.0,,0.0,0.0,0.0,0.0,0.0,0.0,0.0,0.0,0.0,0.0,0.0,0.0,0.0,0.0,0.0,0.0,0.0,0.0,0.0,329.0
2022-09-24,,0.0,0.0,0.0,219.0,0.0,0.0,,,0.0,0.0,0.0,0.0,0.0,0.0,0.0,0.0,0.0,,0.0,0.0,0.0,0.0,0.0,0.0,0.0,0.0,0.0,0.0,0.0,0.0,0.0,0.0,0.0,0.0,0.0,0.0,0.0,219.0
2022-09-25,,0.0,0.0,0.0,0.0,0.0,0.0,,,0.0,0.0,0.0,0.0,0.0,0.0,0.0,0.0,0.0,,0.0,0.0,0.0,0.0,0.0,0.0,0.0,0.0,0.0,0.0,0.0,0.0,0.0,0.0,0.0,0.0,0.0,0.0,0.0,0.0
2022-09-26,,0.0,0.0,0.0,92.0,0.0,0.0,,,0.0,0.0,0.0,250.0,0.0,0.0,94.0,0.0,0.0,,0.0,0.0,49.0,0.0,0.0,0.0,0.0,0.0,0.0,0.0,0.0,0.0,0.0,0.0,0.0,0.0,0.0,0.0,0.0,485.0
2022-09-27,,0.0,0.0,0.0,225.0,0.0,0.0,,,0.0,0.0,0.0,0.0,0.0,0.0,0.0,0.0,0.0,,0.0,0.0,0.0,0.0,0.0,0.0,0.0,0.0,0.0,0.0,0.0,0.0,0.0,0.0,0.0,0.0,0.0,0.0,0.0,225.0
2022-09-28,,0.0,0.0,0.0,517.0,0.0,0.0,,,0.0,0.0,0.0,0.0,0.0,50.0,100.0,0.0,0.0,,0.0,0.0,0.0,0.0,0.0,0.0,0.0,0.0,0.0,0.0,0.0,0.0,0.0,0.0,0.0,0.0,0.0,0.0,0.0,667.0
2022-09-29,,0.0,0.0,0.0,0.0,0.0,0.0,,,0.0,0.0,0.0,0.0,0.0,0.0,0.0,0.0,0.0,,0.0,0.0,0.0,0.0,0.0,0.0,0.0,0.0,0.0,0.0,0.0,0.0,0.0,0.0,0.0,0.0,0.0,0.0,0.0,0.0
2022-09-30,,0.0,0.0,0.0,110.0,0.0,0.0,,,0.0,35.0,0.0,0.0,15.0,170.0,0.0,0.0,0.0,,0.0,0.0,0.0,0.0,0.0,0.0,0.0,0.0,0.0,0.0,0.0,0.0,0.0,0.0,0.0,40.0,0.0,0.0,0.0,370.0
2022-10-01,,0.0,0.0,0.0,0.0,0.0,0.0,,,0.0,0.0,0.0,0.0,0.0,0.0,0.0,0.0,0.0,,0.0,0.0,0.0,0.0,0.0,0.0,0.0,0.0,0.0,0.0,0.0,0.0,0.0,0.0,0.0,0.0,0.0,0.0,0.0,0.0
2022-10-02,,0.0,0.0,0.0,0.0,0.0,0.0,,,0.0,0.0,0.0,0.0,0.0,0.0,0.0,0.0,0.0,,0.0,0.0,0.0,0.0,0.0,0.0,0.0,0.0,0.0,0.0,0.0,0.0,0.0,0.0,0.0,0.0,0.0,0.0,0.0,0.0
2022-10-03,,0.0,0.0,0.0,0.0,0.0,0.0,,,0.0,0.0,0.0,0.0,0.0,0.0,0.0,0.0,0.0,,0.0,0.0,0.0,0.0,0.0,0.0,0.0,0.0,0.0,0.0,0.0,0.0,0.0,0.0,0.0,80.0,0.0,0.0,0.0,80.0
2022-10-04,,0.0,0.0,0.0,0.0,0.0,0.0,,,0.0,0.0,0.0,0.0,0.0,0.0,0.0,0.0,0.0,,0.0,0.0,0.0,0.0,0.0,0.0,0.0,0.0,0.0,0.0,0.0,0.0,0.0,0.0,0.0,0.0,0.0,0.0,0.0,0.0
2022-10-05,,0.0,0.0,0.0,218.0,0.0,0.0,,,0.0,0.0,0.0,0.0,0.0,0.0,0.0,0.0,0.0,,0.0,0.0,0.0,0.0,0.0,0.0,0.0,0.0,0.0,0.0,0.0,0.0,0.0,0.0,0.0,0.0,0.0,0.0,0.0,218.0
2022-10-06,,0.0,0.0,0.0,0.0,0.0,0.0,,,0.0,0.0,0.0,0.0,0.0,0.0,82.0,0.0,0.0,,0.0,0.0,0.0,0.0,0.0,0.0,0.0,0.0,0.0,0.0,0.0,0.0,0.0,0.0,0.0,0.0,0.0,0.0,0.0,82.0
2022-10-07,,0.0,0.0,0.0,131.0,0.0,0.0,,,0.0,0.0,0.0,0.0,0.0,0.0,0.0,0.0,0.0,,0.0,0.0,0.0,0.0,0.0,0.0,0.0,0.0,0.0,0.0,0.0,0.0,0.0,0.0,0.0,0.0,0.0,0.0,0.0,131.0
2022-10-08,,0.0,0.0,0.0,452.0,0.0,0.0,,,0.0,0.0,0.0,0.0,0.0,0.0,0.0,0.0,0.0,,0.0,0.0,0.0,0.0,0.0,0.0,0.0,0.0,0.0,0.0,0.0,0.0,0.0,0.0,0.0,0.0,0.0,0.0,0.0,452.0
2022-10-09,,0.0,0.0,0.0,121.0,0.0,0.0,,,0.0,0.0,0.0,0.0,0.0,0.0,0.0,0.0,0.0,,0.0,0.0,0.0,0.0,0.0,0.0,0.0,0.0,0.0,0.0,0.0,0.0,0.0,0.0,0.0,0.0,0.0,0.0,0.0,121.0
2022-10-10,,0.0,0.0,0.0,74.0,0.0,0.0,,,0.0,0.0,0.0,0.0,0.0,0.0,0.0,0.0,0.0,,0.0,0.0,0.0,0.0,0.0,0.0,0.0,0.0,0.0,0.0,0.0,0.0,0.0,0.0,0.0,70.0,0.0,0.0,0.0,144.0
2022-10-11,,0.0,0.0,0.0,334.0,0.0,0.0,,,0.0,0.0,0.0,0.0,0.0,0.0,0.0,0.0,0.0,,0.0,0.0,0.0,0.0,0.0,0.0,0.0,0.0,0.0,0.0,0.0,0.0,0.0,0.0,0.0,0.0,0.0,0.0,0.0,334.0
2022-10-12,,0.0,0.0,0.0,241.0,0.0,0.0,,,0.0,0.0,0.0,0.0,0.0,0.0,88.0,0.0,0.0,,0.0,0.0,0.0,0.0,0.0,0.0,0.0,0.0,0.0,0.0,0.0,0.0,0.0,0.0,0.0,35.0,0.0,0.0,0.0,364.0
2022-10-13,,0.0,0.0,0.0,0.0,0.0,0.0,,,0.0,0.0,0.0,0.0,0.0,0.0,99.0,0.0,0.0,,0.0,0.0,0.0,0.0,0.0,0.0,0.0,0.0,0.0,0.0,0.0,0.0,0.0,0.0,0.0,40.0,0.0,0.0,0.0,139.0
2022-10-14,,0.0,0.0,0.0,0.0,0.0,0.0,,,0.0,0.0,0.0,0.0,0.0,0.0,0.0,0.0,0.0,,0.0,0.0,0.0,0.0,0.0,0.0,0.0,0.0,0.0,0.0,0.0,0.0,0.0,0.0,0.0,0.0,0.0,0.0,0.0,0.0
2022-10-15,,0.0,0.0,0.0,0.0,0.0,0.0,,,0.0,0.0,0.0,0.0,0.0,0.0,60.0,0.0,0.0,,0.0,0.0,0.0,0.0,0.0,0.0,0.0,0.0,0.0,0.0,0.0,0.0,0.0,0.0,0.0,0.0,0.0,0.0,0.0,60.0
2022-10-16,,0.0,0.0,0.0,0.0,0.0,0.0,,,0.0,0.0,0.0,0.0,0.0,0.0,0.0,0.0,0.0,,0.0,0.0,0.0,0.0,0.0,0.0,0.0,0.0,0.0,0.0,0.0,0.0,0.0,0.0,0.0,0.0,0.0,0.0,0.0,0.0
2022-10-17,,0.0,0.0,0.0,0.0,0.0,0.0,,,0.0,0.0,0.0,0.0,0.0,0.0,0.0,0.0,0.0,,0.0,0.0,0.0,0.0,0.0,0.0,0.0,0.0,0.0,0.0,0.0,0.0,0.0,0.0,0.0,0.0,0.0,0.0,0.0,0.0
2022-10-18,,0.0,0.0,0.0,0.0,0.0,0.0,,,0.0,0.0,0.0,0.0,0.0,0.0,0.0,0.0,0.0,,0.0,0.0,0.0,0.0,0.0,0.0,0.0,0.0,0.0,0.0,0.0,0.0,0.0,0.0,0.0,0.0,0.0,0.0,0.0,0.0
2022-10-19,,0.0,0.0,0.0,410.0,0.0,0.0,,,0.0,0.0,0.0,0.0,0.0,0.0,0.0,0.0,0.0,,0.0,0.0,0.0,0.0,0.0,0.0,0.0,0.0,0.0,0.0,0.0,0.0,0.0,0.0,0.0,0.0,0.0,0.0,0.0,410.0
2022-10-20,,0.0,0.0,0.0,88.0,0.0,0.0,,,0.0,0.0,0.0,0.0,0.0,0.0,0.0,0.0,0.0,,0.0,0.0,0.0,0.0,0.0,0.0,0.0,0.0,0.0,0.0,0.0,0.0,0.0,0.0,0.0,0.0,0.0,0.0,0.0,88.0
2022-10-21,,0.0,0.0,0.0,0.0,0.0,0.0,,,0.0,0.0,0.0,0.0,17.0,0.0,0.0,0.0,0.0,,0.0,0.0,0.0,0.0,0.0,0.0,0.0,0.0,0.0,0.0,0.0,0.0,0.0,0.0,0.0,0.0,0.0,0.0,0.0,17.0
2022-10-22,,0.0,0.0,0.0,0.0,0.0,0.0,,,0.0,0.0,0.0,0.0,0.0,0.0,0.0,0.0,0.0,,0.0,0.0,0.0,0.0,0.0,0.0,0.0,0.0,0.0,0.0,0.0,0.0,0.0,0.0,0.0,0.0,0.0,0.0,0.0,0.0
2022-10-23,,0.0,0.0,0.0,0.0,0.0,0.0,,,0.0,0.0,0.0,0.0,0.0,0.0,0.0,0.0,0.0,,0.0,0.0,0.0,0.0,0.0,0.0,0.0,0.0,0.0,0.0,0.0,0.0,0.0,0.0,0.0,0.0,0.0,0.0,0.0,0.0
2022-10-24,,0.0,0.0,0.0,0.0,0.0,0.0,,,0.0,0.0,0.0,0.0,0.0,0.0,0.0,0.0,0.0,,0.0,0.0,0.0,0.0,0.0,0.0,0.0,0.0,0.0,0.0,0.0,0.0,0.0,0.0,0.0,0.0,0.0,0.0,0.0,0.0
2022-10-25,,0.0,0.0,0.0,411.0,0.0,0.0,,,0.0,0.0,0.0,0.0,0.0,0.0,69.0,0.0,0.0,,0.0,0.0,0.0,0.0,0.0,0.0,0.0,0.0,0.0,0.0,0.0,0.0,0.0,0.0,0.0,0.0,0.0,0.0,0.0,480.0
2022-10-26,,0.0,0.0,0.0,543.0,0.0,0.0,,,0.0,0.0,0.0,0.0,0.0,0.0,0.0,0.0,0.0,,0.0,0.0,0.0,0.0,0.0,0.0,0.0,0.0,0.0,0.0,0.0,0.0,0.0,0.0,0.0,0.0,0.0,0.0,0.0,543.0
2022-10-27,,0.0,0.0,0.0,0.0,0.0,0.0,,,0.0,0.0,0.0,0.0,0.0,0.0,0.0,0.0,0.0,,0.0,0.0,0.0,0.0,0.0,0.0,0.0,0.0,0.0,0.0,0.0,0.0,0.0,0.0,0.0,0.0,0.0,0.0,0.0,0.0
2022-10-28,,0.0,0.0,0.0,0.0,0.0,0.0,,,0.0,0.0,0.0,0.0,0.0,0.0,168.0,0.0,0.0,,0.0,0.0,0.0,0.0,0.0,0.0,0.0,0.0,0.0,0.0,0.0,0.0,0.0,0.0,0.0,0.0,0.0,0.0,0.0,168.0
2022-10-29,,0.0,0.0,0.0,0.0,0.0,0.0,,,0.0,0.0,0.0,0.0,0.0,0.0,0.0,0.0,0.0,,0.0,0.0,0.0,0.0,0.0,0.0,0.0,0.0,0.0,0.0,0.0,0.0,0.0,0.0,0.0,75.0,0.0,0.0,0.0,75.0
2022-10-30,,0.0,0.0,0.0,0.0,0.0,0.0,,,0.0,0.0,0.0,0.0,0.0,50.0,0.0,0.0,0.0,,0.0,0.0,0.0,0.0,0.0,0.0,0.0,0.0,0.0,0.0,0.0,0.0,0.0,0.0,0.0,0.0,0.0,0.0,0.0,50.0
2022-10-31,,0.0,0.0,0.0,172.0,0.0,0.0,,,0.0,0.0,0.0,0.0,0.0,0.0,0.0,0.0,0.0,,0.0,0.0,0.0,0.0,0.0,0.0,0.0,0.0,0.0,0.0,0.0,0.0,0.0,0.0,0.0,0.0,0.0,0.0,0.0,172.0
2022-11-01,,0.0,0.0,0.0,0.0,0.0,0.0,,,0.0,0.0,0.0,0.0,0.0,0.0,0.0,0.0,0.0,,0.0,0.0,0.0,0.0,0.0,0.0,0.0,0.0,0.0,0.0,0.0,0.0,0.0,0.0,0.0,0.0,0.0,0.0,0.0,0.0
2022-11-02,,0.0,0.0,0.0,351.0,0.0,0.0,,,0.0,0.0,0.0,0.0,0.0,0.0,0.0,0.0,0.0,,0.0,0.0,0.0,0.0,0.0,0.0,0.0,0.0,0.0,0.0,0.0,0.0,0.0,0.0,0.0,0.0,0.0,0.0,0.0,351.0
2022-11-03,,0.0,0.0,0.0,0.0,0.0,0.0,,,0.0,0.0,0.0,0.0,0.0,0.0,0.0,0.0,0.0,,0.0,0.0,0.0,0.0,0.0,0.0,0.0,0.0,0.0,0.0,0.0,0.0,0.0,0.0,0.0,0.0,0.0,0.0,0.0,0.0
2022-11-04,,0.0,0.0,0.0,170.0,0.0,0.0,,,0.0,0.0,0.0,63.0,0.0,0.0,520.0,0.0,0.0,,0.0,0.0,0.0,0.0,0.0,0.0,0.0,0.0,0.0,0.0,0.0,0.0,0.0,0.0,0.0,70.0,0.0,0.0,0.0,823.0
2022-11-05,,0.0,0.0,0.0,0.0,0.0,0.0,,,0.0,0.0,0.0,0.0,0.0,100.0,516.0,0.0,0.0,,0.0,0.0,22.0,0.0,0.0,0.0,0.0,0.0,0.0,0.0,0.0,0.0,0.0,0.0,0.0,0.0,0.0,0.0,0.0,638.0
2022-11-06,,0.0,0.0,0.0,0.0,0.0,0.0,,,0.0,0.0,0.0,0.0,0.0,0.0,0.0,0.0,0.0,,0.0,0.0,0.0,0.0,0.0,0.0,0.0,0.0,0.0,0.0,0.0,0.0,0.0,0.0,0.0,0.0,0.0,0.0,0.0,0.0
2022-11-07,,0.0,0.0,0.0,0.0,0.0,0.0,,,0.0,0.0,0.0,38.0,0.0,90.0,0.0,0.0,0.0,,0.0,0.0,0.0,0.0,0.0,0.0,0.0,0.0,0.0,89.0,0.0,0.0,0.0,0.0,0.0,0.0,0.0,0.0,0.0,217.0
2022-11-08,,0.0,0.0,0.0,0.0,0.0,0.0,,,0.0,0.0,0.0,0.0,0.0,190.0,386.0,0.0,0.0,,0.0,0.0,0.0,0.0,0.0,0.0,0.0,0.0,0.0,548.0,0.0,0.0,0.0,0.0,0.0,0.0,0.0,0.0,0.0,1124.0
2022-11-09,,0.0,0.0,0.0,0.0,0.0,0.0,,,0.0,0.0,0.0,0.0,0.0,0.0,0.0,0.0,0.0,,0.0,0.0,0.0,0.0,0.0,0.0,0.0,0.0,0.0,0.0,0.0,0.0,0.0,0.0,0.0,0.0,0.0,0.0,0.0,0.0
2022-11-10,,0.0,0.0,0.0,10.0,0.0,0.0,,,0.0,0.0,0.0,0.0,0.0,0.0,0.0,0.0,0.0,,0.0,0.0,0.0,0.0,0.0,0.0,0.0,0.0,0.0,0.0,0.0,0.0,0.0,0.0,0.0,0.0,0.0,0.0,0.0,10.0
2022-11-11,,0.0,0.0,0.0,0.0,0.0,0.0,,,0.0,0.0,0.0,0.0,0.0,0.0,133.0,0.0,0.0,,0.0,0.0,0.0,0.0,0.0,0.0,0.0,0.0,0.0,44.0,0.0,0.0,0.0,0.0,0.0,0.0,0.0,0.0,0.0,177.0
2022-11-12,,0.0,0.0,0.0,0.0,0.0,0.0,,,0.0,0.0,0.0,0.0,0.0,120.0,0.0,0.0,0.0,,0.0,0.0,0.0,0.0,0.0,0.0,0.0,0.0,0.0,0.0,0.0,0.0,0.0,0.0,0.0,0.0,0.0,0.0,0.0,120.0
2022-11-13,,0.0,0.0,0.0,0.0,0.0,0.0,,,0.0,0.0,0.0,0.0,0.0,90.0,0.0,0.0,0.0,,0.0,0.0,0.0,0.0,0.0,0.0,0.0,0.0,0.0,0.0,0.0,0.0,0.0,0.0,0.0,0.0,0.0,0.0,0.0,90.0
2022-11-14,,0.0,0.0,0.0,0.0,0.0,0.0,,,0.0,0.0,0.0,0.0,0.0,0.0,269.0,0.0,0.0,,0.0,0.0,0.0,0.0,0.0,0.0,0.0,0.0,0.0,0.0,0.0,0.0,0.0,0.0,0.0,0.0,0.0,0.0,0.0,269.0
2022-11-15,,0.0,0.0,0.0,0.0,0.0,0.0,,,0.0,0.0,0.0,0.0,0.0,0.0,0.0,0.0,0.0,,0.0,0.0,0.0,0.0,0.0,0.0,0.0,0.0,0.0,0.0,0.0,0.0,0.0,0.0,0.0,0.0,0.0,0.0,0.0,0.0
2022-11-16,,0.0,0.0,0.0,0.0,0.0,0.0,,,0.0,0.0,0.0,0.0,0.0,150.0,0.0,0.0,0.0,,0.0,0.0,0.0,0.0,0.0,0.0,0.0,0.0,0.0,0.0,0.0,0.0,0.0,0.0,0.0,0.0,0.0,0.0,0.0,150.0
2022-11-17,,0.0,0.0,0.0,0.0,0.0,0.0,,,0.0,0.0,0.0,0.0,0.0,150.0,0.0,0.0,0.0,,0.0,0.0,0.0,0.0,0.0,0.0,0.0,0.0,0.0,0.0,0.0,0.0,0.0,0.0,0.0,150.0,0.0,0.0,0.0,300.0
2022-11-18,,0.0,0.0,0.0,0.0,0.0,0.0,,,0.0,0.0,0.0,0.0,0.0,0.0,253.0,0.0,0.0,,0.0,0.0,0.0,0.0,0.0,0.0,0.0,0.0,0.0,0.0,0.0,0.0,0.0,0.0,0.0,0.0,0.0,0.0,0.0,253.0
2022-11-19,,0.0,0.0,0.0,0.0,0.0,0.0,,,0.0,0.0,0.0,0.0,0.0,100.0,0.0,0.0,0.0,,0.0,0.0,0.0,0.0,0.0,0.0,0.0,0.0,0.0,0.0,0.0,0.0,0.0,0.0,0.0,150.0,0.0,0.0,0.0,250.0
2022-11-20,,0.0,0.0,0.0,0.0,0.0,0.0,,,0.0,0.0,0.0,0.0,0.0,140.0,0.0,0.0,0.0,,0.0,0.0,0.0,0.0,0.0,0.0,0.0,0.0,0.0,0.0,0.0,0.0,0.0,0.0,0.0,0.0,0.0,0.0,0.0,140.0
2022-11-21,,0.0,0.0,0.0,0.0,0.0,0.0,,,0.0,0.0,0.0,0.0,0.0,280.0,0.0,0.0,0.0,,0.0,0.0,0.0,0.0,0.0,0.0,0.0,0.0,0.0,0.0,0.0,0.0,0.0,0.0,0.0,150.0,0.0,0.0,0.0,430.0
2022-11-22,,0.0,0.0,0.0,0.0,0.0,0.0,,,0.0,0.0,0.0,0.0,0.0,0.0,0.0,0.0,0.0,,0.0,0.0,0.0,0.0,0.0,0.0,0.0,0.0,0.0,0.0,0.0,0.0,0.0,0.0,0.0,150.0,0.0,0.0,0.0,150.0
2022-11-23,,0.0,0.0,0.0,0.0,0.0,0.0,,,0.0,0.0,0.0,0.0,0.0,170.0,116.0,0.0,0.0,,0.0,0.0,0.0,0.0,0.0,0.0,0.0,0.0,0.0,0.0,0.0,0.0,0.0,0.0,0.0,0.0,0.0,0.0,0.0,286.0
2022-11-24,,0.0,0.0,0.0,0.0,0.0,0.0,,,0.0,0.0,0.0,0.0,0.0,53.0,160.0,0.0,0.0,,0.0,0.0,0.0,0.0,0.0,0.0,0.0,0.0,0.0,0.0,0.0,0.0,0.0,0.0,0.0,0.0,0.0,0.0,0.0,213.0
2022-11-25,,0.0,0.0,0.0,0.0,0.0,0.0,,,0.0,0.0,0.0,0.0,0.0,140.0,195.0,0.0,0.0,,0.0,0.0,0.0,0.0,0.0,0.0,0.0,0.0,0.0,0.0,0.0,0.0,0.0,0.0,0.0,0.0,0.0,0.0,0.0,335.0
2022-11-26,,0.0,0.0,0.0,0.0,0.0,0.0,,,0.0,0.0,0.0,0.0,0.0,0.0,0.0,0.0,0.0,,0.0,0.0,0.0,0.0,0.0,0.0,0.0,0.0,0.0,0.0,0.0,0.0,0.0,0.0,0.0,0.0,0.0,0.0,0.0,0.0
2022-11-27,,0.0,0.0,0.0,0.0,0.0,0.0,,,0.0,0.0,0.0,0.0,0.0,0.0,0.0,0.0,0.0,,0.0,0.0,0.0,0.0,0.0,0.0,0.0,0.0,0.0,0.0,0.0,0.0,0.0,0.0,0.0,0.0,0.0,0.0,0.0,0.0
2022-11-28,,0.0,0.0,0.0,162.0,0.0,0.0,,,0.0,0.0,0.0,0.0,0.0,0.0,133.0,0.0,0.0,,0.0,0.0,0.0,0.0,0.0,0.0,0.0,0.0,0.0,0.0,0.0,0.0,0.0,0.0,0.0,0.0,0.0,0.0,0.0,295.0
2022-11-29,,0.0,0.0,0.0,48.0,0.0,0.0,,,0.0,0.0,0.0,125.0,0.0,80.0,318.0,0.0,0.0,,0.0,0.0,0.0,0.0,0.0,0.0,0.0,0.0,0.0,0.0,0.0,0.0,0.0,0.0,0.0,0.0,0.0,0.0,0.0,571.0
2022-12-01,,0.0,0.0,0.0,0.0,0.0,0.0,,,0.0,0.0,0.0,0.0,0.0,0.0,0.0,0.0,0.0,,0.0,0.0,0.0,0.0,0.0,0.0,0.0,0.0,0.0,87.0,0.0,0.0,0.0,0.0,0.0,0.0,0.0,0.0,0.0,87.0
2022-12-03,,0.0,0.0,0.0,0.0,0.0,0.0,,,0.0,0.0,0.0,0.0,0.0,140.0,143.0,0.0,0.0,,0.0,0.0,0.0,0.0,0.0,0.0,0.0,0.0,0.0,0.0,0.0,0.0,0.0,0.0,0.0,0.0,0.0,0.0,0.0,283.0
2022-12-04,,0.0,0.0,0.0,0.0,0.0,0.0,,,0.0,0.0,0.0,0.0,0.0,0.0,0.0,0.0,0.0,,0.0,0.0,0.0,0.0,0.0,0.0,0.0,0.0,0.0,0.0,0.0,0.0,0.0,0.0,0.0,0.0,0.0,0.0,0.0,0.0
2022-12-05,,0.0,0.0,0.0,0.0,0.0,0.0,,,0.0,0.0,0.0,0.0,0.0,150.0,267.0,0.0,0.0,,0.0,0.0,0.0,0.0,0.0,0.0,0.0,0.0,0.0,0.0,0.0,0.0,0.0,0.0,0.0,0.0,0.0,0.0,0.0,417.0
2022-12-06,,0.0,0.0,0.0,0.0,0.0,0.0,,,0.0,4.0,0.0,0.0,0.0,0.0,45.0,0.0,0.0,,0.0,0.0,0.0,0.0,0.0,0.0,0.0,0.0,0.0,0.0,0.0,0.0,0.0,0.0,0.0,0.0,0.0,0.0,0.0,49.0
2022-12-07,,0.0,0.0,0.0,62.0,0.0,0.0,,,0.0,5.0,0.0,0.0,0.0,0.0,0.0,0.0,0.0,,0.0,0.0,0.0,0.0,0.0,0.0,0.0,0.0,0.0,0.0,0.0,0.0,0.0,0.0,0.0,0.0,0.0,0.0,0.0,67.0
2022-12-08,,0.0,0.0,0.0,0.0,0.0,0.0,,,0.0,0.0,0.0,0.0,0.0,0.0,0.0,0.0,0.0,,0.0,0.0,0.0,0.0,0.0,0.0,0.0,0.0,0.0,0.0,0.0,0.0,0.0,0.0,0.0,150.0,0.0,0.0,0.0,150.0
2022-12-09,,0.0,0.0,0.0,0.0,0.0,0.0,,,0.0,0.0,0.0,0.0,0.0,0.0,393.0,0.0,0.0,,0.0,220.0,0.0,0.0,0.0,0.0,0.0,0.0,0.0,0.0,0.0,0.0,0.0,0.0,0.0,0.0,0.0,0.0,0.0,613.0
2022-12-10,,0.0,0.0,0.0,0.0,0.0,0.0,,,0.0,0.0,0.0,0.0,0.0,0.0,0.0,0.0,0.0,,0.0,0.0,0.0,0.0,0.0,0.0,0.0,0.0,0.0,0.0,0.0,0.0,0.0,0.0,0.0,0.0,0.0,0.0,0.0,0.0
2022-12-11,,0.0,0.0,0.0,0.0,0.0,0.0,,,0.0,0.0,0.0,0.0,0.0,50.0,0.0,0.0,0.0,,0.0,0.0,0.0,0.0,0.0,0.0,0.0,0.0,0.0,0.0,0.0,0.0,0.0,0.0,0.0,0.0,0.0,0.0,0.0,50.0
2022-12-12,,0.0,0.0,0.0,0.0,0.0,0.0,,,0.0,0.0,0.0,0.0,0.0,0.0,0.0,0.0,0.0,,0.0,0.0,0.0,0.0,0.0,0.0,0.0,0.0,0.0,245.0,0.0,0.0,0.0,0.0,0.0,0.0,0.0,0.0,0.0,245.0
2022-12-13,,0.0,0.0,0.0,0.0,0.0,0.0,,,0.0,0.0,0.0,0.0,2.0,0.0,0.0,0.0,0.0,,0.0,0.0,0.0,0.0,0.0,0.0,0.0,0.0,0.0,0.0,0.0,0.0,0.0,0.0,0.0,0.0,0.0,0.0,0.0,2.0
2022-12-14,,0.0,0.0,0.0,0.0,0.0,0.0,,,0.0,0.0,0.0,0.0,0.0,0.0,0.0,0.0,0.0,,0.0,0.0,0.0,0.0,0.0,0.0,0.0,0.0,0.0,0.0,0.0,0.0,0.0,0.0,0.0,0.0,0.0,0.0,0.0,0.0
2022-12-15,,0.0,0.0,0.0,0.0,0.0,0.0,,,0.0,0.0,0.0,0.0,0.0,0.0,0.0,0.0,0.0,,0.0,0.0,0.0,0.0,0.0,0.0,0.0,0.0,0.0,72.0,0.0,0.0,0.0,0.0,0.0,0.0,0.0,0.0,0.0,72.0
2022-12-16,,0.0,0.0,0.0,154.0,0.0,0.0,,,0.0,0.0,0.0,0.0,0.0,0.0,307.0,0.0,0.0,,0.0,0.0,0.0,0.0,0.0,0.0,0.0,0.0,0.0,0.0,0.0,0.0,0.0,0.0,0.0,0.0,0.0,0.0,0.0,461.0
2022-12-17,,0.0,0.0,0.0,0.0,0.0,0.0,,,0.0,0.0,0.0,0.0,0.0,0.0,0.0,0.0,0.0,,0.0,0.0,0.0,0.0,0.0,0.0,0.0,0.0,0.0,21.0,0.0,0.0,0.0,0.0,0.0,150.0,0.0,0.0,0.0,171.0
2022-12-18,,0.0,0.0,0.0,0.0,0.0,0.0,,,0.0,0.0,0.0,0.0,0.0,0.0,157.0,0.0,0.0,,0.0,0.0,0.0,0.0,0.0,0.0,0.0,0.0,0.0,0.0,0.0,0.0,0.0,0.0,0.0,0.0,0.0,0.0,0.0,157.0
2022-12-19,,0.0,0.0,0.0,0.0,0.0,0.0,,,0.0,0.0,0.0,0.0,0.0,0.0,147.0,0.0,0.0,,0.0,0.0,0.0,0.0,0.0,0.0,0.0,0.0,0.0,0.0,0.0,0.0,0.0,0.0,55.0,0.0,0.0,0.0,0.0,202.0
2022-12-20,,0.0,0.0,0.0,0.0,0.0,0.0,,,0.0,0.0,0.0,0.0,0.0,0.0,0.0,0.0,0.0,,0.0,0.0,0.0,0.0,0.0,0.0,0.0,0.0,0.0,0.0,0.0,0.0,0.0,0.0,613.0,150.0,0.0,0.0,0.0,763.0
2022-12-21,,0.0,0.0,0.0,0.0,0.0,0.0,,,0.0,0.0,0.0,0.0,0.0,0.0,0.0,0.0,0.0,,0.0,0.0,0.0,0.0,0.0,0.0,0.0,0.0,0.0,0.0,0.0,0.0,0.0,0.0,293.0,0.0,0.0,0.0,0.0,293.0
2022-12-22,,0.0,0.0,0.0,0.0,0.0,0.0,,,0.0,0.0,0.0,0.0,0.0,60.0,118.0,0.0,0.0,,0.0,0.0,0.0,0.0,0.0,0.0,0.0,0.0,0.0,0.0,0.0,0.0,0.0,0.0,15.0,0.0,0.0,0.0,0.0,193.0
2022-12-23,,0.0,0.0,0.0,0.0,0.0,0.0,,,0.0,0.0,0.0,0.0,0.0,50.0,98.0,0.0,0.0,,0.0,0.0,0.0,0.0,0.0,0.0,0.0,0.0,0.0,0.0,0.0,0.0,0.0,0.0,0.0,230.0,0.0,0.0,0.0,378.0
2022-12-24,,0.0,0.0,0.0,0.0,0.0,0.0,,,0.0,0.0,0.0,0.0,0.0,0.0,156.0,0.0,0.0,,0.0,0.0,0.0,0.0,0.0,0.0,0.0,0.0,0.0,15.0,0.0,0.0,0.0,0.0,0.0,0.0,0.0,0.0,0.0,171.0
2022-12-25,,0.0,0.0,0.0,0.0,0.0,0.0,,,0.0,0.0,0.0,0.0,0.0,0.0,0.0,0.0,0.0,,0.0,0.0,0.0,0.0,0.0,0.0,0.0,0.0,0.0,335.0,0.0,0.0,0.0,0.0,0.0,0.0,0.0,0.0,0.0,335.0
2022-12-26,,0.0,0.0,0.0,0.0,0.0,0.0,,,0.0,0.0,0.0,225.0,0.0,0.0,139.0,0.0,0.0,,0.0,0.0,0.0,0.0,0.0,0.0,0.0,0.0,0.0,54.0,0.0,0.0,0.0,0.0,20.0,0.0,0.0,0.0,0.0,438.0
2022-12-27,,0.0,0.0,0.0,0.0,0.0,0.0,,,0.0,0.0,0.0,0.0,0.0,0.0,0.0,0.0,0.0,,0.0,0.0,0.0,0.0,0.0,0.0,0.0,0.0,0.0,165.0,0.0,0.0,0.0,0.0,0.0,0.0,0.0,0.0,0.0,165.0
2022-12-27,,0.0,0.0,0.0,0.0,0.0,0.0,,,0.0,0.0,0.0,0.0,0.0,0.0,0.0,0.0,0.0,,0.0,0.0,0.0,0.0,0.0,0.0,0.0,0.0,0.0,165.0,0.0,0.0,0.0,0.0,0.0,0.0,0.0,0.0,0.0,165.0
2022-12-28,,0.0,0.0,0.0,0.0,0.0,0.0,,,0.0,0.0,0.0,0.0,0.0,0.0,0.0,0.0,0.0,,0.0,0.0,0.0,0.0,0.0,0.0,0.0,0.0,0.0,193.0,0.0,0.0,0.0,0.0,66.0,150.0,0.0,0.0,0.0,409.0
2022-12-29,,0.0,0.0,0.0,0.0,0.0,0.0,,,0.0,0.0,0.0,0.0,0.0,0.0,290.0,0.0,0.0,,0.0,0.0,0.0,0.0,0.0,0.0,0.0,0.0,0.0,12.0,0.0,0.0,0.0,0.0,0.0,0.0,0.0,0.0,0.0,302.0
2022-12-30,,0.0,0.0,0.0,0.0,0.0,0.0,,,0.0,0.0,0.0,0.0,85.0,80.0,135.0,0.0,0.0,,0.0,0.0,0.0,0.0,0.0,0.0,0.0,0.0,0.0,225.0,0.0,0.0,0.0,0.0,0.0,0.0,0.0,0.0,0.0,525.0
2022-12-31,,0.0,0.0,0.0,0.0,0.0,0.0,,,0.0,0.0,0.0,0.0,38.0,0.0,0.0,0.0,0.0,,0.0,0.0,0.0,0.0,0.0,0.0,0.0,0.0,0.0,0.0,0.0,0.0,0.0,0.0,0.0,0.0,0.0,0.0,0.0,38.0
2023-01-01,,0.0,0.0,0.0,0.0,0.0,0.0,,,0.0,0.0,0.0,0.0,0.0,0.0,189.0,0.0,0.0,,0.0,0.0,0.0,0.0,0.0,0.0,0.0,0.0,0.0,0.0,0.0,0.0,0.0,0.0,0.0,150.0,0.0,0.0,0.0,339.0
2023-01-02,,0.0,0.0,0.0,87.0,0.0,0.0,,,0.0,9.0,0.0,0.0,0.0,0.0,195.0,0.0,0.0,,0.0,0.0,0.0,0.0,0.0,0.0,0.0,0.0,0.0,219.0,0.0,0.0,0.0,0.0,158.0,150.0,0.0,0.0,0.0,818.0
2023-01-03,,0.0,0.0,0.0,0.0,0.0,0.0,,,0.0,0.0,0.0,0.0,0.0,0.0,0.0,0.0,0.0,,0.0,0.0,0.0,0.0,0.0,0.0,0.0,0.0,0.0,694.0,0.0,0.0,0.0,0.0,0.0,0.0,0.0,0.0,0.0,694.0
2023-01-04,,0.0,0.0,0.0,0.0,0.0,0.0,,,0.0,0.0,0.0,0.0,50.0,0.0,0.0,0.0,0.0,,0.0,0.0,0.0,0.0,0.0,0.0,0.0,0.0,0.0,645.0,0.0,0.0,0.0,0.0,0.0,0.0,0.0,0.0,0.0,695.0
2023-01-05,,0.0,0.0,0.0,172.0,0.0,0.0,,,0.0,0.0,0.0,338.0,39.0,0.0,0.0,0.0,0.0,,0.0,0.0,0.0,0.0,0.0,0.0,0.0,0.0,0.0,1033.0,0.0,0.0,0.0,0.0,143.0,0.0,0.0,0.0,0.0,1725.0
2023-01-06,,0.0,0.0,0.0,119.0,0.0,0.0,,,0.0,0.0,1159.0,363.0,0.0,40.0,58.0,0.0,0.0,,0.0,0.0,0.0,0.0,0.0,0.0,0.0,0.0,0.0,2078.0,0.0,0.0,0.0,0.0,0.0,110.0,0.0,0.0,0.0,3927.0
2023-01-07,,0.0,0.0,0.0,24.0,0.0,0.0,,,0.0,0.0,0.0,0.0,0.0,0.0,0.0,0.0,0.0,,0.0,0.0,0.0,0.0,0.0,0.0,0.0,0.0,0.0,479.0,0.0,0.0,0.0,0.0,93.0,0.0,0.0,0.0,0.0,596.0
2023-01-08,,0.0,0.0,0.0,0.0,0.0,0.0,,,0.0,0.0,0.0,0.0,0.0,0.0,93.0,0.0,0.0,,0.0,0.0,0.0,0.0,0.0,0.0,0.0,0.0,0.0,207.0,0.0,0.0,0.0,0.0,0.0,150.0,0.0,0.0,0.0,450.0
2023-01-09,,0.0,0.0,0.0,0.0,0.0,0.0,,,0.0,0.0,0.0,268.0,0.0,0.0,221.0,0.0,0.0,,0.0,0.0,0.0,0.0,0.0,0.0,0.0,0.0,0.0,312.0,0.0,0.0,0.0,0.0,525.0,75.0,0.0,0.0,0.0,1401.0
2023-01-10,,0.0,0.0,0.0,141.0,0.0,0.0,,,0.0,0.0,0.0,255.0,0.0,0.0,0.0,0.0,0.0,,0.0,0.0,0.0,0.0,0.0,0.0,0.0,0.0,0.0,546.0,0.0,0.0,0.0,0.0,102.0,150.0,0.0,0.0,0.0,1194.0
2023-01-11,,0.0,0.0,0.0,511.0,0.0,50.0,,,0.0,25.0,0.0,0.0,0.0,0.0,162.0,0.0,0.0,,0.0,0.0,7.0,0.0,0.0,0.0,0.0,0.0,0.0,0.0,0.0,0.0,0.0,0.0,0.0,110.0,0.0,0.0,0.0,865.0
2023-01-12,,0.0,0.0,0.0,204.0,0.0,0.0,,,0.0,0.0,0.0,0.0,0.0,0.0,92.0,0.0,0.0,,0.0,0.0,0.0,0.0,0.0,0.0,0.0,0.0,0.0,65.0,0.0,0.0,0.0,0.0,0.0,75.0,0.0,0.0,0.0,436.0
2023-01-13,,0.0,0.0,0.0,255.0,0.0,0.0,,,0.0,0.0,0.0,0.0,0.0,0.0,330.0,0.0,0.0,,0.0,0.0,0.0,0.0,0.0,0.0,0.0,0.0,0.0,900.0,0.0,0.0,0.0,0.0,0.0,0.0,0.0,0.0,0.0,1485.0
2023-01-14,,0.0,0.0,0.0,0.0,0.0,0.0,,,0.0,0.0,0.0,0.0,0.0,0.0,0.0,0.0,0.0,,0.0,0.0,0.0,0.0,0.0,0.0,0.0,0.0,0.0,115.0,0.0,0.0,0.0,0.0,0.0,0.0,0.0,0.0,0.0,115.0
2023-01-15,,0.0,0.0,0.0,133.0,0.0,0.0,,,0.0,0.0,0.0,0.0,0.0,0.0,0.0,0.0,0.0,,0.0,0.0,0.0,0.0,0.0,0.0,0.0,0.0,0.0,590.0,0.0,0.0,0.0,0.0,0.0,0.0,0.0,0.0,0.0,723.0
2023-01-16,,0.0,0.0,0.0,0.0,0.0,0.0,,,0.0,0.0,0.0,0.0,0.0,75.0,0.0,0.0,0.0,,0.0,0.0,0.0,0.0,0.0,0.0,0.0,0.0,0.0,0.0,0.0,0.0,0.0,0.0,0.0,80.0,0.0,0.0,0.0,155.0
2023-01-17,,0.0,0.0,0.0,69.0,0.0,0.0,,,0.0,0.0,0.0,0.0,0.0,0.0,0.0,0.0,0.0,,0.0,0.0,0.0,0.0,0.0,0.0,0.0,0.0,0.0,38.0,0.0,0.0,0.0,0.0,76.0,0.0,0.0,0.0,0.0,183.0
2023-01-18,,0.0,0.0,0.0,0.0,0.0,0.0,,,0.0,0.0,0.0,0.0,0.0,0.0,77.0,0.0,0.0,,0.0,0.0,0.0,0.0,0.0,0.0,0.0,0.0,0.0,193.0,0.0,0.0,0.0,0.0,0.0,0.0,0.0,0.0,0.0,270.0
2023-01-19,,0.0,0.0,0.0,0.0,0.0,0.0,,,0.0,0.0,0.0,0.0,0.0,0.0,0.0,0.0,0.0,,0.0,0.0,0.0,0.0,0.0,0.0,0.0,0.0,0.0,485.0,0.0,0.0,0.0,0.0,0.0,0.0,0.0,0.0,0.0,485.0
2023-01-20,,0.0,0.0,0.0,71.0,0.0,0.0,,,0.0,0.0,0.0,0.0,0.0,0.0,283.0,0.0,0.0,,0.0,0.0,0.0,0.0,0.0,0.0,0.0,0.0,0.0,61.0,0.0,0.0,0.0,0.0,0.0,0.0,0.0,0.0,0.0,415.0
2023-01-21,,0.0,0.0,0.0,0.0,0.0,0.0,,,0.0,0.0,0.0,0.0,0.0,0.0,216.0,0.0,0.0,,0.0,0.0,0.0,0.0,0.0,0.0,0.0,0.0,0.0,0.0,0.0,0.0,0.0,0.0,0.0,150.0,0.0,0.0,0.0,366.0
2023-01-22,,0.0,0.0,0.0,0.0,0.0,0.0,,,0.0,0.0,0.0,0.0,0.0,0.0,56.0,0.0,0.0,,0.0,0.0,0.0,0.0,0.0,0.0,0.0,0.0,0.0,0.0,0.0,0.0,0.0,0.0,0.0,0.0,0.0,0.0,0.0,56.0
2023-01-23,,0.0,0.0,0.0,0.0,0.0,0.0,,,0.0,0.0,0.0,0.0,0.0,0.0,0.0,0.0,0.0,,0.0,0.0,0.0,0.0,0.0,0.0,0.0,0.0,0.0,0.0,0.0,0.0,0.0,0.0,0.0,0.0,0.0,0.0,0.0,0.0
2023-01-24,,0.0,0.0,0.0,0.0,0.0,0.0,,,0.0,0.0,0.0,0.0,0.0,0.0,0.0,0.0,0.0,,0.0,0.0,0.0,0.0,0.0,0.0,0.0,0.0,0.0,0.0,0.0,0.0,0.0,0.0,0.0,0.0,0.0,0.0,0.0,0.0
2023-01-25,,0.0,0.0,0.0,0.0,0.0,0.0,,,0.0,0.0,0.0,0.0,0.0,0.0,0.0,0.0,0.0,,0.0,0.0,0.0,0.0,0.0,0.0,0.0,0.0,0.0,0.0,0.0,0.0,0.0,0.0,0.0,0.0,0.0,0.0,0.0,0.0
2023-01-26,,0.0,0.0,0.0,0.0,0.0,0.0,,,0.0,0.0,0.0,0.0,0.0,0.0,0.0,0.0,0.0,,0.0,0.0,0.0,0.0,0.0,0.0,0.0,0.0,0.0,0.0,0.0,0.0,0.0,0.0,0.0,80.0,0.0,0.0,0.0,80.0
2023-01-27,,0.0,0.0,0.0,0.0,0.0,0.0,,,0.0,0.0,0.0,0.0,0.0,0.0,182.0,0.0,0.0,,0.0,0.0,0.0,0.0,0.0,0.0,0.0,0.0,0.0,49.0,0.0,0.0,0.0,0.0,0.0,0.0,0.0,0.0,0.0,231.0
2023-01-28,,0.0,0.0,0.0,199.0,0.0,0.0,,,0.0,0.0,0.0,0.0,0.0,0.0,0.0,0.0,0.0,,0.0,0.0,0.0,0.0,0.0,0.0,0.0,0.0,0.0,0.0,0.0,0.0,0.0,0.0,0.0,30.0,0.0,0.0,47.0,276.0
2023-01-29,,0.0,0.0,0.0,0.0,0.0,0.0,,,0.0,0.0,0.0,0.0,0.0,0.0,0.0,0.0,0.0,,0.0,0.0,0.0,0.0,0.0,0.0,0.0,0.0,0.0,0.0,0.0,0.0,0.0,0.0,0.0,0.0,0.0,0.0,0.0,0.0
2023-01-30,,0.0,0.0,0.0,0.0,0.0,0.0,,,0.0,0.0,0.0,0.0,0.0,0.0,215.0,0.0,0.0,,0.0,0.0,0.0,0.0,0.0,0.0,0.0,0.0,0.0,0.0,0.0,0.0,0.0,0.0,0.0,0.0,0.0,0.0,0.0,215.0
2023-01-31,,0.0,0.0,0.0,225.0,0.0,0.0,,,0.0,0.0,0.0,0.0,0.0,0.0,0.0,0.0,0.0,,0.0,0.0,0.0,0.0,0.0,0.0,0.0,0.0,0.0,0.0,0.0,0.0,0.0,0.0,0.0,45.0,0.0,0.0,0.0,270.0
2023-02-01,,0.0,0.0,0.0,73.0,0.0,0.0,,,0.0,0.0,0.0,0.0,0.0,0.0,0.0,0.0,0.0,,0.0,0.0,0.0,0.0,0.0,0.0,0.0,0.0,0.0,0.0,0.0,0.0,0.0,0.0,0.0,70.0,0.0,0.0,0.0,143.0
2023-02-02,,0.0,0.0,0.0,0.0,0.0,0.0,,,0.0,0.0,0.0,0.0,0.0,0.0,235.0,0.0,0.0,,0.0,0.0,0.0,0.0,0.0,0.0,0.0,0.0,0.0,0.0,0.0,0.0,0.0,0.0,0.0,0.0,0.0,0.0,0.0,235.0
2023-02-03,,0.0,0.0,0.0,0.0,0.0,0.0,,,0.0,0.0,0.0,0.0,0.0,0.0,0.0,0.0,0.0,,0.0,0.0,0.0,0.0,0.0,0.0,0.0,0.0,0.0,0.0,0.0,0.0,0.0,0.0,18.0,150.0,0.0,0.0,0.0,168.0
2023-02-04,,0.0,0.0,0.0,0.0,0.0,0.0,,,0.0,0.0,0.0,0.0,0.0,0.0,85.0,0.0,0.0,,0.0,0.0,0.0,0.0,0.0,0.0,0.0,0.0,0.0,282.0,0.0,0.0,0.0,0.0,59.0,0.0,0.0,0.0,0.0,426.0
2023-02-05,,0.0,0.0,0.0,0.0,0.0,0.0,,,0.0,0.0,0.0,0.0,0.0,0.0,93.0,0.0,0.0,,0.0,0.0,0.0,0.0,0.0,0.0,0.0,0.0,0.0,0.0,0.0,0.0,0.0,0.0,0.0,0.0,0.0,0.0,0.0,93.0
2023-02-06,,0.0,0.0,0.0,0.0,0.0,0.0,,,0.0,0.0,0.0,0.0,0.0,0.0,0.0,0.0,0.0,,0.0,0.0,9.0,0.0,0.0,0.0,0.0,0.0,0.0,0.0,0.0,0.0,0.0,0.0,0.0,0.0,0.0,0.0,0.0,9.0
2023-02-07,,0.0,0.0,0.0,0.0,0.0,0.0,,,0.0,0.0,0.0,0.0,0.0,0.0,0.0,0.0,0.0,,0.0,0.0,0.0,0.0,0.0,0.0,0.0,0.0,0.0,0.0,0.0,0.0,0.0,0.0,0.0,0.0,0.0,0.0,0.0,0.0
2023-02-08,,0.0,0.0,0.0,0.0,0.0,0.0,,,0.0,0.0,0.0,0.0,0.0,0.0,101.0,0.0,0.0,,0.0,0.0,7.0,0.0,0.0,0.0,0.0,0.0,0.0,176.0,0.0,0.0,0.0,0.0,143.0,0.0,0.0,0.0,0.0,427.0
2023-02-09,,0.0,0.0,0.0,0.0,0.0,0.0,,,0.0,0.0,0.0,0.0,0.0,0.0,143.0,0.0,0.0,,0.0,0.0,0.0,0.0,0.0,0.0,0.0,0.0,0.0,115.0,0.0,0.0,0.0,0.0,0.0,0.0,0.0,0.0,0.0,258.0
2023-02-10,,0.0,0.0,0.0,0.0,0.0,0.0,,,0.0,0.0,0.0,0.0,0.0,0.0,132.0,0.0,0.0,,0.0,0.0,0.0,0.0,0.0,0.0,0.0,0.0,0.0,0.0,0.0,0.0,0.0,0.0,0.0,0.0,0.0,0.0,0.0,132.0
2023-02-11,,0.0,0.0,0.0,0.0,0.0,0.0,,,0.0,0.0,0.0,45.0,0.0,0.0,117.0,0.0,0.0,,0.0,0.0,0.0,0.0,0.0,0.0,0.0,0.0,0.0,57.0,0.0,0.0,0.0,0.0,0.0,0.0,0.0,0.0,0.0,219.0
2023-02-12,,0.0,0.0,0.0,0.0,0.0,0.0,,,0.0,0.0,0.0,0.0,0.0,0.0,202.0,0.0,0.0,,0.0,0.0,0.0,0.0,0.0,0.0,0.0,0.0,0.0,0.0,0.0,0.0,0.0,0.0,0.0,0.0,0.0,0.0,0.0,202.0
2023-02-13,,0.0,0.0,0.0,142.0,0.0,0.0,,,0.0,0.0,0.0,0.0,0.0,0.0,0.0,0.0,0.0,,0.0,0.0,0.0,0.0,0.0,0.0,0.0,0.0,0.0,0.0,0.0,0.0,0.0,0.0,0.0,0.0,0.0,0.0,0.0,142.0
2023-02-14,,0.0,0.0,0.0,0.0,0.0,4.0,,,0.0,0.0,0.0,0.0,0.0,0.0,183.0,0.0,0.0,,0.0,0.0,0.0,0.0,0.0,0.0,0.0,0.0,0.0,0.0,0.0,0.0,0.0,0.0,0.0,0.0,0.0,0.0,0.0,187.0
2023-02-15,,0.0,0.0,50.0,0.0,0.0,0.0,,,0.0,0.0,0.0,0.0,0.0,0.0,80.0,0.0,0.0,,0.0,0.0,0.0,0.0,0.0,0.0,0.0,0.0,0.0,226.0,0.0,0.0,0.0,0.0,51.0,70.0,0.0,0.0,0.0,477.0
2023-02-16,,0.0,0.0,0.0,0.0,0.0,29.0,,,0.0,0.0,0.0,0.0,0.0,0.0,126.0,0.0,0.0,,0.0,0.0,0.0,0.0,0.0,0.0,0.0,0.0,0.0,0.0,0.0,0.0,0.0,0.0,0.0,70.0,0.0,0.0,0.0,225.0
2023-02-17,,0.0,0.0,0.0,0.0,0.0,9.0,,,0.0,0.0,0.0,0.0,0.0,0.0,68.0,0.0,0.0,,23.0,0.0,0.0,0.0,0.0,0.0,0.0,0.0,0.0,0.0,0.0,0.0,0.0,0.0,0.0,75.0,0.0,0.0,0.0,175.0
2023-02-18,,0.0,0.0,150.0,0.0,0.0,0.0,,,0.0,0.0,0.0,0.0,0.0,0.0,152.0,0.0,0.0,,734.0,0.0,0.0,0.0,0.0,0.0,0.0,0.0,0.0,580.0,0.0,0.0,0.0,0.0,0.0,220.0,0.0,0.0,0.0,1836.0
2023-02-19,,0.0,0.0,0.0,0.0,0.0,0.0,,,0.0,0.0,0.0,0.0,0.0,0.0,0.0,0.0,0.0,,0.0,0.0,0.0,0.0,0.0,0.0,0.0,0.0,0.0,0.0,0.0,0.0,0.0,0.0,0.0,0.0,0.0,0.0,0.0,0.0
2023-02-20,,0.0,0.0,0.0,0.0,0.0,0.0,,,0.0,0.0,0.0,0.0,0.0,0.0,0.0,0.0,0.0,,0.0,0.0,0.0,0.0,0.0,0.0,0.0,0.0,0.0,0.0,0.0,0.0,0.0,0.0,0.0,0.0,0.0,0.0,0.0,0.0
2023-02-21,,0.0,0.0,0.0,0.0,0.0,0.0,,,0.0,0.0,0.0,0.0,0.0,0.0,146.0,0.0,0.0,,0.0,0.0,0.0,0.0,0.0,0.0,0.0,0.0,0.0,5.0,0.0,0.0,0.0,0.0,0.0,150.0,0.0,0.0,0.0,301.0
2023-02-22,,0.0,0.0,0.0,0.0,0.0,0.0,,,0.0,0.0,0.0,0.0,0.0,0.0,69.0,0.0,0.0,,0.0,0.0,0.0,0.0,0.0,0.0,0.0,0.0,0.0,2.0,0.0,0.0,0.0,0.0,0.0,0.0,0.0,0.0,0.0,71.0
2023-02-23,,0.0,0.0,0.0,112.0,0.0,80.0,,,0.0,0.0,0.0,0.0,0.0,0.0,70.0,0.0,0.0,,0.0,0.0,0.0,0.0,0.0,0.0,0.0,0.0,0.0,0.0,0.0,0.0,0.0,0.0,0.0,70.0,0.0,0.0,0.0,332.0
2023-02-24,,0.0,0.0,0.0,106.0,0.0,0.0,,,0.0,0.0,0.0,0.0,0.0,70.0,182.0,0.0,0.0,,0.0,0.0,0.0,0.0,0.0,0.0,0.0,0.0,0.0,4.0,0.0,0.0,0.0,0.0,13.0,0.0,0.0,0.0,0.0,375.0
2023-02-25,,0.0,0.0,72.0,0.0,0.0,0.0,,,0.0,0.0,0.0,0.0,0.0,0.0,0.0,0.0,0.0,,0.0,0.0,0.0,0.0,0.0,0.0,0.0,0.0,0.0,153.0,0.0,0.0,0.0,0.0,0.0,150.0,0.0,0.0,0.0,375.0
2023-02-26,,0.0,0.0,0.0,0.0,0.0,0.0,,,0.0,0.0,0.0,0.0,0.0,0.0,217.0,0.0,0.0,,0.0,0.0,0.0,0.0,0.0,0.0,0.0,0.0,0.0,33.0,0.0,0.0,0.0,0.0,0.0,0.0,0.0,0.0,0.0,250.0
2023-02-27,,0.0,0.0,57.0,35.0,0.0,0.0,,,0.0,0.0,0.0,0.0,0.0,0.0,0.0,0.0,0.0,,0.0,0.0,0.0,0.0,0.0,0.0,0.0,0.0,0.0,116.0,0.0,0.0,0.0,0.0,0.0,0.0,0.0,0.0,0.0,208.0
2023-02-28,,0.0,0.0,0.0,0.0,0.0,5.0,,,0.0,0.0,0.0,0.0,0.0,0.0,94.0,0.0,0.0,,0.0,0.0,0.0,0.0,0.0,0.0,0.0,0.0,0.0,0.0,0.0,0.0,0.0,0.0,0.0,0.0,0.0,0.0,0.0,99.0
2023-03-01,,0.0,0.0,0.0,0.0,0.0,0.0,,,0.0,0.0,0.0,0.0,0.0,0.0,0.0,0.0,0.0,,0.0,0.0,0.0,0.0,0.0,0.0,0.0,0.0,0.0,0.0,0.0,0.0,0.0,0.0,23.0,0.0,0.0,0.0,0.0,23.0
2023-03-02,,0.0,0.0,0.0,190.0,0.0,0.0,,,0.0,0.0,0.0,0.0,0.0,0.0,169.0,0.0,0.0,,0.0,0.0,0.0,0.0,0.0,0.0,0.0,0.0,0.0,24.0,0.0,0.0,0.0,0.0,0.0,0.0,0.0,0.0,0.0,383.0
2023-03-03,,0.0,0.0,0.0,0.0,0.0,0.0,,,0.0,0.0,0.0,0.0,0.0,0.0,82.0,0.0,0.0,,0.0,89.0,0.0,0.0,0.0,0.0,0.0,0.0,0.0,196.0,0.0,0.0,0.0,0.0,28.0,0.0,0.0,0.0,0.0,395.0
2023-03-04,,0.0,0.0,0.0,0.0,0.0,0.0,,,0.0,0.0,0.0,0.0,0.0,0.0,168.0,0.0,0.0,,564.0,0.0,0.0,0.0,0.0,0.0,0.0,0.0,0.0,0.0,0.0,0.0,0.0,0.0,0.0,0.0,0.0,0.0,0.0,732.0
2023-03-05,,0.0,0.0,0.0,0.0,0.0,0.0,,,0.0,0.0,0.0,0.0,0.0,0.0,0.0,0.0,0.0,,0.0,0.0,0.0,0.0,0.0,0.0,0.0,0.0,0.0,0.0,0.0,0.0,0.0,0.0,0.0,35.0,0.0,0.0,0.0,35.0
2023-03-06,,0.0,0.0,0.0,0.0,0.0,0.0,,,0.0,0.0,0.0,123.0,0.0,0.0,0.0,0.0,0.0,,0.0,0.0,0.0,0.0,0.0,0.0,0.0,0.0,0.0,0.0,0.0,0.0,0.0,0.0,0.0,0.0,0.0,0.0,0.0,123.0
2023-03-07,,0.0,0.0,0.0,0.0,0.0,0.0,,,0.0,0.0,0.0,0.0,0.0,0.0,0.0,0.0,0.0,,0.0,0.0,0.0,0.0,0.0,0.0,0.0,0.0,0.0,0.0,0.0,0.0,0.0,0.0,0.0,0.0,0.0,0.0,0.0,0.0
2023-03-08,,0.0,0.0,0.0,0.0,0.0,0.0,,,0.0,0.0,0.0,0.0,0.0,0.0,84.0,0.0,0.0,,0.0,0.0,0.0,0.0,0.0,0.0,0.0,0.0,0.0,0.0,0.0,0.0,0.0,0.0,0.0,0.0,0.0,0.0,0.0,84.0
2023-03-09,,0.0,0.0,0.0,225.0,0.0,0.0,,,0.0,0.0,0.0,0.0,0.0,0.0,0.0,0.0,0.0,,0.0,0.0,0.0,0.0,0.0,0.0,0.0,0.0,0.0,0.0,0.0,0.0,0.0,0.0,0.0,0.0,0.0,0.0,0.0,225.0
2023-03-10,,0.0,0.0,0.0,121.0,0.0,0.0,,,0.0,0.0,0.0,0.0,0.0,0.0,0.0,0.0,0.0,,0.0,0.0,0.0,0.0,0.0,0.0,0.0,0.0,0.0,0.0,0.0,0.0,0.0,0.0,0.0,0.0,0.0,0.0,0.0,121.0
2023-03-11,,0.0,0.0,0.0,226.0,0.0,0.0,,,0.0,0.0,0.0,0.0,0.0,0.0,0.0,0.0,0.0,,0.0,0.0,0.0,0.0,0.0,0.0,0.0,0.0,0.0,0.0,0.0,0.0,0.0,0.0,3.0,0.0,0.0,0.0,0.0,229.0
2023-03-12,,0.0,0.0,0.0,0.0,0.0,0.0,,,0.0,0.0,0.0,0.0,0.0,0.0,0.0,0.0,0.0,,0.0,0.0,0.0,0.0,0.0,0.0,0.0,0.0,0.0,0.0,0.0,0.0,0.0,0.0,0.0,0.0,0.0,0.0,0.0,0.0
2023-03-13,,0.0,0.0,0.0,0.0,0.0,0.0,,,0.0,0.0,0.0,0.0,0.0,0.0,167.0,0.0,0.0,,0.0,0.0,0.0,0.0,0.0,0.0,0.0,0.0,0.0,0.0,0.0,0.0,0.0,0.0,0.0,0.0,0.0,0.0,0.0,167.0
2023-03-14,,0.0,0.0,0.0,0.0,0.0,0.0,,,0.0,0.0,0.0,0.0,0.0,0.0,0.0,0.0,0.0,,0.0,0.0,0.0,0.0,0.0,0.0,0.0,0.0,0.0,0.0,0.0,0.0,0.0,0.0,0.0,0.0,0.0,0.0,0.0,0.0
2023-03-15,,0.0,0.0,0.0,0.0,0.0,0.0,,,0.0,0.0,0.0,0.0,0.0,0.0,331.0,0.0,0.0,,0.0,0.0,0.0,0.0,0.0,0.0,0.0,0.0,0.0,0.0,0.0,0.0,0.0,0.0,0.0,0.0,0.0,0.0,0.0,331.0
2023-03-16,,0.0,0.0,0.0,0.0,0.0,0.0,,,0.0,0.0,0.0,0.0,0.0,0.0,189.0,0.0,0.0,,0.0,0.0,6.0,0.0,0.0,0.0,0.0,0.0,0.0,0.0,0.0,0.0,0.0,0.0,0.0,0.0,0.0,0.0,0.0,195.0
2023-03-17,,0.0,0.0,0.0,227.0,0.0,0.0,,,0.0,0.0,0.0,0.0,0.0,0.0,67.0,0.0,0.0,,0.0,0.0,11.0,0.0,0.0,0.0,0.0,0.0,115.0,0.0,0.0,0.0,0.0,0.0,0.0,80.0,0.0,0.0,0.0,500.0
2023-03-18,,0.0,0.0,0.0,0.0,0.0,0.0,,,0.0,0.0,0.0,0.0,0.0,0.0,128.0,0.0,0.0,,0.0,0.0,0.0,0.0,0.0,0.0,0.0,0.0,0.0,0.0,0.0,0.0,0.0,0.0,0.0,0.0,0.0,0.0,0.0,128.0
2023-03-19,,0.0,0.0,0.0,0.0,0.0,0.0,,,0.0,0.0,0.0,0.0,0.0,0.0,0.0,0.0,0.0,,0.0,0.0,0.0,0.0,0.0,0.0,0.0,0.0,0.0,0.0,0.0,0.0,0.0,0.0,0.0,0.0,0.0,0.0,0.0,0.0
2023-03-20,,0.0,0.0,0.0,0.0,0.0,0.0,,,0.0,0.0,0.0,0.0,0.0,0.0,0.0,0.0,0.0,,0.0,0.0,0.0,0.0,0.0,0.0,0.0,0.0,0.0,0.0,0.0,0.0,0.0,0.0,0.0,0.0,0.0,0.0,0.0,0.0
2023-03-21,,0.0,0.0,0.0,298.0,0.0,0.0,,,0.0,0.0,0.0,0.0,0.0,0.0,0.0,0.0,0.0,,0.0,0.0,0.0,0.0,0.0,0.0,0.0,0.0,0.0,0.0,0.0,0.0,0.0,0.0,0.0,0.0,0.0,0.0,0.0,298.0
2023-03-22,,0.0,0.0,0.0,0.0,0.0,0.0,,,0.0,0.0,0.0,0.0,0.0,0.0,0.0,0.0,0.0,,0.0,0.0,0.0,0.0,0.0,0.0,0.0,0.0,0.0,0.0,0.0,0.0,0.0,0.0,0.0,0.0,0.0,0.0,0.0,0.0
2023-03-23,,0.0,0.0,0.0,0.0,0.0,0.0,,,0.0,0.0,0.0,0.0,0.0,0.0,0.0,0.0,0.0,,0.0,0.0,0.0,0.0,0.0,0.0,0.0,0.0,0.0,0.0,0.0,0.0,0.0,0.0,38.0,0.0,0.0,0.0,0.0,38.0
2023-03-24,,0.0,0.0,0.0,0.0,0.0,0.0,,,0.0,0.0,0.0,0.0,0.0,0.0,0.0,0.0,0.0,,0.0,0.0,0.0,0.0,0.0,0.0,0.0,0.0,0.0,0.0,0.0,0.0,0.0,0.0,0.0,0.0,0.0,0.0,0.0,0.0
2023-03-25,,0.0,0.0,0.0,643.0,0.0,0.0,,,0.0,0.0,0.0,0.0,0.0,0.0,35.0,0.0,0.0,,0.0,0.0,0.0,0.0,0.0,0.0,0.0,0.0,0.0,0.0,0.0,0.0,0.0,0.0,0.0,0.0,0.0,0.0,0.0,678.0
2023-03-26,,0.0,0.0,0.0,129.0,0.0,0.0,,,0.0,0.0,0.0,0.0,0.0,0.0,0.0,0.0,0.0,,0.0,0.0,0.0,0.0,0.0,0.0,0.0,0.0,0.0,0.0,0.0,0.0,0.0,0.0,0.0,0.0,0.0,0.0,0.0,129.0
2023-03-27,,0.0,0.0,0.0,0.0,0.0,0.0,,,0.0,0.0,0.0,0.0,0.0,0.0,0.0,0.0,0.0,,0.0,0.0,0.0,0.0,0.0,0.0,0.0,0.0,0.0,0.0,0.0,0.0,0.0,0.0,0.0,0.0,0.0,0.0,0.0,0.0
2023-03-28,,0.0,0.0,0.0,0.0,0.0,0.0,,,0.0,0.0,0.0,0.0,0.0,220.0,0.0,0.0,0.0,,0.0,0.0,0.0,21.0,0.0,0.0,0.0,0.0,0.0,0.0,0.0,0.0,0.0,0.0,0.0,0.0,0.0,0.0,0.0,241.0
2023-03-29,,0.0,0.0,0.0,0.0,0.0,0.0,,,0.0,0.0,0.0,0.0,0.0,0.0,124.0,0.0,0.0,,0.0,0.0,0.0,15.0,0.0,0.0,0.0,0.0,0.0,0.0,0.0,0.0,0.0,0.0,0.0,0.0,0.0,0.0,0.0,139.0
2023-03-31,,0.0,0.0,0.0,0.0,0.0,0.0,,,0.0,0.0,0.0,0.0,0.0,0.0,0.0,0.0,0.0,,0.0,0.0,0.0,40.0,0.0,0.0,0.0,0.0,0.0,0.0,0.0,0.0,0.0,0.0,0.0,0.0,0.0,0.0,0.0,40.0
2023-04-01,,0.0,0.0,0.0,69.0,0.0,0.0,,,0.0,0.0,0.0,0.0,0.0,0.0,0.0,0.0,0.0,,0.0,0.0,0.0,23.0,0.0,0.0,0.0,0.0,0.0,0.0,0.0,0.0,0.0,0.0,0.0,0.0,0.0,0.0,0.0,92.0
2023-04-02,,0.0,0.0,0.0,0.0,0.0,0.0,,,0.0,0.0,0.0,0.0,0.0,0.0,0.0,0.0,0.0,,0.0,0.0,0.0,33.0,0.0,0.0,0.0,0.0,0.0,0.0,0.0,0.0,0.0,0.0,0.0,0.0,0.0,0.0,0.0,33.0
2023-04-03,,0.0,0.0,0.0,291.0,0.0,0.0,,,0.0,0.0,0.0,0.0,28.0,0.0,77.0,0.0,0.0,,0.0,0.0,0.0,53.0,0.0,0.0,0.0,0.0,0.0,0.0,0.0,0.0,0.0,0.0,0.0,0.0,0.0,0.0,0.0,449.0
2023-04-04,,0.0,0.0,0.0,0.0,0.0,0.0,,,0.0,0.0,0.0,0.0,0.0,0.0,0.0,0.0,0.0,,0.0,0.0,0.0,43.0,0.0,0.0,0.0,0.0,0.0,0.0,0.0,0.0,0.0,0.0,17.0,0.0,0.0,0.0,0.0,60.0
2023-04-05,,0.0,0.0,0.0,0.0,0.0,0.0,,,0.0,0.0,0.0,0.0,0.0,0.0,57.0,0.0,0.0,,0.0,0.0,0.0,0.0,0.0,0.0,0.0,0.0,0.0,0.0,0.0,0.0,0.0,0.0,0.0,0.0,0.0,0.0,0.0,57.0
2023-04-06,,0.0,0.0,0.0,0.0,0.0,0.0,,,0.0,0.0,0.0,0.0,0.0,0.0,0.0,0.0,0.0,,0.0,0.0,0.0,50.0,0.0,0.0,0.0,0.0,0.0,0.0,0.0,0.0,0.0,0.0,0.0,0.0,0.0,0.0,0.0,50.0
2023-04-07,,0.0,0.0,0.0,0.0,0.0,0.0,,,0.0,0.0,0.0,0.0,0.0,0.0,179.0,0.0,0.0,,0.0,0.0,0.0,22.0,0.0,0.0,0.0,0.0,0.0,0.0,0.0,0.0,0.0,0.0,0.0,0.0,0.0,0.0,0.0,201.0
2023-04-08,,0.0,0.0,0.0,0.0,0.0,0.0,,,0.0,0.0,0.0,0.0,0.0,0.0,257.0,0.0,0.0,,0.0,0.0,0.0,55.0,0.0,0.0,0.0,0.0,0.0,0.0,0.0,0.0,0.0,0.0,0.0,0.0,0.0,0.0,0.0,312.0
2023-04-09,,0.0,0.0,0.0,0.0,0.0,0.0,,,0.0,0.0,0.0,0.0,0.0,0.0,89.0,0.0,0.0,,0.0,0.0,0.0,63.0,0.0,0.0,0.0,0.0,0.0,0.0,0.0,0.0,0.0,0.0,0.0,0.0,0.0,0.0,0.0,152.0
2023-04-10,,0.0,0.0,0.0,0.0,0.0,0.0,,,0.0,0.0,0.0,650.0,0.0,0.0,91.0,0.0,0.0,,0.0,0.0,0.0,63.0,0.0,0.0,0.0,0.0,230.0,0.0,0.0,0.0,0.0,0.0,0.0,0.0,0.0,0.0,0.0,1034.0
2023-04-11,,0.0,0.0,0.0,0.0,0.0,0.0,,,0.0,0.0,0.0,13.0,0.0,62.0,0.0,0.0,0.0,,0.0,0.0,0.0,36.0,0.0,0.0,0.0,0.0,0.0,0.0,0.0,0.0,0.0,0.0,0.0,0.0,0.0,0.0,0.0,111.0
2023-04-12,,0.0,0.0,0.0,334.0,0.0,0.0,,,0.0,0.0,0.0,0.0,0.0,0.0,61.0,0.0,0.0,,0.0,0.0,0.0,53.0,0.0,0.0,0.0,0.0,0.0,0.0,0.0,0.0,0.0,0.0,0.0,0.0,0.0,0.0,0.0,448.0
2023-04-13,,0.0,0.0,0.0,0.0,0.0,0.0,,,0.0,0.0,0.0,310.0,0.0,125.0,0.0,0.0,0.0,,0.0,0.0,0.0,51.0,0.0,0.0,0.0,0.0,0.0,0.0,0.0,0.0,0.0,0.0,59.0,0.0,0.0,0.0,0.0,545.0
2023-04-14,,0.0,0.0,0.0,0.0,0.0,0.0,,,0.0,0.0,0.0,169.0,0.0,200.0,164.0,0.0,0.0,,0.0,0.0,0.0,26.0,0.0,0.0,0.0,0.0,0.0,328.0,0.0,0.0,0.0,0.0,0.0,0.0,0.0,0.0,0.0,887.0
2023-04-15,,0.0,0.0,0.0,96.0,0.0,0.0,,,0.0,0.0,0.0,408.0,0.0,0.0,0.0,0.0,0.0,,0.0,0.0,0.0,60.0,0.0,0.0,0.0,0.0,345.0,0.0,0.0,0.0,0.0,0.0,0.0,0.0,0.0,0.0,0.0,909.0
2023-04-16,,0.0,0.0,0.0,132.0,0.0,0.0,,,0.0,0.0,0.0,0.0,0.0,550.0,0.0,0.0,0.0,,0.0,0.0,0.0,51.0,0.0,0.0,0.0,0.0,0.0,0.0,0.0,0.0,0.0,0.0,0.0,0.0,0.0,0.0,0.0,733.0
2023-04-17,,0.0,0.0,0.0,209.0,0.0,7.0,,,0.0,0.0,0.0,0.0,0.0,135.0,238.0,0.0,0.0,,0.0,0.0,26.0,38.0,0.0,0.0,0.0,0.0,0.0,0.0,0.0,0.0,0.0,0.0,235.0,0.0,0.0,0.0,0.0,888.0
2023-04-18,,0.0,0.0,0.0,104.0,0.0,0.0,,,0.0,0.0,0.0,38.0,0.0,180.0,0.0,0.0,0.0,,0.0,0.0,24.0,31.0,0.0,0.0,0.0,0.0,0.0,0.0,0.0,0.0,0.0,0.0,427.0,0.0,0.0,0.0,0.0,804.0
2023-04-19,,0.0,0.0,0.0,364.0,0.0,0.0,,,0.0,0.0,0.0,0.0,0.0,0.0,0.0,0.0,0.0,,0.0,0.0,4.0,76.0,0.0,0.0,0.0,0.0,0.0,0.0,0.0,0.0,0.0,0.0,0.0,0.0,0.0,0.0,0.0,444.0
2023-04-20,,0.0,0.0,0.0,0.0,0.0,0.0,,,0.0,0.0,0.0,0.0,0.0,0.0,0.0,0.0,0.0,,0.0,0.0,0.0,80.0,0.0,0.0,0.0,0.0,0.0,0.0,0.0,0.0,0.0,0.0,0.0,0.0,0.0,0.0,0.0,80.0
2023-04-21,,0.0,0.0,0.0,0.0,0.0,0.0,,,0.0,0.0,0.0,0.0,0.0,0.0,0.0,0.0,0.0,,0.0,0.0,0.0,25.0,0.0,0.0,0.0,0.0,0.0,0.0,0.0,0.0,0.0,0.0,0.0,0.0,0.0,0.0,0.0,25.0
2023-04-22,,0.0,0.0,0.0,66.0,0.0,0.0,,,0.0,0.0,0.0,0.0,0.0,0.0,0.0,0.0,0.0,,0.0,0.0,0.0,57.0,0.0,0.0,0.0,0.0,0.0,0.0,0.0,0.0,0.0,0.0,0.0,0.0,0.0,0.0,0.0,123.0
2023-04-23,,0.0,0.0,0.0,0.0,0.0,0.0,,,0.0,0.0,0.0,0.0,0.0,0.0,0.0,0.0,0.0,,0.0,0.0,0.0,34.0,0.0,0.0,0.0,0.0,0.0,0.0,0.0,0.0,0.0,0.0,0.0,0.0,0.0,0.0,0.0,34.0
2023-04-24,,0.0,0.0,0.0,0.0,0.0,0.0,,,0.0,0.0,0.0,0.0,0.0,0.0,0.0,0.0,0.0,,0.0,0.0,0.0,63.0,0.0,0.0,0.0,0.0,0.0,0.0,0.0,0.0,0.0,0.0,0.0,0.0,0.0,0.0,0.0,63.0
2023-04-25,,0.0,0.0,0.0,140.0,0.0,0.0,,,0.0,0.0,0.0,0.0,0.0,0.0,0.0,0.0,0.0,,0.0,0.0,0.0,46.0,0.0,0.0,0.0,0.0,0.0,0.0,0.0,0.0,0.0,0.0,0.0,0.0,0.0,0.0,0.0,186.0
2023-04-26,,0.0,0.0,0.0,0.0,0.0,0.0,,,0.0,0.0,0.0,0.0,0.0,0.0,0.0,0.0,0.0,,0.0,0.0,0.0,59.0,0.0,0.0,0.0,0.0,0.0,0.0,0.0,0.0,0.0,0.0,0.0,0.0,0.0,0.0,0.0,59.0
2023-04-27,,0.0,0.0,0.0,0.0,0.0,0.0,,,0.0,0.0,0.0,0.0,4.0,0.0,0.0,0.0,0.0,,0.0,0.0,0.0,65.0,0.0,0.0,0.0,0.0,0.0,0.0,0.0,0.0,0.0,0.0,0.0,0.0,0.0,0.0,0.0,69.0
2023-04-28,,0.0,0.0,0.0,0.0,0.0,0.0,,,0.0,0.0,0.0,0.0,0.0,130.0,0.0,0.0,0.0,,0.0,0.0,0.0,70.0,0.0,0.0,0.0,0.0,0.0,0.0,0.0,0.0,0.0,0.0,0.0,0.0,0.0,0.0,0.0,200.0
2023-04-29,,0.0,0.0,0.0,0.0,0.0,0.0,,,0.0,0.0,0.0,0.0,0.0,0.0,0.0,0.0,0.0,,0.0,0.0,0.0,15.0,0.0,0.0,0.0,0.0,0.0,0.0,0.0,0.0,0.0,0.0,0.0,0.0,0.0,0.0,0.0,15.0
2023-04-30,,0.0,0.0,0.0,0.0,0.0,0.0,,,0.0,0.0,0.0,0.0,0.0,0.0,0.0,0.0,0.0,,0.0,0.0,0.0,60.0,0.0,0.0,0.0,0.0,0.0,0.0,0.0,0.0,0.0,0.0,0.0,0.0,0.0,0.0,0.0,60.0
2023-05-01,,0.0,0.0,0.0,0.0,0.0,0.0,,,0.0,0.0,0.0,0.0,0.0,0.0,0.0,0.0,0.0,,0.0,0.0,0.0,53.0,0.0,0.0,0.0,0.0,0.0,0.0,0.0,0.0,0.0,0.0,0.0,0.0,0.0,0.0,0.0,53.0
2023-05-02,,0.0,0.0,0.0,231.0,0.0,0.0,,,0.0,0.0,0.0,0.0,0.0,0.0,0.0,0.0,0.0,,0.0,0.0,0.0,66.0,0.0,0.0,0.0,0.0,0.0,0.0,0.0,0.0,0.0,0.0,220.0,0.0,0.0,0.0,0.0,517.0
2023-05-03,,0.0,0.0,0.0,0.0,0.0,0.0,,,0.0,0.0,0.0,0.0,0.0,0.0,0.0,0.0,0.0,,0.0,0.0,0.0,92.0,0.0,0.0,0.0,0.0,0.0,0.0,0.0,0.0,0.0,0.0,0.0,0.0,0.0,0.0,0.0,92.0
2023-05-04,,0.0,0.0,0.0,100.0,0.0,0.0,,,0.0,0.0,0.0,0.0,0.0,0.0,0.0,0.0,0.0,,0.0,0.0,0.0,43.0,0.0,0.0,0.0,0.0,0.0,0.0,0.0,0.0,0.0,0.0,0.0,0.0,0.0,0.0,0.0,143.0
2023-05-05,,0.0,0.0,0.0,0.0,0.0,0.0,,,0.0,0.0,0.0,0.0,2.0,0.0,138.0,0.0,0.0,,0.0,0.0,0.0,49.0,0.0,0.0,0.0,0.0,0.0,0.0,0.0,0.0,0.0,0.0,220.0,0.0,0.0,0.0,0.0,409.0
2023-05-06,,0.0,0.0,0.0,75.0,0.0,0.0,,,0.0,0.0,0.0,0.0,0.0,100.0,0.0,0.0,0.0,,0.0,0.0,0.0,32.0,0.0,0.0,0.0,0.0,0.0,0.0,0.0,0.0,0.0,0.0,0.0,0.0,0.0,0.0,0.0,207.0
2023-05-07,,0.0,0.0,0.0,0.0,0.0,0.0,,,0.0,0.0,0.0,0.0,0.0,0.0,0.0,0.0,0.0,,0.0,0.0,0.0,14.0,0.0,0.0,0.0,0.0,0.0,0.0,0.0,0.0,0.0,0.0,0.0,0.0,0.0,0.0,0.0,14.0
2023-05-08,,0.0,0.0,0.0,0.0,0.0,0.0,,,0.0,0.0,0.0,288.0,0.0,130.0,0.0,0.0,0.0,,0.0,0.0,0.0,22.0,0.0,0.0,0.0,0.0,0.0,0.0,0.0,0.0,0.0,0.0,0.0,0.0,0.0,0.0,0.0,440.0
2023-05-09,,0.0,0.0,0.0,408.0,0.0,0.0,,,0.0,0.0,0.0,0.0,0.0,150.0,0.0,0.0,0.0,,0.0,0.0,0.0,71.0,0.0,0.0,0.0,0.0,0.0,0.0,0.0,0.0,0.0,0.0,1010.0,0.0,0.0,0.0,0.0,1639.0
2023-05-10,,208.0,0.0,0.0,0.0,0.0,0.0,,,0.0,0.0,0.0,100.0,0.0,0.0,107.0,0.0,0.0,,0.0,0.0,0.0,27.0,0.0,0.0,0.0,0.0,0.0,0.0,0.0,0.0,0.0,0.0,0.0,0.0,0.0,0.0,0.0,442.0
2023-05-11,,0.0,0.0,0.0,123.0,0.0,0.0,,,0.0,0.0,0.0,0.0,0.0,0.0,0.0,0.0,0.0,,0.0,0.0,0.0,25.0,0.0,0.0,0.0,0.0,0.0,0.0,0.0,0.0,0.0,0.0,0.0,0.0,0.0,0.0,0.0,148.0
2023-05-12,,0.0,0.0,0.0,172.0,0.0,0.0,,,0.0,0.0,0.0,0.0,0.0,0.0,0.0,0.0,0.0,,0.0,0.0,0.0,27.0,0.0,0.0,0.0,0.0,0.0,0.0,0.0,0.0,0.0,0.0,0.0,0.0,0.0,0.0,0.0,199.0
2023-05-13,,0.0,0.0,0.0,0.0,0.0,0.0,,,0.0,0.0,0.0,0.0,0.0,0.0,0.0,0.0,0.0,,0.0,0.0,0.0,28.0,0.0,0.0,0.0,0.0,0.0,0.0,0.0,0.0,0.0,0.0,0.0,0.0,0.0,0.0,0.0,28.0
2023-05-14,,0.0,0.0,0.0,0.0,0.0,0.0,,,0.0,0.0,0.0,0.0,0.0,0.0,0.0,0.0,0.0,,0.0,0.0,0.0,13.0,0.0,0.0,0.0,0.0,0.0,0.0,0.0,0.0,0.0,0.0,0.0,0.0,0.0,0.0,0.0,13.0
2023-05-15,,0.0,0.0,0.0,0.0,0.0,0.0,,,0.0,0.0,0.0,0.0,0.0,0.0,0.0,0.0,0.0,,0.0,0.0,0.0,13.0,0.0,0.0,0.0,0.0,0.0,0.0,0.0,0.0,0.0,0.0,0.0,0.0,0.0,0.0,0.0,13.0
2023-05-16,,0.0,0.0,0.0,0.0,0.0,0.0,,,0.0,0.0,0.0,875.0,0.0,0.0,0.0,0.0,0.0,,0.0,0.0,0.0,17.0,0.0,0.0,0.0,0.0,0.0,0.0,0.0,0.0,0.0,0.0,120.0,0.0,0.0,0.0,0.0,1012.0
2023-05-17,,151.0,0.0,0.0,0.0,0.0,0.0,,,0.0,0.0,0.0,0.0,0.0,0.0,101.0,0.0,0.0,,0.0,0.0,0.0,55.0,0.0,0.0,0.0,0.0,0.0,0.0,0.0,0.0,0.0,0.0,120.0,0.0,0.0,0.0,0.0,427.0
2023-05-18,,0.0,0.0,0.0,386.0,0.0,0.0,,,0.0,0.0,0.0,400.0,0.0,285.0,0.0,0.0,0.0,,0.0,0.0,0.0,21.0,0.0,0.0,0.0,0.0,0.0,0.0,0.0,0.0,0.0,0.0,340.0,0.0,0.0,0.0,0.0,1432.0
2023-05-19,,0.0,0.0,0.0,0.0,0.0,0.0,,,0.0,0.0,0.0,438.0,0.0,0.0,25.0,0.0,0.0,,0.0,0.0,0.0,17.0,0.0,0.0,0.0,0.0,0.0,0.0,0.0,0.0,0.0,0.0,220.0,0.0,0.0,0.0,0.0,700.0
2023-05-20,,0.0,0.0,0.0,0.0,0.0,0.0,,,0.0,0.0,0.0,0.0,0.0,0.0,115.0,0.0,0.0,,0.0,0.0,0.0,43.0,0.0,0.0,0.0,0.0,0.0,0.0,0.0,0.0,0.0,0.0,0.0,0.0,0.0,0.0,0.0,158.0
2023-05-21,,0.0,0.0,0.0,0.0,0.0,0.0,,,0.0,0.0,0.0,19.0,0.0,88.0,0.0,0.0,0.0,,0.0,508.0,0.0,16.0,0.0,0.0,0.0,0.0,0.0,0.0,0.0,0.0,0.0,0.0,0.0,0.0,0.0,0.0,0.0,631.0
2023-05-22,,0.0,0.0,0.0,0.0,0.0,0.0,,,0.0,0.0,0.0,928.0,0.0,0.0,0.0,0.0,0.0,,0.0,0.0,0.0,61.0,0.0,0.0,0.0,0.0,0.0,0.0,0.0,0.0,0.0,0.0,0.0,0.0,0.0,0.0,0.0,989.0
2023-05-23,,0.0,0.0,0.0,0.0,0.0,0.0,,,0.0,0.0,0.0,0.0,0.0,70.0,0.0,0.0,0.0,,0.0,0.0,0.0,13.0,0.0,0.0,0.0,0.0,0.0,0.0,0.0,0.0,0.0,0.0,0.0,0.0,0.0,0.0,0.0,83.0
2023-05-24,,0.0,0.0,0.0,4.0,0.0,0.0,,,0.0,0.0,0.0,0.0,0.0,80.0,0.0,0.0,0.0,,0.0,0.0,0.0,6.0,0.0,0.0,0.0,0.0,0.0,0.0,0.0,0.0,0.0,0.0,0.0,0.0,0.0,0.0,0.0,90.0
2023-05-25,,0.0,0.0,0.0,245.0,0.0,0.0,,,0.0,0.0,0.0,0.0,0.0,0.0,0.0,0.0,0.0,,0.0,0.0,0.0,18.0,0.0,0.0,0.0,0.0,0.0,0.0,0.0,0.0,0.0,0.0,0.0,0.0,0.0,0.0,0.0,263.0
2023-05-26,,0.0,0.0,0.0,0.0,0.0,0.0,,,0.0,0.0,0.0,0.0,0.0,135.0,0.0,0.0,0.0,,0.0,0.0,0.0,36.0,0.0,0.0,0.0,0.0,0.0,0.0,0.0,0.0,0.0,0.0,0.0,0.0,0.0,0.0,0.0,171.0
2023-05-27,,0.0,0.0,0.0,199.0,0.0,0.0,,,0.0,0.0,0.0,0.0,0.0,150.0,0.0,0.0,0.0,,0.0,0.0,15.0,0.0,0.0,0.0,0.0,0.0,0.0,0.0,0.0,0.0,0.0,0.0,0.0,0.0,0.0,0.0,0.0,364.0
2023-05-28,,0.0,0.0,0.0,0.0,0.0,0.0,,,0.0,0.0,0.0,0.0,0.0,0.0,0.0,0.0,0.0,,0.0,877.0,0.0,43.0,0.0,0.0,0.0,0.0,0.0,0.0,0.0,0.0,0.0,0.0,0.0,0.0,0.0,0.0,0.0,920.0
2023-05-29,,0.0,0.0,270.0,797.0,0.0,0.0,,,0.0,0.0,0.0,0.0,0.0,0.0,0.0,0.0,0.0,,0.0,0.0,0.0,60.0,0.0,0.0,0.0,40.0,0.0,0.0,0.0,0.0,0.0,0.0,580.0,0.0,0.0,0.0,0.0,1747.0
2023-05-30,,0.0,0.0,0.0,0.0,0.0,0.0,,,0.0,0.0,0.0,0.0,0.0,0.0,0.0,0.0,0.0,,0.0,0.0,0.0,24.0,0.0,0.0,0.0,0.0,0.0,0.0,0.0,0.0,0.0,0.0,0.0,0.0,0.0,0.0,0.0,24.0
2023-05-31,,0.0,0.0,0.0,0.0,0.0,0.0,,,0.0,0.0,0.0,0.0,12.0,0.0,0.0,0.0,0.0,,0.0,0.0,0.0,24.0,0.0,0.0,0.0,0.0,0.0,0.0,0.0,0.0,0.0,0.0,0.0,0.0,0.0,0.0,0.0,36.0
2023-06-01,,0.0,0.0,0.0,520.0,0.0,0.0,,,0.0,0.0,0.0,0.0,0.0,0.0,419.0,0.0,0.0,,0.0,816.0,0.0,10.0,0.0,0.0,0.0,0.0,0.0,0.0,0.0,0.0,0.0,0.0,0.0,0.0,0.0,0.0,0.0,1765.0
2023-06-02,,0.0,0.0,0.0,419.0,0.0,0.0,,,0.0,0.0,0.0,0.0,0.0,250.0,0.0,0.0,0.0,,0.0,0.0,0.0,62.0,0.0,0.0,0.0,0.0,0.0,0.0,0.0,0.0,0.0,0.0,0.0,0.0,0.0,0.0,0.0,731.0
2023-06-03,,0.0,0.0,0.0,212.0,0.0,0.0,,,0.0,0.0,0.0,0.0,0.0,0.0,0.0,0.0,0.0,,0.0,687.0,0.0,37.0,0.0,0.0,0.0,0.0,0.0,0.0,0.0,0.0,0.0,0.0,0.0,0.0,0.0,0.0,0.0,936.0
2023-06-04,,0.0,0.0,0.0,0.0,0.0,0.0,,,0.0,0.0,0.0,0.0,0.0,90.0,0.0,0.0,0.0,,0.0,0.0,0.0,37.0,0.0,0.0,0.0,0.0,0.0,0.0,0.0,0.0,0.0,0.0,0.0,0.0,0.0,0.0,0.0,127.0
2023-06-05,,0.0,0.0,0.0,0.0,0.0,0.0,,,0.0,0.0,0.0,0.0,0.0,190.0,0.0,0.0,0.0,,0.0,0.0,0.0,54.0,0.0,0.0,0.0,0.0,0.0,0.0,0.0,0.0,0.0,0.0,0.0,0.0,0.0,0.0,0.0,244.0
2023-06-06,,0.0,0.0,0.0,0.0,0.0,0.0,,,0.0,0.0,0.0,0.0,0.0,127.0,0.0,0.0,0.0,,0.0,570.0,0.0,54.0,0.0,0.0,0.0,0.0,0.0,0.0,0.0,0.0,0.0,0.0,0.0,0.0,0.0,0.0,0.0,751.0
2023-06-07,,0.0,0.0,0.0,0.0,0.0,0.0,,,0.0,0.0,0.0,108.0,0.0,360.0,0.0,0.0,0.0,,0.0,0.0,0.0,39.0,0.0,0.0,0.0,0.0,0.0,0.0,0.0,0.0,0.0,0.0,0.0,75.0,0.0,0.0,0.0,582.0
2023-06-08,,0.0,0.0,0.0,0.0,0.0,0.0,,,0.0,0.0,0.0,413.0,0.0,60.0,0.0,0.0,0.0,,0.0,865.0,0.0,19.0,0.0,0.0,0.0,0.0,0.0,0.0,0.0,0.0,0.0,0.0,0.0,0.0,0.0,0.0,0.0,1357.0
2023-06-09,,0.0,0.0,0.0,0.0,0.0,0.0,,,0.0,0.0,0.0,0.0,0.0,170.0,0.0,0.0,0.0,,0.0,344.0,0.0,19.0,0.0,0.0,0.0,0.0,0.0,0.0,0.0,0.0,0.0,0.0,0.0,0.0,0.0,0.0,0.0,533.0
2023-06-10,,0.0,0.0,0.0,0.0,0.0,0.0,,,0.0,0.0,0.0,0.0,37.0,0.0,0.0,0.0,0.0,,0.0,0.0,0.0,17.0,0.0,0.0,0.0,0.0,0.0,0.0,0.0,0.0,0.0,0.0,0.0,0.0,0.0,0.0,0.0,54.0
2023-06-11,,0.0,0.0,0.0,0.0,0.0,0.0,,,0.0,0.0,0.0,0.0,0.0,145.0,0.0,0.0,0.0,,0.0,463.0,0.0,13.0,0.0,0.0,0.0,0.0,0.0,0.0,0.0,0.0,0.0,0.0,0.0,0.0,0.0,0.0,0.0,621.0
2023-06-12,,0.0,0.0,0.0,319.0,0.0,0.0,,,0.0,0.0,0.0,625.0,0.0,110.0,0.0,0.0,0.0,,0.0,0.0,0.0,16.0,0.0,0.0,0.0,0.0,0.0,0.0,0.0,0.0,0.0,0.0,0.0,0.0,0.0,0.0,0.0,1070.0
2023-06-13,,0.0,0.0,0.0,146.0,0.0,0.0,,,0.0,0.0,0.0,200.0,13.0,0.0,0.0,0.0,0.0,,0.0,0.0,0.0,34.0,0.0,0.0,0.0,0.0,0.0,0.0,0.0,0.0,0.0,0.0,0.0,0.0,0.0,0.0,0.0,393.0
2023-06-14,,0.0,0.0,0.0,636.0,0.0,0.0,,,0.0,0.0,0.0,0.0,0.0,0.0,0.0,0.0,0.0,,0.0,0.0,0.0,35.0,0.0,0.0,0.0,0.0,0.0,0.0,0.0,0.0,0.0,0.0,0.0,0.0,0.0,0.0,0.0,671.0
2023-06-15,,0.0,0.0,0.0,597.0,0.0,0.0,,,0.0,0.0,0.0,0.0,0.0,154.0,0.0,0.0,0.0,,0.0,0.0,0.0,13.0,0.0,0.0,0.0,0.0,0.0,0.0,0.0,0.0,0.0,0.0,0.0,0.0,0.0,0.0,0.0,764.0
2023-06-16,,0.0,0.0,0.0,0.0,0.0,0.0,,,0.0,0.0,0.0,0.0,0.0,0.0,0.0,0.0,0.0,,0.0,0.0,0.0,41.0,0.0,0.0,0.0,0.0,0.0,0.0,0.0,0.0,0.0,0.0,0.0,60.0,0.0,0.0,0.0,101.0
2023-06-17,,0.0,0.0,0.0,577.0,0.0,0.0,,,0.0,0.0,0.0,0.0,0.0,100.0,0.0,0.0,0.0,,0.0,0.0,0.0,6.0,0.0,0.0,0.0,0.0,0.0,0.0,0.0,0.0,0.0,0.0,0.0,0.0,0.0,0.0,0.0,683.0
2023-06-18,,0.0,0.0,0.0,0.0,0.0,0.0,,,0.0,0.0,0.0,0.0,0.0,0.0,0.0,0.0,0.0,,0.0,0.0,0.0,12.0,0.0,0.0,0.0,0.0,0.0,0.0,0.0,0.0,0.0,0.0,0.0,0.0,0.0,0.0,0.0,12.0
2023-06-19,,0.0,0.0,0.0,0.0,0.0,0.0,,,0.0,0.0,0.0,0.0,5.0,90.0,0.0,0.0,0.0,,0.0,0.0,0.0,4.0,0.0,0.0,0.0,0.0,0.0,0.0,0.0,0.0,0.0,0.0,0.0,0.0,0.0,0.0,0.0,99.0
2023-06-20,,0.0,0.0,0.0,0.0,0.0,0.0,,,0.0,0.0,0.0,245.0,1.0,0.0,0.0,0.0,0.0,,0.0,0.0,0.0,9.0,0.0,0.0,0.0,0.0,0.0,0.0,0.0,0.0,0.0,0.0,0.0,0.0,0.0,0.0,0.0,255.0
2023-06-21,,0.0,0.0,0.0,0.0,0.0,0.0,,,0.0,0.0,0.0,0.0,0.0,0.0,0.0,0.0,0.0,,0.0,0.0,0.0,17.0,0.0,0.0,0.0,0.0,0.0,0.0,0.0,0.0,0.0,0.0,0.0,0.0,0.0,0.0,0.0,17.0
2023-06-22,,0.0,0.0,0.0,0.0,0.0,0.0,,,0.0,0.0,0.0,249.0,0.0,0.0,0.0,0.0,0.0,,0.0,0.0,0.0,11.0,0.0,0.0,0.0,0.0,0.0,0.0,0.0,0.0,0.0,0.0,0.0,0.0,0.0,0.0,0.0,260.0
2023-06-23,,0.0,0.0,0.0,0.0,0.0,116.0,,,0.0,0.0,0.0,0.0,0.0,50.0,147.0,0.0,0.0,,0.0,0.0,0.0,13.0,0.0,0.0,0.0,0.0,0.0,0.0,0.0,0.0,0.0,0.0,0.0,0.0,0.0,0.0,0.0,326.0
2023-06-24,,0.0,0.0,0.0,0.0,0.0,0.0,,,0.0,0.0,0.0,0.0,0.0,75.0,0.0,0.0,0.0,,0.0,0.0,0.0,23.0,0.0,0.0,0.0,0.0,0.0,0.0,0.0,0.0,0.0,0.0,0.0,0.0,0.0,0.0,0.0,98.0
2023-06-25,,0.0,0.0,0.0,0.0,0.0,0.0,,,0.0,0.0,0.0,0.0,0.0,0.0,0.0,0.0,0.0,,0.0,0.0,0.0,13.0,0.0,0.0,0.0,0.0,0.0,0.0,0.0,0.0,0.0,0.0,0.0,0.0,0.0,0.0,0.0,13.0
2023-06-26,,0.0,0.0,0.0,0.0,0.0,0.0,,,0.0,0.0,0.0,0.0,0.0,0.0,0.0,0.0,0.0,,0.0,0.0,0.0,13.0,0.0,0.0,0.0,0.0,0.0,0.0,0.0,0.0,0.0,0.0,0.0,0.0,0.0,0.0,0.0,13.0
2023-06-27,,0.0,0.0,0.0,0.0,0.0,0.0,,,0.0,0.0,0.0,0.0,4.0,0.0,0.0,0.0,0.0,,0.0,0.0,0.0,15.0,0.0,0.0,0.0,0.0,0.0,0.0,0.0,0.0,0.0,0.0,0.0,0.0,0.0,0.0,0.0,19.0
2023-06-28,,0.0,0.0,0.0,0.0,0.0,0.0,,,0.0,0.0,0.0,0.0,0.0,0.0,0.0,0.0,0.0,,0.0,0.0,0.0,15.0,0.0,0.0,0.0,0.0,0.0,0.0,0.0,0.0,0.0,0.0,0.0,0.0,0.0,0.0,0.0,15.0
2023-06-29,,0.0,0.0,0.0,0.0,0.0,0.0,,,0.0,0.0,0.0,0.0,0.0,0.0,0.0,0.0,0.0,,0.0,0.0,0.0,5.0,0.0,0.0,0.0,0.0,0.0,0.0,0.0,0.0,0.0,0.0,0.0,0.0,0.0,0.0,0.0,5.0
2023-06-30,,0.0,0.0,0.0,0.0,0.0,0.0,,,0.0,0.0,0.0,0.0,0.0,0.0,0.0,0.0,0.0,,0.0,0.0,0.0,5.0,0.0,0.0,0.0,0.0,0.0,0.0,0.0,0.0,0.0,0.0,0.0,0.0,0.0,0.0,0.0,5.0
2023-07-01,,0.0,0.0,0.0,0.0,0.0,0.0,,,0.0,0.0,0.0,0.0,0.0,90.0,0.0,0.0,0.0,,0.0,0.0,0.0,3.0,0.0,0.0,0.0,0.0,0.0,0.0,0.0,0.0,0.0,0.0,0.0,0.0,0.0,0.0,0.0,93.0
2023-07-02,,0.0,0.0,0.0,0.0,0.0,0.0,,,0.0,0.0,0.0,0.0,24.0,0.0,0.0,0.0,0.0,,0.0,0.0,0.0,0.0,0.0,0.0,0.0,0.0,0.0,0.0,0.0,0.0,0.0,0.0,680.0,0.0,0.0,0.0,0.0,704.0
2023-07-03,,0.0,0.0,0.0,0.0,0.0,0.0,,,0.0,0.0,0.0,0.0,0.0,0.0,0.0,0.0,0.0,,0.0,0.0,0.0,6.0,0.0,0.0,0.0,0.0,0.0,0.0,0.0,0.0,0.0,0.0,460.0,0.0,0.0,0.0,0.0,466.0
2023-07-04,,0.0,0.0,0.0,0.0,0.0,0.0,,,0.0,0.0,0.0,0.0,0.0,0.0,0.0,0.0,0.0,,0.0,0.0,0.0,12.0,0.0,0.0,0.0,0.0,0.0,0.0,0.0,0.0,0.0,0.0,0.0,0.0,0.0,0.0,0.0,12.0
2023-07-05,,0.0,0.0,0.0,169.0,0.0,0.0,,,0.0,0.0,0.0,0.0,0.0,0.0,0.0,0.0,0.0,,0.0,0.0,0.0,9.0,0.0,0.0,0.0,0.0,0.0,0.0,0.0,0.0,0.0,0.0,0.0,0.0,0.0,0.0,0.0,178.0
2023-07-06,,0.0,0.0,0.0,0.0,0.0,0.0,,,0.0,0.0,0.0,0.0,0.0,25.0,0.0,0.0,0.0,,0.0,0.0,0.0,13.0,0.0,0.0,0.0,0.0,0.0,0.0,0.0,0.0,0.0,0.0,0.0,0.0,0.0,0.0,0.0,38.0
2023-07-07,,0.0,0.0,0.0,0.0,0.0,0.0,,,0.0,0.0,0.0,0.0,0.0,0.0,0.0,0.0,0.0,,0.0,0.0,0.0,0.0,0.0,0.0,0.0,0.0,0.0,37.0,0.0,0.0,0.0,0.0,0.0,0.0,0.0,0.0,0.0,37.0
2023-07-08,,0.0,0.0,0.0,0.0,0.0,0.0,,,0.0,0.0,0.0,0.0,0.0,0.0,0.0,0.0,0.0,,0.0,0.0,0.0,0.0,0.0,0.0,0.0,0.0,0.0,0.0,0.0,0.0,0.0,0.0,0.0,0.0,0.0,0.0,0.0,0.0
2023-07-09,,0.0,0.0,0.0,145.0,0.0,0.0,,,0.0,0.0,0.0,0.0,0.0,0.0,0.0,0.0,0.0,,0.0,0.0,0.0,15.0,0.0,0.0,0.0,0.0,0.0,0.0,0.0,0.0,0.0,0.0,0.0,0.0,0.0,0.0,0.0,160.0
2023-07-10,,0.0,0.0,0.0,82.0,0.0,0.0,,,0.0,0.0,0.0,0.0,0.0,400.0,0.0,0.0,0.0,,0.0,0.0,0.0,0.0,0.0,0.0,0.0,0.0,0.0,0.0,0.0,0.0,0.0,0.0,0.0,0.0,0.0,0.0,0.0,482.0
2023-07-11,,0.0,0.0,0.0,279.0,0.0,0.0,,,0.0,0.0,0.0,0.0,0.0,240.0,0.0,0.0,0.0,,0.0,0.0,0.0,0.0,0.0,0.0,0.0,0.0,0.0,0.0,0.0,0.0,0.0,0.0,0.0,0.0,0.0,0.0,0.0,519.0
2023-07-12,,0.0,0.0,0.0,0.0,0.0,127.0,,,0.0,0.0,0.0,0.0,10.0,117.0,0.0,0.0,0.0,,0.0,0.0,0.0,0.0,0.0,0.0,0.0,0.0,0.0,0.0,0.0,0.0,0.0,0.0,0.0,0.0,0.0,0.0,0.0,254.0
2023-07-13,,0.0,0.0,0.0,252.0,0.0,91.0,,,0.0,0.0,0.0,0.0,10.0,90.0,0.0,0.0,0.0,,0.0,0.0,0.0,0.0,0.0,0.0,0.0,0.0,0.0,0.0,0.0,0.0,0.0,0.0,0.0,70.0,0.0,0.0,0.0,513.0
2023-07-14,,0.0,0.0,0.0,0.0,0.0,91.0,,,0.0,0.0,0.0,0.0,0.0,0.0,0.0,0.0,0.0,,0.0,0.0,0.0,19.0,0.0,0.0,0.0,0.0,0.0,0.0,0.0,0.0,0.0,0.0,0.0,75.0,0.0,0.0,0.0,185.0
2023-07-15,,0.0,0.0,0.0,78.0,0.0,6.0,,,0.0,0.0,0.0,0.0,0.0,0.0,0.0,0.0,0.0,,0.0,0.0,0.0,0.0,0.0,0.0,0.0,0.0,0.0,0.0,0.0,0.0,0.0,0.0,0.0,75.0,0.0,0.0,0.0,159.0
2023-07-16,,0.0,0.0,0.0,66.0,0.0,0.0,,,0.0,0.0,0.0,0.0,0.0,0.0,0.0,0.0,0.0,,0.0,0.0,0.0,10.0,0.0,0.0,0.0,0.0,0.0,0.0,0.0,0.0,0.0,0.0,0.0,75.0,0.0,0.0,0.0,151.0
2023-07-17,,0.0,0.0,0.0,112.0,0.0,0.0,,,0.0,0.0,0.0,0.0,0.0,0.0,0.0,0.0,0.0,,0.0,0.0,0.0,4.0,0.0,0.0,0.0,0.0,0.0,0.0,0.0,0.0,0.0,0.0,0.0,0.0,0.0,0.0,0.0,116.0
2023-07-18,,0.0,0.0,0.0,561.0,0.0,0.0,,,0.0,0.0,0.0,0.0,0.0,100.0,0.0,0.0,0.0,,0.0,0.0,0.0,0.0,0.0,0.0,0.0,0.0,0.0,0.0,0.0,0.0,0.0,0.0,0.0,0.0,0.0,0.0,0.0,661.0
2023-07-19,,0.0,0.0,0.0,383.0,0.0,0.0,,,0.0,0.0,0.0,750.0,0.0,0.0,0.0,0.0,0.0,,0.0,0.0,0.0,0.0,0.0,0.0,0.0,0.0,0.0,0.0,0.0,0.0,0.0,0.0,0.0,0.0,0.0,0.0,0.0,1133.0
2023-07-20,,0.0,0.0,0.0,414.0,0.0,0.0,,,0.0,0.0,0.0,265.0,0.0,0.0,0.0,0.0,0.0,,0.0,0.0,0.0,0.0,0.0,0.0,0.0,0.0,0.0,0.0,0.0,0.0,0.0,0.0,0.0,0.0,0.0,0.0,0.0,679.0
2023-07-21,,0.0,0.0,0.0,116.0,0.0,0.0,,,0.0,0.0,0.0,0.0,0.0,0.0,0.0,0.0,0.0,,0.0,0.0,0.0,0.0,0.0,0.0,0.0,0.0,0.0,0.0,0.0,0.0,0.0,0.0,120.0,0.0,0.0,0.0,0.0,236.0
2023-07-22,,0.0,0.0,0.0,208.0,0.0,0.0,,,0.0,0.0,0.0,0.0,0.0,0.0,0.0,0.0,0.0,,0.0,0.0,0.0,0.0,0.0,0.0,0.0,0.0,0.0,0.0,0.0,0.0,0.0,0.0,0.0,0.0,0.0,0.0,0.0,208.0
2023-07-23,,0.0,0.0,0.0,339.0,0.0,0.0,,,0.0,0.0,0.0,0.0,13.0,50.0,114.0,0.0,0.0,,0.0,0.0,0.0,0.0,0.0,0.0,0.0,0.0,0.0,0.0,0.0,0.0,0.0,0.0,0.0,0.0,0.0,0.0,0.0,516.0
2023-07-24,,0.0,0.0,0.0,599.0,0.0,0.0,,,0.0,0.0,0.0,0.0,0.0,180.0,138.0,0.0,0.0,,0.0,0.0,0.0,0.0,0.0,0.0,0.0,0.0,0.0,0.0,0.0,0.0,0.0,0.0,0.0,0.0,0.0,0.0,0.0,917.0
2023-07-25,,0.0,0.0,0.0,338.0,0.0,56.0,,,0.0,0.0,0.0,0.0,0.0,0.0,159.0,0.0,0.0,,0.0,0.0,0.0,0.0,0.0,0.0,0.0,0.0,0.0,0.0,0.0,0.0,0.0,0.0,0.0,0.0,0.0,0.0,0.0,553.0
2023-07-26,,0.0,0.0,0.0,0.0,0.0,0.0,,,0.0,0.0,0.0,0.0,22.0,80.0,0.0,0.0,0.0,,0.0,0.0,0.0,0.0,0.0,0.0,0.0,0.0,0.0,0.0,0.0,0.0,0.0,0.0,0.0,0.0,0.0,0.0,0.0,102.0
2023-07-27,,0.0,0.0,0.0,0.0,0.0,0.0,,,0.0,0.0,0.0,0.0,0.0,0.0,114.0,0.0,0.0,,0.0,0.0,0.0,0.0,0.0,0.0,0.0,0.0,0.0,0.0,0.0,0.0,0.0,0.0,0.0,0.0,0.0,0.0,0.0,114.0
2023-07-28,,0.0,0.0,0.0,0.0,0.0,0.0,,,0.0,0.0,0.0,0.0,0.0,0.0,124.0,0.0,0.0,,0.0,0.0,0.0,4.0,0.0,0.0,0.0,0.0,0.0,0.0,0.0,0.0,0.0,0.0,0.0,0.0,0.0,0.0,0.0,128.0
2023-07-29,,0.0,0.0,0.0,0.0,0.0,0.0,,,0.0,0.0,0.0,0.0,18.0,130.0,0.0,0.0,0.0,,0.0,0.0,0.0,8.0,0.0,0.0,0.0,0.0,0.0,0.0,0.0,0.0,0.0,0.0,0.0,0.0,0.0,0.0,0.0,156.0
2023-07-30,,0.0,0.0,0.0,0.0,0.0,0.0,,,0.0,0.0,0.0,0.0,0.0,0.0,0.0,0.0,0.0,,0.0,0.0,0.0,40.0,0.0,0.0,0.0,0.0,0.0,0.0,0.0,0.0,0.0,0.0,0.0,0.0,0.0,0.0,0.0,40.0
2023-07-31,,0.0,0.0,0.0,0.0,0.0,0.0,,,0.0,0.0,0.0,0.0,0.0,0.0,0.0,0.0,0.0,,0.0,0.0,0.0,0.0,0.0,0.0,0.0,0.0,0.0,0.0,0.0,0.0,0.0,0.0,0.0,0.0,0.0,0.0,0.0,0.0
2023-08-01,,0.0,0.0,0.0,0.0,0.0,0.0,,,0.0,0.0,0.0,0.0,0.0,0.0,0.0,0.0,0.0,,0.0,0.0,0.0,12.0,0.0,0.0,0.0,0.0,0.0,0.0,0.0,0.0,0.0,0.0,0.0,0.0,0.0,0.0,0.0,12.0
2023-08-02,,0.0,0.0,0.0,0.0,0.0,0.0,,,0.0,0.0,0.0,0.0,0.0,0.0,0.0,0.0,0.0,,0.0,0.0,0.0,15.0,0.0,0.0,0.0,0.0,0.0,0.0,0.0,0.0,0.0,0.0,0.0,0.0,0.0,0.0,0.0,15.0
2023-08-03,,0.0,0.0,0.0,0.0,0.0,0.0,,,0.0,0.0,0.0,0.0,0.0,190.0,115.0,0.0,0.0,,0.0,0.0,0.0,0.0,0.0,0.0,0.0,0.0,0.0,0.0,0.0,0.0,0.0,0.0,0.0,0.0,0.0,0.0,0.0,305.0
2023-08-04,,0.0,0.0,0.0,0.0,0.0,0.0,,,0.0,0.0,0.0,0.0,0.0,0.0,0.0,0.0,0.0,,0.0,0.0,0.0,10.0,0.0,0.0,0.0,0.0,0.0,0.0,0.0,0.0,0.0,0.0,0.0,0.0,0.0,0.0,0.0,10.0
2023-08-05,,0.0,0.0,0.0,0.0,0.0,0.0,,,0.0,0.0,0.0,0.0,0.0,0.0,63.0,0.0,0.0,,0.0,0.0,0.0,6.0,0.0,0.0,0.0,0.0,0.0,0.0,0.0,0.0,0.0,0.0,0.0,0.0,0.0,0.0,0.0,69.0
2023-08-06,,0.0,0.0,0.0,0.0,0.0,0.0,,,0.0,0.0,0.0,0.0,14.0,0.0,0.0,0.0,0.0,,0.0,0.0,0.0,7.0,0.0,0.0,0.0,0.0,0.0,0.0,0.0,0.0,0.0,0.0,0.0,0.0,0.0,0.0,0.0,21.0
2023-08-07,,0.0,0.0,0.0,0.0,0.0,0.0,,,0.0,0.0,0.0,0.0,0.0,75.0,114.0,0.0,0.0,,0.0,0.0,0.0,21.0,0.0,0.0,0.0,0.0,0.0,0.0,0.0,0.0,0.0,0.0,0.0,0.0,0.0,0.0,0.0,210.0
2023-08-08,,0.0,0.0,0.0,0.0,0.0,0.0,,,0.0,0.0,0.0,0.0,0.0,0.0,0.0,0.0,0.0,,0.0,0.0,0.0,7.0,0.0,0.0,0.0,0.0,0.0,0.0,0.0,0.0,0.0,0.0,360.0,0.0,0.0,0.0,0.0,367.0
2023-08-09,,0.0,0.0,125.0,152.0,0.0,0.0,,,0.0,0.0,0.0,0.0,0.0,0.0,0.0,0.0,10.0,,0.0,0.0,0.0,6.0,0.0,0.0,115.0,0.0,0.0,0.0,0.0,0.0,0.0,0.0,800.0,0.0,0.0,0.0,0.0,1208.0
2023-08-10,,0.0,0.0,0.0,1092.0,0.0,0.0,,,0.0,0.0,0.0,0.0,0.0,0.0,0.0,0.0,0.0,,0.0,0.0,0.0,0.0,0.0,0.0,0.0,0.0,0.0,0.0,0.0,0.0,0.0,0.0,750.0,0.0,0.0,0.0,0.0,1842.0
2023-08-11,,0.0,0.0,0.0,73.0,0.0,0.0,,,0.0,0.0,0.0,0.0,0.0,0.0,0.0,0.0,0.0,,0.0,0.0,0.0,40.0,0.0,0.0,0.0,0.0,0.0,0.0,0.0,0.0,0.0,0.0,660.0,105.0,0.0,0.0,0.0,878.0
2023-08-12,,0.0,0.0,0.0,0.0,0.0,19.0,,,0.0,0.0,0.0,0.0,0.0,0.0,0.0,0.0,0.0,,0.0,0.0,0.0,3.0,0.0,0.0,0.0,0.0,0.0,0.0,0.0,0.0,0.0,0.0,420.0,0.0,0.0,0.0,0.0,442.0
2023-08-13,,0.0,0.0,0.0,0.0,0.0,0.0,,,0.0,0.0,0.0,0.0,0.0,0.0,0.0,0.0,0.0,,0.0,0.0,0.0,0.0,0.0,0.0,0.0,0.0,0.0,0.0,0.0,0.0,0.0,0.0,0.0,0.0,0.0,0.0,0.0,0.0
2023-08-14,,0.0,0.0,127.0,0.0,0.0,0.0,,,0.0,0.0,0.0,0.0,0.0,0.0,0.0,0.0,0.0,,0.0,0.0,0.0,0.0,0.0,0.0,0.0,0.0,0.0,0.0,0.0,0.0,0.0,0.0,0.0,0.0,0.0,0.0,0.0,127.0
2023-08-15,,0.0,0.0,0.0,0.0,0.0,10.0,,,0.0,0.0,0.0,288.0,17.0,0.0,0.0,0.0,0.0,,0.0,0.0,0.0,31.0,0.0,0.0,0.0,0.0,0.0,0.0,0.0,0.0,0.0,0.0,0.0,0.0,0.0,0.0,0.0,346.0
2023-08-16,,0.0,0.0,180.0,0.0,0.0,0.0,,,0.0,0.0,0.0,281.0,0.0,0.0,0.0,0.0,0.0,,0.0,0.0,0.0,34.0,0.0,0.0,0.0,0.0,0.0,0.0,0.0,0.0,0.0,0.0,1600.0,0.0,0.0,0.0,0.0,2095.0
2023-08-17,,0.0,0.0,0.0,207.0,0.0,0.0,,,0.0,0.0,0.0,0.0,0.0,0.0,0.0,0.0,0.0,,0.0,0.0,0.0,20.0,0.0,0.0,0.0,0.0,0.0,0.0,0.0,0.0,0.0,0.0,800.0,0.0,0.0,0.0,0.0,1027.0
2023-08-18,,0.0,0.0,130.0,263.0,0.0,0.0,,,0.0,0.0,0.0,138.0,0.0,0.0,0.0,0.0,0.0,,0.0,0.0,0.0,32.0,0.0,0.0,0.0,0.0,0.0,154.0,0.0,0.0,0.0,0.0,610.0,0.0,0.0,0.0,0.0,1327.0
2023-08-19,,0.0,0.0,0.0,410.0,0.0,0.0,,,0.0,0.0,0.0,0.0,0.0,125.0,0.0,0.0,0.0,,0.0,0.0,0.0,0.0,0.0,0.0,0.0,0.0,0.0,0.0,0.0,0.0,0.0,0.0,0.0,0.0,0.0,0.0,0.0,535.0
2023-08-20,,0.0,0.0,0.0,74.0,0.0,0.0,,,0.0,0.0,0.0,0.0,0.0,0.0,0.0,0.0,0.0,,0.0,0.0,0.0,25.0,0.0,0.0,0.0,10.0,0.0,0.0,0.0,0.0,0.0,0.0,240.0,0.0,0.0,0.0,0.0,349.0
2023-08-21,,0.0,0.0,0.0,0.0,0.0,0.0,,,0.0,0.0,0.0,0.0,0.0,0.0,215.0,200.0,0.0,,0.0,0.0,0.0,0.0,0.0,0.0,0.0,50.0,0.0,0.0,0.0,0.0,0.0,0.0,1330.0,185.0,0.0,0.0,0.0,1980.0
2023-08-22,,0.0,0.0,0.0,124.0,0.0,0.0,,,0.0,0.0,0.0,0.0,0.0,60.0,0.0,0.0,0.0,,0.0,0.0,0.0,51.0,0.0,0.0,200.0,0.0,0.0,0.0,0.0,0.0,0.0,0.0,0.0,150.0,0.0,0.0,0.0,585.0
2023-08-23,,0.0,0.0,70.0,0.0,0.0,0.0,,,0.0,0.0,0.0,0.0,0.0,0.0,0.0,0.0,0.0,,0.0,658.0,0.0,13.0,0.0,0.0,0.0,0.0,0.0,0.0,0.0,0.0,0.0,0.0,0.0,0.0,0.0,0.0,0.0,741.0
2023-08-24,,0.0,0.0,0.0,0.0,0.0,0.0,,,0.0,0.0,0.0,0.0,0.0,200.0,0.0,0.0,0.0,,0.0,0.0,0.0,56.0,0.0,0.0,0.0,0.0,0.0,0.0,0.0,0.0,0.0,0.0,0.0,0.0,0.0,0.0,0.0,256.0
2023-08-25,,0.0,0.0,100.0,0.0,0.0,0.0,,,0.0,0.0,0.0,0.0,0.0,75.0,201.0,0.0,0.0,,0.0,0.0,0.0,30.0,0.0,0.0,0.0,0.0,0.0,0.0,0.0,0.0,0.0,0.0,0.0,0.0,0.0,0.0,0.0,406.0
2023-08-26,,0.0,0.0,50.0,0.0,0.0,0.0,,,0.0,0.0,0.0,0.0,0.0,0.0,0.0,0.0,0.0,,0.0,0.0,0.0,0.0,0.0,0.0,0.0,0.0,0.0,0.0,0.0,0.0,0.0,0.0,560.0,75.0,0.0,0.0,0.0,685.0
2023-08-27,,0.0,0.0,0.0,0.0,0.0,0.0,,,0.0,0.0,0.0,130.0,0.0,135.0,0.0,0.0,0.0,,0.0,0.0,0.0,0.0,0.0,0.0,0.0,0.0,0.0,0.0,0.0,0.0,0.0,0.0,0.0,0.0,0.0,0.0,0.0,265.0
2023-08-28,,0.0,0.0,150.0,0.0,0.0,0.0,,,0.0,0.0,0.0,0.0,0.0,122.0,128.0,0.0,0.0,,0.0,0.0,0.0,0.0,0.0,0.0,0.0,0.0,0.0,0.0,0.0,0.0,0.0,0.0,0.0,0.0,0.0,0.0,0.0,400.0
2023-08-29,,0.0,0.0,0.0,0.0,0.0,0.0,,,0.0,0.0,0.0,0.0,0.0,150.0,0.0,0.0,0.0,,0.0,0.0,0.0,35.0,0.0,0.0,0.0,0.0,0.0,0.0,0.0,0.0,0.0,0.0,1490.0,0.0,0.0,0.0,0.0,1675.0
2023-08-30,,0.0,0.0,414.0,346.0,0.0,93.0,,,0.0,0.0,0.0,0.0,0.0,0.0,0.0,0.0,0.0,,0.0,691.0,0.0,35.0,0.0,0.0,220.0,0.0,0.0,0.0,0.0,0.0,0.0,0.0,0.0,0.0,0.0,0.0,0.0,1799.0
2023-08-31,,0.0,0.0,230.0,421.0,0.0,0.0,,,0.0,0.0,0.0,494.0,0.0,80.0,0.0,600.0,0.0,,0.0,2986.0,0.0,52.0,0.0,0.0,0.0,0.0,0.0,0.0,0.0,0.0,0.0,0.0,220.0,0.0,0.0,0.0,0.0,5083.0
2023-09-01,,0.0,0.0,200.0,412.0,0.0,8.0,,,0.0,0.0,191.0,331.0,0.0,220.0,0.0,0.0,0.0,,0.0,0.0,0.0,50.0,0.0,0.0,0.0,0.0,0.0,667.0,0.0,0.0,0.0,0.0,560.0,155.0,0.0,0.0,0.0,2794.0
2023-09-02,,0.0,0.0,140.0,0.0,0.0,0.0,,,0.0,0.0,2123.0,0.0,0.0,50.0,0.0,0.0,0.0,,143.0,0.0,0.0,69.0,0.0,0.0,0.0,0.0,0.0,116.0,0.0,0.0,0.0,0.0,354.0,115.0,0.0,0.0,0.0,3110.0
2023-09-03,,0.0,0.0,0.0,232.0,0.0,0.0,,,0.0,0.0,0.0,0.0,0.0,18.0,0.0,0.0,0.0,,0.0,0.0,0.0,0.0,0.0,0.0,0.0,0.0,0.0,0.0,0.0,0.0,0.0,0.0,0.0,0.0,0.0,0.0,0.0,250.0
2023-09-04,,0.0,0.0,0.0,0.0,0.0,0.0,,,0.0,0.0,0.0,0.0,0.0,178.0,0.0,0.0,0.0,,0.0,0.0,0.0,0.0,0.0,0.0,0.0,0.0,0.0,0.0,0.0,0.0,0.0,0.0,0.0,0.0,0.0,0.0,0.0,178.0
2023-09-05,,0.0,0.0,0.0,0.0,0.0,0.0,,,0.0,0.0,0.0,0.0,0.0,210.0,0.0,0.0,0.0,,0.0,0.0,0.0,45.0,0.0,0.0,0.0,0.0,0.0,0.0,0.0,0.0,0.0,0.0,0.0,0.0,0.0,0.0,0.0,255.0
2023-09-06,,0.0,0.0,0.0,0.0,0.0,0.0,,,0.0,0.0,0.0,0.0,0.0,175.0,0.0,0.0,0.0,,0.0,0.0,0.0,0.0,0.0,0.0,0.0,0.0,0.0,0.0,0.0,0.0,0.0,0.0,0.0,0.0,0.0,0.0,0.0,175.0
2023-09-07,,0.0,0.0,0.0,0.0,0.0,0.0,,,0.0,0.0,0.0,0.0,0.0,0.0,171.0,0.0,0.0,,0.0,0.0,0.0,17.0,0.0,0.0,0.0,0.0,0.0,0.0,0.0,0.0,0.0,0.0,0.0,0.0,0.0,0.0,0.0,188.0
2023-09-08,,0.0,0.0,0.0,0.0,0.0,0.0,,,0.0,0.0,0.0,0.0,43.0,250.0,0.0,0.0,0.0,,0.0,0.0,0.0,11.0,0.0,0.0,0.0,0.0,0.0,0.0,0.0,0.0,0.0,0.0,0.0,0.0,0.0,0.0,0.0,304.0
2023-09-09,,0.0,0.0,0.0,0.0,0.0,0.0,,,0.0,0.0,0.0,0.0,0.0,130.0,0.0,0.0,0.0,,0.0,0.0,0.0,10.0,0.0,0.0,0.0,0.0,0.0,0.0,0.0,0.0,0.0,0.0,0.0,0.0,0.0,0.0,0.0,140.0
2023-09-10,,0.0,0.0,0.0,0.0,0.0,0.0,,,0.0,0.0,0.0,0.0,0.0,0.0,0.0,0.0,0.0,,0.0,0.0,0.0,11.0,0.0,0.0,0.0,0.0,0.0,0.0,0.0,0.0,0.0,0.0,0.0,0.0,0.0,0.0,0.0,11.0
2023-09-11,,0.0,0.0,0.0,0.0,0.0,0.0,,,0.0,0.0,0.0,0.0,0.0,200.0,0.0,0.0,0.0,,0.0,0.0,0.0,14.0,0.0,0.0,0.0,0.0,0.0,0.0,0.0,0.0,0.0,0.0,0.0,0.0,0.0,0.0,0.0,214.0
2023-09-12,,0.0,0.0,0.0,0.0,0.0,0.0,,,0.0,0.0,0.0,0.0,0.0,0.0,0.0,0.0,0.0,,0.0,0.0,0.0,22.0,0.0,0.0,0.0,0.0,0.0,0.0,0.0,0.0,0.0,0.0,0.0,0.0,0.0,0.0,0.0,22.0
2023-09-13,,0.0,0.0,0.0,231.0,0.0,0.0,,,0.0,0.0,0.0,0.0,0.0,115.0,0.0,0.0,0.0,,0.0,0.0,0.0,0.0,0.0,0.0,0.0,0.0,0.0,0.0,0.0,0.0,0.0,0.0,232.0,0.0,0.0,0.0,0.0,578.0
2023-09-14,,0.0,0.0,314.0,354.0,0.0,0.0,,,0.0,0.0,0.0,0.0,0.0,187.0,0.0,0.0,0.0,,0.0,0.0,0.0,42.0,0.0,0.0,0.0,0.0,0.0,0.0,0.0,0.0,0.0,0.0,0.0,35.0,0.0,0.0,0.0,932.0
2023-09-15,,0.0,0.0,0.0,0.0,0.0,0.0,,,0.0,0.0,0.0,155.0,0.0,0.0,0.0,0.0,0.0,,0.0,0.0,0.0,31.0,0.0,0.0,0.0,0.0,0.0,0.0,0.0,0.0,0.0,0.0,0.0,0.0,0.0,0.0,0.0,186.0
2023-09-16,,0.0,0.0,20.0,0.0,0.0,0.0,,,0.0,0.0,0.0,0.0,0.0,180.0,0.0,0.0,0.0,,0.0,0.0,0.0,13.0,0.0,0.0,0.0,0.0,0.0,0.0,0.0,0.0,0.0,0.0,0.0,0.0,0.0,0.0,0.0,213.0
2023-09-17,,0.0,0.0,0.0,100.0,0.0,0.0,,,0.0,0.0,0.0,0.0,0.0,0.0,0.0,0.0,0.0,,0.0,0.0,0.0,10.0,0.0,0.0,0.0,0.0,0.0,0.0,0.0,0.0,0.0,0.0,0.0,0.0,0.0,0.0,0.0,110.0
2023-09-18,,0.0,0.0,0.0,0.0,0.0,0.0,,,0.0,0.0,0.0,0.0,0.0,0.0,165.0,0.0,0.0,,0.0,0.0,0.0,8.0,0.0,0.0,0.0,0.0,0.0,0.0,0.0,0.0,0.0,0.0,0.0,0.0,0.0,0.0,0.0,173.0
2023-09-19,,0.0,0.0,0.0,269.0,0.0,0.0,,,0.0,0.0,0.0,0.0,0.0,0.0,0.0,0.0,0.0,,0.0,0.0,0.0,0.0,0.0,0.0,0.0,0.0,0.0,0.0,0.0,0.0,0.0,0.0,0.0,0.0,0.0,0.0,0.0,269.0
2023-09-20,,0.0,0.0,0.0,248.0,0.0,0.0,,,0.0,0.0,0.0,0.0,0.0,162.0,0.0,0.0,0.0,,0.0,0.0,0.0,0.0,0.0,0.0,0.0,0.0,0.0,0.0,0.0,0.0,0.0,0.0,0.0,0.0,0.0,0.0,0.0,410.0
2023-09-21,,0.0,0.0,146.0,254.0,0.0,0.0,,,0.0,0.0,0.0,0.0,0.0,220.0,139.0,0.0,0.0,,0.0,0.0,0.0,0.0,0.0,0.0,0.0,0.0,0.0,0.0,0.0,0.0,0.0,0.0,0.0,0.0,0.0,0.0,0.0,759.0
2023-09-22,,0.0,0.0,0.0,0.0,0.0,0.0,,,0.0,0.0,0.0,0.0,0.0,0.0,0.0,0.0,0.0,,0.0,0.0,0.0,0.0,0.0,0.0,0.0,0.0,0.0,0.0,0.0,0.0,0.0,0.0,0.0,0.0,0.0,0.0,0.0,0.0
2023-09-23,,0.0,0.0,0.0,0.0,0.0,0.0,,,0.0,0.0,0.0,0.0,0.0,62.0,0.0,0.0,0.0,,0.0,0.0,0.0,7.0,0.0,0.0,0.0,0.0,0.0,0.0,0.0,0.0,0.0,0.0,0.0,0.0,0.0,0.0,0.0,69.0
2023-09-24,,0.0,0.0,0.0,0.0,0.0,0.0,,,0.0,0.0,0.0,0.0,0.0,0.0,0.0,0.0,0.0,,0.0,0.0,0.0,0.0,0.0,0.0,0.0,0.0,0.0,0.0,0.0,0.0,0.0,0.0,0.0,0.0,0.0,0.0,0.0,0.0
2023-09-25,,0.0,0.0,255.0,0.0,0.0,0.0,,,0.0,0.0,0.0,0.0,0.0,260.0,0.0,0.0,0.0,,0.0,0.0,0.0,6.0,0.0,0.0,0.0,0.0,0.0,0.0,0.0,0.0,0.0,0.0,0.0,0.0,0.0,0.0,0.0,521.0
2023-09-26,,0.0,0.0,0.0,168.0,0.0,0.0,,,0.0,0.0,0.0,0.0,0.0,89.0,0.0,0.0,0.0,,0.0,0.0,0.0,1.0,0.0,0.0,0.0,0.0,0.0,0.0,0.0,0.0,0.0,0.0,0.0,0.0,0.0,0.0,0.0,258.0
2023-09-27,,0.0,0.0,155.0,278.0,0.0,0.0,,,0.0,0.0,0.0,0.0,0.0,94.0,222.0,0.0,0.0,,0.0,0.0,0.0,15.0,0.0,0.0,0.0,0.0,0.0,0.0,0.0,0.0,0.0,0.0,0.0,0.0,0.0,0.0,0.0,764.0
2023-09-28,,0.0,0.0,228.0,189.0,0.0,0.0,,,0.0,0.0,0.0,0.0,0.0,260.0,186.0,0.0,0.0,,0.0,0.0,0.0,0.0,0.0,0.0,0.0,0.0,0.0,0.0,0.0,0.0,0.0,0.0,0.0,0.0,0.0,0.0,0.0,863.0
2023-09-29,,0.0,0.0,0.0,0.0,0.0,0.0,,,0.0,0.0,0.0,0.0,0.0,100.0,197.0,0.0,0.0,,0.0,0.0,0.0,0.0,0.0,0.0,0.0,0.0,0.0,0.0,0.0,0.0,0.0,0.0,0.0,0.0,0.0,0.0,0.0,297.0
2023-09-30,,0.0,0.0,80.0,402.0,0.0,0.0,,,0.0,0.0,0.0,0.0,0.0,100.0,0.0,0.0,0.0,,0.0,0.0,0.0,0.0,0.0,0.0,0.0,0.0,0.0,0.0,0.0,0.0,0.0,0.0,0.0,0.0,0.0,0.0,0.0,582.0
2023-10-01,,0.0,0.0,0.0,0.0,0.0,0.0,,,0.0,0.0,0.0,0.0,0.0,0.0,0.0,0.0,0.0,,0.0,0.0,0.0,0.0,0.0,0.0,0.0,0.0,0.0,0.0,0.0,0.0,0.0,0.0,0.0,0.0,0.0,0.0,0.0,0.0
2023-10-02,,0.0,0.0,0.0,567.0,0.0,0.0,,,0.0,0.0,0.0,0.0,0.0,138.0,0.0,0.0,0.0,,0.0,0.0,0.0,0.0,0.0,0.0,0.0,0.0,0.0,0.0,0.0,0.0,0.0,0.0,0.0,0.0,0.0,0.0,0.0,705.0
2023-10-03,,0.0,0.0,0.0,0.0,0.0,0.0,,,0.0,0.0,0.0,0.0,0.0,65.0,0.0,0.0,0.0,,0.0,0.0,0.0,0.0,0.0,0.0,0.0,0.0,0.0,0.0,0.0,0.0,0.0,0.0,0.0,0.0,0.0,0.0,0.0,65.0
2023-10-04,,0.0,0.0,0.0,0.0,0.0,0.0,,,0.0,0.0,0.0,0.0,0.0,238.0,0.0,0.0,0.0,,0.0,798.0,0.0,0.0,0.0,0.0,0.0,0.0,0.0,0.0,0.0,0.0,0.0,0.0,0.0,70.0,0.0,0.0,0.0,1106.0
2023-10-05,,0.0,0.0,0.0,0.0,0.0,0.0,,,0.0,0.0,0.0,0.0,0.0,200.0,0.0,0.0,0.0,,0.0,183.0,0.0,0.0,0.0,0.0,0.0,0.0,0.0,0.0,0.0,0.0,0.0,0.0,0.0,120.0,0.0,0.0,0.0,503.0
2023-10-06,,0.0,0.0,0.0,334.0,0.0,191.0,,,0.0,0.0,0.0,0.0,0.0,170.0,97.0,700.0,200.0,,0.0,0.0,0.0,0.0,0.0,0.0,0.0,0.0,0.0,0.0,0.0,0.0,0.0,0.0,487.0,0.0,0.0,0.0,0.0,2179.0
2023-10-07,,0.0,0.0,30.0,440.0,0.0,0.0,,,0.0,0.0,0.0,0.0,0.0,230.0,167.0,850.0,0.0,,0.0,0.0,0.0,0.0,0.0,0.0,0.0,0.0,0.0,0.0,0.0,0.0,0.0,0.0,762.0,0.0,0.0,0.0,0.0,2479.0
2023-10-08,,0.0,0.0,0.0,289.0,0.0,0.0,,,0.0,0.0,0.0,0.0,0.0,237.0,235.0,0.0,0.0,,0.0,0.0,0.0,0.0,0.0,0.0,0.0,0.0,0.0,0.0,0.0,0.0,0.0,0.0,437.0,0.0,0.0,0.0,0.0,1198.0
2023-10-09,,0.0,0.0,0.0,388.0,0.0,10.0,,,0.0,40.0,0.0,213.0,0.0,206.0,192.0,0.0,0.0,,0.0,0.0,0.0,30.0,0.0,0.0,0.0,0.0,0.0,0.0,0.0,0.0,0.0,0.0,0.0,0.0,0.0,0.0,0.0,1079.0
2023-10-10,,0.0,0.0,0.0,559.0,0.0,13.0,,,0.0,0.0,0.0,461.0,0.0,0.0,275.0,0.0,0.0,,0.0,0.0,0.0,0.0,0.0,0.0,0.0,0.0,0.0,0.0,0.0,0.0,0.0,0.0,0.0,0.0,0.0,0.0,0.0,1308.0
2023-10-11,,0.0,0.0,143.0,600.0,0.0,4.0,,,0.0,0.0,0.0,0.0,0.0,75.0,305.0,0.0,0.0,,0.0,0.0,0.0,36.0,0.0,0.0,0.0,0.0,0.0,0.0,0.0,0.0,0.0,0.0,0.0,0.0,0.0,0.0,0.0,1163.0
2023-10-12,,0.0,0.0,217.0,390.0,0.0,67.0,,,0.0,0.0,0.0,0.0,0.0,0.0,0.0,0.0,0.0,,0.0,0.0,0.0,37.0,0.0,0.0,0.0,0.0,0.0,0.0,0.0,0.0,0.0,0.0,0.0,120.0,0.0,0.0,0.0,831.0
2023-10-13,,0.0,0.0,66.0,122.0,0.0,0.0,,,0.0,0.0,0.0,0.0,0.0,0.0,256.0,0.0,0.0,,0.0,0.0,0.0,16.0,0.0,0.0,0.0,0.0,0.0,0.0,0.0,0.0,0.0,0.0,0.0,0.0,0.0,0.0,0.0,460.0
2023-10-14,,0.0,0.0,0.0,157.0,0.0,0.0,,,0.0,0.0,0.0,0.0,0.0,70.0,219.0,0.0,0.0,,0.0,0.0,0.0,0.0,0.0,0.0,0.0,0.0,0.0,0.0,0.0,0.0,0.0,0.0,116.0,0.0,0.0,0.0,0.0,562.0
2023-10-15,,0.0,0.0,0.0,0.0,0.0,0.0,,,0.0,0.0,0.0,0.0,0.0,0.0,200.0,0.0,0.0,,0.0,0.0,0.0,16.0,0.0,0.0,0.0,0.0,0.0,0.0,0.0,0.0,0.0,0.0,0.0,0.0,0.0,0.0,0.0,216.0
2023-10-16,,0.0,0.0,0.0,0.0,0.0,0.0,,,0.0,0.0,0.0,0.0,0.0,0.0,0.0,0.0,0.0,,0.0,0.0,0.0,0.0,0.0,0.0,0.0,0.0,0.0,0.0,0.0,0.0,0.0,0.0,0.0,0.0,0.0,0.0,0.0,0.0
2023-10-17,,0.0,0.0,0.0,367.0,0.0,0.0,,,0.0,0.0,0.0,0.0,0.0,0.0,171.0,0.0,0.0,,0.0,0.0,0.0,16.0,0.0,0.0,0.0,0.0,0.0,0.0,0.0,0.0,0.0,0.0,0.0,0.0,0.0,0.0,0.0,554.0
2023-10-18,,0.0,0.0,0.0,0.0,0.0,0.0,,,0.0,0.0,0.0,0.0,32.0,0.0,0.0,0.0,0.0,,0.0,0.0,0.0,21.0,0.0,0.0,0.0,0.0,0.0,0.0,0.0,0.0,0.0,0.0,0.0,40.0,0.0,0.0,0.0,93.0
2023-10-19,,0.0,0.0,0.0,0.0,0.0,0.0,,,0.0,0.0,0.0,0.0,0.0,0.0,264.0,0.0,0.0,,0.0,0.0,0.0,9.0,0.0,0.0,0.0,0.0,0.0,0.0,0.0,0.0,0.0,0.0,0.0,0.0,0.0,0.0,0.0,273.0
2023-10-20,,0.0,0.0,0.0,0.0,0.0,0.0,,,0.0,0.0,0.0,0.0,0.0,0.0,0.0,0.0,0.0,,0.0,0.0,0.0,29.0,0.0,0.0,0.0,0.0,0.0,0.0,0.0,0.0,0.0,0.0,0.0,0.0,0.0,0.0,0.0,29.0
2023-10-21,,0.0,0.0,0.0,0.0,0.0,0.0,,,0.0,0.0,0.0,0.0,0.0,0.0,65.0,0.0,0.0,,0.0,0.0,0.0,0.0,0.0,0.0,0.0,0.0,0.0,0.0,0.0,0.0,0.0,0.0,0.0,0.0,0.0,0.0,0.0,65.0
2023-10-22,,0.0,0.0,0.0,0.0,0.0,0.0,,,0.0,0.0,0.0,0.0,0.0,0.0,0.0,0.0,0.0,,0.0,0.0,0.0,0.0,0.0,0.0,0.0,0.0,0.0,0.0,0.0,0.0,0.0,0.0,0.0,0.0,0.0,0.0,0.0,0.0
2023-10-23,,0.0,0.0,0.0,0.0,0.0,0.0,,,0.0,0.0,0.0,0.0,0.0,0.0,0.0,0.0,0.0,,0.0,0.0,0.0,0.0,0.0,0.0,0.0,0.0,0.0,0.0,0.0,0.0,0.0,0.0,0.0,0.0,0.0,0.0,0.0,0.0
2023-10-24,,0.0,0.0,0.0,0.0,0.0,0.0,,,0.0,0.0,0.0,0.0,0.0,0.0,0.0,0.0,0.0,,0.0,0.0,0.0,0.0,0.0,0.0,0.0,0.0,0.0,0.0,0.0,0.0,0.0,0.0,0.0,0.0,0.0,0.0,0.0,0.0
2023-10-25,,0.0,0.0,0.0,0.0,0.0,0.0,,,0.0,0.0,0.0,0.0,0.0,70.0,0.0,0.0,0.0,,0.0,0.0,0.0,20.0,0.0,0.0,0.0,0.0,0.0,0.0,0.0,0.0,0.0,0.0,0.0,0.0,0.0,0.0,0.0,90.0
2023-10-26,,0.0,0.0,0.0,145.0,0.0,0.0,,,0.0,0.0,0.0,0.0,0.0,0.0,0.0,0.0,0.0,,0.0,0.0,0.0,0.0,0.0,0.0,0.0,0.0,0.0,0.0,0.0,0.0,0.0,0.0,0.0,0.0,0.0,0.0,0.0,145.0
2023-10-27,,0.0,0.0,0.0,530.0,0.0,0.0,,,0.0,0.0,0.0,0.0,0.0,100.0,0.0,0.0,0.0,,0.0,0.0,0.0,12.0,0.0,0.0,0.0,0.0,0.0,0.0,0.0,0.0,0.0,0.0,0.0,0.0,0.0,0.0,0.0,642.0
2023-10-28,,0.0,0.0,0.0,208.0,0.0,0.0,,,0.0,0.0,0.0,0.0,0.0,152.0,0.0,0.0,0.0,,0.0,0.0,0.0,29.0,0.0,0.0,0.0,0.0,0.0,0.0,0.0,0.0,0.0,0.0,0.0,0.0,0.0,0.0,0.0,389.0
2023-10-29,,0.0,0.0,0.0,0.0,0.0,0.0,,,0.0,0.0,0.0,0.0,0.0,0.0,0.0,0.0,0.0,,0.0,0.0,0.0,0.0,0.0,0.0,0.0,0.0,0.0,0.0,0.0,0.0,0.0,0.0,0.0,0.0,0.0,0.0,0.0,0.0
2023-10-30,,0.0,0.0,0.0,0.0,0.0,0.0,,,0.0,0.0,0.0,0.0,0.0,0.0,0.0,0.0,0.0,,0.0,0.0,0.0,0.0,0.0,0.0,0.0,0.0,0.0,0.0,0.0,0.0,0.0,0.0,0.0,0.0,0.0,0.0,0.0,0.0
2023-10-31,,0.0,0.0,0.0,380.0,0.0,0.0,,,0.0,0.0,0.0,0.0,0.0,0.0,0.0,0.0,0.0,,0.0,0.0,0.0,0.0,0.0,0.0,0.0,0.0,0.0,0.0,0.0,0.0,0.0,0.0,0.0,0.0,0.0,0.0,0.0,380.0
2023-11-01,,0.0,0.0,0.0,0.0,0.0,0.0,,,0.0,0.0,0.0,0.0,0.0,0.0,0.0,0.0,0.0,,0.0,0.0,0.0,0.0,0.0,0.0,0.0,0.0,0.0,0.0,0.0,0.0,0.0,0.0,0.0,0.0,0.0,0.0,0.0,0.0
2023-11-02,,0.0,0.0,0.0,0.0,0.0,0.0,,,0.0,0.0,0.0,0.0,0.0,0.0,0.0,0.0,0.0,,0.0,0.0,0.0,0.0,0.0,0.0,0.0,0.0,0.0,0.0,0.0,0.0,0.0,0.0,54.0,0.0,0.0,0.0,0.0,54.0
2023-11-03,,0.0,0.0,0.0,262.0,0.0,0.0,,,0.0,0.0,0.0,0.0,0.0,0.0,151.0,0.0,0.0,,0.0,0.0,0.0,24.0,0.0,0.0,0.0,0.0,0.0,0.0,0.0,0.0,0.0,0.0,0.0,0.0,0.0,0.0,0.0,437.0
2023-11-04,,0.0,0.0,0.0,0.0,0.0,0.0,,,0.0,0.0,0.0,0.0,0.0,0.0,0.0,0.0,0.0,,0.0,0.0,0.0,25.0,0.0,0.0,0.0,0.0,0.0,0.0,0.0,0.0,0.0,0.0,0.0,0.0,0.0,0.0,0.0,25.0
2023-11-05,,0.0,0.0,0.0,0.0,0.0,0.0,,,0.0,0.0,0.0,0.0,0.0,0.0,0.0,0.0,0.0,,0.0,0.0,0.0,0.0,0.0,0.0,0.0,0.0,0.0,0.0,0.0,0.0,0.0,0.0,0.0,0.0,0.0,0.0,0.0,0.0
2023-11-06,,0.0,0.0,0.0,0.0,0.0,0.0,,,0.0,0.0,0.0,0.0,0.0,0.0,0.0,0.0,0.0,,0.0,0.0,0.0,0.0,0.0,0.0,0.0,0.0,0.0,0.0,0.0,0.0,0.0,0.0,0.0,0.0,0.0,0.0,0.0,0.0
2023-11-07,,0.0,0.0,0.0,0.0,0.0,0.0,,,0.0,0.0,0.0,0.0,0.0,0.0,0.0,0.0,0.0,,0.0,0.0,0.0,0.0,0.0,0.0,0.0,0.0,0.0,0.0,0.0,0.0,0.0,0.0,0.0,0.0,0.0,0.0,0.0,0.0
2023-11-08,,0.0,0.0,0.0,0.0,0.0,0.0,,,0.0,0.0,0.0,0.0,0.0,85.0,235.0,0.0,0.0,,0.0,0.0,0.0,0.0,0.0,0.0,0.0,0.0,0.0,0.0,0.0,0.0,0.0,0.0,0.0,0.0,0.0,0.0,0.0,320.0
2023-11-09,,0.0,0.0,0.0,0.0,0.0,0.0,,,0.0,0.0,0.0,0.0,0.0,0.0,0.0,0.0,0.0,,0.0,0.0,0.0,0.0,0.0,0.0,0.0,0.0,0.0,0.0,0.0,0.0,0.0,0.0,73.0,0.0,0.0,0.0,0.0,73.0
2023-11-10,,0.0,0.0,0.0,0.0,0.0,0.0,,,0.0,0.0,0.0,0.0,0.0,0.0,196.0,0.0,0.0,,0.0,0.0,0.0,0.0,0.0,0.0,0.0,0.0,0.0,0.0,0.0,0.0,0.0,0.0,0.0,0.0,0.0,0.0,0.0,196.0
2023-11-11,,0.0,0.0,0.0,0.0,0.0,0.0,,,0.0,0.0,0.0,0.0,0.0,0.0,87.0,0.0,0.0,,0.0,0.0,0.0,0.0,0.0,0.0,0.0,0.0,0.0,0.0,0.0,0.0,0.0,0.0,0.0,0.0,0.0,0.0,0.0,87.0
2023-11-12,,0.0,0.0,0.0,0.0,0.0,0.0,,,0.0,0.0,0.0,0.0,0.0,0.0,0.0,0.0,0.0,,0.0,0.0,0.0,0.0,0.0,0.0,0.0,0.0,0.0,0.0,0.0,0.0,0.0,0.0,0.0,0.0,0.0,0.0,0.0,0.0
2023-11-13,,0.0,0.0,0.0,0.0,0.0,0.0,,,0.0,0.0,0.0,0.0,0.0,0.0,0.0,0.0,0.0,,0.0,0.0,0.0,0.0,0.0,0.0,0.0,0.0,0.0,0.0,0.0,0.0,0.0,0.0,0.0,0.0,0.0,0.0,0.0,0.0
2023-11-14,,0.0,0.0,0.0,0.0,0.0,0.0,,,0.0,0.0,0.0,0.0,0.0,0.0,0.0,0.0,0.0,,0.0,0.0,0.0,0.0,0.0,0.0,0.0,0.0,0.0,0.0,0.0,0.0,0.0,0.0,0.0,0.0,0.0,0.0,0.0,0.0
2023-11-15,,0.0,0.0,0.0,0.0,0.0,0.0,,,0.0,0.0,0.0,0.0,0.0,300.0,0.0,0.0,0.0,,0.0,0.0,0.0,0.0,0.0,0.0,0.0,0.0,0.0,0.0,0.0,0.0,0.0,0.0,0.0,0.0,0.0,0.0,0.0,300.0
2023-11-16,,0.0,0.0,0.0,0.0,0.0,0.0,,,0.0,0.0,0.0,0.0,0.0,0.0,0.0,0.0,0.0,,0.0,0.0,0.0,0.0,0.0,0.0,0.0,0.0,0.0,0.0,0.0,0.0,0.0,0.0,0.0,0.0,0.0,0.0,0.0,0.0
2023-11-17,,0.0,0.0,0.0,0.0,0.0,0.0,,,0.0,0.0,0.0,0.0,0.0,0.0,0.0,0.0,0.0,,0.0,0.0,0.0,0.0,0.0,0.0,0.0,0.0,0.0,0.0,0.0,0.0,0.0,0.0,0.0,0.0,0.0,0.0,0.0,0.0
2023-11-18,,0.0,0.0,0.0,0.0,0.0,59.0,,,0.0,0.0,0.0,8.0,0.0,0.0,149.0,0.0,0.0,,0.0,0.0,0.0,0.0,0.0,0.0,0.0,0.0,0.0,0.0,0.0,0.0,0.0,0.0,0.0,0.0,0.0,0.0,0.0,216.0
2023-11-19,,0.0,0.0,0.0,0.0,0.0,0.0,,,0.0,0.0,0.0,0.0,0.0,0.0,0.0,0.0,0.0,,0.0,0.0,0.0,0.0,0.0,0.0,0.0,0.0,0.0,0.0,0.0,0.0,0.0,0.0,0.0,0.0,0.0,0.0,0.0,0.0
2023-11-20,,0.0,0.0,0.0,0.0,0.0,0.0,,,0.0,0.0,0.0,0.0,0.0,250.0,0.0,0.0,0.0,,0.0,0.0,0.0,18.0,0.0,0.0,0.0,0.0,0.0,0.0,0.0,0.0,0.0,0.0,0.0,0.0,0.0,0.0,0.0,268.0
2023-11-21,,0.0,0.0,0.0,0.0,0.0,0.0,,,0.0,0.0,0.0,0.0,0.0,0.0,0.0,0.0,0.0,,0.0,0.0,0.0,0.0,0.0,0.0,0.0,0.0,0.0,0.0,0.0,0.0,0.0,0.0,0.0,0.0,0.0,0.0,0.0,0.0
2023-11-22,,0.0,0.0,0.0,0.0,0.0,0.0,,,0.0,0.0,0.0,0.0,0.0,330.0,207.0,0.0,0.0,,0.0,0.0,0.0,0.0,0.0,0.0,0.0,0.0,0.0,0.0,0.0,0.0,0.0,0.0,0.0,0.0,0.0,0.0,0.0,537.0
2023-11-23,,0.0,0.0,0.0,0.0,0.0,0.0,,,0.0,0.0,0.0,0.0,0.0,80.0,0.0,0.0,0.0,,0.0,0.0,0.0,0.0,0.0,0.0,0.0,0.0,0.0,0.0,0.0,0.0,0.0,0.0,0.0,0.0,0.0,0.0,0.0,80.0
2023-11-24,,0.0,0.0,0.0,0.0,0.0,0.0,,,0.0,0.0,0.0,0.0,0.0,0.0,152.0,0.0,0.0,,0.0,0.0,0.0,0.0,0.0,0.0,0.0,0.0,0.0,0.0,0.0,0.0,0.0,0.0,0.0,0.0,0.0,0.0,0.0,152.0
2023-11-25,,0.0,0.0,0.0,0.0,0.0,0.0,,,0.0,0.0,0.0,0.0,0.0,0.0,0.0,0.0,0.0,,0.0,0.0,0.0,0.0,0.0,0.0,0.0,0.0,0.0,0.0,0.0,0.0,0.0,0.0,0.0,0.0,0.0,0.0,0.0,0.0
2023-11-26,,0.0,0.0,0.0,0.0,0.0,0.0,,,0.0,0.0,0.0,0.0,1.0,0.0,0.0,0.0,0.0,,0.0,0.0,0.0,0.0,0.0,0.0,0.0,0.0,0.0,0.0,0.0,0.0,0.0,0.0,0.0,0.0,0.0,0.0,0.0,1.0
2023-11-27,,0.0,0.0,0.0,0.0,0.0,0.0,,,0.0,0.0,0.0,0.0,0.0,0.0,0.0,0.0,0.0,,0.0,0.0,0.0,0.0,0.0,0.0,0.0,0.0,0.0,0.0,0.0,0.0,0.0,0.0,0.0,0.0,0.0,0.0,0.0,0.0
2023-11-28,,0.0,0.0,0.0,0.0,0.0,0.0,,,0.0,0.0,0.0,0.0,0.0,0.0,0.0,0.0,0.0,,0.0,0.0,0.0,11.0,0.0,0.0,0.0,0.0,0.0,0.0,0.0,0.0,0.0,0.0,0.0,0.0,0.0,0.0,0.0,11.0
2023-11-29,,0.0,0.0,0.0,0.0,0.0,0.0,,,0.0,0.0,0.0,0.0,0.0,0.0,0.0,0.0,0.0,,0.0,0.0,0.0,23.0,0.0,0.0,0.0,0.0,0.0,0.0,0.0,0.0,0.0,0.0,0.0,0.0,0.0,0.0,0.0,23.0
2023-11-30,,0.0,0.0,0.0,0.0,0.0,0.0,,,0.0,0.0,0.0,0.0,5.0,0.0,108.0,0.0,0.0,,0.0,0.0,0.0,0.0,0.0,0.0,0.0,0.0,0.0,0.0,0.0,0.0,0.0,0.0,0.0,0.0,0.0,0.0,0.0,113.0
2023-12-01,,0.0,0.0,0.0,0.0,0.0,0.0,,,0.0,0.0,0.0,0.0,0.0,0.0,0.0,0.0,0.0,,0.0,0.0,0.0,0.0,0.0,0.0,0.0,0.0,0.0,0.0,0.0,0.0,0.0,0.0,0.0,0.0,0.0,0.0,0.0,0.0
2023-12-02,,0.0,0.0,0.0,0.0,0.0,0.0,,,0.0,0.0,0.0,0.0,0.0,0.0,0.0,0.0,0.0,,0.0,0.0,0.0,0.0,0.0,0.0,0.0,0.0,0.0,0.0,0.0,0.0,0.0,0.0,0.0,0.0,0.0,0.0,0.0,0.0
2023-12-03,,0.0,0.0,0.0,0.0,0.0,0.0,,,0.0,0.0,0.0,0.0,0.0,0.0,44.0,0.0,0.0,,0.0,0.0,0.0,0.0,0.0,0.0,0.0,0.0,0.0,0.0,0.0,0.0,0.0,0.0,0.0,0.0,0.0,0.0,0.0,44.0
2023-12-04,,0.0,0.0,0.0,0.0,0.0,,,,0.0,0.0,0.0,0.0,0.0,80.0,0.0,0.0,0.0,,0.0,0.0,0.0,0.0,0.0,0.0,0.0,0.0,0.0,0.0,0.0,0.0,0.0,0.0,0.0,0.0,0.0,,0.0,80.0
2023-12-05,,0.0,0.0,0.0,0.0,0.0,0.0,,,0.0,0.0,0.0,0.0,0.0,0.0,0.0,0.0,0.0,,0.0,0.0,0.0,0.0,0.0,0.0,0.0,0.0,0.0,0.0,0.0,0.0,0.0,0.0,0.0,0.0,0.0,0.0,0.0,0.0
2023-12-06,,0.0,0.0,0.0,0.0,0.0,0.0,,,0.0,0.0,0.0,0.0,0.0,0.0,213.0,0.0,0.0,,0.0,0.0,0.0,0.0,0.0,0.0,0.0,0.0,0.0,0.0,0.0,0.0,0.0,0.0,0.0,0.0,0.0,0.0,0.0,213.0
2023-12-07,,0.0,0.0,0.0,0.0,0.0,0.0,,,0.0,0.0,0.0,0.0,0.0,0.0,0.0,0.0,0.0,,0.0,0.0,0.0,22.0,0.0,0.0,0.0,0.0,0.0,0.0,0.0,0.0,0.0,0.0,0.0,0.0,0.0,0.0,0.0,22.0
2023-12-08,,0.0,0.0,0.0,223.0,0.0,0.0,,,0.0,0.0,0.0,0.0,0.0,0.0,0.0,0.0,0.0,,0.0,0.0,0.0,0.0,0.0,0.0,0.0,0.0,0.0,0.0,0.0,0.0,0.0,0.0,0.0,0.0,0.0,0.0,0.0,223.0
2023-12-09,,0.0,0.0,0.0,0.0,0.0,0.0,,,0.0,0.0,0.0,0.0,0.0,0.0,0.0,0.0,0.0,,0.0,0.0,0.0,0.0,0.0,0.0,0.0,0.0,0.0,0.0,0.0,0.0,0.0,0.0,0.0,0.0,0.0,0.0,0.0,0.0
2023-12-10,,0.0,0.0,0.0,0.0,0.0,0.0,,,0.0,0.0,0.0,0.0,0.0,0.0,0.0,0.0,0.0,,0.0,0.0,0.0,0.0,0.0,0.0,0.0,0.0,0.0,0.0,0.0,0.0,0.0,0.0,0.0,0.0,0.0,0.0,0.0,0.0
2023-12-11,,0.0,0.0,0.0,0.0,0.0,0.0,,,0.0,0.0,0.0,0.0,0.0,0.0,155.0,0.0,0.0,,0.0,0.0,0.0,0.0,0.0,0.0,0.0,0.0,0.0,0.0,0.0,0.0,0.0,0.0,0.0,0.0,0.0,0.0,0.0,155.0
2023-12-12,,0.0,0.0,0.0,0.0,0.0,0.0,,,0.0,0.0,0.0,0.0,0.0,0.0,163.0,0.0,0.0,,0.0,0.0,0.0,0.0,0.0,0.0,0.0,0.0,0.0,0.0,0.0,0.0,0.0,0.0,92.0,0.0,0.0,0.0,0.0,255.0
2023-12-13,,0.0,0.0,0.0,0.0,0.0,0.0,,,0.0,0.0,0.0,0.0,0.0,0.0,0.0,0.0,0.0,,0.0,0.0,0.0,0.0,0.0,0.0,0.0,0.0,0.0,0.0,0.0,0.0,0.0,0.0,0.0,0.0,0.0,0.0,0.0,0.0
2023-12-14,,0.0,0.0,0.0,0.0,0.0,0.0,,,0.0,0.0,0.0,0.0,0.0,0.0,129.0,0.0,0.0,,0.0,0.0,0.0,0.0,0.0,0.0,0.0,0.0,0.0,0.0,0.0,0.0,0.0,0.0,0.0,0.0,0.0,0.0,0.0,129.0
2023-12-15,,0.0,0.0,0.0,0.0,0.0,0.0,,,0.0,0.0,209.0,0.0,0.0,0.0,274.0,0.0,0.0,,0.0,0.0,0.0,0.0,0.0,0.0,0.0,0.0,0.0,0.0,0.0,0.0,0.0,0.0,0.0,0.0,0.0,0.0,0.0,483.0
2023-12-16,,0.0,0.0,0.0,0.0,0.0,0.0,,,0.0,0.0,0.0,0.0,0.0,0.0,291.0,0.0,0.0,,0.0,0.0,0.0,0.0,0.0,0.0,0.0,0.0,0.0,0.0,0.0,0.0,0.0,0.0,0.0,0.0,0.0,0.0,0.0,291.0
2023-12-17,,0.0,0.0,0.0,0.0,0.0,0.0,,,0.0,0.0,0.0,0.0,0.0,0.0,0.0,0.0,0.0,,0.0,0.0,0.0,0.0,0.0,0.0,0.0,0.0,0.0,0.0,0.0,0.0,0.0,0.0,0.0,0.0,0.0,0.0,0.0,0.0
2023-12-18,,0.0,0.0,0.0,0.0,0.0,0.0,,,0.0,0.0,0.0,0.0,0.0,0.0,0.0,0.0,0.0,,0.0,0.0,0.0,0.0,0.0,0.0,0.0,0.0,0.0,0.0,0.0,0.0,0.0,0.0,0.0,0.0,0.0,0.0,0.0,0.0
2023-12-19,,0.0,0.0,0.0,0.0,0.0,0.0,,,0.0,0.0,0.0,0.0,0.0,0.0,0.0,0.0,0.0,,0.0,0.0,34.0,16.0,0.0,0.0,0.0,0.0,0.0,0.0,0.0,0.0,0.0,0.0,0.0,0.0,0.0,0.0,0.0,50.0
2023-12-20,,0.0,0.0,0.0,0.0,0.0,0.0,,,0.0,0.0,0.0,0.0,0.0,0.0,161.0,0.0,0.0,,0.0,0.0,15.0,0.0,0.0,0.0,0.0,0.0,0.0,0.0,0.0,0.0,0.0,0.0,57.0,0.0,0.0,0.0,0.0,233.0
2023-12-21,,0.0,0.0,0.0,0.0,0.0,0.0,,,0.0,0.0,0.0,0.0,0.0,0.0,96.0,0.0,0.0,,0.0,0.0,15.0,0.0,0.0,0.0,0.0,0.0,0.0,0.0,0.0,0.0,0.0,0.0,0.0,0.0,0.0,0.0,0.0,111.0
2023-12-22,,0.0,0.0,0.0,0.0,0.0,0.0,,,0.0,0.0,0.0,0.0,22.0,0.0,259.0,0.0,0.0,,0.0,0.0,14.0,0.0,0.0,0.0,0.0,0.0,0.0,0.0,0.0,0.0,0.0,0.0,0.0,0.0,0.0,0.0,0.0,295.0
2023-12-23,,0.0,0.0,0.0,309.0,0.0,0.0,,,0.0,0.0,0.0,0.0,0.0,0.0,396.0,0.0,0.0,,0.0,0.0,9.0,0.0,0.0,0.0,0.0,0.0,0.0,0.0,0.0,0.0,0.0,0.0,0.0,0.0,0.0,0.0,0.0,714.0
2023-12-24,,0.0,0.0,0.0,294.0,0.0,0.0,,,0.0,0.0,0.0,0.0,22.0,0.0,0.0,0.0,0.0,,0.0,0.0,8.0,9.0,0.0,0.0,0.0,0.0,0.0,0.0,0.0,0.0,0.0,0.0,0.0,0.0,0.0,0.0,0.0,333.0
2023-12-25,,0.0,0.0,0.0,0.0,0.0,0.0,,,0.0,0.0,0.0,0.0,0.0,0.0,0.0,0.0,0.0,,0.0,0.0,17.0,28.0,0.0,0.0,0.0,0.0,0.0,0.0,0.0,0.0,0.0,0.0,147.0,0.0,0.0,0.0,0.0,192.0
2023-12-26,,0.0,0.0,0.0,0.0,0.0,0.0,,,0.0,0.0,0.0,0.0,0.0,0.0,22.0,0.0,0.0,,0.0,0.0,2.0,0.0,0.0,0.0,0.0,0.0,0.0,0.0,0.0,0.0,0.0,0.0,0.0,0.0,0.0,0.0,0.0,24.0
2023-12-27,,0.0,0.0,0.0,0.0,0.0,0.0,,,0.0,0.0,0.0,0.0,22.0,0.0,134.0,0.0,0.0,,0.0,0.0,2.0,31.0,0.0,0.0,0.0,0.0,0.0,0.0,0.0,0.0,0.0,0.0,0.0,0.0,0.0,0.0,0.0,189.0
2023-12-28,,0.0,0.0,0.0,0.0,0.0,0.0,,,0.0,0.0,0.0,0.0,0.0,0.0,0.0,0.0,0.0,,0.0,0.0,0.0,39.0,0.0,0.0,0.0,0.0,0.0,0.0,0.0,0.0,0.0,0.0,0.0,0.0,0.0,0.0,0.0,39.0
2023-12-29,,0.0,0.0,0.0,0.0,0.0,0.0,,,0.0,0.0,0.0,0.0,0.0,60.0,307.0,0.0,0.0,,0.0,0.0,0.0,38.0,0.0,0.0,0.0,0.0,0.0,0.0,0.0,0.0,0.0,0.0,0.0,150.0,0.0,0.0,0.0,555.0
2023-12-30,,0.0,0.0,0.0,0.0,0.0,0.0,,,0.0,0.0,0.0,0.0,0.0,0.0,0.0,0.0,0.0,,0.0,0.0,0.0,45.0,0.0,0.0,0.0,0.0,0.0,0.0,0.0,0.0,0.0,0.0,0.0,0.0,0.0,0.0,0.0,45.0
2023-12-31,,0.0,0.0,0.0,0.0,0.0,0.0,,,0.0,0.0,0.0,0.0,0.0,0.0,0.0,0.0,0.0,,0.0,0.0,0.0,15.0,0.0,0.0,0.0,0.0,0.0,0.0,0.0,0.0,0.0,0.0,0.0,0.0,0.0,0.0,0.0,15.0
2024-01-01,,0.0,0.0,0.0,0.0,0.0,0.0,,,0.0,0.0,0.0,0.0,0.0,0.0,121.0,0.0,0.0,,0.0,0.0,0.0,12.0,0.0,0.0,0.0,0.0,0.0,0.0,0.0,0.0,0.0,0.0,0.0,0.0,0.0,0.0,0.0,133.0
2024-01-02,,0.0,0.0,0.0,0.0,0.0,0.0,,,0.0,0.0,0.0,0.0,0.0,0.0,0.0,0.0,0.0,,0.0,0.0,0.0,0.0,0.0,0.0,0.0,0.0,0.0,0.0,0.0,0.0,0.0,0.0,0.0,0.0,0.0,0.0,0.0,0.0
2024-01-03,,0.0,0.0,0.0,165.0,0.0,0.0,,,0.0,0.0,0.0,0.0,0.0,0.0,275.0,0.0,0.0,,0.0,0.0,20.0,36.0,0.0,0.0,0.0,0.0,0.0,0.0,0.0,0.0,0.0,0.0,0.0,0.0,0.0,0.0,0.0,496.0
2024-01-04,,0.0,0.0,0.0,370.0,0.0,0.0,,,0.0,0.0,0.0,128.0,0.0,0.0,0.0,0.0,0.0,,0.0,461.0,20.0,34.0,0.0,0.0,0.0,0.0,0.0,0.0,0.0,0.0,0.0,0.0,0.0,0.0,0.0,0.0,0.0,1013.0
2024-01-05,,0.0,0.0,0.0,587.0,0.0,0.0,,,0.0,0.0,0.0,75.0,0.0,0.0,0.0,0.0,0.0,,0.0,0.0,27.0,25.0,0.0,0.0,0.0,0.0,0.0,0.0,0.0,0.0,0.0,0.0,0.0,0.0,0.0,0.0,0.0,714.0
2024-01-06,,0.0,0.0,0.0,336.0,0.0,0.0,,,0.0,0.0,0.0,0.0,0.0,0.0,0.0,0.0,0.0,,0.0,0.0,33.0,35.0,0.0,0.0,0.0,0.0,0.0,37.0,0.0,0.0,0.0,0.0,0.0,0.0,0.0,0.0,0.0,441.0
2024-01-07,,0.0,0.0,0.0,0.0,0.0,0.0,,,0.0,0.0,0.0,0.0,0.0,70.0,0.0,0.0,0.0,,0.0,0.0,30.0,0.0,0.0,0.0,0.0,0.0,0.0,0.0,0.0,0.0,0.0,0.0,0.0,0.0,0.0,0.0,0.0,100.0
2024-01-08,,0.0,0.0,0.0,0.0,0.0,0.0,,,0.0,0.0,0.0,0.0,0.0,0.0,0.0,0.0,0.0,,0.0,0.0,17.0,39.0,0.0,0.0,0.0,0.0,0.0,0.0,0.0,0.0,0.0,0.0,0.0,0.0,0.0,0.0,0.0,56.0
2024-01-09,,0.0,0.0,0.0,360.0,0.0,0.0,,,0.0,0.0,0.0,0.0,0.0,85.0,0.0,0.0,0.0,,0.0,173.0,0.0,40.0,0.0,0.0,0.0,0.0,0.0,0.0,0.0,0.0,0.0,0.0,0.0,0.0,0.0,0.0,0.0,658.0
2024-01-10,,0.0,0.0,0.0,404.0,0.0,0.0,,,0.0,0.0,0.0,0.0,0.0,0.0,106.0,0.0,0.0,,0.0,0.0,8.0,38.0,0.0,0.0,0.0,0.0,0.0,0.0,0.0,0.0,0.0,0.0,0.0,0.0,0.0,0.0,0.0,556.0
2024-01-11,,0.0,0.0,0.0,0.0,0.0,0.0,,,0.0,0.0,0.0,0.0,0.0,0.0,0.0,0.0,0.0,,0.0,0.0,20.0,0.0,0.0,0.0,0.0,0.0,0.0,0.0,0.0,0.0,0.0,0.0,0.0,0.0,0.0,0.0,0.0,20.0
2024-01-12,,0.0,0.0,0.0,182.0,0.0,0.0,,,0.0,0.0,0.0,0.0,0.0,25.0,0.0,0.0,0.0,,0.0,0.0,30.0,0.0,0.0,0.0,0.0,0.0,0.0,0.0,0.0,0.0,0.0,0.0,0.0,0.0,0.0,0.0,0.0,237.0
2024-01-13,,0.0,0.0,0.0,338.0,0.0,0.0,,,0.0,0.0,0.0,0.0,0.0,90.0,0.0,0.0,0.0,,0.0,0.0,0.0,38.0,0.0,0.0,0.0,0.0,0.0,5.0,0.0,0.0,0.0,0.0,186.0,0.0,0.0,0.0,0.0,657.0
2024-01-14,,0.0,0.0,0.0,10.0,0.0,0.0,,,0.0,0.0,0.0,0.0,0.0,0.0,0.0,0.0,0.0,,0.0,0.0,0.0,0.0,0.0,0.0,0.0,0.0,0.0,0.0,0.0,0.0,0.0,0.0,0.0,0.0,0.0,0.0,0.0,10.0
2024-01-15,,0.0,0.0,0.0,349.0,0.0,0.0,,,0.0,0.0,0.0,0.0,0.0,170.0,41.0,0.0,0.0,,0.0,0.0,12.0,0.0,0.0,0.0,0.0,0.0,0.0,0.0,0.0,0.0,0.0,0.0,0.0,70.0,0.0,0.0,0.0,642.0
2024-01-16,,0.0,0.0,0.0,66.0,0.0,86.0,,,0.0,0.0,0.0,0.0,1.0,0.0,113.0,0.0,0.0,,0.0,0.0,0.0,36.0,0.0,0.0,0.0,0.0,0.0,0.0,0.0,0.0,0.0,0.0,360.0,80.0,0.0,0.0,0.0,742.0
2024-01-17,,0.0,0.0,0.0,275.0,0.0,74.0,,,0.0,0.0,0.0,63.0,27.0,293.0,0.0,0.0,0.0,,0.0,0.0,20.0,38.0,0.0,0.0,0.0,0.0,0.0,302.0,0.0,0.0,0.0,0.0,0.0,0.0,0.0,0.0,0.0,1092.0
2024-01-18,,0.0,0.0,60.0,249.0,0.0,0.0,,,0.0,0.0,0.0,30.0,0.0,0.0,208.0,0.0,0.0,,0.0,0.0,19.0,38.0,0.0,0.0,0.0,0.0,0.0,38.0,0.0,0.0,0.0,0.0,0.0,0.0,0.0,0.0,0.0,642.0
2024-01-19,,0.0,0.0,65.0,0.0,0.0,57.0,,,0.0,0.0,0.0,350.0,0.0,267.0,0.0,0.0,0.0,,31.0,0.0,0.0,0.0,0.0,0.0,0.0,0.0,0.0,0.0,0.0,0.0,0.0,0.0,0.0,70.0,0.0,0.0,0.0,840.0
2024-01-20,,0.0,0.0,167.0,388.0,0.0,73.0,,,0.0,15.0,0.0,58.0,10.0,0.0,0.0,0.0,0.0,,0.0,0.0,9.0,0.0,0.0,0.0,0.0,0.0,0.0,0.0,0.0,0.0,0.0,0.0,0.0,80.0,0.0,0.0,0.0,800.0
2024-01-21,,0.0,0.0,0.0,211.0,0.0,0.0,,,0.0,0.0,0.0,150.0,0.0,95.0,215.0,0.0,0.0,,628.0,0.0,0.0,0.0,0.0,0.0,0.0,0.0,0.0,0.0,0.0,0.0,0.0,0.0,0.0,0.0,0.0,0.0,0.0,1299.0
2024-01-22,,0.0,0.0,0.0,988.0,0.0,0.0,,,0.0,0.0,0.0,231.0,0.0,0.0,252.0,0.0,0.0,,0.0,0.0,0.0,0.0,0.0,0.0,0.0,0.0,0.0,0.0,0.0,0.0,0.0,0.0,0.0,0.0,0.0,0.0,0.0,1471.0
2024-01-23,,0.0,0.0,86.0,0.0,0.0,0.0,,,0.0,0.0,0.0,0.0,0.0,0.0,160.0,0.0,0.0,,0.0,0.0,0.0,0.0,0.0,0.0,0.0,0.0,0.0,0.0,0.0,0.0,0.0,0.0,51.0,0.0,0.0,0.0,0.0,297.0
2024-01-24,,0.0,0.0,167.0,514.0,0.0,0.0,,,0.0,0.0,0.0,238.0,4.0,0.0,0.0,0.0,0.0,,0.0,0.0,9.0,0.0,0.0,0.0,0.0,0.0,0.0,0.0,0.0,0.0,0.0,0.0,0.0,70.0,0.0,0.0,0.0,1002.0
2024-01-25,,0.0,0.0,151.0,242.0,0.0,0.0,,,0.0,0.0,0.0,0.0,3.0,120.0,135.0,0.0,0.0,,352.0,0.0,10.0,0.0,0.0,0.0,0.0,0.0,0.0,0.0,0.0,0.0,0.0,0.0,0.0,80.0,0.0,0.0,0.0,1093.0
2024-01-26,,0.0,0.0,0.0,0.0,0.0,0.0,,,0.0,0.0,0.0,0.0,0.0,0.0,0.0,0.0,0.0,,435.0,0.0,10.0,0.0,0.0,0.0,0.0,0.0,0.0,0.0,0.0,0.0,0.0,0.0,0.0,0.0,0.0,0.0,0.0,445.0
2024-01-27,,0.0,0.0,0.0,0.0,0.0,0.0,,,0.0,0.0,0.0,0.0,0.0,0.0,0.0,0.0,0.0,,0.0,0.0,0.0,0.0,0.0,0.0,0.0,0.0,0.0,0.0,0.0,0.0,0.0,0.0,0.0,0.0,0.0,0.0,0.0,0.0
2024-01-28,,0.0,0.0,0.0,293.0,0.0,0.0,,,0.0,0.0,0.0,0.0,0.0,0.0,0.0,0.0,0.0,,0.0,0.0,20.0,0.0,0.0,0.0,0.0,0.0,0.0,0.0,0.0,0.0,0.0,0.0,0.0,0.0,0.0,0.0,0.0,313.0
2024-01-29,,0.0,0.0,0.0,411.0,0.0,0.0,,,0.0,0.0,0.0,0.0,1.0,0.0,182.0,0.0,0.0,,0.0,0.0,10.0,0.0,0.0,0.0,0.0,0.0,0.0,0.0,0.0,0.0,0.0,0.0,0.0,0.0,0.0,0.0,0.0,604.0
2024-01-30,,0.0,0.0,192.0,800.0,0.0,0.0,,,0.0,0.0,0.0,0.0,0.0,0.0,210.0,0.0,0.0,,147.0,0.0,0.0,0.0,0.0,0.0,0.0,0.0,0.0,0.0,0.0,0.0,0.0,0.0,10.0,240.0,0.0,0.0,0.0,1599.0
2024-01-31,,0.0,0.0,109.0,330.0,0.0,0.0,,,0.0,0.0,0.0,0.0,0.0,0.0,91.0,0.0,0.0,,79.0,0.0,10.0,0.0,0.0,0.0,0.0,0.0,0.0,0.0,0.0,0.0,0.0,0.0,0.0,210.0,0.0,0.0,0.0,829.0
2024-02-01,,0.0,0.0,181.0,0.0,0.0,0.0,,,0.0,0.0,0.0,0.0,0.0,0.0,0.0,0.0,0.0,,0.0,0.0,17.0,0.0,0.0,0.0,0.0,0.0,0.0,0.0,0.0,0.0,0.0,0.0,0.0,0.0,0.0,0.0,0.0,198.0
2024-02-02,,0.0,0.0,0.0,340.0,0.0,0.0,,,0.0,0.0,0.0,0.0,0.0,0.0,0.0,0.0,0.0,,0.0,0.0,0.0,0.0,0.0,0.0,207.0,0.0,0.0,0.0,0.0,0.0,0.0,0.0,0.0,0.0,0.0,0.0,0.0,547.0
2024-02-03,,0.0,0.0,0.0,0.0,0.0,153.0,,,0.0,0.0,0.0,0.0,0.0,0.0,83.0,0.0,0.0,,0.0,0.0,0.0,0.0,0.0,0.0,0.0,0.0,0.0,0.0,0.0,0.0,0.0,0.0,0.0,70.0,0.0,0.0,0.0,306.0
2024-02-04,,0.0,0.0,0.0,0.0,0.0,0.0,,,0.0,0.0,0.0,0.0,13.0,0.0,0.0,0.0,0.0,,0.0,0.0,0.0,0.0,0.0,0.0,0.0,0.0,0.0,0.0,0.0,0.0,0.0,0.0,0.0,0.0,0.0,0.0,0.0,13.0
2024-02-05,,0.0,0.0,215.0,0.0,0.0,0.0,,,0.0,0.0,0.0,0.0,0.0,0.0,237.0,0.0,0.0,,0.0,0.0,9.0,0.0,0.0,0.0,0.0,0.0,0.0,0.0,0.0,0.0,0.0,0.0,0.0,0.0,0.0,0.0,0.0,461.0
2024-02-06,,0.0,0.0,0.0,0.0,0.0,0.0,,,0.0,0.0,0.0,56.0,0.0,0.0,0.0,0.0,0.0,,363.0,0.0,20.0,0.0,0.0,0.0,0.0,0.0,0.0,0.0,0.0,0.0,0.0,0.0,0.0,80.0,0.0,0.0,0.0,519.0
2024-02-07,,0.0,0.0,61.0,0.0,0.0,15.0,,,0.0,0.0,0.0,0.0,0.0,0.0,194.0,0.0,0.0,,0.0,0.0,0.0,0.0,0.0,0.0,0.0,0.0,0.0,0.0,0.0,0.0,0.0,0.0,0.0,195.0,0.0,0.0,0.0,465.0
2024-02-08,,0.0,0.0,62.0,0.0,0.0,57.0,,,0.0,0.0,0.0,0.0,0.0,0.0,0.0,0.0,0.0,,0.0,0.0,0.0,0.0,0.0,0.0,0.0,0.0,0.0,0.0,0.0,0.0,0.0,0.0,0.0,0.0,0.0,0.0,0.0,119.0
2024-02-09,,0.0,0.0,0.0,0.0,0.0,244.0,,,0.0,0.0,0.0,0.0,0.0,0.0,84.0,0.0,0.0,,0.0,0.0,0.0,0.0,0.0,0.0,0.0,0.0,0.0,0.0,0.0,0.0,0.0,0.0,92.0,150.0,0.0,0.0,0.0,570.0
2024-02-10,,0.0,0.0,111.0,0.0,0.0,6.0,,,0.0,0.0,0.0,169.0,0.0,0.0,188.0,0.0,0.0,,508.0,0.0,0.0,0.0,0.0,0.0,0.0,0.0,0.0,0.0,0.0,0.0,0.0,0.0,0.0,80.0,0.0,0.0,0.0,1062.0
2024-02-11,,0.0,0.0,0.0,0.0,0.0,0.0,,,0.0,0.0,0.0,0.0,0.0,70.0,163.0,0.0,0.0,,0.0,0.0,0.0,0.0,0.0,0.0,0.0,0.0,0.0,0.0,0.0,0.0,0.0,0.0,0.0,0.0,0.0,0.0,0.0,233.0
2024-02-12,,0.0,0.0,54.0,0.0,0.0,0.0,,,0.0,0.0,0.0,200.0,0.0,550.0,0.0,0.0,0.0,,0.0,0.0,20.0,0.0,0.0,0.0,0.0,0.0,0.0,0.0,0.0,0.0,0.0,0.0,0.0,0.0,0.0,0.0,0.0,824.0
2024-02-13,,0.0,0.0,0.0,0.0,0.0,37.0,,,0.0,0.0,0.0,0.0,0.0,0.0,0.0,0.0,0.0,,0.0,0.0,20.0,0.0,0.0,0.0,0.0,0.0,0.0,0.0,0.0,0.0,0.0,0.0,0.0,0.0,0.0,0.0,0.0,57.0
2024-02-14,,0.0,0.0,0.0,0.0,0.0,0.0,,,0.0,0.0,0.0,100.0,0.0,0.0,0.0,0.0,0.0,,0.0,0.0,0.0,0.0,0.0,0.0,0.0,0.0,0.0,0.0,0.0,0.0,0.0,0.0,0.0,0.0,0.0,0.0,0.0,100.0
2024-02-15,,0.0,0.0,0.0,0.0,0.0,0.0,,,0.0,0.0,0.0,0.0,0.0,0.0,0.0,0.0,0.0,,0.0,0.0,0.0,0.0,0.0,0.0,0.0,0.0,0.0,0.0,0.0,0.0,0.0,0.0,0.0,0.0,0.0,0.0,0.0,0.0
2024-02-16,,0.0,0.0,0.0,0.0,0.0,0.0,,,0.0,0.0,0.0,0.0,0.0,350.0,52.0,0.0,0.0,,0.0,0.0,0.0,0.0,0.0,0.0,0.0,0.0,0.0,0.0,0.0,0.0,0.0,0.0,0.0,0.0,0.0,0.0,0.0,402.0
2024-02-17,,0.0,0.0,0.0,0.0,0.0,0.0,,,0.0,0.0,0.0,0.0,0.0,0.0,0.0,0.0,0.0,,0.0,0.0,0.0,0.0,0.0,0.0,0.0,0.0,0.0,0.0,0.0,0.0,0.0,0.0,0.0,0.0,0.0,0.0,0.0,0.0
2024-02-18,,0.0,0.0,0.0,97.0,0.0,0.0,,,0.0,0.0,0.0,0.0,0.0,0.0,41.0,0.0,0.0,,0.0,0.0,0.0,0.0,0.0,0.0,0.0,0.0,0.0,0.0,0.0,0.0,0.0,0.0,0.0,0.0,0.0,0.0,0.0,138.0
2024-02-19,,0.0,0.0,0.0,0.0,0.0,0.0,,,0.0,0.0,0.0,0.0,0.0,0.0,0.0,0.0,0.0,,0.0,0.0,0.0,0.0,0.0,0.0,0.0,0.0,0.0,0.0,0.0,0.0,0.0,0.0,0.0,0.0,0.0,0.0,0.0,0.0
2024-02-20,,0.0,0.0,0.0,0.0,0.0,0.0,,,0.0,0.0,0.0,0.0,0.0,0.0,0.0,0.0,0.0,,0.0,0.0,0.0,0.0,0.0,0.0,0.0,0.0,0.0,0.0,0.0,0.0,0.0,0.0,0.0,0.0,0.0,0.0,0.0,0.0
2024-02-21,,0.0,0.0,0.0,0.0,0.0,0.0,,,0.0,0.0,0.0,0.0,0.0,0.0,0.0,0.0,0.0,,0.0,0.0,0.0,0.0,0.0,0.0,0.0,0.0,0.0,0.0,0.0,0.0,0.0,0.0,0.0,35.0,0.0,0.0,0.0,35.0
2024-02-22,,0.0,0.0,0.0,0.0,0.0,0.0,,,0.0,0.0,0.0,70.0,0.0,0.0,0.0,0.0,0.0,,0.0,0.0,0.0,0.0,0.0,0.0,0.0,0.0,0.0,0.0,0.0,0.0,0.0,0.0,0.0,0.0,0.0,0.0,0.0,70.0
2024-02-23,,0.0,0.0,0.0,0.0,0.0,0.0,,,0.0,0.0,0.0,0.0,0.0,0.0,0.0,0.0,0.0,,89.0,0.0,0.0,0.0,0.0,0.0,0.0,0.0,0.0,0.0,0.0,0.0,0.0,0.0,0.0,0.0,0.0,0.0,0.0,89.0
2024-02-24,,0.0,0.0,0.0,0.0,0.0,0.0,,,0.0,0.0,0.0,0.0,0.0,0.0,0.0,0.0,0.0,,0.0,0.0,7.0,0.0,0.0,0.0,0.0,0.0,0.0,0.0,0.0,0.0,0.0,0.0,0.0,0.0,0.0,0.0,0.0,7.0
2024-02-25,,0.0,0.0,0.0,0.0,0.0,0.0,,,0.0,0.0,0.0,0.0,0.0,100.0,0.0,0.0,0.0,,0.0,0.0,0.0,0.0,0.0,0.0,0.0,0.0,0.0,0.0,0.0,0.0,0.0,0.0,0.0,0.0,0.0,0.0,0.0,100.0
2024-02-26,,0.0,0.0,0.0,0.0,0.0,0.0,,,0.0,0.0,0.0,0.0,0.0,0.0,0.0,0.0,0.0,,0.0,0.0,0.0,0.0,0.0,0.0,0.0,0.0,0.0,0.0,0.0,0.0,0.0,0.0,0.0,0.0,0.0,0.0,0.0,0.0
2024-02-27,,0.0,0.0,0.0,0.0,0.0,0.0,,,0.0,0.0,0.0,0.0,0.0,0.0,102.0,0.0,0.0,,0.0,0.0,0.0,0.0,0.0,0.0,0.0,0.0,0.0,0.0,0.0,0.0,0.0,0.0,0.0,0.0,0.0,0.0,0.0,102.0
2024-02-28,,0.0,0.0,0.0,0.0,0.0,0.0,,,0.0,0.0,0.0,0.0,0.0,0.0,0.0,0.0,0.0,,0.0,0.0,0.0,0.0,0.0,0.0,0.0,0.0,0.0,0.0,0.0,0.0,0.0,0.0,0.0,0.0,0.0,0.0,0.0,0.0
2024-02-29,,0.0,0.0,0.0,0.0,0.0,0.0,,,0.0,0.0,0.0,0.0,0.0,390.0,0.0,0.0,0.0,,0.0,0.0,0.0,0.0,0.0,0.0,0.0,0.0,0.0,0.0,0.0,0.0,0.0,0.0,0.0,0.0,0.0,0.0,0.0,390.0
2024-03-01,,0.0,0.0,0.0,0.0,0.0,0.0,,,0.0,0.0,0.0,0.0,0.0,0.0,0.0,0.0,0.0,,0.0,0.0,0.0,0.0,0.0,0.0,0.0,0.0,0.0,0.0,0.0,0.0,0.0,0.0,0.0,0.0,0.0,0.0,0.0,0.0
2024-03-02,,0.0,0.0,0.0,0.0,0.0,0.0,,,0.0,0.0,0.0,0.0,0.0,0.0,0.0,0.0,0.0,,0.0,0.0,0.0,0.0,0.0,0.0,0.0,0.0,0.0,0.0,0.0,0.0,0.0,0.0,0.0,0.0,0.0,0.0,0.0,0.0
2024-03-03,,0.0,0.0,0.0,0.0,0.0,0.0,,,0.0,0.0,0.0,0.0,23.0,0.0,0.0,0.0,0.0,,0.0,0.0,0.0,0.0,0.0,0.0,0.0,0.0,0.0,0.0,0.0,0.0,0.0,0.0,0.0,0.0,0.0,0.0,0.0,23.0
2024-03-04,,0.0,0.0,0.0,0.0,0.0,0.0,,,0.0,0.0,0.0,0.0,0.0,0.0,118.0,0.0,0.0,,0.0,0.0,0.0,0.0,0.0,0.0,0.0,0.0,0.0,0.0,0.0,0.0,0.0,0.0,0.0,0.0,0.0,0.0,0.0,118.0
2024-03-05,,0.0,0.0,0.0,0.0,0.0,0.0,,,0.0,0.0,0.0,0.0,0.0,0.0,0.0,0.0,0.0,,0.0,0.0,0.0,0.0,0.0,0.0,0.0,0.0,0.0,0.0,0.0,0.0,0.0,0.0,0.0,0.0,0.0,0.0,0.0,0.0
2024-03-06,,0.0,0.0,0.0,0.0,0.0,0.0,,,0.0,0.0,0.0,0.0,0.0,0.0,0.0,0.0,0.0,,0.0,0.0,0.0,0.0,0.0,0.0,0.0,0.0,0.0,0.0,0.0,0.0,0.0,0.0,0.0,0.0,0.0,0.0,0.0,0.0
2024-03-07,,0.0,0.0,0.0,0.0,0.0,0.0,,,0.0,0.0,0.0,0.0,0.0,0.0,0.0,0.0,0.0,,0.0,0.0,0.0,0.0,0.0,0.0,0.0,0.0,0.0,0.0,0.0,0.0,0.0,0.0,0.0,0.0,0.0,0.0,0.0,0.0
2024-03-08,,0.0,0.0,0.0,0.0,0.0,0.0,,,0.0,0.0,0.0,0.0,0.0,0.0,0.0,0.0,0.0,,0.0,0.0,0.0,0.0,0.0,0.0,0.0,0.0,0.0,0.0,0.0,0.0,0.0,0.0,0.0,0.0,0.0,0.0,0.0,0.0
2024-03-09,,0.0,0.0,0.0,0.0,0.0,0.0,,,0.0,0.0,0.0,0.0,0.0,0.0,0.0,0.0,0.0,,0.0,0.0,0.0,0.0,0.0,0.0,0.0,0.0,0.0,0.0,0.0,0.0,0.0,0.0,0.0,0.0,0.0,0.0,0.0,0.0
2024-03-10,,0.0,0.0,0.0,0.0,0.0,0.0,,,0.0,0.0,0.0,0.0,0.0,0.0,0.0,0.0,0.0,,0.0,0.0,0.0,0.0,0.0,0.0,0.0,0.0,0.0,0.0,0.0,0.0,0.0,0.0,0.0,0.0,0.0,0.0,0.0,0.0
2024-03-11,,0.0,0.0,0.0,0.0,0.0,0.0,,,0.0,0.0,0.0,0.0,0.0,0.0,213.0,0.0,0.0,,0.0,0.0,0.0,0.0,0.0,0.0,0.0,0.0,0.0,0.0,0.0,0.0,0.0,0.0,0.0,0.0,0.0,0.0,0.0,213.0
2024-03-12,,0.0,0.0,0.0,0.0,0.0,0.0,,,0.0,0.0,0.0,0.0,0.0,0.0,280.0,0.0,0.0,,0.0,0.0,0.0,0.0,0.0,0.0,0.0,0.0,0.0,0.0,0.0,0.0,0.0,0.0,0.0,0.0,0.0,0.0,0.0,280.0
2024-03-13,,0.0,0.0,0.0,0.0,0.0,0.0,,,0.0,0.0,0.0,0.0,0.0,0.0,0.0,0.0,0.0,,0.0,0.0,0.0,0.0,0.0,0.0,0.0,0.0,0.0,0.0,0.0,0.0,0.0,0.0,0.0,0.0,0.0,0.0,0.0,0.0
2024-03-14,,0.0,0.0,0.0,0.0,0.0,0.0,,,0.0,0.0,0.0,0.0,0.0,40.0,274.0,0.0,0.0,,0.0,0.0,0.0,0.0,0.0,0.0,0.0,0.0,0.0,0.0,0.0,0.0,0.0,0.0,7.0,0.0,0.0,0.0,0.0,321.0
2024-03-15,,0.0,0.0,0.0,0.0,0.0,0.0,,,0.0,0.0,0.0,0.0,0.0,350.0,0.0,0.0,0.0,,0.0,0.0,0.0,0.0,0.0,0.0,0.0,0.0,0.0,0.0,0.0,0.0,0.0,0.0,0.0,0.0,0.0,0.0,0.0,350.0
2024-03-16,,0.0,0.0,0.0,0.0,0.0,0.0,,,0.0,0.0,0.0,0.0,0.0,95.0,0.0,0.0,0.0,,0.0,0.0,0.0,0.0,0.0,0.0,0.0,0.0,0.0,0.0,0.0,0.0,0.0,0.0,0.0,0.0,0.0,0.0,0.0,95.0
2024-03-17,,0.0,0.0,0.0,0.0,0.0,0.0,,,0.0,0.0,0.0,0.0,0.0,0.0,0.0,0.0,0.0,,0.0,0.0,0.0,0.0,0.0,0.0,0.0,0.0,0.0,0.0,0.0,0.0,0.0,0.0,0.0,0.0,0.0,0.0,0.0,0.0
2024-03-18,,0.0,0.0,0.0,0.0,0.0,0.0,,,0.0,0.0,0.0,0.0,0.0,0.0,125.0,0.0,0.0,,0.0,0.0,0.0,0.0,0.0,0.0,0.0,0.0,0.0,0.0,0.0,0.0,0.0,0.0,0.0,0.0,0.0,0.0,0.0,125.0
2024-03-19,,0.0,0.0,0.0,0.0,0.0,0.0,,,0.0,0.0,0.0,0.0,0.0,0.0,0.0,0.0,0.0,,0.0,0.0,0.0,0.0,0.0,0.0,0.0,0.0,0.0,0.0,0.0,0.0,0.0,0.0,0.0,0.0,0.0,0.0,0.0,0.0
2024-03-20,,0.0,0.0,0.0,0.0,0.0,0.0,,,0.0,0.0,0.0,0.0,0.0,0.0,0.0,0.0,0.0,,0.0,0.0,0.0,0.0,0.0,0.0,0.0,0.0,0.0,0.0,0.0,0.0,0.0,0.0,0.0,0.0,0.0,0.0,0.0,0.0
2024-03-21,,0.0,0.0,0.0,0.0,0.0,0.0,,,0.0,0.0,0.0,0.0,0.0,0.0,0.0,0.0,0.0,,0.0,0.0,0.0,0.0,0.0,0.0,0.0,0.0,0.0,0.0,0.0,0.0,0.0,0.0,0.0,0.0,0.0,0.0,0.0,0.0
2024-03-22,,0.0,0.0,0.0,0.0,0.0,0.0,,,0.0,0.0,0.0,0.0,0.0,0.0,0.0,0.0,0.0,,0.0,0.0,0.0,0.0,0.0,0.0,0.0,0.0,0.0,0.0,0.0,0.0,0.0,0.0,0.0,0.0,0.0,0.0,0.0,0.0
2024-03-23,,0.0,0.0,0.0,0.0,0.0,0.0,,,0.0,0.0,0.0,0.0,0.0,0.0,0.0,0.0,0.0,,0.0,0.0,0.0,0.0,0.0,0.0,0.0,0.0,0.0,0.0,0.0,0.0,0.0,0.0,0.0,0.0,0.0,0.0,0.0,0.0
2024-03-24,,0.0,0.0,0.0,0.0,0.0,0.0,,,0.0,0.0,0.0,0.0,0.0,0.0,0.0,0.0,0.0,,0.0,0.0,0.0,0.0,0.0,0.0,0.0,0.0,0.0,0.0,0.0,0.0,0.0,0.0,0.0,0.0,0.0,0.0,0.0,0.0
2024-03-25,,0.0,0.0,0.0,0.0,0.0,0.0,,,0.0,0.0,0.0,0.0,0.0,0.0,0.0,0.0,0.0,,0.0,0.0,0.0,0.0,0.0,0.0,0.0,0.0,0.0,0.0,0.0,0.0,0.0,0.0,0.0,0.0,0.0,0.0,0.0,0.0
2024-03-26,,0.0,0.0,0.0,0.0,0.0,0.0,,,0.0,0.0,0.0,0.0,0.0,0.0,0.0,0.0,0.0,,0.0,0.0,0.0,0.0,0.0,0.0,0.0,0.0,0.0,0.0,0.0,0.0,0.0,0.0,0.0,0.0,0.0,0.0,0.0,0.0
2024-03-27,,0.0,0.0,0.0,284.0,0.0,0.0,,,0.0,0.0,0.0,0.0,0.0,0.0,159.0,0.0,0.0,,0.0,0.0,0.0,0.0,0.0,0.0,0.0,0.0,0.0,0.0,0.0,0.0,0.0,0.0,0.0,0.0,0.0,0.0,0.0,443.0
2024-03-28,,0.0,0.0,0.0,0.0,0.0,0.0,,,0.0,0.0,0.0,0.0,0.0,180.0,0.0,0.0,0.0,,0.0,0.0,0.0,0.0,0.0,0.0,0.0,0.0,0.0,0.0,0.0,0.0,0.0,0.0,0.0,0.0,0.0,0.0,0.0,180.0
2024-03-29,,0.0,0.0,0.0,0.0,0.0,0.0,,,0.0,0.0,0.0,0.0,0.0,0.0,0.0,0.0,0.0,,0.0,0.0,0.0,0.0,0.0,0.0,0.0,0.0,0.0,0.0,0.0,0.0,0.0,0.0,0.0,0.0,0.0,0.0,0.0,0.0
2024-03-30,,0.0,0.0,0.0,0.0,0.0,0.0,,,0.0,0.0,0.0,0.0,0.0,0.0,0.0,0.0,0.0,,0.0,0.0,0.0,0.0,0.0,0.0,0.0,0.0,0.0,0.0,0.0,0.0,0.0,0.0,0.0,0.0,0.0,0.0,0.0,0.0
2024-03-31,,0.0,0.0,0.0,0.0,0.0,0.0,,,0.0,0.0,0.0,0.0,0.0,0.0,0.0,0.0,0.0,,0.0,0.0,0.0,0.0,0.0,0.0,0.0,0.0,0.0,0.0,0.0,0.0,0.0,0.0,0.0,0.0,0.0,0.0,0.0,0.0
2024-04-01,,0.0,0.0,0.0,0.0,0.0,0.0,,,0.0,0.0,0.0,0.0,0.0,0.0,0.0,0.0,0.0,,0.0,0.0,0.0,0.0,0.0,0.0,0.0,0.0,0.0,0.0,0.0,0.0,0.0,0.0,0.0,0.0,0.0,0.0,0.0,0.0
2024-04-02,,0.0,0.0,0.0,0.0,0.0,0.0,,,0.0,0.0,0.0,0.0,16.0,0.0,291.0,0.0,0.0,,0.0,0.0,0.0,0.0,0.0,0.0,0.0,0.0,0.0,0.0,0.0,0.0,0.0,0.0,0.0,0.0,0.0,0.0,0.0,307.0
2024-04-03,,0.0,0.0,0.0,0.0,0.0,0.0,,,0.0,0.0,0.0,0.0,0.0,0.0,258.0,0.0,0.0,,0.0,0.0,0.0,0.0,0.0,0.0,0.0,0.0,0.0,0.0,0.0,0.0,0.0,0.0,0.0,0.0,0.0,0.0,0.0,258.0
2024-04-04,,0.0,0.0,0.0,91.0,0.0,0.0,,,0.0,0.0,0.0,0.0,0.0,0.0,0.0,0.0,0.0,,0.0,0.0,0.0,0.0,0.0,0.0,0.0,0.0,0.0,0.0,0.0,0.0,0.0,0.0,0.0,0.0,0.0,0.0,0.0,91.0
2024-04-05,,0.0,0.0,0.0,0.0,0.0,0.0,,,0.0,0.0,0.0,0.0,0.0,0.0,0.0,0.0,0.0,,0.0,0.0,0.0,0.0,0.0,0.0,0.0,0.0,0.0,0.0,0.0,0.0,0.0,0.0,0.0,0.0,0.0,0.0,0.0,0.0
2024-04-06,,0.0,0.0,0.0,118.0,0.0,0.0,,,0.0,0.0,0.0,0.0,0.0,0.0,0.0,0.0,0.0,,0.0,0.0,0.0,0.0,0.0,0.0,0.0,0.0,0.0,0.0,0.0,0.0,0.0,0.0,0.0,0.0,0.0,0.0,0.0,118.0
2024-04-07,,0.0,0.0,0.0,0.0,0.0,0.0,,,0.0,0.0,0.0,0.0,0.0,0.0,0.0,0.0,0.0,,0.0,0.0,0.0,0.0,0.0,0.0,0.0,0.0,0.0,0.0,0.0,0.0,0.0,0.0,0.0,0.0,0.0,0.0,0.0,0.0
2024-04-08,,0.0,0.0,0.0,0.0,0.0,0.0,,,0.0,0.0,0.0,0.0,0.0,0.0,0.0,0.0,0.0,,0.0,0.0,0.0,0.0,0.0,0.0,0.0,0.0,0.0,0.0,0.0,0.0,0.0,0.0,0.0,0.0,0.0,0.0,0.0,0.0
2024-04-09,,0.0,0.0,0.0,0.0,0.0,0.0,,,0.0,0.0,0.0,0.0,0.0,0.0,0.0,0.0,0.0,,0.0,0.0,0.0,0.0,0.0,0.0,0.0,0.0,0.0,0.0,0.0,0.0,0.0,0.0,0.0,0.0,0.0,0.0,0.0,0.0
2024-04-10,,0.0,0.0,0.0,0.0,0.0,0.0,,,0.0,0.0,0.0,0.0,0.0,0.0,0.0,0.0,0.0,,0.0,0.0,0.0,0.0,0.0,0.0,0.0,0.0,0.0,0.0,0.0,0.0,0.0,0.0,0.0,0.0,0.0,0.0,0.0,0.0
2024-04-11,,0.0,0.0,0.0,0.0,0.0,0.0,,,0.0,0.0,0.0,0.0,0.0,0.0,0.0,0.0,0.0,,0.0,0.0,0.0,0.0,0.0,0.0,0.0,0.0,0.0,0.0,0.0,0.0,0.0,0.0,0.0,0.0,0.0,0.0,0.0,0.0
2024-04-12,,0.0,0.0,0.0,0.0,0.0,0.0,,,0.0,0.0,0.0,0.0,0.0,0.0,0.0,0.0,0.0,,0.0,0.0,0.0,0.0,0.0,0.0,0.0,0.0,0.0,0.0,0.0,0.0,0.0,0.0,0.0,0.0,0.0,0.0,0.0,0.0
2024-04-13,,0.0,0.0,0.0,0.0,0.0,0.0,,,0.0,0.0,0.0,0.0,0.0,0.0,0.0,0.0,0.0,,0.0,0.0,0.0,0.0,0.0,0.0,0.0,0.0,0.0,0.0,0.0,0.0,0.0,0.0,0.0,0.0,0.0,0.0,0.0,0.0
2024-04-14,,0.0,0.0,0.0,0.0,0.0,0.0,,,0.0,0.0,0.0,0.0,0.0,0.0,0.0,0.0,0.0,,0.0,0.0,0.0,0.0,0.0,0.0,0.0,0.0,0.0,0.0,0.0,0.0,0.0,0.0,0.0,0.0,0.0,0.0,0.0,0.0
2024-04-15,,0.0,0.0,0.0,50.0,0.0,0.0,,,0.0,0.0,0.0,0.0,0.0,0.0,0.0,0.0,0.0,,0.0,0.0,0.0,0.0,0.0,0.0,0.0,0.0,0.0,0.0,0.0,0.0,0.0,0.0,0.0,0.0,0.0,0.0,0.0,50.0
2024-04-16,,0.0,0.0,0.0,118.0,0.0,0.0,,,0.0,0.0,0.0,0.0,0.0,0.0,0.0,0.0,0.0,,0.0,0.0,0.0,0.0,0.0,0.0,0.0,0.0,0.0,0.0,0.0,0.0,0.0,0.0,0.0,0.0,0.0,0.0,0.0,118.0
2024-04-17,,0.0,0.0,0.0,0.0,0.0,0.0,,,0.0,0.0,0.0,0.0,0.0,0.0,0.0,0.0,0.0,,0.0,0.0,0.0,0.0,0.0,0.0,0.0,0.0,0.0,0.0,0.0,0.0,0.0,0.0,0.0,0.0,0.0,0.0,0.0,0.0
2024-04-18,,0.0,0.0,0.0,0.0,0.0,0.0,,,0.0,0.0,0.0,0.0,0.0,0.0,0.0,0.0,0.0,,0.0,0.0,0.0,0.0,0.0,0.0,0.0,0.0,0.0,0.0,0.0,0.0,0.0,0.0,0.0,0.0,0.0,0.0,0.0,0.0
2024-04-19,,0.0,0.0,0.0,0.0,0.0,0.0,,,0.0,0.0,0.0,0.0,0.0,0.0,0.0,0.0,0.0,,0.0,0.0,0.0,0.0,0.0,0.0,0.0,0.0,0.0,0.0,0.0,0.0,0.0,0.0,0.0,0.0,0.0,0.0,0.0,0.0
2024-04-20,,0.0,0.0,0.0,0.0,0.0,0.0,,,0.0,0.0,0.0,0.0,0.0,0.0,0.0,0.0,0.0,,0.0,0.0,0.0,0.0,0.0,0.0,0.0,0.0,0.0,0.0,0.0,0.0,0.0,0.0,0.0,0.0,0.0,0.0,0.0,0.0
2024-04-21,,0.0,0.0,0.0,0.0,0.0,0.0,,,0.0,0.0,0.0,0.0,0.0,195.0,0.0,0.0,0.0,,0.0,0.0,0.0,0.0,0.0,0.0,0.0,0.0,0.0,0.0,0.0,0.0,0.0,0.0,0.0,0.0,0.0,0.0,0.0,195.0
2024-04-22,,0.0,0.0,0.0,0.0,0.0,0.0,,,0.0,0.0,0.0,0.0,0.0,0.0,0.0,0.0,0.0,,0.0,0.0,0.0,0.0,0.0,0.0,0.0,0.0,0.0,0.0,0.0,0.0,0.0,0.0,0.0,0.0,0.0,0.0,0.0,0.0
2024-04-23,,0.0,0.0,0.0,0.0,0.0,0.0,,,0.0,0.0,0.0,0.0,0.0,131.0,0.0,0.0,0.0,,0.0,0.0,0.0,0.0,0.0,0.0,0.0,0.0,0.0,0.0,0.0,0.0,0.0,0.0,0.0,0.0,0.0,0.0,0.0,131.0
2024-04-24,,0.0,0.0,0.0,0.0,0.0,0.0,,,0.0,0.0,0.0,0.0,0.0,0.0,0.0,0.0,0.0,,0.0,0.0,0.0,0.0,0.0,0.0,0.0,0.0,0.0,0.0,0.0,0.0,0.0,0.0,0.0,0.0,0.0,0.0,0.0,0.0
2024-04-25,,0.0,0.0,0.0,0.0,0.0,0.0,,,0.0,0.0,0.0,0.0,0.0,0.0,0.0,0.0,0.0,,0.0,0.0,0.0,0.0,0.0,0.0,0.0,0.0,0.0,0.0,0.0,0.0,0.0,0.0,0.0,0.0,0.0,0.0,0.0,0.0
2024-04-26,,0.0,0.0,0.0,0.0,0.0,0.0,,,0.0,0.0,0.0,0.0,0.0,0.0,0.0,0.0,0.0,,0.0,0.0,0.0,0.0,0.0,0.0,0.0,0.0,0.0,0.0,0.0,0.0,0.0,0.0,0.0,0.0,0.0,0.0,0.0,0.0
2024-04-27,,0.0,0.0,0.0,0.0,0.0,0.0,,,0.0,0.0,0.0,0.0,0.0,0.0,0.0,0.0,450.0,,0.0,0.0,0.0,0.0,0.0,0.0,0.0,0.0,0.0,0.0,0.0,0.0,0.0,0.0,0.0,0.0,0.0,0.0,0.0,450.0
2024-04-28,,0.0,0.0,0.0,0.0,0.0,82.0,,,0.0,0.0,0.0,0.0,0.0,0.0,0.0,0.0,308.0,,0.0,0.0,0.0,0.0,0.0,0.0,0.0,0.0,0.0,0.0,0.0,0.0,0.0,0.0,0.0,0.0,0.0,0.0,0.0,390.0
