Date,10m_u_component_of_wind_min,10m_u_component_of_wind_mean,10m_u_component_of_wind_max,10m_v_component_of_wind_min,10m_v_component_of_wind_mean,10m_v_component_of_wind_max,2m_temperature_min,2m_temperature_mean,2m_temperature_max,2m_dewpoint_temperature_min,2m_dewpoint_temperature_mean,2m_dewpoint_temperature_max,surface_solar_radiation_downwards_min,surface_solar_radiation_downwards_mean,surface_solar_radiation_downwards_max,total_cloud_cover_min,total_cloud_cover_mean,total_cloud_cover_max,utci_min,utci_mean,utci_max
2021-01-01,-3.3906765,-1.7786145,-0.119153894,-3.3297586,-2.3117125,-1.5140944,294.36832,296.9598,300.7038,292.0572,292.86734,293.6919,0.0,562883.44,2233692.5,0.65417445,0.8881955,0.9769093,290.7882,297.7687174479167,305.97366
2021-01-02,-2.889409,-1.3609582,0.017706119,-2.9112053,-2.436029,-1.9915975,294.72992,297.38937,299.74405,292.02783,293.9526,295.07355,0.0,390917.16,1416538.5,0.5515964,0.74535227,0.874311,290.09424,296.8285522460937,305.4421
2021-01-03,-2.5313199,-1.6218061,-0.5265517,-2.498247,-1.6221565,-1.0582849,295.89117,297.19925,299.7681,293.90933,295.08978,295.9973,0.0,407677.34,1564657.6,0.84746045,0.90468186,0.971867,289.73758,297.19932047526044,304.9573
2021-01-04,-3.288685,-1.6653695,-0.45196342,-2.2775228,-1.623663,-1.2642411,295.8371,297.49515,300.25525,294.43488,294.91995,295.29196,0.0,357384.72,1325474.8,0.8441074,0.8970556,0.96227944,290.69138,296.8814290364583,304.3283
2021-01-05,-2.4061437,-1.3871118,-0.6722976,-2.5799832,-1.6483921,-1.1024624,296.1468,297.7336,300.41147,294.63144,295.39767,295.9933,0.0,436947.1,1579927.2,0.86554736,0.94087124,0.9838247,289.1716,296.412841796875,305.12695
2021-01-06,-2.161589,-1.1751637,-0.2730312,-1.0154811,-0.36963835,0.18405092,295.87915,297.82666,301.0822,295.21686,295.93112,297.0101,0.0,528106.5,1977579.8,0.94211096,0.97232294,0.98550075,288.51544,296.9186197916667,306.48734
2021-01-07,-3.236227,-1.6211548,-0.1960246,-1.8355348,-1.0119128,-0.5025539,296.36877,298.41574,301.46082,295.2015,296.0324,296.66376,0.0,479621.47,1582921.2,0.7812178,0.9026203,0.97209555,288.15067,296.52292887369794,306.10883
2021-01-08,-2.1045616,-1.2431024,-0.52873105,-1.154646,-0.82861453,-0.33296788,296.40735,298.21664,301.01157,295.55368,295.97226,296.39194,0.0,554690.94,2028630.4,0.78325313,0.88903683,0.9473967,287.16656,295.391845703125,305.2663
2021-01-09,-2.8836539,-1.7069211,-0.54897743,-1.6746548,-1.1372246,-0.5274144,296.29578,298.15875,300.7466,295.18762,295.69455,296.2448,0.0,407181.66,1482348.0,0.87931037,0.96782607,0.9999393,286.6246,295.3796793619792,304.7436
2021-01-10,-1.6112993,-1.0104202,-0.49423712,-2.376904,-1.6738583,-0.90600264,296.4512,298.2275,300.9739,295.0822,295.5555,296.01703,0.0,269357.1,1270608.5,0.98768735,0.99674875,0.99997526,287.28885,295.07285563151044,304.7218
2021-01-11,-1.7650874,-0.7415897,-0.07392757,-2.9105008,-2.3829365,-1.8414237,296.0473,297.51816,299.61664,294.56757,295.33224,295.861,0.0,224627.3,903744.44,0.9923001,0.9986455,1.0,286.52347,295.1373291015625,305.4718
2021-01-12,-2.4661849,-1.7157758,-0.58268857,-3.322081,-2.5794032,-2.0063045,295.93356,297.0565,298.64398,294.02365,294.94815,295.62308,0.0,416777.66,1588432.9,0.9834905,0.99348646,1.0,286.37375,295.1617431640625,305.4766
2021-01-13,-3.8093832,-2.1269515,-0.80941546,-2.9470487,-1.9716135,-0.9612366,295.4437,297.14792,299.2643,294.44876,294.9505,295.45795,0.0,463382.84,1558867.4,0.75412697,0.8257642,0.98470855,286.7935,295.588134765625,306.18942
2021-01-14,-3.0272584,-1.7308478,-0.6936172,-2.5722148,-1.6785959,-1.191738,295.73523,297.37357,299.90094,294.24756,295.11557,295.64392,0.0,476421.25,1768682.0,0.72051394,0.79443187,0.8966544,287.203,296.7823486328125,307.4546
2021-01-15,-2.6973217,-1.4607421,-0.39745745,-2.1172435,-1.2630764,-0.6119891,295.4135,297.40952,299.8485,294.4664,294.85815,295.3277,0.0,556889.44,1887832.5,0.7229689,0.92706126,0.98803717,288.2843,298.1637776692708,308.56705
2021-01-16,-2.3915212,-1.3556012,-0.28833318,-1.8281507,-0.82459277,-0.17995122,295.05,297.79785,301.15335,294.02866,294.69833,295.31058,0.0,824515.25,2917856.8,0.6113925,0.7155239,0.85271066,290.29346,299.42942301432294,309.66116
2021-01-17,-2.9021993,-1.5066485,-0.12893029,-1.5282054,-1.2097759,-0.7818905,293.4443,297.56317,302.26746,291.96667,293.22232,294.43738,0.0,840661.06,2829342.5,0.19177777,0.46510538,0.8413992,292.25854,299.4998779296875,308.77954
2021-01-18,-3.0591369,-1.4375024,0.21850632,-2.7649674,-1.7125807,-1.0134202,293.57486,297.04813,301.97238,290.98242,292.0282,292.90335,0.0,837974.94,2818443.5,0.2383838,0.49604726,0.81867373,292.17538,298.7655843098958,308.0618
2021-01-19,-1.7249508,-0.8371689,0.56298095,-2.6972904,-1.6889324,-0.9840404,294.2699,297.84024,302.383,291.83597,292.69183,293.17548,0.0,656316.3,2329237.0,0.058742587,0.433651,0.8192749,292.49683,298.16550699869794,306.30145
2021-01-20,-1.7602649,-0.7632027,0.6593857,-2.042459,-1.2657723,-0.6743218,295.68793,298.76904,302.03082,292.65155,294.21228,295.1949,0.0,670693.44,2439660.5,0.29965955,0.52434015,0.7315242,292.08606,298.8443603515625,307.61252
2021-01-21,-1.8779894,-1.0979133,-0.30861235,-1.0650464,-0.36410987,0.29361144,296.70377,299.50745,303.6187,294.5159,295.86594,296.77042,0.0,731949.7,2602603.0,0.24723642,0.5515401,0.7468647,293.7979,298.16416422526044,305.9859
2021-01-22,-2.0892172,-1.4057856,-0.44435227,-0.96773463,-0.4477491,0.04646295,296.32724,299.45663,303.67444,294.74988,295.56516,296.0589,0.0,762490.5,2811621.8,0.09786605,0.38361827,0.7555673,293.8613,297.90541585286456,304.67758
2021-01-23,-2.6336908,-1.5806894,0.16214448,-1.5241699,-0.8462301,-0.11399801,295.04956,298.62106,302.8579,293.01047,294.118,295.20496,0.0,827713.0,2995356.5,0.164157,0.4261237,0.7079294,293.71375,299.38576253255206,307.2048
2021-01-24,-2.1627793,-1.2737268,0.19564007,-1.6733801,-0.90707654,-0.08941411,294.22,297.9256,302.44025,291.2318,292.6023,294.01123,0.0,795815.7,2700710.8,0.7238246,0.8050432,0.8735016,294.0411,299.83559163411456,308.3718
2021-01-25,-2.4883666,-1.3485576,-0.07569912,-1.4143372,-0.9004306,-0.49645332,293.63315,297.75125,302.5044,290.76352,292.20975,293.0017,0.0,903510.8,3015401.5,0.39378208,0.6462541,0.7727458,292.199,299.65769449869794,308.81888
2021-01-26,-2.4592109,-1.4842795,-0.26597774,-1.9600056,-1.1304737,-0.18986689,293.3888,297.4313,302.56442,290.0893,291.463,292.4242,0.0,890548.25,3044035.5,0.29813945,0.642581,0.9133911,291.92783,299.94482421875,309.70413
2021-01-27,-2.806071,-1.318504,0.39766353,-1.8480256,-1.2442508,-0.45432353,293.1359,297.1368,302.09772,289.1755,290.99362,292.02032,0.0,771617.3,2608034.2,0.24476196,0.697155,0.9665782,291.70593,300.6019287109375,310.91852
2021-01-28,-3.1879544,-1.5808573,0.37960577,-2.518899,-1.5682621,-0.74116933,293.62793,297.6888,302.3314,290.5717,291.9282,293.13324,0.0,686427.0,2348242.0,0.11510113,0.32680643,0.5695907,291.27258,300.4055989583333,311.0081
2021-01-29,-2.73369,-1.4238733,0.21885315,-2.7386642,-1.5333563,-0.7530897,295.07016,298.08627,302.04074,291.82034,292.90176,293.584,0.0,807469.0,2873260.0,0.33069012,0.6963473,0.90178174,290.68268,299.0689697265625,309.5106
2021-01-30,-2.7617679,-1.6318024,-0.21523522,-2.1505635,-1.3133392,-0.45554626,295.1444,298.6439,303.03625,291.4627,293.01443,293.6487,0.0,845955.2,2932059.2,0.25452808,0.3594993,0.51076525,290.63593,299.2867431640625,309.72067
2021-01-31,-3.0588698,-1.8587676,-0.6016836,-2.2769265,-1.5669112,-0.82964987,294.80255,298.50793,303.2643,291.95334,292.8845,293.63745,0.0,897751.8,3070992.8,0.20168813,0.32444587,0.553266,290.11136,298.9319254557292,309.30594
2021-02-01,-3.2005334,-1.8973242,-0.42203906,-2.8036668,-1.9954047,-1.1186343,294.64584,298.48196,303.3102,291.09998,292.35202,293.38992,0.0,857725.8,2975999.5,0.04559984,0.2540259,0.6948218,289.34525,298.2094116210937,308.3271
2021-02-02,-3.4058096,-1.9755634,-0.17424098,-2.844444,-1.8233395,-0.8823088,295.0298,298.58646,303.12067,290.50027,292.16776,293.12842,0.0,748912.44,2542241.0,0.19003241,0.34535405,0.5613411,289.76834,297.8357340494792,307.69144
2021-02-03,-3.4449995,-2.1675828,-0.7609131,-2.3581703,-1.5938929,-0.84214056,294.0696,298.19296,302.52655,291.35962,292.26654,293.6949,0.0,935438.3,3172719.0,0.58222,0.6820502,0.8391145,289.80585,299.2725830078125,309.4053
2021-02-04,-3.296957,-1.9520565,-0.40101463,-2.1674566,-1.466879,-0.5501145,293.26843,297.72952,302.74466,289.57697,290.79712,291.84326,0.0,958926.2,3288499.2,0.23910226,0.40975973,0.5258539,291.15094,300.5925699869792,311.12442
2021-02-05,-2.872687,-1.4758917,0.007746972,-2.34412,-1.4309889,-0.26818988,293.67154,297.87363,302.96936,289.864,291.19928,291.87296,0.0,962664.5,3294780.0,0.1814381,0.31507424,0.5323389,292.93033,301.1058349609375,311.12393
2021-02-06,-2.8119104,-1.3787422,0.36837184,-2.4295027,-1.6384214,-0.60638106,292.97992,297.80814,303.49725,288.7276,290.4375,291.67282,0.0,1009241.25,3437228.8,0.01823992,0.2720045,0.8070432,294.3909,300.84210205078125,309.58646
2021-02-07,-3.034049,-1.6051531,0.10014926,-3.1571052,-2.089172,-1.1654562,292.9347,297.65793,303.73688,284.83524,288.25415,290.62402,0.0,997532.5,3371381.2,0.003096489,0.0842545,0.21832944,294.01068,300.6974690755208,308.92783
2021-02-08,-3.7221594,-2.0764253,-0.29948273,-3.3132195,-2.001403,-0.95305777,293.49405,297.70233,303.24164,285.63715,289.06577,290.63608,0.0,942744.5,3310308.2,0.03477366,0.08917645,0.24746183,295.1128,301.39658610026044,309.63138
2021-02-09,-2.936154,-1.8491203,-0.39872754,-2.9081635,-1.9340097,-1.1200299,292.4054,297.2686,302.93634,287.7184,289.5089,291.0251,0.0,1000014.8,3431876.2,0.07946548,0.4322203,0.73621905,293.88043,301.0644124348958,309.40607
2021-02-10,-2.714648,-1.5703853,0.15150106,-2.2112067,-1.2555066,-0.4101243,291.93387,296.99716,302.8305,285.83914,288.2097,290.1257,0.0,1023717.8,3472112.2,0.009803628,0.27910557,0.6248657,292.06473,299.6528727213542,308.88812
2021-02-11,-3.02319,-1.578489,0.123048306,-2.1877115,-1.135948,-0.020259337,292.2531,296.99548,303.1348,286.25626,288.41812,289.9833,0.0,959861.5,3322124.5,0.26995713,0.5010693,0.89027065,291.97885,299.9991455078125,309.2952
2021-02-12,-2.816194,-1.3760506,0.28385252,-1.8050445,-1.0496936,-0.10784124,292.6706,297.37576,302.832,286.909,288.83414,290.04807,0.0,1012792.5,3469342.5,0.03355731,0.43849412,0.9167862,292.371,300.1097819010417,309.65164
2021-02-13,-2.429141,-1.1194631,0.5073315,-1.5616335,-0.81266934,0.18912756,293.2039,297.96335,303.7344,288.17786,289.8264,290.94247,0.0,996410.7,3421954.2,0.00016971942,0.10074335,0.277618,291.8245,300.4671223958333,310.51523
2021-02-14,-2.396283,-1.156624,0.20476031,-1.2325759,-0.4411153,0.6476418,293.95673,298.46722,303.53638,289.95917,291.4371,292.6485,0.0,989174.8,3409713.8,0.035904303,0.23297508,0.5196371,292.26663,300.5864664713542,310.5741
2021-02-15,-2.581575,-1.1652142,0.24394086,-1.3861585,-0.46192324,0.7203264,294.7493,299.204,304.53708,290.67175,292.4425,293.58093,0.0,841404.06,2856624.8,0.07627014,0.32667932,0.89828634,291.60556,300.6563313802083,310.47443
2021-02-16,-2.0947475,-1.2304106,-0.21430261,-0.7079572,-0.10563002,0.6588709,295.06693,298.958,303.64355,291.24576,292.60312,293.52036,0.0,911130.5,3258771.5,0.11615522,0.43988308,0.88544685,293.00748,300.55881754557294,310.36172
2021-02-17,-3.014759,-1.791097,-0.4514619,-1.2287003,-0.6421563,0.13512932,295.2288,298.9671,304.06955,290.54,292.20535,293.8334,0.0,731342.75,2601930.8,0.19423175,0.28453717,0.4069297,292.62473,300.6573079427083,310.33737
2021-02-18,-3.1867967,-1.9512228,-0.4226764,-1.4798627,-0.9295945,-0.19987765,295.52713,298.72607,303.16406,290.89355,292.39893,293.55167,0.0,828061.2,2887283.5,0.24054456,0.43285403,0.72703004,293.41733,301.7613932291667,310.70282
2021-02-19,-2.625803,-1.8193227,-0.31596106,-2.1174076,-1.4160751,-0.79735804,295.78586,299.0842,303.5672,291.38644,293.1002,294.21375,0.0,646830.8,2494195.5,0.24325167,0.43510985,0.74340785,295.07257,302.34743245442706,311.3599
2021-02-20,-2.804913,-1.7868952,-0.5978687,-2.852735,-1.7109996,-1.0165656,296.03317,298.5585,302.10507,293.19827,293.93063,294.4274,0.0,606895.6,2204895.0,0.39902076,0.59557706,0.880809,294.90247,302.1493733723958,311.52634
2021-02-21,-2.9819145,-1.6942867,-0.3583004,-1.8721731,-1.5149908,-1.2387844,295.7402,298.40543,301.88824,293.6098,294.23526,294.9835,0.0,768125.94,2715373.8,0.27713257,0.5092163,0.7921648,294.76822,301.90700276692706,311.26852
2021-02-22,-2.6360667,-1.5869392,-0.19771646,-2.6072114,-1.4806275,-0.8522724,295.74454,299.41357,303.95612,293.1905,294.18335,294.6575,0.0,928169.8,3257470.5,0.3328529,0.45600605,0.64733934,294.87842,302.3854573567708,311.054
2021-02-23,-3.0556264,-1.6476359,-0.05950202,-1.8647244,-1.0746262,-0.26746833,295.7169,299.75223,304.90942,291.10165,293.27444,294.45773,0.0,983271.0,3402591.2,0.43016204,0.6329617,0.8376392,295.33884,302.4652099609375,311.0053
2021-02-24,-2.6768034,-1.4395431,-0.04347831,-1.4494158,-0.5753647,0.15480943,294.9918,299.5972,304.93307,289.97473,292.28085,293.96982,0.0,1003526.8,3468809.0,0.12849455,0.33091512,0.62799937,294.64948,302.6298014322917,311.7164
2021-02-25,-2.0181627,-0.9231667,0.47740242,-0.83107996,-0.19499938,0.62430215,295.1299,299.86978,305.51352,289.65283,291.99774,293.47916,0.0,1019320.2,3460759.5,0.015413524,0.3288393,0.7205713,295.78375,302.8947347005208,311.339
2021-02-26,-2.0804205,-0.59133464,0.7018656,-1.0385227,0.10075229,1.0066494,295.1434,300.34546,306.40527,290.00305,291.95132,293.38486,0.0,1037875.44,3537418.0,0.07026197,0.114915766,0.18928793,296.51605,303.33428955078125,312.39645
2021-02-27,-2.4183571,-0.90964204,0.5005545,-0.28606397,0.34322146,0.9842559,294.86823,300.33804,306.69672,288.70447,291.48904,293.26648,0.0,1063469.5,3599706.2,0.014990581,0.06780241,0.18834707,295.61182,303.09930419921875,312.52292
2021-02-28,-3.1694608,-1.416843,0.24332224,-0.53323406,0.12636201,0.64517474,294.5155,299.77054,306.1085,286.8676,289.87283,292.08243,0.0,1045618.0,3577542.0,0.0023382623,0.07222479,0.2685262,295.35434,303.6439819335937,314.45505
2021-03-01,-2.9813287,-1.2458497,0.058925375,-0.48122334,0.34626675,1.0148973,295.0189,299.93494,306.02652,286.38354,290.3914,292.3419,0.0,1055581.1,3590777.5,0.0064706164,0.081978284,0.32411617,295.43655,304.5813395182292,315.10114
2021-03-02,-3.4410064,-1.5209252,0.17578737,-0.6918675,-0.13915911,0.4277732,294.4622,299.78372,306.0746,287.6291,290.32217,292.55942,0.0,1084284.1,3636224.2,0.0034877253,0.066064775,0.3265343,296.46014,304.3163248697917,314.0837
2021-03-03,-4.308218,-1.9005705,0.30412233,-0.8486084,-0.38815105,0.24437878,294.4631,299.46817,305.62842,285.84518,289.40585,291.20743,0.0,1053218.9,3588741.2,0.0011548043,0.027064165,0.18574324,295.90652,304.4601643880208,315.12073
2021-03-04,-3.2819364,-1.738907,-0.15173559,-0.95259553,-0.3918241,0.070861086,294.61545,299.2075,305.01212,287.76297,290.03537,291.47388,0.0,1063183.1,3568583.8,0.0047197603,0.08031083,0.30599907,297.03055,304.2132771809896,313.4891
2021-03-05,-3.1045647,-1.3560494,0.25972086,-1.1553329,-0.37050882,0.48556492,295.07816,299.85437,305.36887,288.16595,291.45035,293.1536,0.0,1054085.1,3544534.8,0.009459696,0.18195583,0.59286904,297.60867,305.1067301432292,313.8523
2021-03-06,-2.5193079,-1.0813278,0.17868373,-0.87723213,0.057086635,1.1482208,295.8623,300.70758,306.46902,289.46085,292.1414,293.40753,0.0,1060490.2,3589595.0,0.019790284,0.16990454,0.6492984,298.63104,304.8926595052083,313.2203
2021-03-07,-3.1813884,-1.5623614,0.28298548,-0.73999846,-0.19678032,0.5941922,296.64337,301.191,307.14615,287.62137,292.35428,294.40442,0.0,976710.5,3366951.8,0.0032997793,0.13076502,0.48272625,295.89548,303.10178629557294,311.56558
2021-03-08,-3.2272894,-1.8689436,-0.3017089,-1.0572954,-0.47768244,0.15561303,296.76047,300.9791,306.45917,290.9066,293.5438,295.01007,0.0,932213.2,3202625.0,0.083995596,0.20854914,0.52543104,295.46042,302.5254720052083,311.95377
2021-03-09,-3.4705322,-2.1312044,-0.6888931,-1.2596657,-0.45439288,0.46668413,297.04822,300.864,306.08704,291.10483,293.80197,295.13303,0.0,892448.25,3248880.2,0.08085273,0.24030466,0.48812145,295.3763,302.9607340494792,312.433
2021-03-10,-3.2452066,-1.8807459,-0.1863982,-1.3736894,-0.0872738,1.1096125,296.84445,300.75903,306.2797,292.79645,294.4023,295.32468,0.0,918658.75,3288411.0,0.23056602,0.47271994,0.8601064,296.57382,303.0280354817708,311.72354
2021-03-11,-2.86113,-1.5171942,-0.15856877,-0.3085957,0.3614787,0.99353224,296.05038,300.68637,306.0822,291.42694,293.49713,295.1216,0.0,1031105.2,3523582.5,0.2435132,0.46194014,0.8606266,296.9509,302.846435546875,310.52274
2021-03-12,-3.4273777,-1.8911763,-0.105857804,-0.48976073,-0.03755324,0.28824097,295.46698,300.38528,306.23926,288.58377,291.60025,294.26688,0.0,1008369.25,3370992.8,0.033186503,0.2546729,0.60820144,297.43173,303.44004313151044,311.30353
2021-03-13,-3.2128968,-1.82134,-0.07818775,-0.9013537,-0.5207893,0.0019439697,295.91064,300.55344,305.89944,290.06317,291.94495,293.3019,0.0,1053240.6,3549250.2,0.048381392,0.16443174,0.43927592,298.2066,303.2293294270833,311.05157
2021-03-14,-3.7273755,-1.8610625,0.028462019,-1.1972511,-0.41463605,0.34562224,295.7526,300.89172,306.8395,289.32928,291.4888,293.8028,0.0,1083231.9,3633329.0,0.019371409,0.08421471,0.19442232,298.0385,303.1449788411458,310.80173
2021-03-15,-3.4549255,-1.6933126,0.08732656,-0.88801616,-0.29161644,0.41378757,295.8902,301.05127,307.1477,288.04578,290.5471,292.48602,0.0,1073854.0,3647047.0,0.0055098617,0.054725688,0.261706,298.07727,303.027099609375,311.09805
2021-03-16,-3.5101535,-1.4858853,0.34934396,-0.63837904,-0.22138786,0.47852242,295.73456,301.06735,306.86258,288.89502,291.4856,292.92575,0.0,1071781.9,3643511.8,0.06418293,0.33356377,0.63775337,297.7951,302.5605875651042,310.7209
2021-03-17,-3.2515903,-1.5180069,0.35113898,-0.70883423,0.009503868,0.5705372,296.256,300.87634,306.5962,288.92468,291.81522,293.741,0.0,1056089.6,3527640.2,0.009809647,0.49287954,0.82690585,297.61978,303.4638264973958,311.59702
2021-03-18,-3.1692502,-1.604427,-0.0492429,-0.89642835,-0.3123684,0.25197428,295.86475,300.88123,306.54657,288.8677,291.15353,294.00836,0.0,1049414.1,3551215.0,0.6283326,0.8214741,0.98238015,297.75897,304.1836344401042,312.10416
2021-03-19,-3.1577678,-1.3785046,0.33940822,-0.6220906,0.21916564,1.0194598,296.1695,300.83145,306.32468,288.87054,291.4804,293.0863,0.0,1002330.75,3463099.0,0.26199922,0.50562304,0.81193054,297.59372,303.9010823567708,312.2127
2021-03-20,-2.598531,-1.0724311,0.44204623,-0.278179,0.5702689,0.89118695,296.81476,301.22604,306.69028,290.28497,292.6162,294.08392,0.0,1017738.8,3502141.8,0.20382716,0.47025704,0.75908077,297.3286,304.48492431640625,312.95676
2021-03-21,-2.6984043,-1.0865821,0.5647993,-0.49944308,0.27598792,1.0467614,297.23013,301.7179,307.4836,290.18967,292.86395,294.69995,0.0,1032456.0,3520896.0,0.096422926,0.23298395,0.43789288,298.25317,304.6553955078125,313.41177
2021-03-22,-3.1852689,-1.508659,0.2728201,-0.7248678,0.015954988,0.7838213,297.2277,301.64383,307.21866,289.87842,292.9545,295.01028,0.0,1061965.1,3592153.5,0.044946484,0.29108974,0.5119308,298.58646,304.7290852864583,313.7094
2021-03-23,-3.6305914,-1.8606586,-0.30484426,-0.77553934,-0.11743879,0.41532135,297.22824,301.8315,307.40823,290.56644,293.3871,295.16046,0.0,1028680.94,3537344.0,0.08044581,0.2628269,0.64532024,298.4347,304.8460693359375,313.15472
2021-03-24,-3.6272311,-1.7703787,-0.2150337,-1.0240747,-0.3919866,0.1625432,298.06528,302.1191,307.69318,290.84537,293.47504,295.0914,0.0,991500.06,3428608.0,0.24762961,0.47641206,0.8648062,298.67947,305.03662109375,313.72427
2021-03-25,-4.101817,-1.7554617,0.014776951,-0.67549694,0.0013306439,0.721493,297.62894,302.06305,307.60632,290.95892,293.2489,295.22195,0.0,1007293.56,3550310.5,0.56014466,0.7572177,0.9579239,299.43512,305.0041910807292,313.35126
2021-03-26,-3.1340957,-1.8143462,-0.42589617,-0.7319017,0.022093413,0.6321439,297.84558,302.3748,307.66364,291.02008,293.53647,295.05887,0.0,968147.75,3229690.2,0.28292373,0.4792967,0.7867607,299.3178,304.8450520833333,312.86008
2021-03-27,-3.2024176,-1.3810282,0.2830745,-0.24046054,0.64102775,1.2627327,298.28796,302.24594,307.49698,292.06467,294.37625,295.67093,0.0,969274.56,3329884.0,0.72345126,0.8125048,0.89693075,299.24783,304.83319091796875,312.82886
2021-03-28,-2.6444607,-0.7212291,0.54428107,0.31770283,1.1427451,1.9979177,298.72968,302.52185,307.90118,292.60394,294.67596,296.09793,0.0,1016186.25,3396658.5,0.36770794,0.7229088,0.9207916,298.98865,304.9256998697917,313.12805
2021-03-29,-2.3562074,-0.31948522,1.492239,0.7986234,1.6302853,2.6867778,298.16638,302.61948,308.02008,292.21057,294.24384,295.76288,0.0,1086518.6,3570188.0,0.15592551,0.29663345,0.44602644,298.879,305.33990478515625,313.8477
2021-03-30,-1.3749506,0.5198992,2.0932853,-0.6609323,0.8320249,2.107189,298.69144,303.49106,309.8201,289.72113,293.0332,295.16968,0.0,1087439.1,3621734.0,0.22481538,0.45415416,0.724468,298.8924,302.52866617838544,306.70795
2021-03-31,-0.5246301,0.8567359,1.6566519,0.7407108,1.6280583,2.8193972,299.45798,304.19626,310.33325,291.09717,294.4246,296.63275,0.0,979224.2,3417168.2,0.060378823,0.16329786,0.25427285,299.68866,302.871337890625,306.56403
2021-04-01,0.07498188,1.3236202,2.0567806,-0.46830055,1.222318,2.944339,298.95688,304.12213,310.1717,292.437,294.89465,296.7322,0.0,1096728.4,3686760.2,0.07913723,0.17903973,0.33634004,299.6247,304.3262125651042,311.40924
2021-04-02,-0.36528817,1.0112363,2.1193054,-0.53889835,1.0292121,2.5589416,299.66818,304.2897,310.61926,290.65457,293.4673,295.48447,0.0,975908.8,3295334.5,0.15422562,0.20622273,0.26434454,299.4114,304.3861694335937,312.00677
2021-04-03,0.072357304,1.2070092,2.418924,0.1991642,1.1981863,2.3206286,299.33582,304.06726,310.04047,291.46088,294.37204,295.7489,0.0,969183.5,3246856.5,0.08953123,0.26015648,0.38967976,298.94092,303.8910725911458,311.31165
2021-04-04,-1.2388217,0.13754164,1.5204854,-1.1989836,0.14592205,1.6854686,299.18387,303.84198,309.63577,292.55508,294.38412,296.10934,0.0,979574.44,3346086.5,0.10975708,0.2931799,0.46581337,298.81125,304.1039428710937,311.98584
2021-04-05,-3.26872,-1.5438203,0.10576853,-1.0076869,-0.19057764,0.39637575,299.75833,303.39053,308.79706,293.48502,295.33374,296.8819,0.0,1022276.3,3483988.2,0.0652405,0.2137237,0.43452322,298.87878,304.6479899088542,312.11234
2021-04-06,-3.4157267,-1.8116112,-0.4633801,0.0056682797,0.2578042,0.7644868,298.13834,302.70764,307.9732,291.64676,294.104,296.85257,0.0,1093107.1,3656663.8,0.012791435,0.20061576,0.51441336,299.36203,304.5120849609375,312.0235
2021-04-07,-2.823543,-1.2447504,0.80301327,0.060534965,0.8337059,1.6006906,297.41696,302.5685,308.62158,289.76584,292.70126,295.0536,0.0,1083543.1,3648218.0,0.079924114,0.2869398,0.55399317,299.08777,303.9602864583333,310.97903
2021-04-08,-1.8627764,-0.436969,0.9072306,0.23447172,1.1647614,1.8690704,298.02325,302.64627,308.38593,290.24826,293.13696,295.00873,0.0,1057538.6,3510177.0,0.30171764,0.55170006,0.84407103,298.96646,304.39959716796875,311.47263
2021-04-09,-2.841999,-1.3021291,0.061652977,0.23784608,0.86285704,1.5100065,298.06345,302.64944,308.27087,290.3351,293.40994,295.45804,0.0,966711.0,3266178.2,0.072991386,0.37529466,0.81535184,299.26984,304.6889038085937,312.10965
2021-04-10,-2.8635576,-1.575679,-0.36045626,0.039260577,0.7679047,1.3480161,298.3898,302.41833,307.67212,291.7013,294.21365,295.5542,0.0,934326.3,3089027.5,0.05526885,0.18870704,0.3241211,299.21194,304.3750813802083,312.5344
2021-04-11,-2.678945,-1.4323778,-0.29279485,0.09683624,0.59759575,1.09583,298.90317,302.10364,307.0916,292.4835,294.87558,296.077,0.0,824502.8,2939454.5,0.25503,0.37056312,0.65837127,299.1239,305.2681070963542,313.49072
2021-04-12,-2.7495358,-1.1968962,-0.39390972,0.21276097,0.57309246,1.1695126,298.2543,301.3737,305.8524,294.1507,295.62656,296.22214,0.0,825734.06,2920661.8,0.5725624,0.80239075,0.96495163,299.6714,305.1228434244792,313.7097
2021-04-13,-2.4463785,-1.1318641,-0.10999615,0.23079495,0.94656056,1.5420824,298.66434,301.81143,306.38757,294.24628,295.64206,296.43246,0.0,816071.75,2848353.0,0.7997395,0.92735595,0.9926123,299.04532,304.5980631510417,313.6992
2021-04-14,-1.6631571,-0.53588533,0.8755815,0.21918996,1.0293328,1.5304947,297.40997,301.074,305.7896,294.65427,295.75418,296.437,0.0,767772.3,2748920.2,0.70626885,0.8922308,0.98174167,297.57773,302.79638671875,310.31863
2021-04-15,-0.7108079,0.14649747,0.9983769,-0.37808308,0.17269723,0.8770933,297.57086,300.23276,304.75092,294.81085,295.55765,296.1317,0.0,892500.7,3096977.8,0.798262,0.9213031,0.98910445,297.4595,300.34682210286456,305.8636
2021-04-16,-0.5647996,0.29584196,1.0459887,-0.0009551048,0.8022919,1.8900163,298.33484,301.80252,306.8316,295.13037,295.87607,296.64822,0.0,947644.5,3222719.0,0.57332855,0.7923775,0.96998835,297.49176,302.1076253255208,308.42703
2021-04-17,-0.9134781,0.101376794,1.0821323,0.3798065,1.0737003,1.9795123,299.23944,303.01926,307.69626,294.6576,295.88736,297.04184,0.0,949465.8,3200452.0,0.52191204,0.67570347,0.7741261,297.97037,304.2902425130208,311.9494
2021-04-18,-0.5862738,0.532684,1.4767497,0.7442191,1.4073821,2.2871053,299.04834,302.982,307.72867,294.2753,295.8173,297.1909,0.0,985299.8,3274151.0,0.3279054,0.6981807,0.9825359,298.27347,304.2142333984375,311.84195
2021-04-19,-0.6776498,0.6556086,1.7334148,0.33544302,1.1424292,2.166385,299.16666,303.59683,308.8674,293.50943,295.38977,296.39774,0.0,948337.25,3238789.8,0.29216528,0.51971024,0.87863326,298.6181,304.37758382161456,312.5539
2021-04-20,-0.91838515,0.48795077,1.6237701,-0.110407636,0.9018078,1.7532796,299.3537,302.71255,307.15945,294.11185,295.65613,296.57144,0.0,1003707.2,3349281.0,0.5357853,0.76395434,0.93483716,298.5653,303.6177978515625,311.44446
2021-04-21,-1.9342198,-0.04244293,0.99384487,0.33647996,1.1882945,2.2446733,299.47028,303.40863,308.62408,292.5781,295.4072,296.6109,0.0,1003588.0,3308756.5,0.36332712,0.5775881,0.6999839,297.89493,301.6131184895833,309.32718
2021-04-22,-1.6311473,-0.14351285,0.9861916,0.39372295,1.1350502,2.2798815,299.65,303.3516,307.8835,293.1652,295.41013,296.7364,0.0,970435.75,3257333.2,0.32690307,0.666506,0.84500015,297.50635,302.0078938802083,309.01617
2021-04-23,-0.4540162,0.34724435,0.95751375,-0.022981293,0.50548154,1.4151403,299.30057,303.1659,308.39728,293.02673,295.6015,296.62924,0.0,919593.56,3049211.8,0.6643954,0.77276427,0.8977493,297.30676,302.12872314453125,309.0156
2021-04-24,-1.5184938,-0.41375887,0.69113314,-0.029695425,0.5548131,1.0165434,299.20953,302.6429,307.58395,294.40546,295.84695,296.7139,0.0,954936.44,3126367.8,0.50472736,0.6493821,0.80016655,296.64,302.8850911458333,311.30368
2021-04-25,-1.8634747,-0.812201,0.026802937,0.36942413,1.134462,1.7824736,299.8883,303.23376,307.65155,294.46628,296.03452,297.18225,0.0,962709.0,3174078.2,0.48975736,0.6036373,0.8075704,296.18228,302.0055338541667,311.067
2021-04-26,-1.4934672,-0.4965496,0.38780746,0.53062826,1.2676386,2.202509,299.8644,303.48544,308.01068,293.3607,295.68106,297.1236,0.0,978652.8,3226244.5,0.2534072,0.50764084,0.68840885,295.53473,300.83506266276044,308.312
2021-04-27,-1.4590341,-0.19536102,0.7240382,0.31067765,0.97556144,1.7731239,299.33667,303.4445,308.12024,293.3423,295.4412,297.3669,0.0,1013912.56,3356370.2,0.16554603,0.3895364,0.67698723,294.31848,301.9973958333333,310.7629
2021-04-28,-1.706101,-0.19008248,1.143612,0.40265355,0.99712795,1.8559574,299.8688,303.99606,309.15656,292.5813,295.32367,297.10107,0.0,970232.94,3236032.0,0.11475694,0.22866963,0.45300737,293.79535,302.9014485677083,311.75616
2021-04-29,-1.8086969,-0.2931725,0.8934706,-0.07547167,0.75652146,1.9772094,300.05026,304.04526,308.8535,292.304,295.54538,297.48676,0.0,939448.0,3089241.5,0.3492432,0.55634123,0.7303941,296.5194,303.217041015625,311.74036
2021-04-30,-2.4583814,-1.2847834,-0.073712006,-0.27797592,0.574027,1.371291,299.7215,303.43045,308.3091,294.38535,296.08633,297.075,0.0,919341.0,3039980.5,0.38119107,0.5185899,0.67714745,296.3158,303.7721761067708,312.6232
2021-05-01,-2.8653948,-1.4810644,-0.2493729,0.11634787,0.9218826,1.7041765,299.53857,302.8342,307.76862,293.5644,295.8635,297.10434,0.0,889702.2,2923059.8,0.3294284,0.64370304,0.89365995,297.17197,303.8617757161458,313.09845
2021-05-02,-2.6265857,-1.4163059,-0.105478205,0.23230283,0.7311211,1.1935046,299.32974,302.9676,307.18582,294.47595,295.96732,296.8869,0.0,814439.5,2785679.0,0.6775684,0.79357505,0.9310452,297.67853,304.38193766276044,312.64783
2021-05-03,-2.05702,-1.1107718,-0.0023949915,0.24797346,1.0130438,1.6198133,299.17828,302.43887,306.28683,294.791,296.2788,296.9401,0.0,852660.8,2866219.5,0.6522504,0.8358698,0.9475545,298.7754,305.4994099934896,313.70068
2021-05-04,-1.5767819,-0.6009677,0.39330962,0.30536336,1.1649946,1.9412798,298.82336,302.29626,307.13293,294.8414,296.2615,296.86874,0.0,985843.3,3173432.2,0.80572605,0.92450315,0.98626363,299.40277,305.1460774739583,313.42764
2021-05-05,-2.8590536,-1.3140529,0.09722946,-0.11028235,0.9096883,1.8725485,299.316,303.01337,307.93607,293.5223,295.69614,296.89688,0.0,928616.7,3022385.8,0.48109087,0.7708748,0.9601434,299.12268,303.740966796875,311.58365
2021-05-06,-2.468453,-1.3271396,-0.1725022,0.26888493,1.0827855,1.62044,299.2612,303.06006,307.92007,294.04788,296.2853,297.15613,0.0,840955.06,2940447.0,0.28657088,0.47154918,0.7880115,297.86823,302.02939860026044,309.6801
2021-05-07,-2.7425337,-1.2892423,-0.03231468,-0.07508714,0.67194825,1.4207137,298.88773,302.29846,306.84274,294.9818,296.31238,296.9443,0.0,907663.7,3040422.0,0.47966877,0.6949088,0.90769416,297.76535,302.7873942057292,310.24445
2021-05-08,-3.1148944,-1.6618086,-0.1910333,-0.35845047,0.3926178,1.1307918,299.322,302.67435,306.9789,294.8691,296.2158,296.85895,0.0,878732.0,2901705.5,0.25466254,0.5206535,0.8971878,297.6545,303.9773763020833,311.90442
2021-05-09,-1.8632497,-0.8906556,0.19997525,0.3941118,1.1426672,1.8579234,299.76498,302.83,307.37537,294.2433,296.38425,297.23923,0.0,827203.75,2937139.5,0.36828902,0.6309025,0.9200377,296.35495,303.2595621744792,311.492
2021-05-10,-1.5640342,-0.24204373,0.7317009,0.63229954,1.5469874,2.3062065,299.79388,303.10538,307.6805,295.23248,296.7174,297.28583,0.0,949638.7,3049713.0,0.58469313,0.7881117,0.95809335,296.06262,302.5765787760417,310.4453
2021-05-11,-0.49103606,0.5988738,1.1780543,0.6387155,1.8058742,2.8857436,300.3337,303.81332,308.59515,295.52875,296.5447,297.1425,0.0,868898.8,2873899.5,0.48658344,0.7572779,0.9928111,295.9861,302.3942464192708,310.1406
2021-05-12,-0.45879662,0.55026525,1.2098299,0.4309488,1.3758303,2.29833,299.95578,303.26328,308.39157,295.74112,296.84186,297.52982,0.0,825312.3,2930238.0,0.9615619,0.97721463,0.9966385,295.63947,301.8292236328125,310.79114
2021-05-13,-0.49095654,0.698658,1.4206783,0.45885095,1.3168685,2.543098,299.31808,302.67126,307.10788,295.438,296.41248,296.95795,0.0,795276.56,2643945.8,0.95743346,0.9780621,0.99223787,295.7697,300.91697184244794,309.28113
2021-05-14,0.47003964,1.0917076,1.6436884,0.8912129,2.4802454,3.2868075,298.84695,302.31485,306.77136,294.8963,295.68127,296.29706,0.0,478051.25,1679036.8,0.94749576,0.9863598,0.99951106,295.4072,299.1368815104167,306.37308
2021-05-15,0.35258245,0.7891317,1.334167,1.7525883,2.5836008,3.6710944,298.4899,300.47812,302.8542,295.50598,296.28162,296.96542,0.0,694699.0,2364077.8,0.8639733,0.97017044,0.9970635,295.3885,298.46832275390625,304.15042
2021-05-16,0.78320736,1.3960086,2.2937198,0.9526986,1.7739247,2.6110907,298.629,301.42123,305.08536,295.57928,295.9955,296.54037,0.0,959377.56,3043515.0,0.2570252,0.61523104,0.9398049,295.45755,300.1429036458333,307.35574
2021-05-17,0.6255151,0.9472747,1.2432083,0.94940203,1.5000625,1.8978106,299.33777,302.8171,307.60452,295.64325,296.2324,296.99588,0.0,959474.25,3187161.5,0.17419162,0.28492528,0.36748898,295.5186,300.5586751302083,307.51627
2021-05-18,0.5882046,1.0974712,1.5792189,0.9386526,1.6407815,2.2422664,299.8319,303.4019,308.25558,295.15875,296.21204,296.88937,0.0,936127.8,3151201.0,0.10946359,0.31162733,0.45734107,295.5871,300.8284098307292,308.4331
2021-05-19,0.8171529,1.3394257,1.79496,0.5065628,1.4956776,2.6182196,299.09888,302.64038,307.89142,295.4085,296.19766,296.8258,0.0,786431.3,2844777.2,0.2218068,0.48576203,0.726739,295.3974,301.1341756184896,309.02127
2021-05-20,1.202261,1.7331048,2.328073,0.5955878,1.1150662,1.8258821,298.6269,301.7628,306.8137,295.44293,296.1604,296.76553,0.0,546639.56,2412223.0,0.54370886,0.84564894,0.9994083,295.3709,301.57741292317706,310.00815
2021-05-21,1.2273439,1.958557,2.7409637,0.7501944,1.2299571,2.299579,298.82672,300.78433,304.48315,296.04294,296.3877,296.7046,0.0,628293.8,2129285.5,0.93955237,0.9881839,0.9998773,295.67618,302.0647379557292,310.3692
2021-05-22,1.3801621,2.1981204,2.7945416,0.56492907,1.0901061,1.8121772,298.99896,301.86804,305.6589,295.9549,296.45383,296.99185,0.0,599231.6,1938015.6,0.9168518,0.9795416,0.99976826,295.6994,302.9870198567708,311.32254
2021-05-23,1.2057478,2.2104318,3.0130384,0.16739084,0.88062173,1.7438651,299.6355,302.47385,305.60904,295.79758,296.51025,297.33267,0.0,858459.0,3078081.5,0.9792806,0.99428946,0.9994512,296.66925,303.25732421875,311.56787
2021-05-24,2.1145954,3.0734892,4.184921,-0.7721088,0.38950792,1.3896965,300.0513,303.5707,308.24606,293.7613,295.4314,296.29233,0.0,821762.5,2812299.0,0.8849682,0.9799695,1.0,297.09464,303.183837890625,312.38214
2021-05-25,2.4084306,3.2599304,4.0271997,0.8196732,1.4782314,2.2437139,298.6082,302.4882,307.47083,294.23862,295.59958,296.47903,0.0,714782.8,2556048.0,0.99239874,0.99907607,1.0,296.00748,302.16552734375,310.44363
2021-05-26,2.9810147,3.7694495,4.8660808,0.8126739,1.2616168,1.7663795,298.6675,301.78116,306.14847,294.75894,295.36404,295.95352,0.0,979232.5,3051862.5,0.6312774,0.9221666,0.9896537,295.3129,302.1690673828125,310.8633
2021-05-27,2.3938456,3.6294613,5.098197,-0.87825614,-0.0010427932,0.9084475,299.34634,303.11115,307.83118,292.83093,293.78812,295.0821,0.0,1030977.0,3437100.5,0.08786464,0.30603594,0.62167275,295.064,301.7968343098958,309.47604
2021-05-28,1.4325168,2.5429153,3.856109,-0.9188564,0.3216801,1.4641784,299.55194,303.60873,308.70508,291.13593,293.56668,295.04398,0.0,912152.75,3039397.0,0.41924334,0.5684127,0.7797374,296.39572,301.0517985026042,307.0946
2021-05-29,1.6296989,2.6201956,3.5367594,-0.62660986,0.5527814,1.5725768,299.54684,303.3638,308.2884,293.22256,294.56497,295.21204,0.0,969376.56,3316482.2,0.26837838,0.5302117,0.7168147,297.40018,302.9228108723958,310.57565
2021-05-30,1.861478,2.5562313,3.5223105,-0.75703436,0.26728904,1.3677567,299.41672,303.63455,308.9897,293.2514,294.4731,295.2974,0.0,985846.06,3310997.8,0.26440656,0.45060053,0.5392217,297.69626,304.13185628255206,311.6695
2021-05-31,2.0233178,2.611716,3.3206666,-0.28403762,0.6398576,1.6779206,299.45715,303.52783,308.73068,292.97327,294.62918,295.54382,0.0,927562.75,3077981.2,0.29518488,0.5456026,0.7637324,298.6215,304.6291097005208,312.61746
2021-06-01,1.3437654,2.1109369,3.2385798,-0.18434525,0.6249814,1.4635736,299.96338,303.59113,308.53055,293.99527,295.07617,295.87183,0.0,937465.7,3114419.2,0.3287988,0.5668048,0.8111155,297.2575,303.3371175130208,311.63434
2021-06-02,0.086108014,1.029204,1.9294674,-0.5629854,0.55516076,1.6083941,299.6953,303.5792,308.69794,294.87228,295.71075,296.74152,0.0,895248.25,2903213.8,0.26737216,0.43111444,0.805285,297.37335,303.1798502604167,310.9812
2021-06-03,-0.75436115,0.4752003,1.1673875,-0.16641061,0.5837421,1.6634942,299.08047,303.00107,307.80795,295.39444,296.5793,297.4785,0.0,788619.0,2717166.2,0.65934646,0.87509274,0.9843045,297.99554,303.3334350585937,311.1281
2021-06-04,0.16505496,0.8182888,1.2995328,-0.21804123,0.37077704,1.4713765,298.3013,301.4688,306.3341,295.2544,296.4987,297.01498,0.0,654539.75,2286416.8,0.7747506,0.9204421,0.9755369,297.35562,303.2391764322917,311.47015
2021-06-05,0.63004714,1.0943465,1.5739416,0.099385366,0.9391413,1.8735292,297.69632,300.40002,304.5998,295.73856,296.27164,296.7034,0.0,759452.3,2605337.0,0.9424435,0.9715802,0.98914725,297.27393,303.44167073567706,311.48608
2021-06-06,0.6636506,1.409259,2.0529048,0.03111634,1.039291,2.0371745,298.32574,302.07285,306.49167,294.9461,295.71738,296.46368,0.0,958539.06,3167467.8,0.7969581,0.9191968,0.99431777,298.31165,304.144775390625,311.97253
2021-06-07,0.82556087,1.5305675,2.114061,-0.061870586,0.9955702,2.0144053,299.69437,303.1627,307.51566,294.87943,295.99878,296.4788,0.0,911014.0,3048551.8,0.34382942,0.6064208,0.8989497,297.79083,303.663330078125,311.8371
2021-06-08,1.1442212,1.8737545,2.3137505,-0.050511826,0.8850941,1.7877101,298.87585,302.60928,307.14307,293.73404,295.37598,296.35187,0.0,938307.5,3031106.2,0.48883218,0.69187164,0.9336427,297.54706,303.9213460286458,312.13382
2021-06-09,2.162076,2.8602135,3.469285,-0.028874515,0.58229506,1.4594041,299.2689,302.8529,307.84427,293.36377,294.58508,295.1986,0.0,877188.75,2968258.5,0.38699374,0.76634693,0.99535054,295.8641,301.5131022135417,308.4569
2021-06-10,2.179604,3.1449196,3.8600314,-0.17402776,0.3870286,1.1755095,299.37317,303.07196,307.60077,293.56805,294.47192,295.0159,0.0,821025.8,3011813.0,0.7533057,0.8782261,0.9747857,293.85123,297.345703125,303.28275
2021-06-11,2.376444,3.4129362,4.429424,0.19340922,0.65222424,1.3391417,299.1855,302.8385,307.22385,292.56808,293.6378,294.4376,0.0,763615.0,2652546.2,0.9002572,0.9596688,0.9943444,294.1843,298.8677571614583,304.68265
2021-06-12,2.5058618,3.7015417,4.9059076,0.3977929,0.7971599,1.4664122,298.86465,302.0211,307.07996,293.90854,294.97733,296.04596,0.0,490628.22,1980276.6,0.54235137,0.84363127,0.9999049,295.09128,299.18849690755206,305.35632
2021-06-13,2.707824,3.899847,5.2103863,0.32977015,1.0212597,1.6964946,298.73138,301.43335,305.0665,294.5658,295.1554,295.618,0.0,476469.0,1800160.4,0.95641583,0.98137873,0.9973315,295.89645,299.9032185872396,305.67105
2021-06-14,2.812046,3.9321392,5.574498,0.67314166,1.1779643,1.7606072,298.53394,300.9094,304.11145,294.2204,294.61136,295.20938,0.0,725019.0,2488470.8,0.98205924,0.9958341,0.9998903,295.89923,300.04062906901044,305.9721
2021-06-15,2.6502204,3.789835,5.6184263,1.1742047,1.4953641,1.950137,298.9785,302.09967,306.0126,294.44067,294.87308,295.27612,0.0,812505.8,2705883.5,0.6767579,0.8942568,0.9941686,295.89563,300.17071533203125,306.65286
2021-06-16,2.6703963,4.0980206,5.787793,0.73632973,1.0986243,1.6013259,299.50247,302.2819,306.2118,293.95175,294.73062,295.3239,0.0,812696.3,2677935.2,0.67120326,0.84239024,0.9755178,295.73392,300.23842366536456,305.9519
2021-06-17,2.6018634,3.7333992,5.2964244,0.7362001,1.1081508,1.5866187,298.95572,302.4492,306.58328,293.5591,294.48996,295.12076,0.0,796503.7,2568131.0,0.8839039,0.9616831,0.9916899,295.571,301.1729736328125,308.33264
2021-06-18,2.5422864,3.4219334,4.6539664,0.2514083,0.97501284,1.4008435,299.01166,302.42288,306.46136,293.23383,293.999,294.93442,0.0,883990.44,2977556.0,0.98305714,0.99525386,1.0,295.2885,298.6435546875,304.50797
2021-06-19,2.3011012,3.2216136,4.3466153,-0.041075747,0.6229839,1.17131,298.8178,302.66537,307.52365,293.0495,293.97092,294.5063,0.0,863508.5,2954829.2,0.82886344,0.9504983,0.99545085,295.0654,300.8876546223958,308.18423
2021-06-20,1.8503613,2.8511856,4.0523767,-0.24949053,0.23441052,0.91017574,298.79648,303.111,307.60724,292.4382,294.1976,294.84454,0.0,929867.7,3058400.8,0.17442757,0.52460366,0.9876356,295.07727,301.0037841796875,308.97833
2021-06-21,1.7574339,2.5080464,3.5551639,-0.59358793,0.29552886,1.2211086,298.97238,303.1423,308.1861,293.18445,294.6301,295.43256,0.0,853374.25,2968409.2,0.34615934,0.55970246,0.92557704,294.55603,299.4817708333333,306.9938
2021-06-22,0.8860984,1.6901736,2.5019717,-0.73306394,0.5034239,1.7198558,298.83917,302.52792,306.62326,293.27502,294.67874,295.46906,0.0,827160.7,2915445.5,0.9294253,0.98765916,0.99979264,294.3356,298.1068929036458,305.6573
2021-06-23,0.98328114,1.730236,2.3121758,-0.081771016,0.9703247,1.9956753,298.15793,302.05814,307.63834,294.021,295.24936,296.181,0.0,815281.7,2726419.2,0.90609676,0.9634929,0.98882735,294.6256,299.31640625,306.3136
2021-06-24,1.6474613,2.412282,3.0065804,-0.51570994,0.3758249,1.5077382,298.65155,301.91498,306.3287,293.61896,294.5352,295.6237,0.0,972175.7,3282394.2,0.8370548,0.95194626,0.99517685,295.8687,300.24253336588544,306.43896
2021-06-25,1.7664043,2.701071,3.526875,-0.6734749,0.3264887,1.5663638,298.64093,302.9141,308.09973,292.0155,293.46176,294.23138,0.0,831927.2,3012107.5,0.36782047,0.6107232,0.7991667,295.6815,300.9787190755208,308.9403
2021-06-26,2.0704236,2.9320087,3.938299,-0.20588754,0.13515522,0.9434613,298.76303,302.19614,306.82062,293.1349,294.0294,294.8431,0.0,507717.0,1809357.4,0.62990075,0.83199304,0.98292863,295.47806,300.1285807291667,306.92126
2021-06-27,1.0344783,2.0676363,3.120007,-1.0832533,0.15021865,1.5030073,298.40396,301.4283,305.22275,293.7067,294.58646,295.32373,0.0,798788.0,2725309.8,0.77369535,0.9224985,0.9948725,295.2369,300.9703369140625,308.96075
2021-06-28,0.31807458,0.9822054,1.5380887,0.005050455,0.79366666,1.4816896,298.71448,301.9467,305.8841,293.8264,294.9324,295.64883,0.0,912228.3,2881886.5,0.27983654,0.59725446,0.83341974,294.96234,301.3280029296875,309.72104
2021-06-29,-0.17077753,0.42432883,1.1259291,0.741657,1.631183,2.5847223,298.49463,302.60522,307.10168,293.55234,295.534,296.74936,0.0,893810.5,2908149.0,0.5571296,0.78015786,0.97470033,294.76617,301.25539143880206,309.95724
2021-06-30,0.46870393,1.1269294,1.7935822,0.37474278,1.193781,2.1406472,299.31607,303.3302,308.19354,294.79437,296.03268,297.14374,0.0,840586.06,2762232.5,0.5804427,0.8240594,0.9620273,295.03204,301.2482503255208,309.3872
2021-07-01,0.8428593,1.4630681,2.34831,0.40905228,1.2462602,2.0666232,297.8673,301.66403,306.6351,295.85538,296.30984,297.0249,0.0,830164.2,2833731.5,0.5530597,0.760694,0.9562539,294.85132,301.5350748697917,309.08078
2021-07-02,0.8139941,1.5922416,2.4770153,0.027150083,0.65770274,1.5928229,298.54294,301.91843,306.59146,295.61902,296.0347,296.3248,0.0,821143.7,2845175.8,0.6549252,0.8066373,0.9695961,294.85242,301.2439371744792,309.00583
2021-07-03,0.79717356,1.301117,1.6156671,-0.16902456,0.44822025,0.987168,298.85516,301.97253,306.3232,295.09094,296.26877,296.96832,0.0,839473.0,2755067.5,0.37641388,0.7378907,0.9233176,294.4442,301.23716227213544,309.33536
2021-07-04,0.34187344,1.2454685,1.8344874,-0.5982843,0.13990514,1.186501,297.39905,301.2312,306.67352,295.764,296.28427,296.95035,0.0,939050.0,3161136.2,0.63058054,0.7892739,0.89288604,294.80264,301.6835327148437,309.7199
2021-07-05,0.16872457,1.1544647,1.9531351,-1.0656902,0.05438881,1.2560143,298.0635,301.96967,306.53198,295.33063,296.25253,296.9968,0.0,926424.25,2991941.0,0.43555158,0.7999335,0.95139515,295.7449,301.47511800130206,308.64273
2021-07-06,-0.49245623,0.8487451,1.7395918,-0.42379883,0.7815688,1.9630078,299.06195,302.31223,306.94415,295.9764,296.39014,296.99637,0.0,876203.7,2887784.2,0.6165018,0.8288304,0.9863847,295.58206,301.430908203125,309.1328
2021-07-07,0.6038112,1.3015014,1.7187127,0.34518585,0.8732435,1.6334059,298.73932,302.22055,306.93805,295.70947,296.2736,296.69998,0.0,954605.7,3136245.0,0.44046083,0.76465654,0.9803143,296.16992,301.4351399739583,308.89368
2021-07-08,0.67895716,1.6114407,2.5464342,-0.7775268,0.3572987,1.3400447,297.93594,302.36905,307.29944,295.7357,296.2605,297.1263,0.0,721493.2,2459856.8,0.4149598,0.7026592,0.952971,296.521,302.0351969401042,309.99643
2021-07-09,1.4020346,2.181878,2.9067779,-0.49538177,0.79414606,1.4897605,298.21893,300.94983,305.29556,295.31085,296.13953,296.62616,0.0,378791.84,1471139.0,0.79714185,0.90959376,0.99598306,297.1251,302.9381510416667,310.93494
2021-07-10,2.9340541,3.7137432,4.3328414,0.8220062,1.0165143,1.2219251,297.65863,299.55917,302.3668,293.53775,294.90305,295.6849,0.0,536282.3,1777914.6,0.9891534,0.99817973,1.0,296.8201,303.1722819010417,311.44888
2021-07-11,2.1251824,3.1416056,4.4308114,-0.48623085,0.6089757,1.4875485,298.18176,300.4469,303.90207,293.5157,294.0996,294.62695,0.0,530414.8,2004687.2,0.93798554,0.9828531,0.9993091,296.7191,302.40065511067706,309.69128
2021-07-12,2.3406193,3.0965748,4.3907638,-0.03958948,0.59213525,1.0436937,298.7339,301.13107,304.0554,294.42343,295.15372,295.7945,0.0,608622.94,1997781.8,0.9553706,0.9893389,0.9987164,296.2903,302.087890625,310.30063
2021-07-13,2.0683239,2.9679196,4.380336,-0.38675877,0.5860285,1.3933171,298.46918,301.04636,304.49905,294.40283,295.00272,295.3676,0.0,608113.9,2008882.9,0.977638,0.99575347,0.9998903,296.1232,300.8731689453125,309.05203
2021-07-14,1.8996977,2.702544,4.156247,-0.06795391,0.57233185,0.9766215,297.90964,300.7118,304.57834,294.6787,295.1072,295.51474,0.0,575686.2,2103724.8,0.98148584,0.993958,1.0,295.89423,301.18971761067706,309.50647
2021-07-15,1.0192466,2.0715923,4.0013485,0.3495021,0.9007172,1.4416382,298.2263,300.48196,303.33313,294.94186,295.32178,295.75058,0.0,581452.44,1913339.4,0.8864384,0.9640897,0.99997526,295.50726,300.59279378255206,308.8635
2021-07-16,1.0789454,2.037612,3.0308855,-0.57053775,0.4006333,0.88332784,297.99896,300.54303,304.08194,295.09204,295.74255,296.22104,0.0,675301.8,2242028.0,0.7261935,0.83415484,0.93866783,295.31937,300.9014078776042,308.36923
2021-07-17,0.9938824,1.9526018,2.7022004,-1.0770187,0.16918945,1.30793,297.69354,300.69467,304.8598,294.86014,295.55435,296.18472,0.0,440449.34,1657454.6,0.8958178,0.9607852,0.99847186,296.00613,301.65085856119794,309.47232
2021-07-18,2.1551538,2.7147872,3.5821967,0.04619942,0.49699172,1.0647608,297.91614,299.71463,302.79916,294.71402,295.0742,295.46024,0.0,888213.8,2837978.2,0.7987576,0.9671719,0.99913126,296.65967,301.54152425130206,308.8756
2021-07-19,2.2343864,3.2842722,4.682654,0.19544853,0.71569496,1.3958274,298.38547,301.64352,305.8263,293.9066,294.9397,295.4053,0.0,881112.8,3055947.5,0.39579594,0.69769526,0.98060286,295.2022,300.3363850911458,308.1038
2021-07-20,2.967817,3.676672,5.0052137,-0.24154504,0.13434206,0.6958591,298.94144,302.0546,306.30585,293.6737,294.42224,295.20865,0.0,639661.06,2268246.5,0.8755293,0.9520147,0.98576236,295.2428,301.08447265625,308.59674
2021-07-21,3.101298,4.2151623,5.6132755,-0.25776005,0.45143148,1.1385039,299.10257,301.39285,304.7878,293.94128,294.49182,295.0755,0.0,560863.25,2042586.2,0.9838668,0.9972436,1.0,297.10107,302.6787516276042,310.23172
2021-07-22,3.0731826,4.5355763,6.195613,0.19991599,1.0455521,1.8263574,299.17108,301.3209,304.62766,293.84543,294.41495,294.88812,0.0,601862.06,2167345.5,0.9761961,0.9938683,1.0,297.6571,301.40966796875,308.18912
2021-07-23,2.4468286,3.7687857,5.360336,0.8320516,1.2660654,2.2476933,299.0998,301.43863,304.49405,294.71988,294.9471,295.284,0.0,632385.94,2191226.2,0.7842787,0.91617155,0.9858553,297.05988,302.1460774739583,309.84525
2021-07-24,2.4462054,3.16181,4.4549007,0.4359088,1.0757273,1.6621765,299.04846,301.83643,305.70993,294.99817,295.51657,296.18967,0.0,782115.5,2657989.8,0.56208557,0.7254726,0.86927134,296.9553,301.725830078125,309.5063
2021-07-25,2.3539293,3.055666,4.324574,0.4765652,0.9380576,1.415637,298.2253,301.65454,306.0358,294.92786,295.7303,296.8568,0.0,583209.2,2043572.2,0.659528,0.7696704,0.8686262,296.6032,302.115478515625,309.3206
2021-07-26,1.7890971,2.8446465,3.837264,0.2813886,0.809758,1.7125454,298.647,301.81497,305.39795,294.89215,295.42917,296.01154,0.0,831283.0,2943949.8,0.6464336,0.82148856,0.9854126,296.51535,302.5121459960937,310.25897
2021-07-27,2.5543966,3.2890708,4.606233,0.15000495,0.5767014,1.2223184,298.6179,302.02902,306.03983,294.28815,294.8109,295.35455,0.0,917522.25,2972451.8,0.4863238,0.78190976,0.9872134,296.86716,302.8307698567708,310.58426
2021-07-28,2.5473433,3.2290108,4.128577,0.24475032,0.70009184,1.4909314,298.55286,302.33932,306.78955,293.42188,294.45642,295.01108,0.0,890076.06,3017835.8,0.6639912,0.85756356,0.98317116,296.58585,301.431884765625,308.68802
2021-07-29,2.6019008,3.379217,4.707306,-0.14784524,0.192831,0.70841897,298.688,302.42673,307.1354,293.14636,294.03217,294.55026,0.0,841455.7,2722571.8,0.9273806,0.97930807,0.99841714,295.88074,299.5701090494792,306.3124
2021-07-30,2.157586,3.23013,4.527431,-0.48804545,0.15193284,0.8973092,298.3889,302.26083,306.60046,293.26117,294.102,294.6293,0.0,891514.7,2831725.8,0.26787198,0.66459084,0.99707234,295.44705,298.5580037434896,303.55692
2021-07-31,2.4402297,3.2080886,4.4026394,-0.9811241,-0.16632693,0.6274605,298.7234,302.54703,306.8575,292.81238,294.012,294.69827,0.0,833349.44,2801393.8,0.26247454,0.44589272,0.84185386,295.37466,299.614013671875,305.6348
2021-08-01,2.4511542,3.2697525,4.584135,-0.7841977,0.043646127,0.93450046,298.70258,302.1921,306.5185,293.0536,293.95398,294.6961,0.0,920074.0,3085415.8,0.83558416,0.927522,0.9735953,296.52444,302.00852457682294,309.69693
2021-08-02,2.4238732,3.4007885,4.382276,0.030796634,0.4958671,1.2687168,298.56372,302.48865,307.0926,292.408,293.45557,294.33807,0.0,882418.56,2855090.8,0.8237286,0.9294593,0.9920658,297.41327,302.6082356770833,309.98215
2021-08-03,2.1410563,3.215518,4.3591194,-0.8895456,0.06914926,1.0833651,299.0359,302.41223,306.79407,293.20496,294.0493,294.61594,0.0,772044.8,2539799.2,0.56831396,0.796671,0.9954798,296.78827,301.3126627604167,309.36444
2021-08-04,2.6588438,3.418403,4.4967103,-0.35511506,0.11033007,0.5799517,299.25446,302.5253,306.71277,293.46985,294.3136,294.85095,0.0,826918.5,2741212.5,0.8087973,0.9001455,0.9778449,296.18854,299.76593017578125,305.91846
2021-08-05,2.5271392,3.3743007,4.52124,0.068536654,0.47875443,0.9917392,298.88477,302.23053,306.90778,293.43677,294.66623,295.57816,0.0,759666.7,2510906.8,0.7973217,0.9270962,0.9812671,295.36472,299.3157958984375,305.7321
2021-08-06,2.053153,3.0895889,4.4165874,-0.6689297,0.24852253,1.125983,298.64816,302.04346,306.8859,294.18002,295.21716,296.2134,0.0,825955.5,2867802.8,0.8419871,0.91789484,0.9730011,295.1408,299.6734619140625,307.33594
2021-08-07,1.6124146,2.4442935,3.845714,-0.7103811,0.30975124,1.027738,298.70834,301.65775,306.3412,294.69858,295.54358,296.32968,0.0,823362.56,2780270.5,0.5737448,0.73907065,0.86988765,295.25836,299.2161051432292,306.09515
2021-08-08,1.0446296,1.8108073,2.3752537,0.11890996,0.9284654,1.9778707,299.1474,302.46152,307.22934,294.66833,295.72757,296.16547,0.0,877299.44,2925237.2,0.47565612,0.6395944,0.88875484,295.48837,299.818603515625,307.12448
2021-08-09,1.4265788,1.9479446,2.5693097,-0.48208308,0.6116307,1.7308213,298.52396,302.35965,307.59875,294.19495,295.34662,296.00906,0.0,816487.06,2686846.5,0.8515386,0.9280267,0.98157215,294.41934,300.67055257161456,308.1476
2021-08-10,1.9830359,2.5302036,3.4319844,-1.008041,-0.19766873,0.6975744,298.97098,301.90173,306.43652,294.38327,295.0785,295.82956,0.0,722060.94,2488379.8,0.8313013,0.94427013,0.99749935,294.12744,301.80047607421875,309.42297
2021-08-11,1.616309,2.259493,3.2254477,-1.5526767,-0.15864585,1.027967,298.6886,301.88083,306.1778,294.25604,295.32162,296.17642,0.0,642139.25,2644272.8,0.92761606,0.987395,0.999518,295.50552,301.9213256835937,309.46484
2021-08-12,1.7705332,2.6927612,3.8758118,-1.0552346,-0.3301914,0.3379533,298.4615,301.06638,304.9402,294.33963,295.25806,296.3054,0.0,679324.6,2629275.8,0.9894761,0.99629,0.99984133,296.02356,301.609130859375,309.41165
2021-08-13,1.7602693,2.3685262,2.7479515,-0.49551132,-0.027828572,0.5005011,298.32672,301.2894,305.50372,294.11343,294.83908,295.65872,0.0,683221.75,2664524.0,0.89032125,0.9515028,0.988561,295.75317,300.4764811197917,307.98532
2021-08-14,2.0057757,2.7986324,3.7955477,-0.6773202,-0.0027085405,0.6423578,297.95117,300.92752,305.69046,293.87817,294.80905,295.50574,0.0,652515.2,2249492.0,0.95395887,0.9876469,0.99838614,295.7342,300.898681640625,307.85617
2021-08-15,1.3551822,2.3845148,3.44423,-0.44336236,0.21901552,0.92877144,298.5691,301.2723,305.2616,293.3611,294.3756,295.0291,0.0,759875.25,2550843.0,0.9928481,0.9979069,1.0,296.77518,302.1600341796875,309.74777
2021-08-16,0.8908226,1.9876504,3.2030923,-0.53736025,0.35592207,1.2662929,298.17053,301.2877,305.5124,293.8196,295.09717,296.0179,0.0,723201.94,2602026.0,0.7914529,0.91912144,0.99971396,296.81012,302.6980387369792,310.34415
2021-08-17,1.3226426,1.9537735,2.5923681,0.123498365,0.8105035,1.4166913,298.14142,301.04202,305.8805,294.49515,295.50357,296.1961,0.0,653088.75,2388732.0,0.8621155,0.9347159,0.9799815,297.42642,302.67624918619794,310.64227
2021-08-18,1.7790021,2.4860177,2.8472104,0.3602387,1.3014301,1.9419451,297.8723,300.70413,305.1609,294.86136,295.49405,296.15247,0.0,723955.7,2538838.0,0.85134786,0.95891756,0.9978006,297.84485,303.62115478515625,311.38953
2021-08-19,1.307069,2.1651776,3.2630067,0.23640734,0.7433067,1.2184255,298.31302,301.43668,306.3034,293.40848,294.90964,295.83133,0.0,723031.0,2715999.8,0.9276364,0.9779685,0.9933442,298.45764,303.61830647786456,311.2912
2021-08-20,-0.30684078,0.85699946,1.8442264,-0.8813539,0.2775109,1.272493,298.58655,301.6966,305.87646,294.57965,295.51648,296.38095,0.0,540592.0,2075430.4,0.9105962,0.9538338,0.99422574,298.3773,303.93874104817706,312.28867
2021-08-21,-0.029193332,0.66584975,1.2145774,-0.3726003,0.099049814,0.5891242,297.67496,299.70697,302.0251,295.60464,296.26733,296.97665,0.0,752154.75,2651599.0,0.8472629,0.94935006,0.9946168,297.7803,303.0904947916667,310.76163
2021-08-22,-0.34969568,0.31867206,0.98469186,0.0496904,0.91517824,1.5549705,297.55426,300.17123,303.75882,295.2818,295.96448,296.68854,0.0,806003.8,2864303.0,0.64568335,0.79320264,0.9574003,296.4564,302.9082438151042,310.71732
2021-08-23,0.2004158,0.8361857,1.1699979,0.64727455,1.2258085,1.9770148,297.7474,300.04984,303.59317,294.82382,295.81073,296.29874,0.0,908891.3,3210078.5,0.5490576,0.69119143,0.8398343,296.42096,302.7987263997396,310.3749
2021-08-24,0.90551996,1.4707998,1.9250385,0.67172027,1.5700045,2.3955035,297.80713,301.40402,305.79922,294.16013,295.39304,296.1028,0.0,910763.94,3093520.0,0.33371913,0.54574,0.8141132,297.37222,302.88047281901044,310.66382
2021-08-25,0.98547924,1.7812738,2.4983115,0.15645124,1.2230954,2.249767,298.42825,301.74442,305.9721,294.40002,295.4464,296.20053,0.0,913645.0,3011615.0,0.58267325,0.8660512,0.96095496,297.18384,303.2892659505208,311.52744
2021-08-26,1.277107,1.8691694,2.6589704,0.3939692,0.9162229,1.8754907,298.47037,301.56784,306.63364,295.04678,295.7939,296.59518,0.0,729196.25,2583309.5,0.39407307,0.69333196,0.9939168,297.53375,302.9073893229167,310.46548
2021-08-27,1.8223022,2.413459,3.136954,0.28201944,0.6749484,1.4384409,297.99384,300.69348,304.82422,295.49017,295.76733,296.0236,0.0,470214.5,1905405.5,0.9493971,0.98520523,0.9989377,296.33655,301.99997965494794,309.697
2021-08-28,2.1369367,2.628995,3.5455983,0.40908253,0.906054,1.4686372,297.39975,300.2535,303.8381,295.09235,295.587,296.09912,0.0,449823.6,1440219.9,0.98512334,0.9945279,0.9995936,295.43607,298.91623942057294,306.74515
2021-08-29,2.3436751,2.9307156,3.634172,0.45937374,1.022731,1.4890908,297.80258,299.7793,302.77045,294.5609,295.35425,296.0027,0.0,556430.44,1942894.0,0.97057396,0.99529177,0.99990356,295.35095,299.6519368489583,306.03955
2021-08-30,1.6794478,2.7185507,4.082977,-0.08329185,0.45117387,0.93946475,298.3122,301.00232,305.05737,294.3709,294.9687,295.584,0.0,797147.5,2966870.5,0.88110834,0.97035503,0.9993162,295.29654,302.18308512369794,310.23993
2021-08-31,0.3891666,1.5215219,2.709947,-0.18440573,0.5819185,1.3973742,298.15176,301.25644,305.89203,294.35153,295.52493,296.1203,0.0,793529.3,2807697.0,0.66926336,0.8314697,0.9786316,297.2645,302.8904622395833,310.6544
2021-09-01,0.5302493,1.4082669,2.1231768,-0.15001848,0.40357098,1.1112196,298.01062,301.15414,305.19406,295.04257,295.93124,296.39307,0.0,658003.56,2569178.0,0.8619507,0.9000799,0.9785314,297.97458,302.4137776692708,309.9493
2021-09-02,0.8151845,1.6367617,2.4806006,-0.69856,0.100359134,0.8522761,296.95392,299.9927,304.08408,295.30264,295.8804,296.327,0.0,426638.84,1869621.4,0.89061713,0.9724261,0.9996348,298.32306,302.1394449869792,308.96976
2021-09-03,1.1268431,1.9197626,2.5118887,-0.0066366196,0.5069794,1.124095,297.29437,299.53293,302.0666,295.4385,295.87512,296.43768,0.0,462222.25,1791091.5,0.9544927,0.9850545,0.99616075,298.18427,302.1733805338542,308.6655
2021-09-04,1.4252244,2.1640365,2.9613914,0.26191157,0.7473168,1.2568915,297.45746,299.51413,302.6986,295.236,295.92874,296.56412,0.0,662859.56,2837321.5,0.9712386,0.9917204,0.9999924,298.05502,302.3476969401042,309.4551
2021-09-05,2.2167132,2.8165176,3.997941,0.57357025,0.93362,1.1390095,297.71826,299.97748,304.0743,295.3942,295.8077,296.35226,0.0,542254.3,2169023.8,0.6954841,0.9081628,1.0,297.31488,301.20241292317706,308.72192
2021-09-06,2.3875656,3.079211,4.1349893,0.42196205,0.8417048,1.2155005,297.88342,300.28955,303.61047,294.4823,295.2044,295.77313,0.0,688606.0,2413534.2,0.99283344,0.9987157,1.0,297.33264,301.37778727213544,307.89297
2021-09-07,1.9866401,2.835151,4.2980847,1.1165253,1.4042586,1.7835493,297.76965,300.97763,304.97986,294.35446,295.06918,295.81598,0.0,886627.06,3005287.0,0.70996016,0.84319544,0.9986324,297.51898,302.5957438151042,309.6221
2021-09-08,1.903222,2.553427,3.6783295,-0.06977717,1.0285004,1.7410395,297.38354,301.28525,305.7613,294.3209,295.22473,295.93744,0.0,951106.2,3218428.5,0.23355569,0.57373494,0.8540385,297.1433,302.01393636067706,309.48755
2021-09-09,1.0748398,2.2089527,3.2162242,-0.24869983,0.4498968,1.4061276,298.10797,301.8054,306.48633,294.13397,295.12247,296.02008,0.0,876779.06,3066118.8,0.6303959,0.76740533,0.9377382,296.81168,300.0876057942708,305.2397
2021-09-10,1.3546994,2.4844506,3.6435308,-0.44103783,0.31262422,1.2289374,298.90387,302.15283,306.56506,294.12674,295.39496,296.2368,0.0,851600.56,2905893.2,0.62360775,0.91866165,1.0,296.7313,301.8756103515625,309.38547
2021-09-11,2.3231616,2.9072373,3.636398,0.3835567,0.87827176,1.3669876,298.8973,302.2108,306.48798,294.3463,295.22144,295.83398,0.0,749180.3,2563516.8,0.95737463,0.9841506,0.99846125,296.764,301.05810546875,308.53638
2021-09-12,2.3917322,3.1047459,4.2923107,1.0334411,1.2844874,1.6721352,298.5837,301.65335,305.7322,294.70773,295.32092,296.09283,0.0,724824.8,2606718.8,0.881699,0.9583457,0.99815995,295.41708,299.5142008463542,305.81635
2021-09-13,2.0722842,3.241421,5.1993117,0.81838995,1.1400968,1.5082784,298.98163,301.8798,305.80634,294.96298,295.3033,295.60544,0.0,855806.0,2999089.5,0.9490438,0.9876372,1.0,295.3373,300.9850260416667,307.82318
2021-09-14,1.3630698,2.3662035,3.5975406,0.49052492,1.0785977,1.4470303,299.08243,302.45187,306.86243,294.96753,295.88907,296.54422,0.0,892379.3,3134690.8,0.4503452,0.8168171,0.9991794,296.75143,302.1317545572917,308.98758
2021-09-15,0.98883945,1.8083757,2.423836,0.28929955,1.0024503,1.5991567,298.44357,302.0264,306.9786,294.82126,295.80655,296.79074,0.0,775233.3,2746139.2,0.4189734,0.75128937,0.98914117,297.5361,302.7331949869792,309.82297
2021-09-16,0.3820897,1.5523628,2.7180645,-0.19361284,0.4686276,0.9964052,298.99213,301.70587,306.6019,294.88315,296.02258,296.52127,0.0,864842.8,2984225.5,0.8387654,0.8991601,0.96488434,297.52625,301.7139892578125,308.47458
2021-09-17,0.10648564,0.8754855,1.8653117,-0.49918383,0.4437413,1.24396,298.28134,301.72192,307.0727,294.30035,295.5996,296.2561,0.0,767084.0,2720640.2,0.70224977,0.8480315,0.92982125,297.2034,300.97511800130206,307.5483
2021-09-18,-0.23342417,0.6209368,1.1092353,-0.05225734,0.5384229,1.1771382,298.83392,301.61267,305.9059,295.0141,296.21512,297.10004,0.0,866115.7,2980212.2,0.86608887,0.9390175,0.9926912,297.0231,301.5774739583333,308.5082
2021-09-19,-0.5066287,0.39807573,0.9552221,-0.11859508,0.5223994,1.4983368,297.81915,301.86755,306.6146,295.7101,296.55515,297.54605,0.0,811268.7,2950057.2,0.5493525,0.8392961,0.9746321,297.12674,302.8399251302083,310.3887
2021-09-20,0.22937469,1.0205089,1.6213756,-0.3960523,0.5150772,1.4592919,298.0777,300.86368,305.12158,296.06772,296.48715,297.18933,0.0,949348.7,3194902.0,0.55947554,0.7186675,0.9537087,298.16937,302.6097005208333,310.38474
2021-09-21,1.1244247,1.8387305,2.4620414,-0.4254018,0.4092413,1.3871646,298.13107,301.6691,306.1457,294.8124,295.77185,296.43506,0.0,889068.44,3050214.8,0.2506843,0.4311832,0.7037447,297.94385,302.3841756184896,309.96085
2021-09-22,0.076945595,1.3391303,2.3369262,-1.5099165,0.18827082,1.6276898,298.4014,301.6573,306.22253,294.79678,295.7035,296.275,0.0,857987.5,2985769.2,0.3889957,0.6341835,0.8300572,297.7766,302.5025227864583,309.58582
2021-09-23,0.4658685,1.474738,2.2512867,-0.6204358,0.15121096,1.0499933,297.984,301.47302,306.21564,294.98453,295.93414,296.84225,0.0,877761.44,3107895.5,0.61215967,0.7699596,0.8856898,297.01077,301.6684977213542,308.29788
2021-09-24,-0.23547223,0.7343189,1.7638173,-1.5487928,0.040929385,1.3656743,298.00204,301.4679,306.35507,295.0162,295.9714,296.73224,0.0,854465.5,3024031.0,0.55104643,0.6798671,0.85833454,296.89752,302.03586832682294,310.04596
2021-09-25,1.1631835,1.8216814,2.5322852,-0.47625902,0.11062783,0.6481214,298.29224,301.46628,305.94922,295.29538,296.2128,296.91116,0.0,765965.2,2720571.5,0.46998715,0.7499302,0.99558103,297.26132,301.57493082682294,307.78174
2021-09-26,1.0626029,1.8820969,2.6856563,-0.5570144,0.8366873,2.264103,298.24628,300.93845,304.66177,295.01096,295.73758,296.44775,0.0,583153.8,2420292.5,0.9680003,0.9919459,1.0,296.99997,301.6805623372396,308.49734
2021-09-27,2.3396304,3.2184265,4.585382,0.52376294,0.8882949,1.1382923,297.5481,300.14743,304.07697,293.9634,294.70322,295.93988,0.0,600863.06,2048967.6,0.9969137,0.99966437,1.0,296.21893,301.0348307291667,307.88754
2021-09-28,2.047862,2.6169584,3.7409997,-0.44889694,0.8228161,1.5269389,297.42587,300.6734,304.73468,294.03827,294.68185,295.39957,0.0,837200.2,2877095.0,0.90525234,0.95675117,0.9998284,295.96362,300.01039632161456,306.33118
2021-09-29,0.22952467,1.4372982,2.601301,-0.6967713,0.105662405,1.0123525,297.9203,301.37106,306.04724,293.82098,295.04672,295.84906,0.0,777967.7,2657820.8,0.5889122,0.7526407,0.88593054,295.9464,299.8441975911458,305.8827
2021-09-30,0.08761712,0.6929299,1.4014583,-0.81420815,-0.3533218,0.1540274,297.5842,300.8151,305.15668,295.34506,296.1686,296.9664,0.0,646908.5,2443938.5,0.49746972,0.68948096,0.825838,296.36572,299.37994384765625,304.64874
2021-10-01,-1.5134088,-0.07286056,0.8185823,-1.4792317,-0.2617069,0.7893861,297.77048,299.8988,303.6403,295.993,296.6071,297.26672,0.0,665019.56,2389684.5,0.80299836,0.8736744,0.9383127,296.27167,299.6405232747396,305.1621
2021-10-02,-1.7564782,-0.7371249,0.3893025,-1.518886,-0.46071097,0.46989432,297.75894,300.02417,303.68872,296.3287,296.80685,297.29083,0.0,621230.94,2186816.0,0.6240742,0.831762,0.97934216,296.2818,298.40968831380206,303.39395
2021-10-03,-0.8703467,-0.04572438,0.65432876,-0.7479137,-0.34414712,0.1671014,298.01468,300.12064,303.9036,296.61688,297.07336,297.78265,0.0,684959.3,2612381.2,0.584857,0.76342034,0.978439,296.44055,299.4512125651042,304.84457
2021-10-04,-1.3611156,-0.13929816,1.175739,-0.65416634,-0.122041084,0.43964607,297.87448,300.33936,303.83286,296.5253,296.9612,297.6221,0.0,481742.84,2116554.2,0.6141983,0.90608186,0.9934433,296.91727,298.770263671875,301.9603
2021-10-05,-0.26871946,0.61439735,1.2191986,-1.0159951,-0.46020976,0.13741492,296.93976,298.8547,301.80463,296.04352,296.4642,296.83432,0.0,652642.7,2333301.2,0.8411948,0.9754451,0.999992,297.2677,300.27227783203125,305.76636
2021-10-06,0.27067357,0.8686908,1.4243385,0.14477278,1.0482379,1.6357605,297.51334,300.1617,303.742,296.11063,296.68582,297.38745,0.0,853588.3,2885662.2,0.39443114,0.75845957,0.9796002,297.05917,301.0362955729167,307.34058
2021-10-07,0.20375273,1.0307885,1.6642913,0.7423569,1.505743,2.3204641,298.5905,301.24728,304.98724,296.37143,296.8723,297.50238,0.0,753517.8,2666634.8,0.3909135,0.6476777,0.9376904,296.8776,301.0105387369792,307.9919
2021-10-08,1.2068539,1.8305446,2.3393586,0.46101558,0.92401487,1.2881376,297.8395,300.6014,304.34552,296.0442,296.54855,297.23712,0.0,466855.75,1810242.6,0.8486691,0.90739435,0.9974683,295.15195,298.61496988932294,304.03903
2021-10-09,1.5696768,2.1793244,3.115864,-0.022635631,0.5783065,1.0202419,298.2441,299.97464,302.4866,295.82996,296.3739,296.55402,0.0,751804.44,2651188.2,0.94390243,0.977354,0.9965525,294.45377,296.7856038411458,300.13898
2021-10-10,0.9917687,1.7835635,2.6711934,-0.51372254,0.024750909,0.6581839,297.6186,300.70395,305.20383,295.85107,296.56427,297.2341,0.0,602574.3,2152662.5,0.853302,0.9397263,0.98556554,293.9388,296.3416951497396,300.81662
2021-10-11,1.4654827,1.8708735,2.283892,-0.145106,0.47158757,1.0194468,297.40112,299.6278,303.43402,296.0563,296.4239,297.0046,0.0,437159.72,1738132.6,0.8615592,0.96169585,0.9986959,293.5627,296.48447672526044,302.57568
2021-10-12,1.5811403,2.0150354,2.7419524,-0.057995044,0.42847857,1.4468228,297.17386,299.4047,302.96338,295.30942,296.07303,297.03107,0.0,700707.7,2713869.0,0.87332493,0.96047926,0.9967655,293.1432,296.6158040364583,302.11722
2021-10-13,0.8740678,1.8466439,2.9635613,-0.38220918,0.22086723,0.57702667,297.88953,300.6537,304.57495,295.41147,296.01508,296.61285,0.0,748193.06,2646880.2,0.4293962,0.708715,0.92666525,294.93607,298.8175862630208,302.9814
2021-10-14,0.80133075,1.5889478,2.599267,0.14426728,0.39837492,0.6862502,298.09784,301.0425,305.22574,296.18765,296.74667,297.40253,0.0,768892.3,2839629.0,0.49188596,0.7168186,0.9152652,296.60294,300.7831217447917,307.14606
2021-10-15,0.2650777,1.0242985,1.8394551,0.39435807,1.0950894,1.7208581,298.89725,301.35892,304.97018,296.11874,296.68045,297.10947,0.0,632006.56,2329020.8,0.7791826,0.8818188,0.94925845,297.41162,300.5765380859375,305.67657
2021-10-16,0.30880427,0.95393366,1.8902822,0.67389774,1.451435,2.132585,297.98196,299.97757,303.40387,296.42648,296.95398,297.53915,0.0,572249.0,2016755.2,0.62142265,0.8304878,0.9699614,297.47223,300.8941243489583,307.4693
2021-10-17,1.7361659,2.212755,2.884507,0.64885587,0.8886053,1.0850544,298.26776,300.26358,303.28354,296.0229,296.60123,297.26294,0.0,675085.0,2418960.8,0.82624954,0.9296737,0.98940074,297.24243,300.8461507161458,306.9526
2021-10-18,1.0557463,2.061097,3.2289205,-0.11735941,0.49237594,1.0021,298.23724,300.86295,304.44,296.1765,296.56326,297.12827,0.0,755682.2,2963648.2,0.8141572,0.9243662,0.99155664,296.39944,300.7187093098958,307.97473
2021-10-19,-0.011032497,0.9086428,2.081086,-1.0812787,-0.0058943927,0.8471951,298.6643,301.32294,305.1463,296.1186,296.91898,297.77972,0.0,654686.25,2400237.2,0.9128579,0.9635008,0.9898857,294.36197,297.39923095703125,303.81638
2021-10-20,-0.73815,0.28150252,0.99663806,-0.36358333,-0.09198769,0.4036818,297.64014,300.09305,303.4518,296.61978,297.08875,297.5814,0.0,697133.9,2657021.0,0.5394341,0.73109835,0.96880823,294.64645,299.5338134765625,304.27866
2021-10-21,-1.1352417,-0.31498972,0.6533117,-0.67535865,0.24590357,0.8494807,297.582,300.11667,304.04388,296.38968,296.834,297.40213,0.0,732302.94,2781701.0,0.56803805,0.7269757,0.88435704,295.4089,299.8807779947917,306.34024
2021-10-22,-1.2260553,-0.46538815,0.3296928,0.002946369,0.6371725,1.109042,297.66586,300.8182,304.84702,296.2814,296.902,297.37576,0.0,674080.3,2310120.2,0.3167901,0.61903685,0.9097555,295.10657,301.02353922526044,308.6554
2021-10-23,-0.90021014,0.37796506,1.5789751,-0.12698992,0.7081534,1.6274563,297.07452,300.03238,304.20407,295.95328,296.46426,297.0579,0.0,781686.06,2863321.2,0.62817097,0.75025797,0.8716456,295.68793,300.84674072265625,307.1314
2021-10-24,-0.38089007,0.32785657,1.4974084,-0.76217586,-0.36890426,-0.061231103,297.14792,300.06363,304.05243,295.69437,296.1049,296.72052,0.0,666560.7,2283819.0,0.7206463,0.89362985,0.996167,296.3218,300.61814371744794,307.2182
2021-10-25,-1.7738655,-0.53710014,0.5195074,-2.0210376,-0.9525013,0.07165176,297.0484,299.8332,303.87457,295.83447,296.0757,296.40305,0.0,704335.3,2668273.2,0.7114019,0.8275335,0.9848748,295.0594,298.9420166015625,305.173
2021-10-26,-1.5747901,-0.5075677,0.49478993,-1.0749924,-0.6180145,-0.05470276,297.21472,299.57632,302.5845,295.61566,296.0437,296.36224,0.0,719836.8,2649480.2,0.6924792,0.7474449,0.80753607,294.9001,297.75693766276044,302.05615
2021-10-27,-2.1374571,-0.53873587,1.1780496,-1.9471173,-1.0643823,-0.3536936,297.0583,299.5359,302.765,295.37076,295.8865,296.208,0.0,568878.7,2130716.5,0.5030391,0.7664873,0.9766902,295.16718,297.89703369140625,302.24948
2021-10-28,-0.89463305,-0.10232934,1.0011139,-2.6975799,-1.6272866,-0.92619264,296.90253,299.2161,302.35028,294.75336,295.33817,296.00742,0.0,473409.1,1752713.6,0.84570956,0.9542096,0.9935847,295.14923,297.59324137369794,301.655
2021-10-29,-1.3877499,-0.71594507,0.44673288,-1.8260467,-1.2355543,-0.6930902,296.8351,298.60535,300.8831,294.9663,296.06958,296.67456,0.0,409552.9,1549535.5,0.9771205,0.9885874,0.99809104,295.33444,297.44146728515625,302.01688
2021-10-30,-2.5674212,-0.9678512,-0.14677241,-2.1515355,-1.4509783,-0.8196478,297.3266,298.87564,301.08365,296.1303,296.74554,297.3268,0.0,429274.66,1610520.9,0.95984715,0.98121876,0.9968189,295.3361,297.8417358398437,302.0536
2021-10-31,-1.5905654,-0.7411723,0.13987811,-2.5191064,-1.6778649,-1.0467663,296.90564,298.48352,301.08246,296.03992,296.58395,297.04248,0.0,291554.28,1212988.4,0.97632813,0.99385303,1.0,294.78918,298.5333658854167,304.6626
2021-11-01,-1.8858113,-1.2399138,-0.3769627,-1.8461546,-1.2295955,-0.56769913,296.9267,298.25967,300.74554,296.12936,296.59497,297.32245,0.0,426340.6,1914092.5,0.9951716,0.9984339,0.999903,294.80804,299.51739501953125,305.7717
2021-11-02,-3.1295633,-1.6134547,-0.3944721,-1.3930281,-0.7725695,-0.38199753,296.47632,298.3228,300.9079,296.11655,296.52722,297.0522,0.0,204470.69,763911.2,0.94404924,0.9863174,0.9996838,295.5696,300.0335896809896,306.7619
2021-11-03,-0.8977263,-0.47943255,0.09746848,-1.4492472,-1.0030569,-0.63595957,296.65732,297.87854,299.58823,295.8659,296.28177,296.70367,0.0,390111.1,1333795.8,0.99813384,0.99940425,0.99999845,295.4616,300.4989624023437,307.6616
2021-11-04,-0.8649712,-0.23381495,0.73374903,-1.5389116,-0.5291683,0.16327336,296.56567,298.55002,301.4793,295.89035,296.31082,296.92416,0.0,522399.66,1781159.5,0.9799298,0.9926901,1.0,295.9525,301.0514322916667,308.18155
2021-11-05,-0.40489054,0.5267981,1.3021854,-0.686402,-0.062130153,0.1807198,297.08344,299.13382,302.537,295.97134,296.3967,296.8571,0.0,639853.0,2438065.0,0.85015875,0.96027094,0.9975697,296.35965,302.0487060546875,309.56387
2021-11-06,0.16890733,0.7912087,1.2576666,-1.5384018,-0.7500133,-0.33285993,296.83,299.3508,302.78513,295.70865,296.28757,296.54407,0.0,391444.34,1506222.0,0.78891796,0.9480672,0.9972554,296.56824,301.25244140625,308.52084
2021-11-07,0.1305657,0.68500847,0.93377125,-2.4583983,-1.6392094,-0.7877448,296.6219,298.49582,301.2398,295.11813,295.7432,296.01544,0.0,186509.98,769276.7,0.98627084,0.9964501,0.9994154,294.8195,300.38140869140625,306.89764
2021-11-08,0.27079073,0.582308,0.9312264,-1.9764754,-1.7800688,-1.4575945,295.65863,296.96158,298.20602,294.69324,295.49597,296.15186,0.0,273956.03,1112050.0,0.99612886,0.998765,0.9999888,294.2788,299.6725260416667,306.1625
2021-11-09,-0.1953403,0.581513,1.3933176,-2.602614,-1.809409,-0.92383355,295.49127,296.8575,298.63004,294.0156,294.5886,295.1729,0.0,337227.9,1837632.4,0.99663424,0.9991315,1.0,293.88098,298.6219482421875,304.11688
2021-11-10,0.076139495,1.2887872,1.9959571,-2.8422837,-1.8109726,-1.1603017,295.66962,297.09283,299.18256,294.08508,294.4961,294.85587,0.0,459111.03,1888195.2,0.93062854,0.9933197,1.0,293.5169,298.1244710286458,304.6983
2021-11-11,1.401763,2.3454735,3.506929,-1.1230197,-0.49133596,0.04507173,296.04807,297.78464,300.7905,294.30133,294.76138,295.11865,0.0,411840.5,1494345.8,0.85275674,0.95744705,0.99940336,293.60403,298.1861979166667,304.25266
2021-11-12,0.57114977,1.085792,1.7080085,-0.25518936,0.3089926,0.8051561,296.58188,297.9942,299.97708,295.152,295.6851,296.07578,0.0,568581.94,2150982.5,0.8244535,0.9276252,0.9861521,293.77698,297.9437255859375,304.3286
2021-11-13,0.4836685,0.81955737,1.1916597,0.18191658,0.88708925,1.5398356,297.0662,299.07635,301.74103,295.77005,296.56754,297.28534,0.0,394273.53,1490132.8,0.8682683,0.9305749,0.98836416,293.49982,297.7383219401042,303.83728
2021-11-14,-0.15122005,0.64903337,1.0306398,0.026981566,0.46337423,0.9459413,297.0434,299.10178,301.85153,296.12427,296.66232,297.11966,0.0,521841.75,2043304.1,0.95476496,0.9835194,0.9966519,293.82425,297.6314290364583,303.28168
2021-11-15,0.00970601,0.5578928,1.090812,-0.36413202,0.017041065,0.32332388,297.251,299.18762,302.58142,296.08377,296.62003,297.16452,0.0,487691.66,1768338.5,0.94694096,0.9700363,0.9891026,292.3418,297.1597900390625,303.24756
2021-11-16,-0.5278499,-0.043045174,0.33856463,-0.9715195,0.07795147,0.99869096,297.0544,299.19455,302.85876,296.26645,296.7026,297.0729,0.0,517538.5,2111159.0,0.96147215,0.9770403,0.9944301,291.49066,297.28436279296875,304.60977
2021-11-17,-0.71214837,0.032711465,1.2216356,-1.3306566,-0.97515726,-0.77692616,296.36642,298.48596,302.0337,295.7673,296.4728,296.89008,0.0,352608.4,1431016.1,0.92198044,0.9818886,1.0,290.15225,297.2218424479167,305.73013
2021-11-18,1.1434386,2.0010917,2.5880237,-1.7955395,-0.8597509,0.60018915,296.37405,297.65198,299.20932,295.1607,295.71594,296.06784,0.0,514136.9,1876463.2,0.87243134,0.97753364,1.0,288.92,296.1531982421875,304.80704
2021-11-19,0.26708826,1.1416386,2.0840898,0.61822313,1.2053742,1.7464057,297.11874,298.92056,301.198,295.59012,296.29074,297.00027,0.0,428057.66,1807468.1,0.6426309,0.808527,0.9733473,288.16052,295.1571858723958,303.9658
2021-11-20,0.36923417,0.90145606,1.5577352,-0.14164956,0.7999403,1.4595469,295.82968,299.06387,302.46805,294.81293,296.22598,296.92627,0.0,741219.3,2683350.0,0.5067926,0.7047858,0.9744114,287.6618,295.3011678059896,303.6702
2021-11-21,-0.7893892,0.0961951,0.9560705,-0.71517247,-0.061094295,0.68464726,296.46866,299.45773,303.1251,294.88654,295.80746,296.4514,0.0,647994.3,2301917.2,0.38614294,0.6871918,0.8341946,288.45444,296.3807373046875,306.21457
2021-11-22,-1.4091632,-0.6402268,0.6269586,-2.134936,-1.2579056,-0.53883356,297.31018,299.49973,303.2862,295.9442,296.45178,296.87625,0.0,599495.8,2308140.5,0.65328395,0.7972254,0.94497925,288.85532,296.55727132161456,306.03467
2021-11-23,-1.9264964,-0.7484417,0.42896575,-2.265637,-1.2974792,-0.25016886,296.3515,299.4899,302.82907,295.5909,296.55872,297.07553,0.0,511009.0,2009973.0,0.7538683,0.8778,0.9880612,288.17578,296.2983805338542,306.25577
2021-11-24,-1.7759138,-0.5601373,0.5366325,-2.0511172,-1.4329525,-0.48012158,296.88324,298.7886,301.67703,294.97058,295.7051,296.20798,0.0,352362.34,1370272.8,0.8549152,0.9703703,1.0,287.50198,296.0649820963542,306.09253
2021-11-25,-2.4815288,-1.441976,0.23737015,-3.4128385,-2.1613572,-1.3686559,296.57578,298.12274,300.51385,295.58627,296.07285,296.50394,0.0,329961.66,1213327.2,0.97911775,0.99581623,0.9999864,287.64578,296.2001953125,306.08957
2021-11-26,-1.9037005,-0.9766026,-0.43785185,-2.8159113,-2.1686764,-1.6477549,296.46625,297.95187,299.76453,295.31738,296.06198,296.47705,0.0,289214.34,1228252.8,0.9836821,0.9967286,0.9997823,288.09933,296.52178955078125,305.8395
2021-11-27,-1.2620021,-0.83311415,-0.44204643,-3.0716577,-2.1518953,-1.5807,296.42606,297.71277,299.78082,294.87778,295.58768,295.93338,0.0,237163.2,975130.5,0.9747603,0.99234647,0.99986726,289.2085,296.5821126302083,305.46112
2021-11-28,-2.1578162,-1.472799,-0.8236957,-2.0424936,-1.6745144,-1.2195148,295.89136,297.3447,299.5899,295.32556,295.76376,296.3868,0.0,305695.1,1126662.8,0.9932193,0.9978382,0.9998101,289.90097,296.9680989583333,304.68588
2021-11-29,-2.569966,-1.6884106,-0.9231983,-1.4578408,-0.8943979,-0.21642102,296.30035,297.69485,299.54584,295.3361,296.07193,296.46628,0.0,479516.9,1835889.8,0.94725,0.978934,0.9963504,291.38354,297.20749918619794,305.90268
2021-11-30,-2.5582635,-1.5566162,-0.78331536,-1.3161181,-0.8548014,-0.32844424,296.24936,298.31726,301.6368,295.55765,296.10464,296.62595,0.0,632491.3,2217864.2,0.40057597,0.65206367,0.9725031,291.2365,296.86773681640625,303.12878
2021-12-01,-2.5911546,-1.4037155,0.030167958,-1.9682361,-1.052258,-0.41255248,296.54407,298.6826,301.93225,295.45065,295.84976,296.2077,0.0,634819.56,2277924.0,0.3880854,0.5488162,0.78397965,293.33514,296.4696858723958,302.26852
2021-12-02,-1.2970207,-0.88775086,0.2422396,-2.2274,-1.1788641,-0.3936198,296.3763,298.85526,302.10422,295.04623,295.56693,295.82434,0.0,653438.56,2434626.2,0.6927886,0.8033407,0.9466028,292.54623,296.5254720052083,302.14096
2021-12-03,-0.6679999,-0.14304222,0.5663694,-1.1701828,-0.53357995,-0.026532777,296.88013,299.35312,302.8726,294.84613,295.53775,296.21735,0.0,628179.7,2378832.2,0.5445924,0.78092307,0.9782683,291.7158,296.6914469401042,303.99857
2021-12-04,-0.29972646,0.4005212,0.8984524,-0.11558798,0.33484912,0.737034,296.85535,298.95853,301.9996,295.47015,295.9528,296.3785,0.0,719083.5,2690566.5,0.34363267,0.49202457,0.647981,289.58304,296.04905192057294,304.36984
2021-12-05,-0.49640706,0.22285283,0.83123636,-0.5209983,0.03234284,0.50646776,297.12762,299.8553,303.78952,295.92075,296.52188,297.1392,0.0,567773.8,2378087.8,0.18287198,0.43253732,0.732822,289.0602,297.28830973307294,306.7346
2021-12-06,-0.6811507,-0.08332062,0.5711592,-0.7693955,-0.30364826,0.19000462,297.3305,299.10822,301.9539,295.9573,296.27292,296.71628,0.0,676908.56,2454732.0,0.6275455,0.75855494,0.88173777,290.49252,297.7761637369792,305.89667
2021-12-07,-1.9122723,-1.1729105,0.072132364,-1.7260175,-1.1445531,-0.5994552,296.6737,299.43265,303.1951,295.14072,295.63074,296.31735,0.0,718391.56,2482105.5,0.14254676,0.51921684,0.76796603,292.18457,298.6078287760417,306.4312
2021-12-08,-2.2338665,-1.1834439,-0.024783187,-2.5609684,-1.5433756,-0.8118622,297.21085,299.50784,303.3192,294.73602,295.5681,295.8826,0.0,454640.38,1646981.4,0.06558494,0.2850599,0.57305145,293.54694,298.3150227864583,305.00473
2021-12-09,-2.186789,-1.3687433,-0.78563523,-1.983842,-1.3603197,-0.7931541,295.92654,298.42966,301.2889,295.07803,295.87878,296.1871,0.0,715285.25,2542065.0,0.5563442,0.6658153,0.8252845,293.0924,298.45086669921875,305.97607
2021-12-10,-2.9997382,-1.534924,-0.49260613,-2.8595574,-1.9795376,-1.3348607,296.06793,298.94052,302.99643,294.16672,294.9756,295.31262,0.0,632420.5,2192617.0,0.14738724,0.40757665,0.7375036,292.59692,298.8241780598958,307.17722
2021-12-11,-2.9445856,-1.7287453,-0.44930607,-2.8877835,-2.2152116,-1.8172848,296.0199,298.74014,302.33377,294.99545,295.55417,295.94583,0.0,657674.44,2305089.5,0.1847984,0.41181996,0.5516132,292.47263,299.5781656901042,308.02078
2021-12-12,-3.1256266,-1.7913023,-0.64712554,-3.044235,-2.281376,-1.5546125,296.2572,298.5646,302.17184,294.99258,295.39944,295.64404,0.0,600757.3,2101609.5,0.2904202,0.53656214,0.910346,294.25507,300.0885009765625,308.33694
2021-12-13,-3.0184753,-1.7308666,-0.7335289,-2.8957462,-2.271669,-1.8398682,296.0641,298.44376,301.71094,294.74686,295.33694,295.87173,0.0,584463.56,2129804.0,0.5351315,0.8285158,0.9512415,295.32916,300.4951171875,308.57996
2021-12-14,-3.3137963,-1.7608684,-0.75103354,-3.040096,-2.2650087,-1.744371,296.35822,298.23975,301.22757,294.61874,294.97406,295.27695,0.0,588947.6,2087214.2,0.61898863,0.8287414,0.9535366,294.91043,300.53932698567706,308.56345
2021-12-15,-2.9040833,-1.6080751,-0.35213277,-3.2849846,-2.346385,-1.7030926,295.55194,298.39758,301.64877,293.78876,294.3311,294.93137,0.0,761105.3,2742108.5,0.65087605,0.7607624,0.85706854,294.786,300.16269938151044,307.79727
2021-12-16,-2.3552372,-1.2495334,-0.18883525,-3.4474118,-2.2165194,-1.3494468,295.2245,298.2939,302.147,292.9898,293.4213,293.88843,0.0,830651.8,2997068.0,0.14584485,0.35343298,0.62938786,293.72156,298.4969075520833,305.99948
2021-12-17,-2.3457794,-1.1395096,0.028752603,-2.8316898,-1.9653821,-1.0501405,294.7093,298.24854,302.53162,292.38443,293.26926,293.73083,0.0,850079.5,3007972.0,0.21103889,0.35160986,0.62569064,291.77896,297.4982096354167,304.73642
2021-12-18,-2.0443518,-1.1453458,0.15487078,-3.0127425,-2.2026808,-1.4401997,294.35986,297.77487,302.17783,291.8325,292.7881,293.17453,0.0,826703.56,2836604.8,0.025070323,0.16693513,0.41415185,291.37698,297.28173828125,304.96188
2021-12-19,-2.295154,-1.2776918,0.040656716,-2.9215488,-2.1163557,-1.538756,293.53986,297.0958,301.6984,291.2891,291.83932,292.3005,0.0,824090.3,2868695.2,0.08771018,0.24508677,0.46779534,290.6587,297.51220703125,306.66574
2021-12-20,-2.6485004,-1.1567935,0.40026456,-2.9790032,-1.876743,-1.1995755,293.2883,297.01657,301.65344,291.1466,291.72958,292.36157,0.0,862131.2,3052612.2,0.03763515,0.1398019,0.28930604,289.95416,298.32240804036456,308.39407
2021-12-21,-1.7643328,-0.8295932,0.51147914,-2.2083032,-1.2855563,-0.469709,293.72913,297.2675,302.28845,291.5105,292.14493,292.92444,0.0,831975.0,2897465.5,0.0088337185,0.07516969,0.23348507,290.5942,299.11572265625,309.37137
2021-12-22,-1.7660341,-1.0454911,0.0398553,-1.3921078,-0.7969649,-0.013082896,293.24118,296.98367,301.6912,291.51703,292.1541,292.65875,0.0,889969.56,3107238.5,0.024276745,0.10350082,0.31181186,291.07343,299.7887369791667,310.32553
2021-12-23,-2.0034277,-1.0260869,0.13825653,-1.3493345,-0.8483551,-0.23486112,293.082,296.84494,301.7747,291.2511,291.74063,292.23975,0.0,882731.7,3028113.8,0.014821711,0.053824503,0.21819094,292.55118,299.8724772135417,308.9201
2021-12-24,-1.977548,-1.0079166,0.21475698,-1.2266178,-0.7159257,-0.11738536,293.03024,296.96042,302.0223,290.67682,291.56876,292.12628,0.0,882273.8,3038381.5,0.0011183509,0.044250514,0.13519916,293.48346,299.92856852213544,308.1632
2021-12-25,-2.2102926,-1.0904537,0.23718737,-1.2653127,-0.68035537,0.10928377,292.9609,297.00204,302.20724,290.91748,291.71008,292.21637,0.0,860847.0,2958786.8,0.003615312,0.064709745,0.26013577,294.44458,299.6289876302083,307.60785
2021-12-26,-2.5165615,-1.1750468,0.35090464,-1.2938801,-0.89587766,-0.2881076,293.30432,297.2153,302.2867,291.14896,292.0519,292.57803,0.0,793889.06,2621406.8,0.014577558,0.108957924,0.32822853,294.25732,299.16090901692706,306.1603
2021-12-27,-2.6377306,-1.4585915,-0.032966103,-1.4670004,-1.057619,-0.5396847,293.73474,297.44156,302.3669,291.5309,292.44815,292.91553,0.0,706480.2,2373647.2,0.062137064,0.21091704,0.4450519,292.72382,298.03529866536456,305.89743
2021-12-28,-2.697148,-1.4542913,-0.07274652,-1.7597609,-1.2325851,-0.69348335,294.42853,297.61166,302.02582,291.5812,292.86484,293.357,0.0,769181.0,2678593.8,0.16284086,0.3286922,0.5306702,292.07703,296.687255859375,303.59332
2021-12-29,-2.5053508,-1.5264335,-0.41897395,-1.856995,-1.2932543,-0.742526,294.16315,297.8755,302.6842,291.77484,292.81335,293.6771,0.0,569273.3,2077753.8,0.13999479,0.4600586,0.68554634,292.10132,297.44580078125,302.71677
2021-12-30,-3.4488661,-1.7402653,-0.30672362,-2.4850607,-1.9518458,-1.5339516,294.9177,297.42703,300.8396,292.51324,294.08087,294.7839,0.0,499003.12,1813909.5,0.3812749,0.6775171,0.922976,294.16592,298.6970621744792,305.5337
2021-12-31,-3.5016658,-2.1557608,-1.1222175,-2.6779168,-2.1584857,-1.6676856,295.5674,297.1509,300.0255,294.10425,294.81198,295.41928,-1.5,459061.5,1646753.4,0.6093858,0.81788045,0.9516537,293.72354,299.91872151692706,308.46503
2022-01-01,-2.900132,-1.967131,-1.1368674,-2.6041028,-2.2659223,-1.8555956,295.37302,297.11734,299.56024,294.2911,294.86423,295.47617,-1.5,516430.4,1754934.0,0.60928744,0.78754383,0.95351595,291.39215,299.12965901692706,308.08316
2022-01-02,-3.4369268,-2.178206,-1.0209982,-2.982355,-2.268116,-1.7404335,295.2797,297.80496,301.1813,293.78256,294.345,294.8016,-1.5,668675.06,2413885.0,0.46398687,0.72182965,0.9536032,290.33792,298.2956136067708,308.44293
2022-01-03,-2.7812345,-1.7958736,-0.30625775,-3.248451,-1.9896291,-0.9608729,294.65662,297.8054,301.91064,292.50043,293.29306,293.846,-1.5,720656.5,2482414.0,0.13923223,0.49508956,0.7371918,289.967,298.94887288411456,308.88608
2022-01-04,-2.5365152,-1.6143724,-0.15107918,-3.3833103,-1.9796227,-1.1422261,293.59836,297.18185,301.43335,291.804,292.55396,293.47968,-1.5,848058.5,2981309.8,0.091148056,0.37351274,0.7677107,291.3189,300.0453491210937,310.50577
2022-01-05,-1.9871867,-1.0631582,0.302485,-2.3080363,-1.4098505,-0.7497307,293.942,297.5791,302.21054,291.90036,292.7842,293.45618,-1.5,746654.0,2466725.2,0.07120551,0.18569374,0.43398353,293.4661,300.0138753255208,309.38834
2022-01-06,-2.4707918,-1.446299,-0.23882455,-2.5793002,-1.2213259,-0.4807237,294.99118,297.859,302.02094,293.18085,293.76184,294.18295,-1.5,727309.7,2503240.5,0.19425261,0.4406031,0.7181515,293.71506,299.10386149088544,306.9554
2022-01-07,-2.4896708,-1.5046873,-0.18954612,-1.6053932,-0.9036816,-0.29919872,295.6941,298.427,302.38052,293.38727,294.2347,294.71698,-1.5,617402.44,2168336.0,0.2322773,0.42347133,0.5697931,291.999,298.8451538085937,307.6024
2022-01-08,-2.34716,-1.611908,-0.5525766,-1.8573705,-1.1492327,-0.44068065,295.3902,298.36182,301.8199,293.93845,294.33215,294.7353,-1.5,657680.7,2314638.5,0.2728059,0.4620994,0.6704704,291.11423,298.2232259114583,307.94714
2022-01-09,-2.0699823,-1.3596243,-0.23146087,-1.5964512,-0.7741712,0.12612985,295.06516,298.28122,302.40533,293.2743,293.8817,294.27362,-1.5,791482.94,2787104.2,0.21954902,0.5373321,0.83990836,290.1626,296.9747314453125,306.37085
2022-01-10,-2.4296625,-1.2879424,0.1372928,-1.3426847,-0.56573963,0.12597713,295.1724,298.50742,302.9641,292.9601,293.70004,294.08252,-1.5,769334.7,2674988.0,0.0781786,0.30454203,0.6979591,289.28125,297.9529215494792,306.89844
2022-01-11,-1.8841642,-1.1315199,-0.004782587,-1.4924405,-0.5131549,0.20157798,295.6435,298.87027,303.325,293.78046,294.38443,295.0346,-1.5,723253.3,2549309.8,0.1044684,0.32536703,0.6841926,292.57205,296.24607340494794,301.29242
2022-01-12,-1.8783474,-0.87187237,0.0803332,-0.88854057,0.09107965,0.6688343,296.0545,299.15524,303.18256,293.91327,294.625,295.13458,-1.5,758352.44,2687000.5,0.14957756,0.4469271,0.7984429,293.02963,297.0131022135417,302.54614
2022-01-13,-1.8553977,-0.6878398,0.50105995,-0.3225079,0.2731265,0.9254544,295.86606,299.4044,303.8901,293.40366,294.49533,295.2027,-1.5,711960.8,2506972.5,0.15759033,0.334644,0.6929402,292.7282,297.3487955729167,304.55408
2022-01-14,-1.3472592,-0.7505829,0.13607569,-0.49024776,0.194453,0.80144113,296.08786,299.38516,303.5838,294.44415,294.71304,295.1479,-1.5,724978.3,2518591.2,0.15402605,0.38595435,0.7771871,293.13562,298.13189697265625,305.82886
2022-01-15,-2.3945906,-1.404118,-0.080861695,-1.2204512,-0.66708905,-0.19191466,296.2075,299.4457,303.37744,293.83194,294.7419,295.44037,-1.5,702766.8,2575545.5,0.28196448,0.4832691,0.68116826,291.82166,298.0006917317708,305.9011
2022-01-16,-3.0628002,-1.954236,-0.73792624,-2.0971754,-1.6231556,-1.1896937,295.6807,298.971,303.14456,293.896,294.29715,295.09595,-1.5,696702.94,2397641.5,0.25284895,0.56033486,0.8111251,291.0849,298.5036214192708,307.364
2022-01-17,-3.0347378,-1.6163136,-0.34348726,-2.6027,-1.9832033,-1.492827,294.36078,297.93042,301.4461,292.52618,293.5846,294.32028,-1.5,716964.25,2488271.2,0.18922299,0.4346809,0.8728286,291.38495,298.0418294270833,306.70633
2022-01-18,-2.8994806,-1.7197851,-0.053181764,-2.7719524,-1.5503181,-0.90389556,294.39075,297.86426,302.4787,292.2677,292.83307,293.25418,-1.5,830569.25,2884052.2,0.14482203,0.3621366,0.564533,291.23245,298.14678955078125,306.4471
2022-01-19,-2.121072,-1.0843254,0.15144214,-2.3725717,-1.2803949,-0.3283769,293.90717,297.92224,302.81952,291.16104,292.00015,293.20926,-1.5,916111.44,3177093.0,0.029175967,0.30761525,0.5830747,291.93347,298.5921223958333,306.82587
2022-01-20,-1.962983,-0.681101,0.47787806,-0.9556385,-0.24451451,0.6986376,293.81165,297.96262,303.12262,291.25308,292.06314,292.48666,-1.5,925491.2,3194806.5,0.010804481,0.064688124,0.23269446,292.0949,300.3752034505208,310.06375
2022-01-21,-1.295461,0.056109022,1.5483342,-0.4109967,0.7227469,1.7204559,294.2217,298.66495,304.34763,291.5291,292.6235,293.24396,-1.5,931160.3,3255514.8,0.04663554,0.33383512,0.8103056,293.37195,301.633544921875,310.97037
2022-01-22,-1.0362793,0.29065385,1.4585942,-0.0119261155,0.7190037,1.4437474,294.99432,299.46793,305.33484,291.45804,292.87766,293.71292,-1.5,864727.0,3047917.5,0.040872537,0.40376988,0.83300036,293.5182,300.51983642578125,309.15054
2022-01-23,-0.5286416,0.42977366,1.1631069,0.24985199,1.058917,1.7429585,295.45474,299.4648,304.70233,291.9244,293.40012,294.4712,-1.5,763087.44,2723215.8,0.094806015,0.2912552,0.52538013,293.28775,299.1474202473958,307.74792
2022-01-24,-0.72215676,-0.25923988,0.13199697,0.025902938,0.8456381,1.658769,295.74054,298.94766,303.73462,292.7785,293.61447,294.27344,-1.5,746749.3,2695570.0,0.47283924,0.69130546,0.9071115,292.2429,298.7623291015625,307.1657
2022-01-25,-1.5386659,-0.81899214,0.114057936,-0.31010655,0.7938788,1.6757987,295.62708,298.89966,303.11682,293.06458,293.6278,294.06638,-1.5,685140.3,2364484.5,0.47736156,0.74759245,0.9002332,291.19974,298.32932535807294,308.172
2022-01-26,-1.8216975,-0.9946716,-0.25823715,-0.42387995,0.49840984,1.3555831,295.3672,298.5066,302.4836,293.2655,293.70746,294.1535,-1.5,745689.75,2742633.5,0.6063603,0.7673704,0.89271224,291.1076,298.9844563802083,308.0547
2022-01-27,-3.517378,-2.2288897,-0.4941312,-1.4420338,-0.97914076,-0.5630525,295.58386,298.64996,302.98022,292.07516,293.14066,293.83365,-1.5,728434.44,2524725.2,0.625845,0.81000215,0.93221706,292.10126,299.0144856770833,308.18402
2022-01-28,-4.084357,-2.398853,-0.9216804,-2.573765,-2.0709083,-1.5764297,295.75958,298.32224,301.84323,291.64508,293.0377,293.53934,-1.5,480882.25,1943777.4,0.24354167,0.45098385,0.6763422,291.21436,299.1111653645833,308.6359
2022-01-29,-3.5644667,-2.1505215,-0.76000917,-3.4657583,-2.270972,-1.6690794,296.24258,298.5804,301.64465,292.73767,293.49478,294.1701,-1.5,527629.94,1826920.5,0.7166055,0.8474319,0.9461044,288.2342,298.051513671875,308.65967
2022-01-30,-2.386604,-1.4884728,-0.15895979,-2.0647478,-1.104336,-0.31969264,295.96735,298.76184,301.9831,293.823,294.3445,294.7678,-1.5,725384.3,2419496.2,0.23391338,0.5636147,0.86179626,287.32843,297.38633219401044,307.91498
2022-01-31,-2.5097876,-1.4006916,0.09265892,-0.9279729,-0.42308626,0.47933128,295.89938,299.31418,303.68,293.46658,294.131,294.65564,-1.5,813982.2,2676804.0,0.22286645,0.4682945,0.72509885,289.84766,297.8241780598958,307.24887
2022-02-01,-2.4525843,-1.4518589,-0.12602884,-1.3267,-0.50336426,0.36821085,294.553,298.9293,303.72675,292.9564,293.4528,294.37143,-1.5,961894.0,3280276.0,0.016782554,0.25664932,0.5651361,290.4024,298.9583333333333,307.90936
2022-02-02,-2.3008287,-1.4301357,-0.1864199,-0.7427356,-0.22634514,0.19054133,293.87262,298.57602,303.76566,291.40344,292.31473,293.60165,-1.5,958863.44,3300908.0,0.06420472,0.24485509,0.5314753,292.50238,299.6097615559896,309.23737
2022-02-03,-1.478967,-0.54344964,0.51680094,-0.35309365,0.6015772,1.2647943,294.482,298.63663,303.77017,291.6444,292.44955,293.32776,-1.5,979293.2,3362640.2,0.032782044,0.10716236,0.30619478,291.99673,299.4271850585937,307.26883
2022-02-04,-1.6886628,-0.24757577,0.610522,-0.096168265,0.6067051,1.3157309,295.2568,299.71158,305.28247,291.62274,293.00577,294.3178,-1.5,835924.0,2828515.5,0.0067826733,0.055851102,0.27259114,293.71677,299.6066487630208,306.24063
2022-02-05,-2.473507,-1.4664029,0.020487558,-0.2125183,0.20020433,1.1631885,296.28238,299.70435,304.67572,292.9775,293.81357,294.30728,-1.5,744587.7,2485776.2,0.09746913,0.39134476,0.60762924,293.65817,300.5432942708333,309.2715
2022-02-06,-2.791195,-1.9108149,-0.19907942,-0.8242389,-0.37545824,-0.071184285,295.613,299.37662,303.74966,292.52423,293.5218,294.3,-1.5,855579.7,2821653.0,0.33284682,0.5293566,0.65757746,292.40344,300.3065999348958,310.07516
2022-02-07,-2.7310686,-1.5253109,-0.17039,-2.486345,-1.2552806,-0.35421976,295.1336,299.18246,304.22238,291.67538,292.6459,293.7891,-1.5,936022.7,3224459.8,0.37475386,0.5939927,0.85340434,291.72278,299.97727457682294,309.9628
2022-02-08,-2.7720146,-1.5370384,0.19497694,-2.2953963,-1.2290815,-0.3486179,294.57645,299.05014,304.33173,291.45578,292.20016,293.2089,-1.5,917277.0,3199534.5,0.5487314,0.80806917,0.99778974,291.44287,299.93385823567706,310.07785
2022-02-09,-3.222416,-1.9043349,-0.27323723,-2.12413,-1.3474611,-0.5030165,294.13364,298.38693,303.738,290.6621,291.48947,292.2787,-1.5,915945.7,3182792.2,0.3056506,0.50228703,0.93770295,291.03857,299.7509765625,310.0435
2022-02-10,-2.6295524,-1.5369359,-0.01861035,-2.6297786,-1.7560797,-0.94256914,294.33313,298.88693,303.84036,288.83762,290.72614,292.2054,-1.5,458294.66,1603228.5,0.35891587,0.5662356,0.8466924,290.16656,299.73291015625,309.50528
2022-02-11,-1.9428622,-1.2682276,-0.39404792,-2.3002057,-1.8940328,-1.5088118,295.8891,297.97717,300.71588,291.75754,292.91583,293.88983,-1.5,424128.0,1582901.4,0.73037535,0.87310475,0.9691903,291.2802,300.60662841796875,310.55975
2022-02-12,-2.2592642,-1.4777228,-0.42424747,-2.504711,-1.6597594,-1.0138373,295.6282,298.12442,301.2967,292.565,293.45175,294.08386,-1.5,644990.06,2425422.5,0.6197431,0.78507733,0.9165055,291.86737,301.3589274088542,311.889
2022-02-13,-3.1439393,-1.6907719,-0.23686661,-2.2249823,-1.2478521,-0.37975243,294.97714,298.37997,302.4679,291.76385,292.74432,293.43503,-1.5,761125.7,2833481.5,0.25069967,0.56347626,0.7831023,292.96625,301.72320556640625,312.1688
2022-02-14,-3.0526686,-1.9271854,-0.26034164,-2.3144205,-1.3298854,-0.31769332,295.19086,298.7225,303.4006,291.49326,292.69043,293.5814,-1.5,721362.25,2396140.5,0.3467406,0.6377832,0.8526067,293.48804,302.0175374348958,312.5842
2022-02-15,-2.7488976,-1.502911,0.050182417,-2.1892002,-1.2161542,-0.3280095,294.57748,298.63565,303.11996,291.53824,292.2632,293.24905,-1.5,918458.44,3197930.0,0.35086277,0.56221616,0.8752153,293.69827,302.52113850911456,312.57397
2022-02-16,-2.6554778,-1.3003381,0.24662445,-1.7171341,-0.8930974,0.03908201,294.41937,298.62177,303.8869,290.96957,291.7654,292.52594,-1.5,917686.2,3202407.8,0.50095475,0.79830694,0.95139456,296.1391,303.0945231119792,312.15765
2022-02-17,-2.7579303,-1.6330687,-0.0021204418,-1.9246067,-1.1022872,-0.61711437,294.74652,298.83755,303.8595,289.92062,291.37335,292.45377,-1.5,862460.94,2896248.2,0.14387307,0.43093196,0.8316955,296.49588,302.94834391276044,311.1648
2022-02-18,-3.53607,-1.8868507,0.02176572,-1.9014695,-1.2774833,-0.5011222,294.96143,299.036,304.20673,291.31946,292.5017,293.38583,-1.5,815302.8,2837894.0,0.27684456,0.6060951,0.8835756,295.93594,304.0394287109375,313.4221
2022-02-19,-3.2061782,-1.9133762,0.050963975,-2.2683175,-1.2085503,-0.5513907,295.13315,299.00964,303.68768,291.6577,293.0214,293.94,-1.5,983299.0,3393080.5,0.32868376,0.70377475,0.921717,297.33118,304.1350504557292,312.45807
2022-02-20,-2.0637827,-0.7616418,0.5912721,-1.3089067,-0.12750794,0.9050702,295.7357,300.09348,305.40314,291.44153,293.03946,294.31247,-1.5,964047.25,3300266.0,0.10805964,0.1798238,0.36589342,298.47955,304.3217366536458,312.15674
2022-02-21,-1.7426263,-0.43606272,0.79215926,-0.15345098,0.5309128,1.4671521,296.35352,300.78885,305.9873,292.5879,293.99283,295.36435,-1.5,909177.3,3132235.0,0.10895282,0.18219306,0.29316112,298.14954,303.54351806640625,311.4358
2022-02-22,-3.1730354,-1.6989318,0.51621884,-0.61585474,0.116589464,0.60300094,295.97726,300.42786,305.98166,291.3092,293.28473,295.45035,-1.5,972197.0,3305178.0,0.041811332,0.16570795,0.26943862,298.05862,303.2928873697917,310.90143
2022-02-23,-3.9919138,-2.3428783,-0.78045166,-1.324567,-0.9516646,-0.34592676,295.6045,299.916,304.98907,290.61853,292.47723,294.15634,-1.5,864984.7,2946652.0,0.08822569,0.24524474,0.5764129,297.89008,303.6983642578125,311.9753
2022-02-24,-3.184425,-1.9980904,-0.76859,-2.089503,-1.0345967,-0.2095647,295.1551,299.46512,303.9561,290.54526,292.24048,293.41852,-1.5,1019645.56,3464993.5,0.05325502,0.25747028,0.59428734,297.8434,303.8323567708333,312.0141
2022-02-25,-3.50088,-1.8959576,-0.44685552,-1.7413498,-0.9769209,-0.007307201,294.68536,299.4664,304.8629,289.0166,291.03058,292.9865,-1.5,917749.0,3080265.2,0.01696855,0.09513866,0.2550297,297.61722,303.85911051432294,311.84222
2022-02-26,-3.4187357,-2.114504,-0.32471374,-1.5798367,-0.9758708,-0.44106242,295.46597,299.61386,304.6164,290.3757,292.49817,294.2054,-1.5,899788.2,3066729.5,0.08409546,0.30339405,0.5569535,297.37314,304.081787109375,312.48727
2022-02-27,-3.329867,-2.1208363,-0.2743037,-2.1090045,-1.2061421,-0.40678817,295.12698,299.97043,304.8345,291.791,292.72055,294.01294,-1.5,1033159.75,3518735.2,0.100686945,0.26641598,0.5649011,297.1227,303.8599853515625,312.44836
2022-02-28,-3.1507697,-1.661105,-0.028961828,-1.6609153,-1.0163426,-0.28296104,295.2066,300.10587,305.5903,289.08463,291.3884,293.34137,-1.5,1055927.4,3572641.5,0.0070256377,0.117896914,0.37665054,296.92856,303.8791097005208,312.89383
2022-03-01,-3.8447666,-1.8819195,-0.13868427,-2.0089302,-1.485918,-0.8179452,293.91696,299.99954,306.4569,287.66757,289.57205,293.1508,-1.5,1018322.2,3449282.8,0.43769053,0.8003228,0.9969872,297.2433,303.5044759114583,311.7611
2022-03-02,-4.081157,-1.9845537,-0.056369018,-2.229477,-1.6693131,-0.9751685,294.5328,299.6417,305.67154,285.9669,288.0538,290.0558,-1.5,935465.2,3321317.0,0.7424015,0.9365995,0.99883205,297.88733,303.6759847005208,311.81616
2022-03-03,-4.1404123,-1.898336,-0.0052954885,-2.8308527,-2.2194011,-1.5513791,295.24228,299.8976,305.3078,287.78638,289.7142,290.90924,-1.5,875464.3,2928947.5,0.63136756,0.8795138,0.9794848,297.7795,303.67588297526044,312.15118
2022-03-04,-3.2914364,-1.5331179,0.40175822,-3.8843927,-2.4107375,-1.5231792,295.98914,300.197,305.27554,289.26566,291.23132,292.9333,-1.5,931849.06,3260023.0,0.7192859,0.96280766,1.0,297.81186,303.429443359375,311.62268
2022-03-05,-2.9459178,-1.3779911,0.6302724,-3.0644643,-2.1496594,-1.4911523,296.19287,300.70837,305.88608,290.55338,291.76956,293.15088,-1.5,822725.56,2821418.2,0.61408395,0.76795626,0.91316324,297.42514,302.9304606119792,310.53918
2022-03-06,-3.137239,-1.8589417,0.052909717,-3.5189276,-2.3357458,-1.7286191,295.50128,299.89355,304.57693,290.63013,292.12366,293.2966,-1.5,667500.94,2132300.5,0.56903803,0.7838629,0.95787954,297.3013,303.3277994791667,311.47955
2022-03-07,-3.343137,-1.9906373,-0.5894804,-2.397322,-1.1736549,-0.55386716,295.9298,298.72583,301.9059,292.35687,294.05453,294.77722,-1.5,921599.5,3079245.8,0.6119539,0.7808121,0.94725055,297.40817,304.1481526692708,312.48584
2022-03-08,-2.9530942,-1.7568959,-0.140341,-1.4061323,-0.57128817,-0.019555856,296.14926,300.32205,305.1007,292.14566,293.26077,294.54303,-1.5,1060361.0,3583391.2,0.11336274,0.2701495,0.6787528,298.4264,303.496337890625,311.66605
2022-03-09,-3.2034023,-1.6346554,0.2537602,-1.0667541,-0.54807526,0.017648093,295.08307,300.59534,306.54074,290.08224,291.87122,293.88065,-1.5,1077952.9,3611396.2,0.016465241,0.17804871,0.56680423,298.27518,303.58022054036456,311.88406
2022-03-10,-3.030891,-1.5451843,-0.016379664,-0.8580503,-0.51407486,-0.059231505,295.23688,300.5989,306.60376,287.93045,290.7715,293.1238,-1.5,1075175.1,3632322.5,0.004456958,0.29380563,0.7134155,298.57614,302.6116129557292,309.29434
2022-03-11,-3.475215,-1.6232525,0.059227254,-1.3860202,-0.84364563,-0.28080428,294.90613,300.5623,306.85382,288.27142,291.03848,292.9369,-1.5,1090342.0,3666479.8,0.014149613,0.13592476,0.508321,298.70047,303.1981201171875,310.67258
2022-03-12,-3.2970984,-1.5718359,0.23949687,-1.7178115,-1.0015811,-0.31020677,295.22342,300.6991,307.01636,287.84897,289.93637,293.0143,-1.5,1084644.4,3644448.0,0.00724334,0.16764374,0.37784296,298.9573,302.802490234375,310.05646
2022-03-13,-4.1868944,-1.8728808,0.030232515,-1.8447735,-1.2117497,-0.34302086,295.68347,300.9668,307.38504,286.30148,289.62753,291.80945,-1.5,1087446.1,3624418.8,0.1486269,0.48026156,0.72441864,298.53442,302.063232421875,309.32925
2022-03-14,-3.8743231,-1.6799499,0.27215514,-1.9394416,-0.9184167,0.030316617,295.90448,301.4213,307.669,287.7161,290.30557,291.77057,-1.5,1031997.2,3513989.8,0.09586341,0.2525971,0.56872886,297.9634,303.0113525390625,311.60727
2022-03-15,-2.8391504,-0.7790988,0.90329826,-1.011652,-0.15569642,1.0270221,296.35373,301.46057,307.53143,287.90665,291.1205,293.54907,-1.5,1033586.5,3574749.2,0.48413178,0.793652,0.9280122,297.75894,304.12660725911456,312.28146
2022-03-16,-2.3813326,-0.14993092,1.2080055,-1.0418179,0.20863591,1.4548079,296.64587,301.75186,308.11517,289.18713,291.87442,293.45294,-1.5,1042690.3,3501139.2,0.90668386,0.97680616,0.99982727,297.91486,304.38018798828125,312.56546
2022-03-17,-2.4838176,-0.48364508,1.3259463,-0.7202329,0.27785614,1.310382,296.80142,302.2225,308.90335,288.41727,291.83585,293.8432,-1.5,1031112.5,3514028.8,0.54463035,0.84015536,0.98734623,298.2656,303.7823079427083,312.2099
2022-03-18,-1.6822189,-0.33546838,0.73605853,0.010481178,0.6632478,1.5174923,297.71558,302.13965,308.5105,289.6106,292.36633,294.47778,-1.5,954060.3,3385346.2,0.1946485,0.44346014,0.7565681,298.19675,303.98415120442706,312.03928
2022-03-19,-0.7568137,0.4390994,1.4011667,0.017920066,0.7541515,1.6169987,298.59152,302.54733,308.1416,291.71014,294.06467,295.16208,-1.5,860227.7,2964850.0,0.20389506,0.36964425,0.57546127,298.53647,304.6264241536458,312.26825
2022-03-20,0.8113235,1.2784452,1.8287808,-0.118890464,0.36556602,1.0084559,297.74802,301.87625,307.3152,291.86383,294.09006,295.2278,-1.5,980846.94,3341474.2,0.17260711,0.38358203,0.55924934,299.51703,305.068115234375,312.61734
2022-03-21,-0.09835705,0.93876266,1.8305515,-0.15069778,0.6458463,1.5451435,298.51108,302.89084,308.59335,292.28558,294.2018,295.1579,-1.5,880842.2,2885883.5,0.15480512,0.38091812,0.7450664,298.9957,304.22906494140625,311.4124
2022-03-22,-0.9800158,0.26647994,1.6177255,-0.99930793,0.13602588,0.9213651,298.82947,302.64227,307.17706,292.9678,294.7402,296.363,-1.5,931594.7,3045373.2,0.597021,0.72096205,0.90671706,298.49445,303.6132405598958,310.7866
2022-03-23,-1.9984255,-0.72965384,0.1313823,0.40364456,1.2561854,1.9313643,299.051,302.47592,307.26797,294.62473,295.92093,296.69653,-1.5,905048.5,3187065.0,0.22389263,0.54610485,0.77956194,298.64297,303.787353515625,311.45126
2022-03-24,-1.7037808,-0.617399,0.5346423,0.8917481,1.4256697,2.2175107,298.77066,302.45114,307.41284,293.54266,295.58554,296.59973,-1.5,903242.2,3044050.2,0.17548336,0.2944188,0.41715127,298.18945,304.3350830078125,312.41187
2022-03-25,-1.3694683,-0.5624189,0.259923,1.0362645,1.6907076,2.3647852,298.33447,302.25967,306.94992,293.99548,295.6261,296.53403,-1.5,917476.2,3109893.0,0.12437178,0.2853068,0.4217182,298.05396,304.4908447265625,312.5995
2022-03-26,-1.975219,-0.8762884,0.08877964,0.9479905,1.4982649,2.037608,298.56424,302.48447,307.355,294.14035,295.5887,296.46713,-1.5,960742.8,3278039.5,0.13794611,0.23531675,0.33900934,298.4315,304.7143147786458,312.76562
2022-03-27,-2.1892095,-0.82594806,0.16451275,0.9360521,1.3257747,1.7195255,298.77652,302.6188,307.71542,293.83884,295.6086,296.43848,-1.5,970981.5,3271345.8,0.05552503,0.17063165,0.35076544,298.46005,304.6766560872396,313.00143
2022-03-28,-2.1123488,-0.76645947,0.27718636,0.97689664,1.5663795,1.9793806,298.67584,302.89798,308.0549,293.69543,295.48056,296.78174,-1.5,983318.8,3370547.2,0.07697623,0.15985547,0.26486665,298.34955,305.1081949869792,313.4483
2022-03-29,-1.3823761,-0.2244968,0.70324564,1.2614256,1.9235939,2.2841458,299.24228,303.35278,308.43082,293.01138,295.46634,296.78384,-1.5,973973.2,3385308.0,0.08546086,0.16936457,0.31766608,298.82236,305.4618326822917,314.3853
2022-03-30,-1.6424617,-0.09986877,0.94822526,1.3398654,1.934811,2.4468038,298.713,303.23587,308.47028,293.16306,295.41415,297.0307,-1.5,1011447.7,3464539.8,0.09567216,0.18047154,0.38236666,298.6574,305.8542887369792,314.87332
2022-03-31,-1.8092902,-0.29264215,1.200251,0.98650193,1.6824919,2.3180957,299.11584,303.3987,308.86578,292.23068,295.015,296.55652,-1.5,967615.3,3272614.0,0.04973932,0.1497472,0.27570182,298.8429,305.47802734375,314.57867
2022-04-01,-1.722245,-0.5062105,0.5306206,1.3176682,1.9569749,2.3773296,298.94955,302.80988,308.05826,292.8352,295.32095,296.82275,-1.5,969146.8,3279391.2,0.09801456,0.21952106,0.3665886,298.69067,305.83544921875,314.71042
2022-04-02,-1.7459683,-0.55629015,0.5831921,0.7794203,1.4840474,2.0289762,299.0378,302.8363,307.8685,293.03616,295.40762,296.68835,-1.5,1005336.7,3344860.5,0.10841849,0.20258863,0.28197497,299.27228,306.2940673828125,314.29178
2022-04-03,-2.3191097,-1.094277,0.024944846,0.64426553,1.1709734,1.8525856,298.64734,302.8055,307.90833,292.8444,295.39206,296.6821,-1.5,1009118.2,3423093.2,0.06189698,0.16608815,0.2593483,299.46683,305.8105875651042,313.84384
2022-04-04,-2.733922,-1.5591494,-0.42010367,0.45416123,1.0248506,1.5237812,298.5641,302.63156,307.89,292.00665,295.08133,296.57874,-1.5,956203.3,3250442.8,0.04416706,0.19675215,0.42926678,299.2713,305.2589925130208,313.4174
2022-04-05,-2.7694623,-1.3170704,0.25085783,0.33794,1.0096074,1.5704948,298.02533,302.3326,308.0538,291.78577,294.71155,296.3749,-1.5,947118.3,3312097.5,0.12491027,0.35145196,0.51003826,300.23138,305.7060139973958,313.91965
2022-04-06,-1.9666587,-0.70783776,0.19915742,0.18304995,0.9910703,1.8010668,298.19693,302.3441,307.53226,292.22638,294.57803,295.9672,-1.5,1040572.2,3462720.8,0.25719747,0.38349548,0.54848725,299.12634,305.6169026692708,314.1095
2022-04-07,-2.7649071,-1.1084633,0.3592248,-0.18781109,0.49998322,1.4296093,298.69806,302.9402,308.1848,292.48203,294.81082,296.18393,-1.5,874965.8,3164454.0,0.17250368,0.28090715,0.4385708,298.96146,305.6148274739583,314.7747
2022-04-08,-2.0895007,-0.7569428,0.3210102,0.027735244,0.79171395,1.5846758,298.37863,301.59982,305.80112,294.22458,295.787,296.3824,-1.5,874713.7,3036465.8,0.33548814,0.64954734,0.9456721,297.99945,303.7185465494792,312.01138
2022-04-09,-1.8905226,-0.36872634,0.856625,-0.50613713,0.27024248,1.3808104,297.99936,301.3207,306.92575,294.6106,295.72928,296.49692,-1.5,599352.94,2286394.2,0.7530766,0.87894124,0.99228823,297.32803,301.9907633463542,309.73007
2022-04-10,-1.6673452,-0.5632647,0.35078242,-1.2067187,-0.47624913,0.43286574,298.22134,301.063,305.42343,295.0142,296.04468,296.64908,-1.5,728200.8,2553875.2,0.853766,0.9407528,0.9875394,296.6723,300.6105143229167,306.21533
2022-04-11,-1.8968848,-0.73844594,0.43518585,-1.1512825,-0.32654324,0.5988878,298.4088,301.06754,305.23685,295.08453,296.46536,297.03745,-1.5,633916.2,2399745.8,0.9043298,0.9705639,0.9975739,295.6308,300.3516845703125,306.3945
2022-04-12,-1.7493428,-0.7218258,0.25157428,-0.5269794,0.26062778,1.0998077,298.32965,300.79343,304.4545,296.12292,296.7911,297.05585,-1.5,581437.5,2364865.8,0.9179788,0.97618765,0.99825794,295.7823,301.2938639322917,307.70776
2022-04-13,-1.7642697,-0.37149215,1.070249,-0.13881657,0.9467077,1.5942383,298.04984,300.41068,304.1905,296.34332,296.77563,297.24252,-1.5,745312.94,2800282.2,0.967046,0.98911065,1.0,297.58646,302.4108072916667,310.05634
2022-04-14,-0.4905491,0.5871519,1.3776834,0.4130255,1.2251643,2.3722768,297.77847,301.17847,305.88507,295.98676,296.5583,297.06473,-1.5,1016806.3,3477705.5,0.79324174,0.89104223,0.99940306,297.39835,302.0482584635417,309.13004
2022-04-15,-0.04561458,0.71388894,1.2079444,0.74129546,1.5814233,2.2203593,298.58508,302.37048,307.58688,295.41394,296.18753,296.76453,-1.5,992374.0,3291497.5,0.12727872,0.39188337,0.83662635,297.76324,302.364013671875,309.0485
2022-04-16,-0.12204777,0.85616785,1.4797693,0.7049218,1.4475814,2.3095067,298.64426,302.87497,307.89465,295.86502,296.63754,297.24426,-1.5,946371.7,3353849.2,0.050045945,0.23003034,0.4424888,298.53632,303.115478515625,310.16705
2022-04-17,0.05526657,0.96818477,1.6725969,-0.056941137,0.7105083,1.4579762,297.87735,301.64188,306.8632,295.3045,295.9855,296.8095,-1.5,934919.5,3192638.5,0.103279516,0.5294109,0.9451949,297.1835,301.5989583333333,307.4188
2022-04-18,-0.39734912,0.6138634,1.21784,-0.6665574,0.12217996,1.1641666,298.34567,302.03714,307.16296,295.19348,296.12558,296.84552,-1.5,953838.5,3158210.2,0.16711462,0.5348099,0.8334535,295.3632,300.3125,306.46902
2022-04-19,-0.50764143,0.19349253,1.0433383,-0.25708482,0.4384884,1.2981715,299.48145,302.85278,307.4214,296.11392,296.74344,297.3612,-1.5,997448.3,3376082.8,0.35216004,0.68182975,0.8929284,295.22937,301.7725830078125,308.64667
2022-04-20,-1.8962784,-0.8887189,0.30989346,0.343413,0.8875448,1.573229,299.7667,303.34647,307.91647,295.68695,297.15323,298.05676,-1.5,965202.3,3255693.5,0.10657549,0.30067295,0.80068916,295.94388,301.4602457682292,308.66916
2022-04-21,-2.4757416,-1.2379647,-0.38277242,0.36870712,1.0420243,1.6629679,299.31345,302.99765,307.8049,295.02362,296.75656,297.59875,-1.5,953271.06,3292618.0,0.11504967,0.25451836,0.49816352,296.03278,300.78249104817706,307.1148
2022-04-22,-2.6534097,-1.183303,0.04018508,0.18443845,0.88284874,1.7180365,298.4842,302.4121,306.96298,295.02252,296.22855,297.2938,-1.5,784568.25,2650214.8,0.21359348,0.5189257,0.9848438,296.03302,302.7464803059896,310.76483
2022-04-23,-1.4634497,-0.20365644,0.6820908,0.22521633,1.1520346,1.7543676,298.1303,301.57242,306.27985,295.53696,296.20932,296.8443,-1.5,919935.3,3112130.2,0.7495471,0.91271853,0.9827107,297.19046,303.66615804036456,311.7969
2022-04-24,-1.897072,-0.54458314,0.62982875,-0.015075345,0.7543034,1.5940189,298.6878,302.59897,307.4177,294.75848,295.99902,296.85168,-1.5,999139.8,3404041.0,0.2805746,0.6292017,0.949025,297.95203,304.41176350911456,312.70648
2022-04-25,-1.4268228,-0.40008116,0.53435737,0.86136264,1.3471247,1.9651899,299.3815,303.3325,308.24857,293.59583,295.887,297.0324,-1.5,1030712.75,3351367.5,0.2644559,0.34442863,0.4810334,296.82938,303.1538492838542,310.8228
2022-04-26,-1.9919003,-0.8091112,0.43091583,0.6552115,1.1709205,1.7814796,299.16547,303.48947,308.3961,294.52994,296.2649,297.422,-1.5,1046752.25,3442071.8,0.089673474,0.2272362,0.39639533,296.66385,302.5386149088542,311.07657
2022-04-27,-2.5773838,-1.0075918,0.5385704,0.4666771,1.2484072,1.9843717,299.30035,303.45206,308.51636,294.637,296.15942,297.30646,-1.5,1041700.0,3433504.8,0.08679138,0.22017689,0.45306098,296.5252,302.65268961588544,310.72617
2022-04-28,-1.3830438,0.015957685,1.4370812,0.5036902,1.5746349,2.4632611,299.78308,303.75497,308.971,293.90768,295.92654,297.13107,-1.5,1047787.75,3541643.0,0.2625272,0.42863202,0.65788764,296.40256,302.82810465494794,311.08313
2022-04-29,-1.8087326,0.011404735,1.5982926,0.14710091,1.3762985,2.6860507,299.59598,304.02368,309.63086,293.97577,296.093,297.2463,-1.5,1043273.7,3373775.8,0.23826866,0.5136159,0.72611374,296.49374,303.27357991536456,311.54602
2022-04-30,-0.45144305,0.87003803,2.1641843,-0.49697572,0.81305045,2.1806931,300.40652,304.33667,309.52594,294.10284,296.2313,297.6906,-1.5,979220.0,3196609.8,0.103815034,0.36434636,0.7211649,296.7504,302.5948079427083,311.35086
2022-05-01,-0.102525264,1.219225,2.1268694,-0.26239556,0.55471754,1.4242936,298.8809,303.5493,309.26605,294.78143,296.0142,297.16263,-1.5,1001644.56,3394506.8,0.3903348,0.6039373,0.9384755,296.6983,302.81479899088544,310.86566
2022-05-02,-0.94172794,0.5995209,1.9420122,-1.3081433,0.18821836,1.6979865,299.6197,303.9329,309.27457,294.39792,295.68262,296.85693,-1.5,996455.25,3243563.5,0.29129642,0.46568117,0.6010681,296.58328,303.3647867838542,312.2323
2022-05-03,-1.8654317,-0.30289325,0.97108966,-0.34317356,0.5055191,1.4582102,299.89862,303.95215,309.32974,294.77957,296.39697,297.4066,-1.5,942593.44,3096190.5,0.30227366,0.4974071,0.7220138,296.4153,303.67152913411456,312.84332
2022-05-04,-1.5009766,0.14257063,0.9967384,-0.24601476,0.3645443,0.7904808,298.51297,302.7661,308.45258,295.48566,296.29938,297.26883,-1.5,915767.5,3108903.0,0.4565044,0.6146826,0.72817504,297.32315,304.6222330729167,313.70068
2022-05-05,-0.67059076,0.16488537,1.0100695,-0.8376089,0.2852839,1.1897328,299.19656,302.97952,307.52625,295.2507,296.41333,297.64276,-1.5,948847.8,3241074.5,0.33030638,0.48536548,0.716261,298.0042,304.1863199869792,312.8042
2022-05-06,0.033037186,0.663541,1.8528583,-0.061469354,0.5025844,1.0632002,298.95044,303.32312,308.32462,295.72446,296.54422,297.22275,-1.5,983039.8,3236121.0,0.33462802,0.61521953,0.82833904,297.93668,303.7215983072917,312.80954
2022-05-07,0.056381945,0.9485431,1.6055828,-0.39438683,0.23442487,0.856152,299.2066,303.3635,308.7801,294.17676,295.73978,296.8084,-1.5,911717.56,3327473.8,0.31406492,0.6747208,0.9695051,296.84213,302.1636149088542,308.94528
2022-05-08,0.13845699,1.0794872,2.2518604,-0.962166,-0.16214462,0.88804525,299.62277,303.37366,308.27026,294.7338,295.76645,296.61813,-1.5,607562.56,2163578.0,0.87698483,0.9882372,1.0,296.35577,302.6254475911458,311.07388
2022-05-09,1.9066266,2.525993,3.120644,-0.74506414,0.30945548,1.3335338,299.58438,302.95505,306.80963,295.23343,295.83353,296.7826,-1.5,606585.25,2208459.8,0.99914515,0.99996334,1.0,296.2202,303.28782145182294,311.83893
2022-05-10,2.9395237,3.4235592,3.7915158,-0.5081793,0.34120956,1.0435318,299.34848,301.42783,303.7951,294.499,295.43695,296.07208,-1.5,473540.12,1620988.5,0.99997675,0.99999905,1.0,296.788,302.8909912109375,311.05185
2022-05-11,2.3022258,3.5840223,5.318414,0.16290912,0.7942631,1.2033746,298.5246,301.0319,303.91382,294.23273,294.73486,295.07797,-1.5,591218.1,2006311.9,0.9727038,0.9953807,1.0,296.81555,302.77862548828125,310.74176
2022-05-12,2.3740225,3.045368,4.262832,0.46824214,0.9125624,1.2315652,297.42972,300.4558,304.2305,294.37256,294.746,295.19162,-1.5,602151.5,2464325.0,0.75520706,0.8615076,0.958635,296.82816,302.5634358723958,310.90945
2022-05-13,1.2602595,2.341979,3.7631726,-0.5498447,0.6981427,1.6515591,297.78513,301.40762,305.36752,294.7027,295.47998,296.13254,-1.5,735399.8,2534971.5,0.690163,0.8601785,0.9647968,296.62115,303.4477945963542,312.0442
2022-05-14,1.4041463,2.260966,3.237673,0.69693416,1.1120037,1.7685486,298.5923,301.641,306.20038,295.74796,296.4785,297.36185,-1.5,694297.3,2591049.2,0.68907124,0.81811255,0.9727695,297.3507,304.0727132161458,312.7067
2022-05-15,1.1908642,2.1762912,3.105729,0.41055858,0.8165669,1.2783408,298.26993,301.15207,304.64813,296.31116,296.7462,297.25363,-1.5,625677.94,2220003.2,0.86665004,0.9356456,0.9853865,298.02713,303.0777994791667,311.0925
2022-05-16,0.7431332,1.480368,2.452316,0.16982315,0.71501285,1.1165702,298.39215,300.66177,304.46594,296.4173,296.83157,297.28485,-1.5,750760.3,2546393.5,0.955548,0.9793796,0.9955003,297.9231,303.2678629557292,311.15488
2022-05-17,-0.36500436,0.76435226,1.1109424,0.4605217,1.4051709,2.0889742,298.4821,301.1977,305.27023,296.6853,297.2467,297.86752,-1.5,674809.7,2242221.5,0.8352432,0.9489352,0.98721814,297.68948,302.33957926432294,309.9882
2022-05-18,0.9695714,1.3912843,1.7247572,0.8956797,2.025347,2.7097747,298.2058,300.58725,303.39728,295.89655,296.7369,297.13644,-1.5,726187.2,2459874.2,0.8563435,0.9301223,0.98476326,298.21698,302.64524332682294,309.8175
2022-05-19,1.8315164,2.8017294,4.1680975,1.3292775,1.7821932,2.3527372,297.62088,300.6041,303.72406,294.74402,295.7004,296.19626,-1.5,930283.75,3013967.0,0.38011688,0.7813212,0.99177384,297.43985,302.8733317057292,310.6215
2022-05-20,1.8721081,2.692356,4.03122,1.0715648,1.496675,2.025622,298.35266,301.60046,305.94888,295.2209,295.9308,296.7528,-1.5,899391.0,2974649.5,0.32455125,0.58725464,0.8959354,296.73654,302.5711669921875,310.55008
2022-05-21,2.1094553,3.3053255,4.53022,0.84281546,1.0926715,1.4789377,299.1058,301.94522,305.57132,295.1748,295.5033,295.97095,-1.5,741946.75,2574155.0,0.25607303,0.48550344,0.8242439,296.71902,301.5364990234375,309.2725
2022-05-22,2.52787,3.449249,4.632127,0.078795835,0.6684802,1.082296,298.81598,301.95474,305.6883,294.88623,295.4824,295.87244,-1.5,959337.2,3105772.8,0.5427487,0.65234,0.7787911,296.74554,301.9464925130208,309.33908
2022-05-23,1.6116683,2.539078,3.7075603,-0.33689892,0.43148673,1.2938437,299.26138,302.7926,307.43347,295.137,295.89813,296.45334,-1.5,953994.44,3134080.8,0.3553213,0.59056777,0.88281727,297.15326,302.49228922526044,310.47162
2022-05-24,0.96781284,1.7399162,2.74379,0.10651866,0.992151,2.2282803,299.1061,302.90927,307.68747,295.46698,296.3612,297.01385,-1.5,954072.2,3090170.2,0.46025977,0.7304058,0.9537671,296.31314,302.2133382161458,309.68753
2022-05-25,0.45964596,1.1195949,1.9683894,-0.60866386,0.8747069,2.0448275,299.214,302.59286,307.1013,295.72696,296.50403,296.957,-1.5,910162.75,2999242.0,0.2476102,0.5351574,0.94701874,296.10608,300.3438313802083,306.8576
2022-05-26,1.3520632,1.9539844,2.3298364,0.7443826,1.2832844,1.9372712,298.3776,301.85873,307.29938,295.73087,296.25052,296.83807,-1.5,948285.0,3266489.0,0.26247403,0.47538623,0.7258306,295.6147,301.432373046875,309.3039
2022-05-27,1.4791875,2.115051,2.8624187,-0.12422034,0.65818554,1.3209176,298.35538,302.2637,307.20013,294.9411,295.75574,296.2727,-1.5,982073.0,3302449.8,0.17303582,0.38864318,0.6396695,295.4288,301.81451416015625,309.45282
2022-05-28,1.6773962,2.4142323,3.0921664,0.4440837,1.1494645,1.9248365,298.88077,302.55234,307.33478,294.54184,295.46014,296.16583,-1.5,951979.2,3193207.5,0.16427094,0.34172344,0.5384871,296.08932,301.9208984375,308.99792
2022-05-29,1.2672731,2.0466814,3.0905747,0.44959006,1.2534813,2.1938436,298.90298,302.32855,307.06027,294.86545,295.71408,296.5162,-1.5,977787.3,3252835.2,0.17519094,0.43611774,0.6579307,296.27167,301.05430094401044,308.67087
2022-05-30,1.2089173,2.0408728,2.703438,0.36206508,1.025788,1.6679591,298.7236,302.4576,307.36627,294.87933,295.68573,296.1939,-1.5,883657.06,3033064.2,0.59822,0.72775,0.88515115,295.81516,300.5336303710937,307.5375
2022-05-31,1.4513365,2.3663611,3.339405,-0.2431852,0.7838648,1.843281,299.0623,302.07535,306.60904,295.036,295.57025,296.0998,-1.5,929675.8,3185757.2,0.81785405,0.9173114,0.9833888,295.7361,300.82989501953125,309.01483
2022-06-01,1.76471,2.752453,4.0599785,-0.29080072,0.46193114,0.89529324,299.17206,302.75168,307.28867,294.63593,295.70755,296.2538,-1.5,988988.8,3254490.8,0.41137934,0.63846165,0.8628501,295.8171,301.9901326497396,309.27017
2022-06-02,1.7508335,2.479008,3.3141184,0.019184547,0.6088668,1.2703867,299.23376,302.91165,307.7365,295.00195,295.66742,296.33398,-1.5,1019289.5,3364370.5,0.38953903,0.61423135,0.8018709,294.67313,300.0292358398437,307.81857
2022-06-03,1.1756647,2.081157,3.1822686,-0.04831413,0.7304249,1.7659241,299.18826,303.10684,308.08386,295.00696,295.66107,296.39954,-1.5,1004702.44,3376123.0,0.09299793,0.36072662,0.5474747,294.2962,299.0400797526042,305.4551
2022-06-04,-0.02199298,1.2756351,2.2525363,0.040833175,1.1234857,2.0089214,299.60165,303.26352,308.187,294.9095,296.04642,296.75928,-1.5,960468.2,3123525.8,0.24853815,0.5283677,0.82221067,295.64233,298.6413167317708,304.7236
2022-06-05,1.2462444,1.7337996,2.169533,0.41733423,1.2500972,1.6937016,298.00293,302.55334,307.99713,295.45023,296.33813,297.02206,-1.5,898391.8,3110897.8,0.43937683,0.75271004,0.9745582,295.83673,298.8233235677083,304.8092
2022-06-06,0.6219847,1.4719819,2.7431955,-0.107705936,0.7249339,1.4215024,297.8727,301.76205,306.44415,295.67935,296.31516,297.3093,-1.5,695230.94,2201465.0,0.8970452,0.95016474,0.99122363,294.46878,297.892333984375,302.80548
2022-06-07,1.623754,2.418478,3.0283725,1.0092051,1.33344,1.5598063,298.31952,301.411,304.75607,295.66202,295.9608,296.24524,-1.5,967806.25,3271326.5,0.82158726,0.9496611,0.9919996,294.83737,299.21901448567706,305.33377
2022-06-08,1.6779252,2.7438123,3.921188,0.24455553,0.7614327,1.3232032,299.11942,302.66635,307.60074,295.1091,295.80603,296.6161,-1.5,978176.3,3271933.8,0.18698281,0.47124735,0.7055558,294.70837,297.87156168619794,303.42877
2022-06-09,1.1461653,2.1849082,3.3332992,-0.038694635,0.9028721,1.4854797,299.20584,302.74506,307.48047,294.87253,295.89243,296.84348,-1.5,910832.94,3001252.2,0.29005218,0.62530214,0.994483,294.4949,298.7327880859375,305.45062
2022-06-10,1.5578512,2.4800107,3.34096,0.66036004,1.2589271,1.7697653,298.84177,302.46414,306.95633,294.76746,295.7064,296.26193,-1.5,931388.25,3079357.2,0.83887523,0.94456893,0.98867863,294.50687,297.9845784505208,303.1312
2022-06-11,1.6252682,2.2789268,3.125146,0.73748773,1.2796825,1.8404131,299.03128,302.40067,306.48383,295.03003,295.62546,296.2713,-1.5,881606.0,2978541.2,0.83261496,0.91768557,0.9962945,294.23785,299.35219319661456,306.99167
2022-06-12,1.7945718,2.191661,2.7300963,-0.19670536,0.7969964,1.6666373,298.15042,302.11963,307.1458,294.87857,295.65744,296.37,-1.5,936121.8,3050986.8,0.5662254,0.78940076,0.97711706,294.07208,298.9346110026042,305.98535
2022-06-13,0.80130994,1.6852922,2.584838,-0.6385531,0.4485594,1.5312581,298.95108,302.36914,306.74005,294.11084,295.47836,296.55426,-1.5,966867.7,3264178.2,0.4858297,0.7605154,0.9922809,294.3307,298.9857584635417,305.50433
2022-06-14,0.83452994,1.347279,2.0413098,-1.0001286,0.29982427,1.4343523,298.2619,302.4248,308.0465,294.56757,295.6572,296.39154,-1.5,857659.7,2895855.8,0.6731018,0.864691,0.9901472,294.45554,299.9725952148437,306.18054
2022-06-15,0.60822207,1.2800899,2.1888723,-0.9451553,0.12439674,1.2034415,297.62888,301.11673,305.6042,295.67636,296.25986,296.95563,-1.5,839618.06,2874340.5,0.7981387,0.9074731,0.97081757,295.5474,300.9837646484375,307.68204
2022-06-16,0.2780819,1.0508095,1.8051714,-0.5164771,0.46535692,1.6540544,297.7222,301.22266,306.13962,295.79636,296.3722,296.828,-1.5,668810.44,2458247.0,0.79992133,0.92377037,0.9817454,296.6008,301.7913818359375,309.11017
2022-06-17,-0.72101307,0.5067418,1.3614134,-0.3816181,0.9052251,1.8290615,298.01703,300.9717,305.0703,295.47327,296.49313,297.5856,-1.5,784476.8,2659875.8,0.86973995,0.9680404,0.9989383,296.4955,301.0304768880208,308.119
2022-06-18,0.49518618,0.93970346,1.2226148,0.37845543,1.102279,1.9078882,297.99283,301.08688,305.04547,295.89258,296.5227,297.03287,-1.5,852638.7,2970952.5,0.52858984,0.7275923,0.8969556,296.48074,302.5907389322917,310.6614
2022-06-19,0.84707135,1.3641495,1.9397285,-0.25900298,0.66409165,1.7961473,297.71164,301.14767,305.69055,295.83047,296.43323,297.24402,-1.5,880757.7,2934888.2,0.654617,0.79978424,0.90610015,297.392,302.984619140625,310.70486
2022-06-20,1.3624228,1.8652443,2.3339477,-0.041567147,0.5853151,1.4925083,298.30634,301.4967,305.76633,295.32043,295.99667,296.62302,-1.5,789607.5,2838875.0,0.7669607,0.88515973,0.95623803,296.9783,302.9408162434896,310.83386
2022-06-21,1.737897,2.430533,3.3089004,-0.088476464,0.3763275,0.77906734,298.22577,301.1133,305.80695,294.76746,295.4617,295.92523,-1.5,768286.25,2592347.5,0.9286481,0.96489424,0.9946269,296.9775,301.9002685546875,309.21188
2022-06-22,1.2186377,2.0296,3.1900878,0.038690727,0.8093831,1.5214908,298.20502,301.23068,305.42484,294.78403,295.3994,295.8763,-1.5,830564.75,2753471.0,0.9484916,0.9833911,0.9968113,296.1888,301.4286092122396,308.75568
2022-06-23,1.0314604,1.7616507,2.502197,0.51312834,0.9270668,1.320178,298.36694,301.52075,305.41702,295.17126,295.94357,296.65674,-1.5,885634.7,2879585.5,0.9330858,0.98377246,0.99910027,296.03094,301.54665120442706,308.80954
2022-06-24,1.7631102,2.7057312,3.9724412,0.29751042,0.83675784,1.4145169,298.68356,302.14453,306.81152,294.63916,295.35983,296.0845,-1.5,624368.3,2141521.8,0.7894281,0.89679027,0.9913927,296.6804,302.7207845052083,309.69952
2022-06-25,1.9686134,3.1835063,4.5009527,0.09548681,0.82145673,1.2995219,298.73807,301.2756,304.35803,294.55542,294.79947,295.07614,-1.5,845639.2,2828364.2,0.94208425,0.98794204,0.9997255,297.39554,301.5410970052083,308.9037
2022-06-26,1.6883826,2.9169085,4.4514503,0.1258674,0.8682278,1.6513635,298.37625,302.23087,306.70496,293.38464,294.59183,295.553,-1.5,865025.44,2911982.5,0.6753833,0.86885786,0.9887475,297.9972,302.6156209309896,309.43814
2022-06-27,1.4299905,2.7271166,4.0909233,-0.36809075,0.33716047,1.3339632,298.09647,301.94394,306.28662,293.86716,294.73453,295.42035,-1.5,841180.2,2790069.5,0.9021691,0.9524072,0.98810035,297.95844,303.32053629557294,310.47974
2022-06-28,1.5101157,2.4282346,3.4054868,-0.057704583,0.32223514,1.0728339,298.70004,301.66794,305.61743,294.28055,294.87155,295.44537,-1.5,739856.3,2585337.0,0.3937894,0.71767527,0.9736704,298.09033,303.2023518880208,310.0762
2022-06-29,2.1361299,2.8112977,3.5304656,-0.37124947,0.12346988,0.5632107,298.3043,301.88174,306.1777,294.328,295.20932,295.9994,-1.5,730813.7,2516640.2,0.5302163,0.6765047,0.92528176,298.16705,303.32822672526044,311.0586
2022-06-30,2.5724185,3.3753173,4.3799586,-0.2784042,0.10219344,0.8340502,297.99426,300.94266,304.9449,294.614,295.06467,295.70062,-1.5,775992.2,2805566.0,0.8080256,0.9238879,0.9793037,297.76648,303.17295328776044,311.0334
2022-07-01,2.4847586,3.2575471,4.718818,-1.3460916,-0.2989458,0.3692463,298.72067,301.92993,306.2726,294.65967,295.27072,296.2103,-1.5,814456.2,2604555.5,0.5939747,0.761446,0.90466833,296.50708,301.2484130859375,309.5697
2022-07-02,1.6754991,2.655497,4.30331,-1.7339776,-0.029868834,0.97511214,299.02,302.29477,306.87976,294.696,295.53217,296.24973,-1.5,641135.56,2498740.0,0.6409595,0.83616143,0.97833526,296.4066,301.12021891276044,308.05457
2022-07-03,2.2284424,3.4716108,3.9398966,-0.039362665,0.4736835,1.0770472,298.4671,301.25058,305.20438,294.747,295.45483,296.64154,-1.5,554025.7,2068333.0,0.94738805,0.97585326,0.99330175,296.84125,300.05641682942706,306.0016
2022-07-04,2.7712417,3.5774486,4.654194,-0.5328197,0.3104112,1.0463517,298.68958,301.14645,304.17868,293.79367,294.8372,295.54218,-1.5,402980.6,1556019.0,0.9466639,0.9879833,0.99885285,293.96597,297.9337565104167,303.70123
2022-07-05,2.4223852,3.290392,4.529634,0.49722943,0.769471,1.2728631,298.28812,300.1312,302.7978,294.36325,295.15015,295.60956,-1.5,394817.66,1514237.5,0.912952,0.9866662,0.9995741,293.8991,297.01580810546875,301.61932
2022-07-06,1.837675,2.6130874,3.4589906,0.48675105,0.73991966,1.0017089,298.0227,300.10587,303.02927,295.14117,295.40536,295.7765,-1.5,389775.4,1269578.6,0.98172826,0.9968589,1.0,294.0665,298.4100545247396,304.7469
2022-07-07,2.163427,2.92607,3.4194856,-0.28129578,0.4778235,1.197811,297.694,299.75565,302.57312,294.4298,295.26157,295.77582,-1.5,609561.0,2190329.5,0.89569956,0.9663186,0.9949742,294.71286,298.75160725911456,304.97595
2022-07-08,2.6833417,3.3074691,4.524411,-0.6418502,0.17249821,0.9534492,298.29105,300.94275,304.1698,294.30856,294.6727,295.18964,-1.5,467987.1,1705229.8,0.79114634,0.9390045,0.9999412,294.3178,298.8149007161458,305.67618
2022-07-09,2.980742,3.6453168,4.91261,0.032707203,0.65065086,1.0455978,298.32642,300.0906,302.76086,294.54495,295.16037,295.67258,-1.5,581864.3,1954063.1,0.97994214,0.992307,0.9991299,293.6751,298.85939534505206,305.69852
2022-07-10,2.942707,3.7143319,4.9213905,0.35888243,0.798945,1.0642165,298.52927,300.80643,304.2235,294.52475,294.965,295.49957,-1.5,455668.0,1504593.4,0.935052,0.9873552,0.9994939,293.48102,299.1276448567708,306.45563
2022-07-11,2.8649588,3.4382095,4.327204,0.89804655,1.1363034,1.555407,298.2196,300.16806,303.0413,294.61795,295.07455,295.7927,-1.5,800989.2,2661061.8,0.9739614,0.9929201,0.9995897,293.60513,300.5792236328125,307.79614
2022-07-12,3.3417292,4.313523,5.995128,0.46857613,1.1786822,1.840294,298.45374,301.3227,305.0517,293.74408,294.44165,295.142,-1.5,785900.44,2451616.5,0.7941379,0.94021004,0.9981977,295.41675,301.33705647786456,308.26288
2022-07-13,3.359481,4.653591,6.7119927,0.96607006,1.4669942,1.9066043,298.77762,301.02957,304.6865,293.9374,294.41562,294.8827,-1.5,730255.8,2394201.0,0.88859946,0.96582437,0.99311626,295.11203,301.34263102213544,308.82065
2022-07-14,2.8718421,4.392023,6.402662,1.2810224,1.6031283,2.2195003,298.12354,300.98456,304.50043,293.40848,294.1323,294.79193,-1.5,754378.8,2306447.0,0.7838169,0.86516714,0.91534925,294.94824,301.4930013020833,309.60056
2022-07-15,2.2907672,3.6315928,5.27812,0.715319,1.1052071,1.9468002,298.16183,301.08246,304.03372,293.94934,294.54532,294.8376,-1.5,746566.5,2466931.5,0.7271721,0.9160946,0.9874924,295.5334,302.70151774088544,310.17853
2022-07-16,1.8874543,2.7666492,4.5526166,0.4654794,0.8529897,1.4292562,298.19574,301.23215,305.3112,294.56012,295.34714,296.2242,-1.5,715282.06,2379927.0,0.71128327,0.89127684,0.9927185,297.40344,303.3177897135417,310.43094
2022-07-17,1.4186823,2.359995,3.6538246,-0.1377955,0.6892746,1.3198154,298.44644,301.28186,305.4341,295.2621,295.91504,296.71164,-1.5,575823.3,2047698.5,0.962411,0.99132556,1.0,297.24268,303.1075846354167,311.33978
2022-07-18,1.5640874,2.136029,2.9114692,-0.22124073,0.13109766,0.4575586,297.90717,300.47836,304.2626,295.2027,295.8191,296.7057,-1.5,820887.2,2921991.2,0.9277095,0.98573226,0.999017,297.2242,302.7368570963542,310.80933
2022-07-19,0.421122,1.1892387,2.4203172,-0.45266205,0.44693252,1.4096546,298.45392,301.5612,306.0226,295.07736,295.9662,296.82507,-1.5,809481.0,2703042.5,0.55616534,0.762893,0.9025463,296.83603,302.19024658203125,309.4443
2022-07-20,0.45933253,1.2409683,1.732821,-0.47544637,0.32231984,1.3987801,298.3782,301.32315,305.51624,295.90778,296.39243,296.83243,-1.5,901370.8,2986048.2,0.5409863,0.69863635,0.8625932,296.53662,302.2686767578125,310.1796
2022-07-21,0.7036283,1.4423271,2.1646156,-0.77481496,0.04555783,1.1485875,297.563,301.1249,305.84943,295.78333,296.2991,297.22366,-1.5,750405.06,2493687.0,0.29403627,0.6450122,0.99424195,295.83112,301.75693766276044,309.72412
2022-07-22,0.624484,1.5647697,2.5505514,-0.8518424,0.109377444,1.1719396,297.56842,300.4932,304.30197,295.71793,296.258,296.70398,-1.5,781402.3,2635658.2,0.94576687,0.9799176,0.9998376,295.5403,300.23142496744794,307.35355
2022-07-23,1.0920794,2.0941978,3.0058496,-0.20010267,0.40275708,1.1012868,297.80832,300.77084,304.8349,295.53238,296.0093,296.73355,-1.5,745126.3,2579099.5,0.6874883,0.92135197,1.0,295.9204,300.14794921875,307.9365
2022-07-24,0.8438231,1.8694267,3.2172918,-0.7975181,0.09308649,0.79802465,297.94324,300.80505,304.87125,295.0726,295.8186,296.5551,-1.5,922854.7,2969363.5,0.87925875,0.9793968,0.9995755,295.63962,299.1930338541667,304.57965
2022-07-25,0.28053644,1.2044404,2.4448385,-1.6585534,-0.3171494,0.52273834,297.82523,301.28775,305.87164,294.8923,295.51285,296.02856,-1.5,590659.06,2512903.0,0.5544173,0.8459773,0.9959259,295.60925,300.7895914713542,308.5368
2022-07-26,0.24002606,0.8187792,1.5124115,-1.5705417,-0.50819147,0.26089334,297.45203,300.24646,304.64536,295.25793,296.014,296.43204,-1.5,810752.5,2658965.2,0.76804996,0.9189656,0.9991394,295.62653,301.21632893880206,309.04916
2022-07-27,-1.2125393,0.098764956,1.1936811,-1.7477437,-0.16774009,1.019211,297.687,300.31827,304.2861,295.87308,296.3743,297.19888,-1.5,868144.56,2906900.0,0.5035955,0.7695809,0.9500315,295.9761,300.49611409505206,308.06622
2022-07-28,-1.4496709,-0.21668738,0.61399,-0.63045096,0.028052324,0.87247086,298.38556,301.21396,305.2815,296.10828,296.6577,297.32208,-1.5,748641.8,2451400.5,0.46694675,0.65314156,0.82982,295.97174,301.734619140625,309.33548
2022-07-29,-1.5465751,-0.3917965,0.8118242,-0.6020362,0.68338364,1.6965741,298.6077,301.32635,304.73935,296.48355,296.85968,297.2707,-1.5,885235.0,3040103.0,0.6154117,0.78876185,0.9379311,297.80322,302.39599609375,309.4457
2022-07-30,-0.52670395,0.5706888,1.1410648,-0.60960394,0.17406051,1.3001183,297.85083,301.1097,305.618,296.20456,296.60428,297.00497,-1.5,878744.0,3172771.2,0.39035696,0.5992746,0.7103273,297.9248,302.5157877604167,309.39667
2022-07-31,-0.04416544,0.7585482,1.6035434,-0.29073873,0.40956375,1.417084,297.59515,301.12048,305.5735,296.07764,296.70676,297.4927,-1.5,712199.3,2588226.2,0.34848398,0.7675166,0.9773853,297.47113,301.57891845703125,308.2711
2022-08-01,0.7665349,1.7053242,2.2945325,-0.46471986,0.32459572,1.5329139,297.21396,300.38992,304.94272,295.48996,296.29602,296.74188,-1.5,684942.6,2440945.8,0.7073419,0.8537383,0.9460473,297.0431,300.4873046875,306.87106
2022-08-02,0.9068071,1.7718458,2.696408,-0.4464781,0.18508303,0.8453588,297.61276,299.95236,303.51797,295.53098,295.99487,296.60843,-1.5,428390.16,1688546.9,0.96813464,0.9904341,1.0,296.8189,301.6342366536458,308.1251
2022-08-03,0.9044828,1.5406722,1.9569024,-0.38346,0.4211328,1.1166513,297.52277,299.37363,302.12994,295.7436,296.39813,296.83176,-1.5,337869.78,1259774.8,0.97970617,0.99509263,1.0,297.1704,302.751220703125,309.5526
2022-08-04,1.6437771,2.6064205,3.53776,0.92680955,1.1546715,1.4637309,297.31006,298.70206,300.48276,294.78333,296.03745,296.75662,-1.5,384765.34,1237690.9,0.98883075,0.9991017,1.0,297.99506,303.2319742838542,310.77673
2022-08-05,2.7617166,3.278167,3.8921406,1.0571355,1.2914329,1.4812999,297.14444,299.26215,301.80817,294.3934,295.1284,295.69904,-1.5,615772.3,2234390.5,0.95846033,0.99473286,1.0,297.61957,302.8148396809896,310.54175
2022-08-06,2.6322112,3.204921,4.561022,0.58582807,1.2680057,1.5719645,297.6994,300.10608,303.37057,294.67474,295.28162,295.95383,-1.5,646382.2,2281460.5,0.9332747,0.9709308,0.9995285,296.24158,301.62758382161456,308.92505
2022-08-07,2.6639535,3.5217628,5.039364,1.3287908,1.6549369,2.2234752,298.3748,300.59525,303.4086,294.86203,295.15793,295.4972,-1.5,680663.25,2351173.2,0.98929733,0.99749595,0.99982727,295.65707,299.7329508463542,305.9444
2022-08-08,2.9198546,3.9703655,5.759575,1.4079034,1.6371814,2.1057937,298.3906,300.90628,303.95383,294.14587,294.95132,295.51712,-1.5,774115.0,2537363.0,0.93540835,0.97214556,0.9962706,295.6904,299.7882893880208,305.78378
2022-08-09,2.5365932,3.7025788,5.9289117,1.09767,1.6300608,2.4049525,297.4778,300.80484,304.57956,293.71268,294.20364,294.77786,-1.5,863419.3,2712529.8,0.9563553,0.984396,0.99705833,295.36584,300.3970540364583,307.22452
2022-08-10,2.2053866,3.5304248,5.5109034,0.78511757,1.3290666,2.2010536,297.7163,301.0832,305.214,293.53314,294.2314,294.9714,-1.5,905674.3,2963504.8,0.8430061,0.93259114,0.98753834,295.21707,299.691162109375,306.35123
2022-08-11,2.3082461,3.2606277,5.041049,0.14096466,0.6499136,1.113421,298.2707,301.67896,305.729,294.22873,294.56744,295.09268,-1.5,851706.3,2760119.0,0.5911441,0.8871396,0.99043435,294.59015,299.6157633463542,306.5393
2022-08-12,1.6111189,2.763079,4.2656894,-0.3724567,0.33366546,1.0558519,298.39963,301.78256,305.6512,294.0542,294.8247,295.46866,-1.5,858855.25,2989505.5,0.65568924,0.82120705,0.9776545,294.5304,300.39137776692706,307.4155
2022-08-13,1.8411512,2.7552872,3.755931,-0.61402714,-0.117716074,0.70376706,298.51285,301.7848,306.0449,293.53903,294.426,295.49295,-1.5,866650.44,2914319.0,0.8210156,0.96311146,1.0,295.0602,301.679931640625,308.67853
2022-08-14,0.79570466,2.1327019,3.621207,-1.0699797,-0.0071760193,0.87189823,298.1003,301.41037,305.74796,293.41507,294.36475,295.30188,-1.5,911329.44,3037868.0,0.98300135,0.99827766,1.0,296.2569,302.14227294921875,309.17282
2022-08-15,-0.29743677,0.9618883,2.2401533,-0.41804907,0.3980547,1.1227256,298.5908,301.9619,306.40225,293.9374,295.23093,296.20682,-1.5,875952.7,2805377.5,0.79604393,0.9455064,0.9998394,295.46338,301.9534505208333,309.5223
2022-08-16,-0.39160147,0.26698923,0.7491821,0.3300765,1.3888903,2.0902815,298.70123,302.00644,306.3595,295.01004,295.9219,296.38675,-1.5,860005.0,3035181.5,0.2895141,0.5280197,0.85368,295.24164,301.8660481770833,309.45746
2022-08-17,0.48342624,0.99626094,1.4574668,0.23018354,0.780152,1.0921541,298.01926,301.65945,306.20428,295.5951,296.3389,297.05264,-1.5,878365.8,2967735.8,0.74831045,0.87165403,0.9433297,295.99417,302.0206705729167,309.38638
2022-08-18,0.7773953,1.3609343,1.9150038,-1.4130081,0.23738806,1.2771289,298.29007,301.53287,306.45898,295.11716,296.2954,297.2966,-1.5,773113.94,2700503.5,0.5718342,0.868669,0.9754261,296.11438,302.22092692057294,310.0194
2022-08-19,1.0147792,1.7102872,2.5815122,-1.3098706,0.022014111,1.00931,298.6653,301.5553,306.077,295.3993,296.2148,296.9201,-1.5,859361.2,2839875.5,0.96583354,0.99526834,1.0,296.29672,301.8062744140625,309.5673
2022-08-20,1.2402444,1.9949878,2.7329133,-0.7051738,0.43510258,1.3797226,298.23077,301.3485,305.89178,294.9032,295.64084,296.13684,-1.5,882855.0,2998250.2,0.89819115,0.98344064,0.9997041,294.93344,301.31394449869794,309.1103
2022-08-21,1.5591905,2.2402174,2.8487332,-0.14522958,0.7172535,1.3664528,297.97235,301.38885,306.10428,295.18213,295.87228,296.69098,-1.5,774508.7,2611815.5,0.73589206,0.87959045,0.96521235,294.7323,301.43316650390625,309.361
2022-08-22,1.9405264,2.9105816,4.3239965,-0.42865154,0.68565255,1.4987017,297.51923,300.5837,305.28766,294.99512,295.74393,296.3051,-1.5,672230.75,2706177.5,0.4375266,0.77545166,0.9969188,294.16583,301.1554361979167,309.6395
2022-08-23,1.8117985,2.644233,4.066968,-0.090494856,0.5104012,1.1638325,297.4168,300.56558,304.52777,295.1144,295.8052,296.2943,-1.5,474724.6,1670083.2,0.90653074,0.9597247,0.99652606,293.7634,301.2353922526042,309.71307
2022-08-24,1.5906887,2.1521425,2.9239006,-0.92923737,-0.121271305,0.6735057,297.5202,299.60953,302.6307,295.09244,295.8304,296.28647,-1.5,704431.25,2657490.8,0.78866357,0.9226358,0.9919319,294.66806,302.16603597005206,309.80698
2022-08-25,0.80972797,1.6085759,2.2286785,-1.3251538,-0.37343028,0.51908326,297.10178,299.95972,304.15317,294.85956,295.7545,296.66898,-1.5,734325.0,2786812.5,0.6719631,0.8407629,0.98922783,295.74606,303.1789957682292,310.71683
2022-08-26,0.44795117,1.1615168,1.8256221,-1.6915534,-0.1432746,0.83947533,296.4144,299.55692,304.03204,295.36835,296.10855,296.93307,-1.5,658842.7,2332896.8,0.9468219,0.9858515,0.999676,296.9893,302.0711873372396,309.16824
2022-08-27,1.3307089,1.8872477,2.4710734,-0.4545516,0.07409323,0.9642473,296.90298,299.38556,303.4656,295.178,295.93747,296.50186,-1.5,819723.06,2898911.0,0.87326324,0.9751317,0.99579555,296.62793,302.92694091796875,310.62097
2022-08-28,0.12936738,1.009089,1.8847716,-1.0875964,-0.13769825,0.547164,297.34915,300.07602,304.4322,295.20963,296.02606,296.73547,-1.5,810594.7,2776885.8,0.5581325,0.75553656,0.87597674,296.75372,302.5069986979167,310.19974
2022-08-29,-0.6228999,0.49045786,1.4041585,-1.2484747,-0.3382127,0.39777076,297.72253,299.86282,304.08102,296.23477,296.77744,297.21432,-1.5,796745.7,2788019.5,0.45594084,0.6870162,0.86309457,296.01154,301.41558837890625,308.8615
2022-08-30,-1.7666181,-0.45802554,0.34349608,-0.9362993,-0.055301126,0.723383,297.36053,300.2528,303.80624,296.33115,296.95364,297.5842,-1.5,676894.7,2588338.5,0.48606136,0.7015284,0.97843164,294.5039,300.4676920572917,308.38718
2022-08-31,-1.8236511,-0.18287651,1.1064241,-0.38283962,0.23443502,0.6478442,296.83185,298.82947,302.24423,295.94812,296.4586,296.85544,-1.5,380543.34,1525417.2,0.8856759,0.9627717,0.99689096,294.4821,299.40797932942706,306.89508
2022-09-01,-0.37737072,0.3590769,0.7123841,-0.2732652,0.36477733,0.7940786,296.5046,298.16965,300.4183,295.6981,296.2814,296.82645,-1.5,777682.44,2612093.2,0.8960032,0.97016543,1.0,294.88315,300.56227620442706,308.20282
2022-09-02,-0.21600895,0.4361584,1.1418097,-0.048819903,1.1549643,1.7791985,297.1236,299.85788,303.63068,295.7713,296.40915,297.18723,-1.5,873448.0,2849695.0,0.29225045,0.5655721,0.8916232,295.3785,301.2337849934896,308.92093
2022-09-03,0.13554242,0.77822953,1.245642,0.18940093,0.8757928,1.6905047,298.10242,300.94943,304.6457,296.17535,296.76123,297.54535,-1.5,905504.8,3085257.2,0.2782137,0.63219213,0.845514,295.1542,301.8774820963542,309.4266
2022-09-04,-0.37329605,0.69154614,1.7754035,-0.30251014,0.3792131,1.3210274,297.03018,300.94534,305.76334,296.045,296.9648,297.95886,-1.5,875813.0,2985761.5,0.28274056,0.5445632,0.7962307,296.9094,301.4947916666667,309.16046
2022-09-05,-0.38063532,0.59053284,1.4586635,-0.75756097,0.5742009,1.7158179,297.84424,300.50345,304.88858,296.15366,296.79092,297.3836,-1.5,834041.0,3004098.2,0.4933527,0.7239194,0.98965096,296.01367,300.95001220703125,308.66174
2022-09-06,1.1672428,1.6607195,2.2249782,0.06938629,0.92498595,1.8698442,297.52267,300.15564,304.28693,295.65433,296.35748,297.18832,-1.5,565051.25,1996923.2,0.5712451,0.8463642,0.9609078,295.8011,301.4895426432292,309.34027
2022-09-07,1.6805915,2.2259233,2.8067288,0.39697394,1.013978,1.7170634,297.4544,299.4175,302.82684,295.27444,295.78693,296.32388,-1.5,565773.5,1976485.1,0.9795608,0.99673057,1.0,296.28592,301.5737711588542,308.65335
2022-09-08,1.1179847,2.1217248,3.3446841,0.43690246,0.97840476,1.3047229,297.75833,299.8752,302.95828,295.4198,295.90475,296.3751,-1.5,760191.7,2623883.2,0.9441661,0.988694,0.99927133,297.37775,301.28570556640625,308.16864
2022-09-09,1.8397838,2.6779006,3.9252667,0.9195042,1.2010521,1.5616102,298.1043,300.71127,304.34048,295.26077,296.05405,296.74237,-1.5,683794.5,2328545.8,0.6882267,0.84813136,0.98713064,298.00342,301.1094563802083,307.27927
2022-09-10,2.1891003,2.9538593,4.3024144,0.9890213,1.3650045,1.7530504,298.0325,300.59888,303.8026,295.1692,295.64218,295.97955,-1.5,733829.5,2454759.5,0.95344186,0.9907152,0.9999442,297.81058,301.84454345703125,308.5515
2022-09-11,2.0684645,2.9077206,4.7196445,1.2403973,1.5516726,1.7940145,297.56296,300.7124,304.3878,294.78046,295.47583,296.0622,-1.5,852750.3,2786672.8,0.82451326,0.95674676,0.99970806,297.53476,302.10300699869794,309.45294
2022-09-12,1.482623,2.6109047,4.5210004,0.9146181,1.4663922,1.9087994,297.22595,300.99747,305.54947,295.03888,295.4174,296.0301,-1.5,933480.8,3045030.8,0.5853898,0.89216524,0.989839,297.47894,302.3645833333333,309.42633
2022-09-13,0.6595683,1.6775599,2.755277,0.89386183,1.3220379,1.7666398,297.5485,301.00784,305.33905,295.12946,295.8955,296.74564,-1.5,900279.2,2970799.2,0.21796383,0.44053832,0.80126256,297.51633,302.1741536458333,309.99942
2022-09-14,0.69814926,1.3388786,1.9872891,0.56906074,1.2025263,1.7121962,297.36475,300.99948,305.3791,295.36145,296.05862,296.76437,-1.5,941847.0,3229345.5,0.38420787,0.5595028,0.7525213,297.33575,301.6510416666667,309.41736
2022-09-15,0.8616359,1.6077117,2.19981,-0.005436781,0.7160413,1.1814876,297.27927,300.93094,305.39862,294.97366,295.79178,296.5904,-1.5,940783.94,3096292.2,0.387116,0.5972215,0.84911287,297.98755,301.95473225911456,309.07968
2022-09-16,0.7120666,1.5784773,2.2240217,-0.2084052,0.708438,1.5912656,297.86243,301.2914,305.78552,294.7135,295.51025,296.1523,-1.5,897725.2,2906216.2,0.3041716,0.5961184,0.8525155,297.40573,301.48630777994794,308.28333
2022-09-17,1.0900401,1.6815323,2.221506,0.26442435,0.83053464,1.5597348,298.1328,301.5111,306.1543,294.6941,295.79553,296.77682,-1.5,931015.2,3200803.5,0.6535267,0.81065255,0.92834306,296.66498,301.0399169921875,307.60602
2022-09-18,0.7620614,1.7216228,2.3726387,-0.20119537,0.59870255,1.521133,297.7526,301.2961,305.67267,295.10135,295.68704,296.46094,-1.5,841743.75,2979715.0,0.6165814,0.866285,0.9983514,296.65207,301.5226643880208,309.23056
2022-09-19,1.4618344,2.134387,2.9726665,-0.19487779,0.3688101,1.0446961,298.0512,301.3785,305.55908,294.46912,295.39648,296.078,-1.5,872951.7,3064069.8,0.9881907,0.99611855,0.9998871,297.06046,301.5946248372396,309.1214
2022-09-20,1.4209253,2.1686914,2.9655752,-0.48666906,0.3453262,1.153817,297.22217,301.08154,305.2753,293.37054,294.68024,295.30414,-1.5,993758.8,3355271.0,0.33369604,0.7791658,0.9974671,296.0651,300.5297444661458,306.54135
2022-09-21,1.179202,2.1058586,3.0220547,-0.2119314,0.614972,1.5398327,297.54813,301.45444,306.19452,293.56635,294.66183,295.5852,-1.5,1016674.7,3486306.8,0.120832086,0.26028994,0.4635901,295.7436,301.0244140625,307.46674
2022-09-22,1.2864413,2.158026,3.1996903,-0.43809924,0.2956774,0.9085392,297.1909,301.6112,306.69254,292.5257,294.04144,295.00104,-1.5,999399.7,3398801.0,0.24939963,0.43060037,0.58681005,294.21533,300.7353108723958,308.41794
2022-09-23,1.5199504,2.2340899,2.908742,-0.54830354,0.1421329,0.9950144,297.8136,301.58643,306.38965,292.5108,293.74588,294.6653,-1.5,959207.0,3299714.5,0.341224,0.53668064,0.8039529,293.93872,300.0432942708333,307.6575
2022-09-24,0.70952654,1.7426001,2.7625754,-1.1688135,-0.19809008,0.80216163,297.8327,301.7172,306.54437,292.90207,294.31152,295.21487,-1.5,923707.5,3116005.0,0.3772033,0.57694024,0.7437333,293.662,300.1954752604167,308.36057
2022-09-25,-0.28944218,0.7509152,1.861944,-1.7832966,-0.20545362,1.1216376,297.64307,301.90634,306.8245,293.17694,294.8202,295.98032,-1.5,691268.7,2482199.8,0.19085066,0.44532004,0.79352754,293.1365,300.12131754557294,308.27292
2022-09-26,0.7850928,1.301577,1.8288093,-0.57139313,0.07265123,0.6763544,297.94,300.53812,304.0433,294.1659,295.64,296.51904,-1.5,907856.5,3006241.0,0.61047566,0.70438117,0.79719126,292.75778,299.512451171875,306.91473
2022-09-27,0.17377745,1.1540872,2.3482354,-1.9324799,-0.21182923,0.95893174,298.44208,301.6922,306.01627,294.152,295.18423,295.99866,-1.5,848468.06,2801307.5,0.3738043,0.6380237,0.8584069,294.1385,299.6147054036458,306.32013
2022-09-28,1.2150599,1.6280842,1.9404938,-0.25037122,0.47384277,0.8109414,297.83484,301.08487,305.61334,294.9351,295.56094,296.0807,-1.5,741008.5,2701121.0,0.71379787,0.83549494,0.9472028,294.44437,298.9336751302083,305.1684
2022-09-29,0.7754374,1.9688765,2.821416,-1.2442232,0.15267587,1.3855342,297.8594,301.00723,305.1034,293.38065,294.9148,295.76312,-1.5,755818.25,2643509.0,0.88421327,0.9608586,0.9993445,295.50916,300.007568359375,306.04944
2022-09-30,2.2513516,2.910059,3.5756693,-0.12942614,0.29333094,0.7255779,297.4821,300.78592,304.66168,293.78506,294.57104,295.2139,-1.5,657122.1,2367870.5,0.8765893,0.9590633,0.99647164,294.69492,298.91864013671875,304.8447
2022-10-01,2.3211174,3.0883942,4.15788,-1.2693075,-0.22894405,0.28500894,297.86502,300.46628,304.71835,293.92267,294.5852,295.33585,-1.5,753351.2,2838700.0,0.8968673,0.97650504,0.9924573,294.34888,297.92038981119794,302.6942
2022-10-02,1.9832267,2.8869553,3.6761718,-1.5021173,-0.3620936,0.44092017,298.1865,300.91162,305.07126,294.27972,294.7117,295.5513,-1.5,792210.3,2760801.5,0.9257802,0.9612997,0.9895118,295.05273,299.1812337239583,304.4171
2022-10-03,1.6568274,2.5648477,3.716194,-2.4918373,-0.7412107,0.3013277,297.9861,301.14932,305.2659,294.35056,295.02612,295.69363,-1.5,743709.5,2581495.8,0.9499751,0.9887409,0.9990065,296.28464,298.87379964192706,303.38016
2022-10-04,1.1856743,2.1012063,3.1525736,-2.2463396,-0.6735752,0.33003348,298.44385,301.49033,305.85916,293.98563,295.10046,295.96045,-1.5,594685.56,2288929.5,0.97696465,0.99118763,0.99946237,296.0633,299.1769612630208,304.67276
2022-10-05,0.86231166,1.6695309,2.401328,-1.1930338,0.09846765,1.0205901,297.70865,300.47018,303.65155,295.05356,295.67224,296.66168,-1.5,630280.2,2543071.2,0.9961578,0.9991991,1.0,295.32886,299.5260416666667,305.62872
2022-10-06,0.7513314,1.626793,2.436852,-0.04092297,0.39132217,0.80317324,296.80695,300.1135,304.13644,294.58597,295.37073,295.9135,-1.5,746708.7,2627602.5,0.660334,0.90756696,0.9998518,294.61398,299.2261149088542,305.4021
2022-10-07,0.30782557,1.0412242,1.7051003,-0.42520645,0.12500156,0.7010711,297.25546,300.31567,304.23383,293.38455,294.79037,295.40854,-1.5,661993.94,2498655.8,0.75500447,0.9053404,0.9661552,294.3191,299.5844116210937,306.3595
2022-10-08,-0.81685483,0.23036774,1.0860591,-1.5566086,-0.74676436,-0.23609467,296.84747,300.04587,304.30945,294.57236,295.06137,295.61105,-1.5,497474.84,2079344.9,0.7110755,0.822257,0.94533604,294.85898,299.072265625,305.32767
2022-10-09,-0.48711354,0.15129763,0.55177534,-0.7222608,-0.25362882,0.1387745,296.7783,298.86188,302.02106,295.4591,296.0258,296.5174,-1.5,513800.47,1861778.0,0.82555676,0.9187584,0.9822193,293.49014,298.89548746744794,305.41376
2022-10-10,-0.83816826,-0.18046516,0.34238076,-0.4004181,0.28857806,0.9798598,297.31662,299.31464,302.44623,295.87738,296.3852,296.8102,-1.5,646517.2,2320341.2,0.84948033,0.93467396,0.98434955,292.96112,299.1336669921875,305.73077
2022-10-11,-1.1987646,-0.36327028,0.40422097,-0.26208064,0.6861701,1.5856017,297.30035,299.70935,303.31125,295.96277,296.4031,296.79684,-1.5,749593.0,2694095.2,0.41101047,0.65070105,0.8473575,293.08798,295.1903686523437,299.37732
2022-10-12,-0.6726668,-0.13921462,0.71609235,-0.43634334,0.5262329,1.0896156,297.47015,300.24994,303.86737,296.0316,296.58224,297.1891,-1.5,760542.0,2655895.0,0.3319233,0.51276374,0.67656714,293.91107,298.13043212890625,302.50226
2022-10-13,-1.4700321,-0.16106515,0.8911761,-0.691508,0.15614025,0.9437915,297.17776,299.8992,304.4198,295.97803,296.35452,296.8086,-1.5,772890.44,2863574.8,0.32180184,0.52609915,0.75414157,295.90005,298.617431640625,304.58453
2022-10-14,-0.5134583,0.41332364,1.2698375,-0.7259397,-0.3372401,0.037640985,296.93866,299.72284,304.10583,295.7738,296.22827,296.6037,-1.5,667542.2,2628677.8,0.662608,0.8337371,0.96131027,295.727,299.2035725911458,305.38284
2022-10-15,-1.3576596,-0.24951117,0.5979194,-0.7807841,0.10733978,0.9083625,297.43143,300.03873,304.00653,295.80594,296.51123,297.04428,-1.5,639006.25,2429907.5,0.62346923,0.7601935,0.92074424,295.30878,299.7460530598958,307.1593
2022-10-16,-0.6443762,-0.030916719,0.45896614,-0.40483183,0.3669273,1.1704223,297.33673,299.93054,303.82605,296.1509,296.79526,297.298,-1.5,613733.0,2385953.0,0.6335267,0.7568936,0.9204441,293.62714,299.4888102213542,307.09695
2022-10-17,-1.2860906,-0.034817513,1.253836,-0.57018596,0.38482928,1.0609479,297.13693,299.53745,302.65613,296.10104,296.5835,296.9446,-1.5,655649.3,2397173.2,0.76257044,0.8774789,0.95826364,290.9761,298.1431884765625,306.2605
2022-10-18,0.5193084,1.2309932,1.9500394,-0.5504459,-0.028800786,0.8239868,296.96075,299.77237,303.68768,295.53973,296.23886,296.76617,-1.5,748294.06,2663150.2,0.8675676,0.92892027,0.97674555,290.09732,296.8890380859375,305.4552
2022-10-19,-0.14818501,0.6674891,1.1692291,-0.87915486,-0.4085292,0.1626085,296.79504,299.94565,304.49097,295.54883,295.95654,296.63123,-1.5,736276.2,2687048.5,0.7444448,0.8718991,0.9534352,289.29684,296.3749593098958,304.556
2022-10-20,-0.57367843,0.13039996,0.80494493,-1.0850006,-0.57663035,-0.10070123,296.75296,299.6626,303.85504,295.69043,296.31177,297.07306,-1.5,487670.22,1726147.8,0.8475394,0.93258286,0.99210835,289.93762,296.7166341145833,304.98428
2022-10-21,-1.1614212,-0.12771271,0.6931221,-1.4317555,-0.8551678,0.01693236,296.51883,298.80984,301.8489,295.39926,296.2285,296.96445,-1.5,780760.8,2672504.5,0.87420267,0.95184404,0.9986976,290.03342,297.3854166666667,305.83685
2022-10-22,-1.0897218,-0.18098672,1.0440508,-2.8211808,-1.3164986,-0.39429614,297.0454,299.82748,303.4379,294.8442,295.88443,296.39526,-1.5,853167.75,2861444.2,0.58377975,0.7951247,0.9551241,292.21844,299.0283203125,307.12875
2022-10-23,-0.08714668,0.96265477,1.5021983,-1.4281627,-0.33360556,0.4289339,296.2511,299.8972,304.24652,294.02676,295.04437,295.7613,-1.5,896985.0,3074179.5,0.40843162,0.5946223,0.8353457,293.99454,299.8306477864583,307.11502
2022-10-24,0.052079327,1.0868965,1.6225735,-1.6193644,-0.3550285,0.24271372,295.56998,299.54807,303.86008,292.44653,293.89822,294.92905,-1.5,902231.5,3016890.2,0.30536184,0.47608998,0.85267437,295.08508,300.40869140625,308.12332
2022-10-25,-0.6605853,0.33168307,1.1866105,-1.172831,-0.45747742,0.09019036,295.8447,299.8605,304.26437,292.37964,293.61972,294.23065,-1.5,880896.3,2965408.8,0.17834628,0.3221102,0.46472108,295.2695,300.08693440755206,307.04462
2022-10-26,-1.7338012,-0.75758815,0.42888865,-1.180833,-0.8112834,-0.37704697,295.66888,299.59647,304.26862,292.97464,293.71268,294.54605,-1.5,857741.44,2919729.8,0.2285873,0.32921073,0.4177554,295.16754,300.6630859375,307.72818
2022-10-27,-1.5078883,-0.7026307,0.35889506,-1.8381985,-1.2376226,-0.84416014,296.2577,299.3738,303.52905,291.71066,293.36362,294.0961,-1.5,798461.56,2670985.8,0.17732295,0.28335944,0.47537163,296.2003,300.7494506835937,307.8521
2022-10-28,-2.4778745,-1.2698286,0.0914988,-2.6280084,-1.6168356,-0.9510625,296.1771,299.4459,303.69656,294.07877,294.64053,295.1442,-1.5,515229.97,2428293.8,0.22527152,0.42390978,0.7829739,295.93988,300.91534423828125,308.374
2022-10-29,-1.6721524,-0.8707309,-0.100962214,-2.595285,-1.7963228,-1.3830808,296.43372,298.60422,301.4757,295.0874,295.42538,295.81448,-1.5,652912.75,2346796.5,0.66824776,0.85445136,0.99185115,293.4183,299.3952229817708,307.00586
2022-10-30,-1.8894317,-0.8136737,0.25204647,-2.5260875,-1.7240181,-1.2840801,296.82748,299.16306,302.5636,294.9237,295.51175,296.15985,-1.5,610033.25,2178192.0,0.668724,0.84249735,0.9630661,292.87796,298.6800944010417,306.7185
2022-10-31,-1.5280621,-0.6352449,0.59485835,-3.3342822,-2.0996034,-0.9626431,296.86072,299.20132,302.66425,294.1979,294.651,295.2532,-1.5,317011.97,1172812.6,0.8564524,0.93675584,0.99807775,293.87164,299.6315104166667,305.39822
2022-11-01,-0.33234203,0.006769707,0.60532784,-1.8349681,-1.407095,-1.1673198,296.1294,298.03076,300.19812,294.77304,295.31418,295.81238,-1.5,505824.38,1734166.9,0.89060855,0.983923,1.0,295.7818,300.4016520182292,307.0648
2022-11-02,-0.8060433,-0.30556846,0.26996514,-2.2588556,-1.618836,-1.1257737,295.90182,297.80527,300.93073,294.9777,295.27658,295.8014,-1.5,349310.16,1251029.2,0.82058734,0.94930774,0.9946598,295.48743,299.5826416015625,306.00262
2022-11-03,-1.2777257,-0.7687428,-0.019778607,-1.9070424,-1.2869629,-0.8017409,296.15015,297.91235,300.19357,295.26965,295.81726,296.27158,-1.5,446038.84,1633804.8,0.95432746,0.9792094,0.9959761,295.22867,299.0930582682292,305.30243
2022-11-04,-2.2821734,-1.033847,-0.057875134,-2.0148516,-1.2803346,-0.7499263,296.0722,298.10184,301.61966,295.1986,295.88858,296.4219,-1.5,582347.56,2261158.5,0.790115,0.90033555,0.9785351,294.44232,298.835693359375,305.2387
2022-11-05,-2.567411,-1.2996697,-0.25004715,-1.7920858,-1.2021716,-0.6114601,296.35236,298.72913,302.25574,295.18146,295.76303,296.33463,-1.5,626069.44,2168992.8,0.6308869,0.7473755,0.85407376,292.9683,298.31642659505206,305.64682
2022-11-06,-2.1296244,-1.0519722,0.035817347,-2.3356397,-1.6576389,-1.0946821,295.6628,298.3219,301.6874,294.5635,295.51376,295.96564,-1.5,763004.3,2749705.0,0.71816075,0.8377082,0.9248753,291.98328,297.09942626953125,304.31705
2022-11-07,-2.0531464,-1.1545814,0.13967003,-2.8866658,-1.683664,-0.9844445,296.2294,299.0573,302.96014,293.95334,294.90598,295.43707,-1.5,599118.06,2195755.0,0.5247267,0.7259372,0.9891612,288.92172,294.6140950520833,301.63916
2022-11-08,-2.3600233,-1.1260201,0.0253519,-2.8782058,-1.8968693,-1.3787674,296.4092,298.70132,301.79437,294.9161,295.4024,295.89322,-1.5,666729.0,2334640.0,0.9077394,0.955431,0.99577296,288.10257,291.50059000651044,295.66962
2022-11-09,-1.9841745,-1.059436,-0.032373004,-2.8893762,-1.9334189,-1.0584563,296.1121,298.95508,302.65244,294.43677,294.9873,295.28824,-1.5,793616.2,2784609.8,0.51290756,0.8683903,0.99214435,289.79538,295.797607421875,299.5308
2022-11-10,-2.1327221,-0.8901644,0.22794864,-2.916135,-2.3853068,-1.8038238,296.39252,299.08914,303.09937,293.98685,294.68805,295.05508,-1.5,216763.17,793456.0,0.34955826,0.73794883,0.99901295,295.64285,298.9099934895833,304.6168
2022-11-11,0.17659016,0.7176752,1.1140563,-2.9378314,-2.2094412,-0.9813381,295.65005,296.47873,297.50912,294.31982,294.70255,295.23892,-1.5,367832.66,1341882.0,0.9969521,0.99963886,1.0,295.77798,299.02618408203125,305.46625
2022-11-12,-1.2117496,-0.6323036,0.741448,-1.4850254,-0.97761256,-0.43799904,296.0871,297.57236,299.39597,295.04593,295.90823,296.44226,-1.5,432547.38,1857003.9,0.8264528,0.93216175,0.9965639,295.11963,299.36669921875,305.78354
2022-11-13,-2.2515666,-1.2903041,-0.015011957,-1.9035499,-1.1925986,-0.7706684,295.86893,297.7172,299.92493,295.0619,295.86978,296.40817,-1.5,551219.7,2055445.0,0.9239393,0.9640247,0.9954469,294.3243,298.8965250651042,305.44592
2022-11-14,-2.2559872,-1.0204382,0.10140251,-2.2694101,-1.3501979,-0.7747959,295.69113,297.98123,301.54523,294.83817,295.75143,296.53403,-1.5,654809.75,2311381.2,0.79322815,0.9185648,0.9933369,289.5898,297.1049397786458,305.52652
2022-11-15,-1.712793,-0.7342512,0.21169482,-1.9420804,-1.1613189,-0.6012298,295.95947,298.5707,302.30313,294.99606,295.6071,296.13153,-1.5,757453.0,2732620.5,0.41355658,0.67353415,0.9733551,288.97238,297.5121663411458,305.79132
2022-11-16,-1.4093397,-0.6774059,0.23155111,-2.0168889,-1.1868093,-0.41750515,295.47147,298.68613,302.57178,294.38776,295.11124,295.52853,-1.5,813597.5,2881016.5,0.22866198,0.4659272,0.6427751,290.74875,297.8804931640625,305.35086
2022-11-17,-1.4890293,-0.62178165,0.31180662,-2.515738,-1.4701395,-0.7424637,294.2603,298.11246,302.6934,292.20877,293.54752,294.63956,-1.5,827828.7,2994550.0,0.5040223,0.83971196,0.99829024,292.2411,297.41404215494794,303.59952
2022-11-18,-1.4261186,-0.6566202,0.4082712,-2.7097595,-1.9319853,-1.4290073,294.00192,297.77594,302.67026,290.56412,291.8416,292.68213,-1.5,792551.0,3009299.2,0.81239456,0.93972176,0.9922194,292.3912,296.81378173828125,303.50336
2022-11-19,-1.6302012,-0.45195428,0.7099132,-3.2245026,-1.9634833,-1.0902064,293.85678,297.3988,301.99426,290.21008,291.44852,292.40872,-1.5,715268.75,2562969.2,0.83585274,0.9613355,0.9994529,292.29358,297.38525390625,304.495
2022-11-20,-0.68600196,0.06721423,0.96154827,-2.7170076,-1.5078596,-0.8143091,293.585,297.4633,301.76822,290.37424,291.71332,292.5225,-1.5,781197.8,2809723.5,0.8158778,0.9114664,0.99836385,290.19107,296.7112223307292,304.10684
2022-11-21,-0.22386517,0.71910715,1.3944665,-1.1732126,-0.9065637,-0.6472899,294.4132,297.89523,302.4306,291.1064,292.52615,293.71185,-1.5,682049.2,2492348.8,0.40862763,0.5909422,0.84745944,289.30988,296.5480550130208,304.53802
2022-11-22,-0.1697428,0.86758024,1.5093341,-1.0862412,-0.37974033,0.13985765,295.53043,298.4906,302.1411,293.18445,294.31873,295.31387,-1.5,684187.56,2425845.2,0.29316485,0.45143962,0.60863626,289.68726,297.36411539713544,306.51123
2022-11-23,-0.032096174,0.88723236,2.0877512,-0.22403213,0.0028729204,0.2550196,296.07825,298.9907,303.0546,294.23392,294.80484,295.45557,-1.5,707170.2,2593449.8,0.5031278,0.82398725,0.9274752,290.27435,298.2422688802083,306.5745
2022-11-24,-1.7429194,-0.76003814,0.45128092,-0.77133644,0.07168659,0.93840444,296.0778,299.14304,303.08563,294.71805,295.23627,295.76727,-1.5,708299.75,2570420.5,0.67962843,0.84594995,0.94116753,293.61215,298.013427734375,303.2962
2022-11-25,-2.3032506,-1.2540951,-0.14882408,-0.8997825,-0.4482627,-0.0132812485,296.113,299.1282,302.95825,294.41776,295.26804,295.8358,-1.5,687876.75,2421867.8,0.41821212,0.7274963,0.9821057,295.64487,298.5228474934896,304.2608
2022-11-26,-1.8912635,-0.9814599,0.15618029,-1.0002431,-0.48675835,0.05065308,296.9549,299.42923,303.09567,294.31808,295.37732,295.9521,-1.5,637135.2,2370550.8,0.5874369,0.7628736,0.922921,295.69086,299.4786376953125,305.19272
2022-11-27,-1.8264886,-0.8448872,-0.093541555,-0.6341155,-0.17689157,0.3557141,296.51987,299.0359,302.66544,295.37796,295.8408,296.2187,-1.5,681919.7,2429090.5,0.5091678,0.5916862,0.7034768,292.779,298.99493408203125,306.3996
2022-11-28,-1.4694458,-0.7638664,-0.10979537,-0.8205982,-0.25894752,0.14983024,296.68073,298.9672,302.36954,295.23175,295.72684,296.2311,-1.5,649723.3,2282091.0,0.4413112,0.5433369,0.6549375,291.99802,298.6958414713542,307.2501
2022-11-29,-1.8458766,-1.073957,-0.31733376,-1.5264094,-1.0600628,-0.5524691,295.0507,298.4493,302.0083,293.56726,294.84473,295.6191,-1.5,810921.2,2803982.2,0.39301714,0.61242205,0.795738,291.445,298.04345703125,306.66275
2022-11-30,-1.9099311,-1.1382898,-0.20852315,-2.2935355,-1.5315608,-0.99861604,295.60956,298.2415,302.42923,292.55222,293.4785,293.92923,-1.5,586142.44,2068559.2,0.29909486,0.473277,0.70445186,290.33817,298.0407307942708,307.81052
2022-12-01,-2.5390432,-1.1982139,-0.25446373,-1.7737631,-1.2070104,-0.7718709,296.27756,298.69986,301.96497,294.04916,295.362,296.1036,-1.5,657711.5,2404143.0,0.35295737,0.5459021,0.7748674,289.968,297.5864664713542,307.18192
2022-12-02,-2.5435452,-1.4615942,-0.54462266,-1.5590851,-1.141441,-0.6523095,296.54715,299.34912,303.41086,295.38333,295.8933,296.37717,-1.5,593462.0,2187831.5,0.32667875,0.56589496,0.9400989,290.65298,296.6936442057292,305.2467
2022-12-03,-2.6318157,-1.4741691,-0.47848392,-1.9119573,-1.3690058,-0.66788864,296.5031,299.0577,302.76553,295.45624,295.84888,296.31302,-1.5,592732.25,2260013.5,0.72347283,0.81673735,0.92653054,289.8965,296.9439290364583,304.27066
2022-12-04,-2.7565546,-1.5422829,-0.52194136,-2.503055,-1.6856331,-1.1460959,296.07275,298.1068,301.40216,295.09787,295.65164,295.9826,-1.5,657983.2,2213922.0,0.6492693,0.808928,0.9398929,291.023,296.7250162760417,303.94305
2022-12-05,-2.969242,-1.5342036,-0.379923,-2.3909135,-1.6128935,-0.83800966,295.97427,298.54904,302.32898,294.83414,295.22705,295.71796,-1.5,637352.25,2306956.5,0.37534574,0.717779,0.9912949,291.22977,296.54453531901044,303.52365
2022-12-06,-2.0274367,-0.99456424,0.17413153,-3.1303928,-1.9876801,-1.1117786,295.7242,298.4836,302.05573,293.94034,294.61465,295.1918,-1.5,485045.0,1687282.5,0.8899431,0.970901,0.9999427,291.6279,295.9316813151042,302.81418
2022-12-07,-0.8447627,0.31974354,1.2982177,-2.9018443,-1.8475027,-1.2546061,294.50235,297.6168,301.19467,291.06705,292.717,293.99756,-1.5,330286.38,1418463.1,0.99996305,0.9999984,1.0,291.24344,296.4650472005208,302.93686
2022-12-08,0.7982447,1.6654149,2.6933227,-2.8007867,-2.01696,-1.4640639,294.4251,296.5864,299.59863,290.44653,291.2925,292.00797,-1.5,245095.88,941304.06,0.99886596,0.99980646,1.0,291.197,296.8333333333333,304.53064
2022-12-09,2.5210276,3.0777442,3.6407905,-2.6671731,-1.6635166,-0.11728242,294.1333,295.37656,297.3167,291.2701,292.25424,293.0363,-1.5,382357.16,1386854.8,0.80569994,0.95269996,1.0,287.0915,295.3521728515625,305.07394
2022-12-10,0.22319421,1.4713618,2.766992,0.115770794,0.62348413,0.8711968,295.16824,296.88315,299.33536,292.74847,293.83353,294.39008,-1.5,415473.5,1628126.8,0.78986156,0.88579106,0.9710044,286.15842,294.5972900390625,304.52316
2022-12-11,-0.27670535,0.098445915,0.60753,-0.20121922,0.2433704,0.73002505,295.93378,297.67212,300.51492,294.48633,295.36008,296.03503,-1.5,453164.53,1747551.9,0.78929615,0.87161636,0.98552346,286.21414,295.3336995442708,305.89462
2022-12-12,-0.9693142,-0.50573015,0.06295594,0.0960069,0.6148577,1.3900529,295.9272,297.73007,300.20535,294.99075,295.41418,295.83453,-1.5,551443.75,1927438.9,0.67922133,0.8484215,0.94907373,286.33154,295.4112141927083,306.31522
2022-12-13,-1.7543657,-1.0451908,-0.30810168,-0.84295297,0.1030553,1.2386366,295.72748,297.88693,301.21802,294.7952,295.344,295.9654,-1.5,609901.7,2004180.2,0.57443523,0.66480035,0.7975775,286.97897,295.8330078125,306.77075
2022-12-14,-2.570297,-1.281308,-0.13287553,-1.4049108,-0.7180948,-0.23795556,295.12708,297.95676,301.45886,294.24493,295.07962,295.74167,-1.5,761040.5,2727635.5,0.40310314,0.65050226,0.8572321,287.42432,295.81703694661456,306.78564
2022-12-15,-2.2943037,-1.311036,0.15389262,-1.8716518,-1.4880438,-0.953644,293.56134,297.8448,302.70786,291.95535,293.2878,294.77682,-1.5,818803.8,2852434.8,0.05087327,0.23747964,0.5748218,287.07132,295.8293863932292,306.60846
2022-12-16,-2.5232086,-1.1805646,0.13975956,-1.6103748,-1.3201534,-0.8038976,294.25314,298.07568,302.8921,291.35806,292.86203,293.6888,-1.5,805954.44,2815267.5,0.12462991,0.26826492,0.61212677,287.49066,296.2275390625,306.60333
2022-12-17,-3.120688,-1.3817953,0.116663136,-2.6952732,-1.824843,-1.0745986,294.77982,298.3806,302.97803,292.4441,293.46017,294.07843,-1.5,659400.2,2295607.5,0.42953026,0.75522494,0.96932304,288.65964,296.1024373372396,306.1739
2022-12-18,-3.5180373,-1.8513451,-0.10738965,-3.6548367,-2.2331393,-1.5331706,295.0487,298.2289,301.78137,293.15964,293.95724,294.52768,-1.5,609522.06,2386074.2,0.49636924,0.7794644,0.9967384,287.99268,295.65899658203125,305.66495
2022-12-19,-2.1180518,-1.0770397,-0.20847838,-3.7928445,-2.29688,-1.4840139,295.49097,297.95645,301.38892,291.47232,292.78928,293.44266,-1.5,560398.8,2111503.0,0.86747634,0.9421237,0.9979818,288.10352,295.3399658203125,305.44452
2022-12-20,-3.042895,-1.5122603,-0.22945815,-3.3748264,-2.3050485,-1.613228,295.29398,298.35898,302.05673,293.0605,293.9648,294.64645,-1.5,640088.25,2224735.0,0.53068745,0.8106265,0.95008796,287.784,296.26121012369794,304.20413
2022-12-21,-2.3015046,-1.0680065,-0.017376963,-3.384255,-2.4959524,-1.8700914,293.94357,297.958,301.9132,292.14145,293.2282,293.7508,-1.5,774430.44,2760158.5,0.66891897,0.8501699,0.9992013,290.68536,296.78041585286456,305.4501
2022-12-22,-2.3610163,-1.0398419,0.48918205,-3.7738638,-2.411623,-1.4570163,294.22604,298.03693,302.82147,289.29697,291.33252,292.4574,-1.5,841612.3,3015281.8,0.5259372,0.77044886,0.96354336,290.72577,296.8484700520833,304.80008
2022-12-23,-1.8775864,-0.5037938,0.75500304,-3.0008736,-2.0447524,-1.4412462,294.16748,298.41324,303.77054,290.02863,291.51367,292.5508,-1.5,775564.0,2784670.2,0.36776605,0.6077832,0.83643985,292.2903,297.65797932942706,303.66956
2022-12-24,-1.6139798,-0.316403,0.9121762,-3.1614275,-2.4128506,-1.7111741,295.41907,299.0587,303.77838,291.1246,292.51346,293.43655,-1.5,405453.22,1509291.8,0.36980066,0.62043065,0.9362835,292.29767,297.5723876953125,305.07846
2022-12-25,-2.5499847,-1.3724269,0.20961884,-3.0695457,-2.1456184,-1.6822776,296.56128,298.21008,300.61063,293.50677,295.38293,296.3059,-1.5,489794.9,1977134.4,0.9267397,0.9868758,1.0,290.4861,296.9353841145833,306.1657
2022-12-26,-4.0156574,-2.2984693,-1.2452465,-1.5601826,-1.0809919,-0.54666686,296.6164,298.35645,301.40457,295.60986,296.00632,296.39407,-1.5,554358.56,1809405.1,0.50248235,0.70704967,0.95769024,289.90555,296.863525390625,306.457
2022-12-27,-2.8200636,-1.8113469,-0.77369446,-1.0370224,-0.6182106,0.10597472,296.3556,298.54617,301.3504,295.29285,295.88602,296.28967,-1.5,684333.44,2408460.0,0.26129514,0.5673745,0.74668086,288.7585,296.6575520833333,306.44836
2022-12-28,-2.806635,-1.5992247,-0.17034929,-1.3150477,-0.7171747,-0.26871794,295.31866,298.7352,302.73523,293.93182,294.72055,295.5091,-1.5,826284.06,2905014.5,0.19791387,0.48907146,0.75553274,287.80472,296.1897379557292,306.272
2022-12-29,-2.8149428,-1.3674955,0.079767376,-1.0738876,-0.63430494,-0.14704278,294.8619,298.73477,303.55353,293.00143,293.82355,294.47397,-1.5,798515.3,2850468.5,0.10362091,0.33110252,0.6424236,287.7569,297.2458089192708,305.2516
2022-12-30,-2.5290985,-1.2151608,0.26250786,-1.5013251,-0.7567964,-0.08458763,294.32236,298.41916,303.08643,291.93228,293.19577,294.2398,-1.5,856695.7,3012212.5,0.13514565,0.32785964,0.580007,292.86905,298.7354329427083,304.90952
2022-12-31,-2.0745249,-0.9163208,0.35384348,-0.91906434,-0.57550806,0.061432075,293.83255,298.11002,303.40802,290.956,292.593,293.82697,0.0,883344.75,3099923.5,0.10937636,0.4538072,0.84463847,292.38046,298.2636311848958,306.2101
2023-01-01,-2.3690796,-1.1877033,0.53842497,-1.9559621,-1.1085925,-0.50407684,294.04544,298.05588,303.64145,290.12018,292.0015,293.4129,0.0,795442.7,2808785.0,0.16760123,0.49829635,0.86492604,291.857,297.90171305338544,305.73798
2023-01-02,-3.0570958,-1.6418229,-0.24104953,-1.7257165,-1.0208694,-0.23302318,293.8955,297.61816,302.4648,290.5395,292.00674,293.22458,0.0,748301.5,2695274.0,0.065648265,0.3915557,0.89081794,293.24127,296.429443359375,301.18814
2023-01-03,-3.324225,-1.5996319,-0.047175556,-2.0902765,-1.504058,-1.0156773,294.41113,297.78928,302.148,291.1345,292.23032,292.72366,0.0,724181.7,2495735.0,0.14853382,0.3116111,0.5999326,293.3485,297.45347086588544,302.51663
2023-01-04,-3.4571896,-1.8954493,-0.15938988,-2.179564,-1.6087853,-1.0728039,294.24927,297.7266,302.26892,291.3477,292.34174,293.13602,0.0,690640.56,2418667.5,0.19958131,0.5806821,0.86750084,290.7197,297.576904296875,304.76508
2023-01-05,-3.718767,-1.9806265,-0.6916961,-2.3529673,-1.9260864,-1.5324391,294.94846,297.93448,302.22797,291.36774,292.54272,293.01447,0.0,562885.5,2246253.2,0.13226093,0.40796256,0.6539821,289.1485,297.21343994140625,306.75168
2023-01-06,-3.9169407,-2.092232,-0.44817474,-3.6862843,-2.620932,-2.05153,295.3934,298.02124,301.94882,291.79092,292.71542,293.24396,0.0,599626.7,2107244.8,0.5150834,0.6461313,0.81350404,288.52747,297.5228271484375,307.2125
2023-01-07,-3.4490588,-1.9296198,-0.6664409,-3.4780698,-2.3601494,-1.5441482,294.911,298.02902,302.03156,291.63992,292.68576,293.14502,0.0,679470.56,2452769.8,0.2869695,0.48163638,0.69186443,290.49106,298.7025553385417,309.14706
2023-01-08,-2.841924,-1.9333166,-0.39087036,-3.080765,-1.9212118,-1.0354388,293.927,297.4861,301.51297,291.8627,292.68103,293.45343,0.0,844899.44,2965472.0,0.1172255,0.38529456,0.6579843,290.68307,298.42706298828125,308.26062
2023-01-09,-2.5299153,-1.7854385,-0.67961323,-2.8501444,-1.9197236,-1.1168828,292.2562,296.94412,302.05283,289.7211,290.65417,292.32794,0.0,853995.5,2921734.0,0.08962592,0.20647614,0.4477194,289.44748,298.0345052083333,308.08377
2023-01-10,-2.796171,-1.5132102,-0.08030889,-2.8154507,-1.890748,-1.2493819,292.12158,296.66238,301.9639,288.44907,289.8266,290.37253,0.0,918462.0,3113041.5,0.1013414,0.22734982,0.4028562,288.753,297.26206461588544,307.61407
2023-01-11,-2.2204745,-1.317712,0.12905823,-2.2303889,-1.4818331,-0.84986603,292.08975,296.75342,302.58762,288.54214,289.66177,290.57874,0.0,927790.7,3182572.8,0.02615722,0.13925134,0.2891939,288.08878,297.2178141276042,307.61917
2023-01-12,-2.3578234,-1.3486242,-0.07368851,-2.0100315,-1.066063,0.029239316,291.99988,296.74304,302.88858,287.31058,289.4767,290.76382,0.0,901168.06,3161088.2,0.12546521,0.3962079,0.85605115,287.27237,296.6357421875,307.59604
2023-01-13,-2.3662696,-1.428587,-0.010521592,-1.1347971,-0.7601859,-0.2793026,292.24725,296.5836,302.35202,288.48517,289.98013,290.79944,0.0,922257.44,3214767.8,0.8263989,0.8909719,0.9745758,286.86502,296.74481201171875,307.43143
2023-01-14,-2.4211535,-1.2980218,0.059213065,-1.633393,-0.8419201,0.14283909,292.4552,296.78445,302.563,287.8917,289.5808,290.61237,0.0,924326.25,3201040.8,0.06334205,0.52316695,0.91521347,287.447,296.9700113932292,307.65912
2023-01-15,-2.4590755,-1.4121246,0.032563284,-1.4356134,-0.6169594,0.2522896,292.25714,296.67352,302.50192,288.20245,289.92746,291.18994,0.0,923464.0,3203389.5,0.21216096,0.3358961,0.49026167,287.65103,296.966796875,307.85077
2023-01-16,-2.9036858,-1.4710325,0.19237249,-1.7453332,-0.96535665,-0.3094399,292.52112,296.83337,302.8655,288.87512,290.21375,290.8418,0.0,851015.7,2929405.0,0.12610145,0.3607271,0.6518303,287.3821,296.7683919270833,306.9054
2023-01-17,-2.7778413,-1.6103979,-0.31114736,-1.5036831,-0.88963753,-0.034954347,292.4043,296.9205,302.50153,289.2973,290.48447,290.90808,0.0,897599.8,3064924.5,0.44189164,0.60876155,0.7887403,288.5483,297.19028727213544,307.76727
2023-01-18,-3.2633314,-2.030943,-0.39468578,-2.0487514,-1.1755306,-0.5124665,292.64343,296.97507,302.5918,289.8685,290.5372,290.87277,0.0,890207.2,3173235.5,0.47165948,0.5704594,0.67893,288.2381,298.36279296875,308.80124
2023-01-19,-2.8815355,-1.6740602,-0.11909419,-2.0579386,-1.5182705,-1.0246667,292.21707,296.8201,302.1536,287.97504,289.62497,291.0674,0.0,723850.0,2390460.8,0.07341526,0.29687196,0.80493945,291.76492,299.022705078125,308.8482
2023-01-20,-3.1661208,-1.6396977,0.3661434,-2.0551867,-1.4661261,-0.92919,292.99142,297.24442,301.7807,289.7607,291.03674,291.8355,0.0,785978.7,2733162.8,0.33729926,0.5803475,0.798583,291.07715,299.1820271809896,309.4479
2023-01-21,-2.852123,-1.7980391,-0.1546483,-2.6775064,-1.871776,-1.246673,294.1579,297.7386,302.4422,290.27747,291.4816,292.45264,0.0,754862.44,2764096.2,0.57981277,0.8050363,0.9894333,289.0667,298.2248128255208,308.68655
2023-01-22,-3.477598,-1.9985079,-0.4501377,-2.7378402,-1.6601714,-0.7385256,294.78174,297.7638,301.79446,290.17456,291.68198,292.55704,0.0,471656.6,1587331.2,0.744043,0.85245425,0.94486713,288.14783,297.4175211588542,307.82114
2023-01-23,-2.8786886,-1.8536965,-0.21303678,-2.1023762,-1.4332142,-0.7208577,295.52362,297.84384,300.71158,292.24454,293.49063,294.21353,0.0,545391.7,2010776.9,0.57853043,0.78366786,0.94120204,288.17786,297.9547526041667,307.8232
2023-01-24,-2.6930978,-1.8864545,-1.1249287,-1.1295825,-0.8418506,-0.47074857,293.82343,297.6741,301.75256,291.94974,293.199,294.4587,0.0,822519.3,2939674.0,0.70769846,0.8178331,0.90679544,290.05902,298.577880859375,308.80798
2023-01-25,-3.0588746,-1.8594431,-0.3566951,-1.818971,-1.1415519,-0.21163957,293.50623,297.50635,302.40317,290.7593,291.66135,292.45383,0.0,859210.7,2929496.0,0.17763841,0.50329286,0.80960584,287.64026,297.4149576822917,308.52203
2023-01-26,-2.6067176,-1.7150316,-0.39604872,-1.9249148,-1.1502024,-0.44690752,293.9406,297.45605,302.50577,290.33316,291.40396,291.99026,0.0,870226.8,3038909.8,0.21119513,0.5985986,0.8364154,286.8984,296.6350911458333,306.94092
2023-01-27,-2.50877,-1.5392431,-0.25108007,-2.1190217,-1.3356501,-0.71464705,293.00696,297.5209,302.86023,289.8927,291.03537,292.2548,0.0,938589.25,3210533.0,0.19408458,0.32029435,0.5757205,287.92548,297.27508544921875,307.78918
2023-01-28,-2.8931186,-1.4158516,-0.1446125,-2.5620115,-1.7081575,-0.9156552,293.09048,297.5997,303.20242,287.89697,290.0946,291.07703,0.0,805781.7,2772445.5,0.025451979,0.16357523,0.4415156,289.93985,298.5920817057292,305.56165
2023-01-29,-3.5292292,-1.7196938,0.055276636,-3.2360454,-1.6577797,-0.59843993,293.87158,298.30676,303.3777,290.0559,291.9248,293.52414,0.0,628253.56,2249513.2,0.2683152,0.6590681,0.92257845,292.86078,298.8047281901042,307.1228
2023-01-30,-2.6289048,-1.3360239,-0.060637284,-2.4944878,-1.859959,-1.4648993,295.75443,298.20718,301.71176,293.41788,294.0667,294.5841,0.0,713566.0,2730673.5,0.6336967,0.8937598,0.9989271,287.8386,297.38942464192706,307.9152
2023-01-31,-2.6921136,-1.2828678,0.26808545,-3.6609652,-2.426778,-1.5851488,295.38617,299.0156,303.33875,292.20673,293.00684,294.24884,0.0,652156.44,2545305.0,0.98972577,0.9981112,1.0,286.91605,297.241455078125,307.62497
2023-02-01,-2.6453977,-1.4586142,0.34050402,-3.8036695,-2.788627,-2.0725923,295.82303,299.10214,303.0049,290.51614,292.05237,292.85287,0.0,378584.66,1327924.8,0.9543913,0.98989034,0.99994946,289.83844,298.9464925130208,308.7346
2023-02-02,-2.243467,-1.4925095,-0.7953955,-3.2225213,-2.4675038,-1.9481992,295.71503,297.58823,299.25296,292.10147,292.5371,293.39792,0.0,450809.03,1574122.6,0.8014169,0.94759893,0.9971524,291.0144,299.2644856770833,308.95755
2023-02-03,-2.751839,-1.5599108,-0.70603144,-2.4200628,-1.9225773,-1.3330158,295.9468,297.77545,300.44016,293.1265,294.20267,295.23984,0.0,637630.25,2169466.2,0.7245537,0.8332567,0.948859,290.74127,298.6392415364583,308.85406
2023-02-04,-2.4547496,-1.4457794,-0.1307824,-2.571065,-1.5635571,-0.5763816,294.2184,298.25906,302.5788,292.50922,293.32443,293.9803,0.0,964383.2,3321173.2,0.25691524,0.52809167,0.7292496,290.27118,299.1604410807292,309.02084
2023-02-05,-3.249454,-1.6042122,-0.07102564,-1.777414,-1.3005072,-0.61587775,293.1882,298.14822,303.8989,288.82562,290.64896,293.09598,0.0,965686.2,3292916.0,0.3996384,0.7381959,0.95145196,292.1692,298.79758707682294,307.67725
2023-02-06,-2.8194685,-1.3890042,0.10153484,-1.3375131,-0.7770124,-0.10362926,293.53598,297.90405,303.27856,289.31573,290.7548,291.50433,0.0,976063.5,3384309.0,0.37018195,0.76520103,0.9838594,292.33035,299.1335856119792,308.5086
2023-02-07,-2.3141751,-1.066059,0.42857882,-1.1370351,-0.53845555,0.39578578,294.194,298.78708,304.755,289.68738,291.3516,292.49033,0.0,960070.0,3340551.0,0.025355842,0.2677296,0.5317447,292.11533,299.39613850911456,308.93723
2023-02-08,-2.764606,-1.5190431,-0.053759072,-1.4310248,-0.85574,-0.1040094,294.7121,298.77762,304.4214,290.76758,292.04892,292.82977,0.0,969967.7,3352555.8,0.363276,0.6346373,0.89244837,292.37952,299.8534749348958,308.90924
2023-02-09,-2.8445814,-1.3373564,0.27129036,-1.1873138,-0.6833679,0.028511196,293.4589,298.59937,304.08762,289.37143,291.1519,292.9349,0.0,1008541.0,3437167.0,0.6163447,0.8183028,0.9511297,294.19754,300.2902018229167,308.39615
2023-02-10,-2.8817775,-1.4405078,0.07158014,-1.6758604,-0.9541324,-0.035307705,293.38397,298.4577,304.9233,286.54523,289.42896,292.01077,0.0,923379.56,3186582.0,0.16182493,0.46224037,0.96194994,293.8664,300.7274983723958,309.3965
2023-02-11,-2.6070123,-1.2481565,0.20747088,-1.7767555,-0.73343736,0.24310222,292.9582,298.0571,303.81384,287.3679,289.37305,290.66656,0.0,1029745.0,3498477.8,0.23875622,0.7429686,0.9456775,293.6227,301.2135823567708,310.52618
2023-02-12,-2.955275,-1.293286,0.5199164,-1.5865514,-0.87610793,-0.2569981,292.20413,298.19522,304.86313,286.03864,288.1559,290.5662,0.0,1032415.75,3507014.5,0.025615506,0.19117825,0.5215012,294.65918,302.1165771484375,310.42007
2023-02-13,-3.5780349,-1.6685644,-0.034287464,-1.5190437,-0.8396577,-0.1047429,292.62256,298.41568,304.93436,286.2086,288.42685,289.83115,0.0,1027880.5,3505908.2,0.01814972,0.17359352,0.36476225,297.4682,302.3243408203125,310.5522
2023-02-14,-2.8928134,-1.3687029,0.3106335,-1.0325154,-0.49080685,0.4392223,293.14536,298.28336,304.4945,287.23944,288.89502,290.4931,0.0,1037871.06,3508349.5,0.0,0.23131168,0.5730753,297.12836,302.4132893880208,310.30615
2023-02-15,-3.0739675,-1.5071057,0.33394685,-1.5118747,-0.8886852,-0.32747728,293.1318,298.45847,304.85275,287.89398,289.2091,291.1284,0.0,1034227.0,3492665.5,0.00057477405,0.03624176,0.220342,297.01996,302.2100423177083,309.86093
2023-02-16,-4.0606093,-1.8888696,-0.12794589,-1.4791514,-0.9227474,-0.18357423,293.1036,298.47012,304.4051,288.32547,289.9885,291.1399,0.0,1005658.5,3457849.0,2.2889177e-05,0.03709932,0.13782395,296.6494,302.21152750651044,310.54865
2023-02-17,-2.92922,-1.7056065,-0.1268723,-0.82498103,-0.51352787,-0.013249503,293.44235,298.30878,303.9921,288.5511,290.0527,291.5148,0.0,1006924.56,3399389.8,0.0,0.07925552,0.27732074,296.1696,301.7807210286458,309.78915
2023-02-18,-2.4239583,-1.434269,0.28563094,-0.91223407,-0.20411973,0.2666542,294.05582,299.09964,304.8153,287.8345,290.58463,292.68152,0.0,969678.8,3370850.5,6.0359802e-05,0.058754742,0.26301897,295.90637,303.0418294270833,311.85092
2023-02-19,-2.747634,-1.5958723,-0.060532026,-0.84665906,-0.4082891,0.25160962,295.14255,299.4431,304.9518,289.68265,291.99216,293.23886,0.0,1008143.2,3448487.0,0.0044361036,0.17814219,0.4101953,296.806,303.5782877604167,312.44955
2023-02-20,-2.561533,-1.2985595,0.012533844,-1.1363711,-0.4856825,0.42026934,294.7095,299.54913,305.26813,290.04367,291.75577,293.3337,0.0,1047194.2,3538843.0,0.043118734,0.18020554,0.5027405,297.2166,303.254638671875,311.4573
2023-02-21,-2.959864,-1.4802812,0.24316709,-1.8755034,-0.92560506,-0.012253677,294.08408,299.5524,305.9329,287.69196,289.89944,292.07742,0.0,1062494.4,3576332.8,0.00051153183,0.07556,0.2670947,296.93304,303.2840983072917,311.24698
2023-02-22,-3.5744772,-1.886561,-0.03603467,-1.9519147,-0.8763071,0.06430757,293.46075,299.12198,305.64047,285.97852,288.67093,290.396,0.0,1031431.25,3441312.8,0.0003660581,0.018553564,0.15966171,298.00894,303.4891357421875,310.97742
2023-02-23,-3.1089587,-1.6539701,0.30867058,-1.218854,-0.55911726,0.15945238,293.9987,299.07242,304.8178,287.44638,289.94238,291.86493,0.0,994058.5,3428036.2,0.11789319,0.28182933,0.49404296,297.78198,303.6717936197917,311.55673
2023-02-24,-2.7478395,-1.5966387,-0.18749213,-1.1092161,-0.5067942,0.25245023,294.26434,299.43118,305.07883,289.43716,291.0461,292.79114,0.0,1074151.9,3612306.5,0.0019462631,0.12456568,0.55503404,297.7431,304.3640543619792,313.02274
2023-02-25,-3.7080472,-1.7415994,0.00093508826,-1.7651266,-1.0753392,0.0519882,293.1313,299.32443,306.26056,285.66754,288.39835,292.14307,0.0,1076602.4,3602515.2,0.0024679676,0.06672791,0.3722012,298.43295,304.3110758463542,312.22232
2023-02-26,-4.395774,-2.2323399,-0.06260548,-2.0324538,-1.2817792,-0.57335144,293.42874,298.79337,305.3097,286.48102,288.88864,290.93134,0.0,1069091.1,3597568.0,0.010046593,0.069766305,0.3220954,297.59784,303.7355550130208,311.54077
2023-02-27,-3.1697571,-1.7433943,0.3054867,-1.6637015,-1.248566,-0.696358,294.15634,298.9788,305.0951,285.8725,289.27432,291.28336,0.0,722289.8,2640106.8,0.0032448457,0.054985553,0.16705918,297.07196,303.4779459635417,312.3817
2023-02-28,-3.7358174,-2.2666168,-0.5728719,-1.9538956,-1.330592,-0.7505987,295.37457,299.36508,303.46674,290.8263,292.61008,294.25146,0.0,827409.7,2845953.8,0.19544673,0.4617853,0.6868786,296.88684,303.86012776692706,313.03094
2023-03-01,-3.8351073,-2.5330791,-0.8138936,-1.7411731,-1.2802953,-0.8642628,295.37714,299.7761,304.57175,292.22098,293.032,294.6825,0.0,1037594.75,3535828.5,0.09634425,0.39647844,0.6599233,297.7326,303.5525309244792,311.63242
2023-03-02,-3.984033,-1.996674,-0.1842346,-1.9415601,-1.4375223,-0.75285816,293.151,299.1588,305.13916,286.8489,289.24066,293.2825,0.0,1077313.9,3590280.5,0.28030366,0.47522387,0.6744015,298.108,303.6131998697917,311.70062
2023-03-03,-4.0618725,-2.1277401,-0.07860379,-2.0949183,-1.483676,-0.7220301,293.9826,299.06802,305.5265,286.10953,288.3346,290.76547,0.0,1018985.75,3471884.8,0.010722334,0.15762986,0.33982208,298.15848,303.8152669270833,311.64413
2023-03-04,-4.0928116,-2.0774567,-0.31722036,-1.9108125,-1.2195663,-0.61445355,295.41635,300.1084,305.70438,288.85483,290.98993,292.53625,0.0,996316.7,3309648.2,0.03798214,0.18876822,0.52707076,297.8354,303.448486328125,311.1589
2023-03-05,-3.7706823,-2.1205769,-0.57981336,-1.831451,-1.1012636,-0.53603446,294.40018,299.99057,305.9708,290.06845,291.20883,292.1792,0.0,1059838.1,3597695.2,0.1369037,0.4188377,0.6086458,297.6902,303.7551676432292,312.028
2023-03-06,-3.3218882,-1.9923593,-0.41864634,-1.5448765,-0.86961156,-0.28427637,294.6945,299.76578,305.7792,287.3751,289.95236,292.35318,0.0,990308.2,3323499.8,0.13515091,0.27212068,0.5148364,297.60678,303.7819010416667,311.9092
2023-03-07,-3.377635,-2.0667303,-0.32115677,-1.4961556,-0.9480869,-0.6117284,295.56494,299.8979,305.50214,288.76175,291.40024,293.04276,0.0,960383.3,3340929.0,0.07880508,0.29753897,0.4696409,295.5889,302.6381225585937,310.24115
2023-03-08,-4.074266,-2.3697433,-0.44959563,-1.9344394,-1.3112907,-0.7419414,295.13654,299.8894,305.31882,289.65182,291.75433,293.4102,0.0,987751.75,3284200.2,0.058192052,0.2628234,0.53477395,295.43048,301.7689819335937,309.29916
2023-03-09,-3.880776,-2.2028918,-0.24890137,-1.9448798,-1.4652778,-0.83137894,295.345,299.9072,305.37262,289.65186,291.8121,293.39505,0.0,961571.94,3236467.2,0.15765373,0.41601405,0.8042552,295.36108,302.5563557942708,310.67035
2023-03-10,-3.3415127,-1.9936123,-0.42847687,-1.5344737,-0.9767735,-0.49571398,295.40665,299.87164,305.05707,289.52866,291.7251,293.5948,0.0,998447.75,3364622.2,0.15146272,0.5479295,0.8618544,296.66626,302.8390706380208,310.7775
2023-03-11,-3.5516798,-2.065445,-0.29289666,-1.8332394,-1.1840085,-0.47177115,295.67398,300.15833,305.60895,289.85876,292.2518,293.51672,0.0,969956.5,3298890.8,0.030688187,0.20881492,0.4073712,295.49136,302.96759033203125,311.5865
2023-03-12,-4.1807966,-2.3110998,-0.30891597,-1.9545542,-1.051159,-0.29355475,296.5114,300.56982,305.67566,291.31433,293.07474,294.35107,0.0,992023.7,3402867.5,0.09509145,0.23638743,0.4498363,294.4212,302.83376057942706,312.51315
2023-03-13,-3.6973112,-1.9715039,-0.19798575,-1.5525112,-0.7374533,-0.12329427,296.16937,300.87784,306.15054,290.51523,292.5248,294.60797,0.0,1023244.0,3566976.8,0.06642328,0.17923369,0.49731496,294.0355,303.17930094401044,313.3588
2023-03-14,-3.277904,-1.8381257,0.08166328,-1.0787735,-0.21673448,0.72255784,296.54477,300.95895,306.69714,289.62714,292.20984,293.80173,0.0,964987.8,3353734.5,0.06980114,0.1998374,0.47741258,294.83505,303.52646891276044,313.7396
2023-03-15,-2.6769469,-1.390206,0.13853617,-0.48447075,0.9015522,1.704175,297.2725,301.1993,306.40475,291.6727,294.10205,295.81503,0.0,831520.0,2897013.2,0.16307408,0.36772028,0.5063172,295.25696,303.5868530273437,314.0438
2023-03-16,-2.320885,-1.2650051,-0.47645596,0.2357781,0.86391973,1.5844879,297.68335,301.21634,306.2583,294.1425,295.03537,295.76477,0.0,871208.56,2921607.0,0.2589931,0.42526793,0.549681,295.41202,303.6384684244792,313.51428
2023-03-17,-2.6951976,-1.532535,-0.26522595,-0.3583106,0.13122241,0.40260133,297.4917,301.0538,305.6752,294.3752,295.0245,295.545,0.0,863865.0,3023493.0,0.3049517,0.40718856,0.5250404,295.681,303.86891682942706,313.57346
2023-03-18,-1.8833265,-0.9438943,0.84990746,-0.008505906,1.2760342,2.2453187,297.51077,300.96896,305.1841,294.49088,295.33792,296.11023,0.0,895647.94,3115803.8,0.28515938,0.48721895,0.74558455,296.70026,304.4598795572917,314.12775
2023-03-19,-0.22220947,0.37039778,1.0492493,0.026749717,0.8685197,1.8475531,297.3984,301.16,306.74844,293.6873,295.19193,295.8683,0.0,862288.2,3026818.8,0.49476522,0.64127743,0.7654592,296.9759,304.6875,314.2885
2023-03-20,-0.39254913,0.18955593,0.86113256,-0.10579227,1.1420772,2.005275,297.22635,300.793,305.71423,294.0635,294.95786,295.5473,0.0,995449.7,3384251.8,0.48646814,0.7485358,0.9511227,297.7141,304.96124267578125,314.23758
2023-03-21,-1.1874009,-0.38357642,0.52898914,-0.13012055,0.9738261,1.8008938,297.8343,301.81647,306.84845,293.0025,294.80777,296.0094,0.0,988113.75,3388526.5,0.39491713,0.48766065,0.57003266,297.98117,305.2764485677083,313.97205
2023-03-22,-1.2435266,-0.24323444,0.6631695,0.095847614,1.062026,1.8694028,298.58966,302.26474,307.19287,293.78745,295.18048,296.23215,0.0,927861.75,3129686.0,0.26849318,0.54431134,0.7933141,299.64862,305.75913492838544,314.2191
2023-03-23,-1.0393485,-0.50946385,0.20937066,0.607641,1.5996804,2.2208083,297.9452,301.83167,306.6944,294.29352,295.26227,295.91824,0.0,921767.2,3174041.5,0.823093,0.9171188,0.9632229,299.12427,305.1669514973958,313.98892
2023-03-24,-0.99375856,-0.3207496,0.3863886,0.90153986,1.5735105,1.9248533,298.4896,301.77612,306.9046,294.30356,295.47293,296.16614,0.0,855187.75,2886674.8,0.557664,0.75033396,0.9113273,298.90326,304.2493489583333,311.97278
2023-03-25,-1.4693077,-0.5076605,0.30069774,0.7501252,1.3306623,1.9708223,298.34543,302.14297,306.78278,294.3753,295.59866,296.50775,0.0,903846.94,3040418.5,0.65183777,0.78863525,0.94508195,299.5078,303.8001912434896,310.71744
2023-03-26,-1.3839853,-0.34421682,0.68885094,0.5336978,1.3608837,1.8216351,298.4478,302.04272,306.95465,294.23953,295.56918,296.4013,0.0,959042.25,3153947.5,0.50087684,0.8354213,0.9499905,299.01483,303.8701985677083,310.26535
2023-03-27,-1.5136555,-0.24033956,1.173136,-0.52076507,0.57045746,1.5071825,298.9295,302.70578,307.49478,293.30804,295.00818,296.27722,0.0,918031.2,3064266.2,0.24493328,0.49862877,0.72020906,298.99057,303.9373779296875,310.94757
2023-03-28,-2.2301893,-1.1018974,0.098866716,0.39852697,0.9457569,1.4980806,298.87427,302.58374,307.0412,294.743,296.0499,296.69247,0.0,924203.8,3116794.2,0.2771733,0.5086508,0.7839064,298.9177,304.19677734375,311.3489
2023-03-29,-2.0700855,-0.9567838,-0.08719236,0.36815944,0.9380854,1.2196599,298.7934,302.37732,307.16776,293.5255,295.44504,296.6375,0.0,960152.2,3080460.8,0.29390076,0.5802777,0.9130544,299.0698,303.13478597005206,310.5493
2023-03-30,-2.1345575,-0.68354565,0.6592173,0.31484506,0.9096882,1.6170183,297.7454,302.00354,307.17444,293.10678,294.99277,296.4658,0.0,1032995.3,3448995.5,0.2591829,0.3709394,0.4888733,298.91107,303.146240234375,309.8697
2023-03-31,-1.8855736,-0.52161735,0.80867493,0.648529,1.2374368,1.8334777,298.61765,302.65903,307.92422,292.25473,294.72083,296.18683,0.0,900204.8,3177706.8,0.12324384,0.24820334,0.39504024,298.73825,302.7757161458333,310.4022
2023-04-01,-1.202089,-0.3316739,0.6525233,1.078466,1.6808424,2.0163577,299.0732,302.6052,307.7651,293.5771,295.39667,296.19467,0.0,889595.56,3068678.0,0.18445854,0.31667843,0.4299941,298.5639,302.060546875,308.1408
2023-04-02,-0.84284306,-0.052481573,0.82437336,0.97701424,1.58671,1.9146543,299.16513,302.3173,307.18976,293.7082,295.36996,296.33148,0.0,902839.2,3082368.2,0.32946184,0.41042337,0.51269734,298.4531,303.2647298177083,310.5478
2023-04-03,-1.5092297,-0.4745349,0.5948557,0.89211154,1.4657607,1.7806721,299.008,302.44897,307.1529,294.24115,295.65152,296.39142,0.0,867185.0,2899288.0,0.337836,0.45197877,0.6045881,298.84265,303.7431030273437,312.13208
2023-04-04,-0.60919434,-0.09199949,0.82864124,1.0709063,1.3785716,1.9280177,297.9104,301.67526,306.07278,294.27667,295.521,296.26416,0.0,966956.8,3377231.2,0.43028298,0.58593726,0.774498,298.523,302.3274739583333,308.88278
2023-04-05,-2.097209,-0.80433255,0.1936145,1.0054384,1.5225734,1.8949517,298.89398,302.6456,307.34412,293.60098,295.27744,296.07672,0.0,954888.0,3257021.2,0.18160172,0.4329444,0.8450882,297.45703,302.56052652994794,310.73868
2023-04-06,-2.677815,-1.045218,0.45907032,0.64590555,1.0274903,1.5251502,298.43637,302.71863,307.78018,293.25815,295.27515,296.38672,0.0,957412.7,3190446.2,0.1373944,0.29873118,0.5213498,297.39328,301.7212727864583,308.00128
2023-04-07,-3.2289824,-1.6746229,-0.41052094,-0.4956872,0.53171057,1.1103113,297.59055,302.27377,306.9769,292.23254,294.53714,296.59537,0.0,976002.25,3340688.0,0.05469272,0.25268802,0.60615796,297.72113,303.57680257161456,311.18372
2023-04-08,-4.035891,-2.269533,-0.63216037,-0.7474721,-0.08449275,0.3515944,297.5999,301.75012,306.70398,291.398,293.74783,295.57672,0.0,990525.44,3321988.2,0.20266168,0.34182325,0.44288456,298.0996,304.18223063151044,312.0752
2023-04-09,-3.0461705,-1.8005522,-0.49236476,-1.1870139,-0.32408914,0.48001388,297.97464,301.69034,306.2673,292.6409,294.42432,295.45465,0.0,990853.0,3388202.0,0.25334084,0.31147107,0.4594119,298.45325,304.9265950520833,313.20618
2023-04-10,-3.5810027,-1.9113073,-0.26898867,-0.77836967,-0.22431032,0.23599759,297.55798,302.20828,307.43616,292.812,294.71146,295.9763,0.0,1034556.44,3534813.2,0.035595555,0.2030764,0.4615854,297.9203,304.3957926432292,312.5266
2023-04-11,-3.0410342,-1.5258662,0.07428513,-0.36630934,-0.0013198145,0.44177073,297.62018,302.5416,307.86182,291.67993,294.00565,296.10016,0.0,1096732.9,3634529.5,0.05731718,0.19179328,0.49527588,297.65237,304.089111328125,312.7692
2023-04-12,-3.3764038,-1.2809304,0.5324572,-0.33217803,0.31889454,0.71885294,297.04758,302.63803,308.58957,290.50812,292.66684,295.17108,0.0,1128905.9,3697756.5,0.0110811,0.11183829,0.32620868,297.40698,303.73883056640625,312.05518
2023-04-13,-2.9439762,-0.9010822,0.6452399,-0.05806729,0.63609093,1.2681024,297.8233,303.0529,309.16245,289.14102,292.24973,294.14728,0.0,1128429.6,3700896.8,0.020809364,0.087474085,0.30367118,297.22357,304.2148844401042,313.06656
2023-04-14,-1.9953513,-0.3833545,0.73352516,0.24074118,0.95098954,1.60638,297.88113,303.25455,309.7637,288.73688,292.17944,295.07147,0.0,1031827.3,3477066.0,0.054642614,0.4949782,0.9271286,297.55505,305.03082275390625,314.25952
2023-04-15,-2.3134856,-0.6131783,0.7148325,0.15161957,0.65811986,1.2188034,297.59393,303.24142,309.03357,289.63458,292.5842,294.633,0.0,1097101.8,3609437.8,0.24390483,0.71041226,0.9677492,297.86746,305.50372314453125,314.83356
2023-04-16,-2.0971458,-0.5333573,0.83157253,0.4222342,0.95054084,1.5934289,297.777,303.19998,309.55298,288.29645,292.45413,295.34964,0.0,1115542.4,3653760.8,0.058092277,0.1603,0.39949495,298.55347,305.7654215494792,314.06046
2023-04-17,-2.383531,-0.77296686,0.87176293,0.37471268,1.0760373,1.737755,298.55157,303.34204,309.60544,288.64203,292.6836,294.896,0.0,1090844.4,3612566.8,0.016826639,0.064085186,0.22152343,299.35205,305.7787068684896,314.2791
2023-04-18,-2.6682532,-0.82712287,0.6098121,0.541643,1.0732416,1.4046813,298.79712,303.7357,309.43024,290.5318,293.85507,295.7808,0.0,1072194.4,3530429.2,0.024427133,0.12633683,0.3144917,298.7569,304.91957600911456,313.65567
2023-04-19,-1.6237543,-0.27123407,1.039103,0.7025448,1.6218938,2.1418698,299.50214,303.97757,309.86716,291.39255,294.6069,296.7073,0.0,1022362.2,3379744.0,0.044162057,0.13637663,0.31815416,298.72562,305.4830322265625,313.98193
2023-04-20,-0.91379344,0.31948477,1.6413912,1.094999,1.7841841,2.6164212,299.8537,304.20898,309.33734,292.45367,294.99548,296.8247,0.0,986059.44,3312528.2,0.03300373,0.16303442,0.31659877,299.31592,305.2479248046875,313.61926
2023-04-21,-0.3333239,0.4859387,1.7403015,0.83318615,1.5293993,2.0027585,299.94675,304.0266,309.12457,293.3752,295.42654,297.02014,0.0,950871.5,3154360.2,0.032690566,0.2360925,0.4268673,299.11163,305.14760335286456,313.29962
2023-04-22,-1.47266,0.09026917,0.98861897,0.13845961,0.8609738,1.5587676,299.75772,303.744,309.10184,293.98663,295.83063,296.97937,0.0,913219.06,3160005.8,0.20804572,0.3870586,0.5858831,298.52594,305.12790934244794,313.6393
2023-04-23,-1.06002,-0.22086094,0.487262,0.08145091,0.7660289,1.2136207,298.52283,302.77094,308.05914,295.09882,296.1926,296.75925,0.0,899288.7,3241952.2,0.15092278,0.562275,0.8615425,298.341,304.9779459635417,313.79587
2023-04-24,-2.393072,-1.133686,-0.20402196,0.34125596,1.136744,1.9259993,299.33392,302.71378,307.7323,295.52396,296.43103,297.33868,0.0,827790.8,2891234.5,0.4346216,0.6369391,0.7966033,298.24075,304.6829020182292,313.36606
2023-04-25,-2.0938146,-0.9822407,0.2586128,-0.0797882,0.90677804,1.532635,298.77145,301.60925,305.0521,295.90347,296.71948,297.14307,0.0,823061.8,2841713.0,0.76744705,0.92755014,0.98200566,298.07214,304.3020833333333,312.37662
2023-04-26,-2.570469,-1.3087014,-0.031614065,-0.5542807,0.14577998,0.9622803,299.0135,301.93323,305.6688,295.24756,296.35538,297.24496,0.0,890512.7,3024346.2,0.67324907,0.8466322,0.9535516,298.0639,304.9140218098958,313.27316
2023-04-27,-3.1180997,-1.5876244,-0.2396392,-0.3562333,0.5107954,1.0870268,299.075,302.5827,307.09598,294.60205,296.32675,297.1914,0.0,907480.2,3116868.2,0.6381229,0.8222433,0.9659802,299.28015,305.3996175130208,314.0947
2023-04-28,-2.3855782,-1.2004982,-0.08596087,-0.02835297,0.93060017,1.5482523,299.0026,302.64304,306.49136,294.6185,296.29898,297.12595,0.0,746744.3,2782176.0,0.7441053,0.8528158,0.9500411,299.79782,306.0470784505208,314.34033
2023-04-29,-3.031404,-1.1009278,0.37913674,0.098610274,0.6254192,1.3623905,298.27573,301.2534,304.9967,295.6596,296.5698,297.12698,0.0,744446.3,2468700.8,0.72306865,0.9239275,0.9942274,299.53568,305.68259684244794,313.90643
2023-04-30,-1.727538,-0.8372178,0.070032954,0.23616354,1.2040482,1.9234294,298.67725,301.40643,305.354,294.91357,296.42688,297.00696,0.0,697229.5,2532453.0,0.764014,0.9004863,0.9829794,299.294,305.0802001953125,313.07693
2023-05-01,-1.1795965,-0.273725,0.38618863,0.010264984,0.7624216,1.4279387,297.57425,300.57983,304.7143,295.77335,296.65167,297.30188,0.0,463788.62,1644889.4,0.8971177,0.9614131,1.0,298.5353,304.85302734375,313.511
2023-05-02,-1.3723075,-0.21446449,1.2565112,0.042088773,0.6170351,1.0438367,297.8365,300.157,303.23776,296.4594,296.89792,297.46814,0.0,701245.2,2603614.2,0.8814387,0.978988,1.0,298.4083,305.0455729166667,313.78763
2023-05-03,-0.5857706,0.47553408,1.2689363,-0.46403474,0.18777424,0.92865217,297.9367,300.7739,305.03,296.35718,296.69516,297.01056,0.0,782495.7,2922159.0,0.9233497,0.9792498,0.9956848,299.1026,305.7859293619792,314.92065
2023-05-04,-0.6177356,0.38719726,1.1204785,-0.42702296,0.21497111,0.88841194,297.9403,300.98447,306.10907,295.81696,296.54926,297.11603,0.0,496500.34,1987612.5,0.92737204,0.9694974,0.9978126,298.67352,304.92584228515625,312.844
2023-05-05,0.23703088,0.93610716,1.6600945,-0.15638159,0.5058,1.372413,298.62036,300.93167,305.0832,295.49072,296.35092,297.02054,0.0,634162.0,2217778.5,0.9820932,0.99636984,0.99994844,298.29074,304.78029378255206,313.50446
2023-05-06,-0.23580275,0.8563438,1.9259186,-0.36860624,0.23786946,0.718612,297.5603,300.6271,304.6861,295.71155,296.27457,296.86084,0.0,429077.5,1684090.2,0.9466258,0.98145723,0.9993308,298.16785,304.9066162109375,313.6501
2023-05-07,0.5267788,1.1655587,1.88456,-0.9154892,-0.13591686,0.77979666,297.71194,300.43695,303.585,296.08252,296.68015,297.5111,0.0,817699.94,2851700.5,0.8898648,0.98620176,0.99956274,297.37878,303.92254638671875,312.11084
2023-05-08,-0.5695197,0.7894953,1.599001,-0.5638749,0.13897268,0.9959833,298.41806,301.68976,306.20367,296.33545,296.8712,297.64957,0.0,944443.3,3098737.0,0.6361271,0.8896379,0.9534442,297.31458,303.98630777994794,312.6036
2023-05-09,-0.6077524,0.63429874,1.5062846,-1.091971,-0.1679715,1.0124574,298.70673,302.23328,306.89514,296.6215,297.1974,298.12488,0.0,916959.7,3065618.5,0.50862586,0.82022285,0.99062526,296.61804,303.24839274088544,312.08185
2023-05-10,-0.36462054,0.5684369,1.5898336,-1.0782435,0.18470263,1.2306731,299.57086,303.04935,307.64633,296.55194,297.2476,297.9589,0.0,893550.2,3090232.2,0.6418663,0.9377494,1.0,296.45868,302.7754720052083,311.3267
2023-05-11,0.17350082,1.54168,2.2531416,-0.27795872,0.5473117,1.5490984,299.0378,302.79318,308.0257,296.15588,296.6782,297.45676,0.0,912133.94,3124403.2,0.7551069,0.9496331,1.0,297.01273,303.49656168619794,311.50937
2023-05-12,1.0817248,1.9801582,2.8464098,0.19190258,1.3263001,2.3803127,299.74896,303.21313,307.9809,296.17868,296.79718,297.45477,0.0,923442.3,3130593.5,0.9549815,0.98604506,0.99997526,297.33414,303.0100911458333,311.68228
2023-05-13,1.9100362,2.7180164,3.474174,0.5361124,1.3047353,1.8064564,300.1902,303.5832,307.91058,296.3036,296.8812,297.52255,0.0,970346.3,3258920.5,0.86772054,0.96286136,0.9990991,297.29584,303.23472086588544,311.6052
2023-05-14,1.5229565,2.579416,3.5096073,-0.1570937,1.0215269,2.0739927,300.5798,304.32394,309.09192,296.02576,296.8974,297.6111,0.0,1049040.4,3467695.0,0.7510705,0.888007,0.99652183,297.25778,303.5298665364583,311.16776
2023-05-15,0.85639614,1.9383017,3.1507666,0.4720258,1.0654047,1.7678653,300.23422,304.44128,309.4514,295.53616,296.7002,297.3965,0.0,1052416.4,3535515.0,0.68301094,0.83521914,0.9823086,296.9194,304.0503743489583,312.17096
2023-05-16,-0.078482725,1.0965482,2.5773964,-0.072453305,0.89454895,1.8139682,300.27707,304.81198,310.4427,294.49002,296.28677,297.26245,0.0,1001248.0,3262391.5,0.6838745,0.7898025,0.9369824,296.6504,304.0890706380208,312.59262
2023-05-17,-0.90009487,0.22691464,1.3329978,1.0809556,1.5172653,2.1406813,300.40738,304.32574,309.64526,294.47223,296.41312,297.71976,0.0,980561.2,3297161.2,0.27193043,0.39172396,0.66791856,296.3896,303.27392578125,312.3024
2023-05-18,-0.3242144,0.54466355,1.4001749,0.85604215,1.6700679,2.394656,300.16287,303.9758,309.24948,295.63968,296.8428,298.0726,0.0,959507.75,3228010.8,0.1827706,0.3360252,0.5229758,297.89725,301.3662923177083,306.6341
2023-05-19,0.31686977,1.1165118,1.7326025,1.2366372,1.9406332,2.6136746,300.00708,303.72885,308.67914,295.711,296.99426,297.74448,0.0,990500.3,3288015.8,0.09291171,0.19377,0.3606984,297.9066,302.0196533203125,308.02826
2023-05-20,0.05406097,0.9932732,2.066109,0.40631697,1.2680303,2.0939896,300.00995,303.89316,309.21957,295.44266,296.7658,297.52097,0.0,953665.06,3217723.5,0.08217649,0.18942912,0.30178308,298.36145,302.2875569661458,308.5728
2023-05-21,-0.39430687,0.6214667,1.4396074,0.89299494,1.4415188,1.9764119,299.52747,303.4324,308.65524,295.59177,296.75943,297.3257,0.0,953954.0,3160072.5,0.088153206,0.29251924,0.4916344,297.92184,302.7455037434896,310.6832
2023-05-22,-0.6373387,0.38411298,0.92159975,0.85558164,1.5972953,2.4356241,298.68567,302.80093,308.11578,295.57156,296.21274,296.71527,0.0,979459.94,3284373.2,0.16183332,0.31860384,0.44321954,297.72382,303.1985677083333,311.639
2023-05-23,-0.55102164,0.6580025,1.463684,0.58807766,1.6218414,2.6968586,299.5464,303.45706,308.35968,294.37384,295.90683,296.59183,0.0,999636.94,3351115.0,0.22251149,0.31928837,0.42929628,297.35797,302.9139607747396,310.45312
2023-05-24,0.79111373,1.5273374,2.0584726,1.0662751,1.6628032,2.2124667,299.7474,303.65988,308.7816,295.1405,295.9055,296.55652,0.0,943675.3,3237909.2,0.11065383,0.28709465,0.41460478,297.17633,302.87009684244794,311.09732
2023-05-25,1.7098365,2.2418778,2.8248384,0.2557589,0.84295535,1.3722043,299.99036,303.52185,308.25665,295.11133,296.21756,297.15552,0.0,931250.5,3099840.8,0.28078032,0.48440155,0.6582428,296.6856,302.3611246744792,310.3444
2023-05-26,1.0481704,2.04758,3.1874206,-0.07839082,0.3524026,0.8024225,298.68588,302.82227,308.30164,294.22437,295.61325,296.34402,0.0,911148.2,3194412.8,0.18731952,0.53372306,0.79594684,296.61102,301.6424967447917,309.13837
2023-05-27,0.5584333,1.443479,2.594121,-0.57186836,0.40661144,1.3941983,299.56003,303.71646,308.50098,294.88593,296.1415,297.18948,0.0,884089.25,3031042.8,0.38477513,0.67756724,0.8877501,295.75342,300.90625,308.64117
2023-05-28,0.63621455,1.228947,2.0756238,0.039529603,0.55511147,0.89122814,299.6568,303.49384,308.84335,295.15567,296.51813,297.07834,0.0,934904.3,3184569.0,0.4620472,0.78974086,0.9372157,295.70383,302.3797607421875,309.89752
2023-05-29,-0.5812921,0.33762494,1.2869449,0.53536284,1.2928091,2.0418315,300.06607,303.53687,308.1354,295.79163,296.73535,297.22314,0.0,970973.56,3238995.2,0.42224282,0.69589514,0.8461846,296.6622,301.1139729817708,308.72003
2023-05-30,-0.03391906,0.6472394,1.0325668,0.25481132,0.8685856,1.6364799,298.75717,302.81918,308.29935,295.38474,296.11035,297.4977,0.0,932476.7,3133138.8,0.7439101,0.8734531,0.95157266,296.4086,302.6927897135417,310.95984
2023-05-31,0.44792935,0.9225387,1.3024275,0.14096522,1.0774165,1.8889499,299.4315,303.15347,308.06247,295.02798,296.26468,297.12512,0.0,925262.2,3082039.0,0.5703293,0.7642236,0.9360913,297.22778,303.3593343098958,311.39978
2023-06-01,1.4590529,2.1495292,2.5086775,0.47502398,1.0049201,1.3358617,300.18314,303.74393,308.53152,295.15738,296.2762,296.85327,0.0,949186.56,3253985.5,0.7487335,0.8567538,0.933461,296.38382,301.46152750651044,308.5332
2023-06-02,1.3073847,2.1000202,3.0098605,-0.21175198,0.71962696,1.6862822,300.3901,303.84048,308.7213,294.76678,295.99887,296.8337,0.0,950666.3,3231919.0,0.6037027,0.76639825,0.9408981,295.3665,299.779052734375,307.35867
2023-06-03,0.8322935,1.8470453,2.60322,0.13983555,1.0878531,2.171911,300.51785,304.53745,309.7761,295.10025,296.49625,297.10483,0.0,939118.56,3137029.8,0.74566895,0.9129879,0.98922765,294.42966,298.18703206380206,303.99106
2023-06-04,1.4982171,2.37726,3.6860883,-0.58920443,0.5231095,1.1994007,300.39487,303.95853,308.60938,294.86557,295.94623,296.8534,0.0,978687.7,3264837.0,0.38898605,0.55652875,0.7530572,294.82095,297.5096842447917,303.25516
2023-06-05,1.4475962,2.261861,3.265349,0.28726685,0.9007867,1.7817106,299.4341,303.4396,309.03113,294.5417,295.8318,296.57434,0.0,950832.0,3093703.0,0.38215193,0.62838846,0.9374625,295.43207,298.3954264322917,303.48633
2023-06-06,1.4337817,2.3622258,3.2405362,-0.32022807,0.73721105,2.040097,300.24704,304.00244,309.3892,294.1518,295.70425,296.4962,0.0,907920.5,3043356.5,0.41835395,0.65036845,0.9136485,296.18408,299.58306884765625,304.85333
2023-06-07,2.2237132,2.9135568,3.413986,-0.2661265,0.4900427,1.3332971,299.74557,303.15195,308.50275,295.00244,295.9358,296.55652,0.0,924616.3,3216358.5,0.58856666,0.7703803,0.9882503,296.7364,300.72214762369794,306.54495
2023-06-08,2.4978786,2.9685383,3.5734107,-0.11572382,0.48822188,1.3322799,299.6013,303.4337,308.37354,294.49664,295.37595,296.10223,0.0,925522.25,3142492.5,0.8474522,0.9227071,0.9863886,296.60785,302.5458170572917,310.34753
2023-06-09,2.697815,3.41914,4.1538596,0.15807642,0.5953813,1.0930715,299.35553,303.08585,308.3023,294.2387,295.27832,296.08313,0.0,890580.56,3087939.5,0.6116385,0.85493946,0.95768976,297.43,302.559814453125,309.96445
2023-06-10,2.5126927,3.4090092,4.4889765,0.16253088,0.46322548,0.78648376,299.06372,302.94235,307.83734,294.3382,294.8557,295.32816,0.0,905096.7,3154323.2,0.6335861,0.8170492,0.94228226,296.98544,301.0075276692708,307.47525
2023-06-11,1.9668354,2.7191746,3.663922,-0.2396567,0.5908008,1.3081176,299.46606,303.20572,308.0137,294.84943,295.61194,296.33942,0.0,890177.0,3080848.0,0.35319033,0.52486324,0.6740293,296.78864,302.37847900390625,310.60904
2023-06-12,2.155631,2.8177993,3.4437776,0.220605,0.71081305,1.6158352,298.82343,302.58658,307.91672,295.39398,295.8397,296.5327,0.0,889455.25,3125275.8,0.3448779,0.6550732,0.88764656,296.90768,301.3336588541667,308.3923
2023-06-13,2.1813176,2.7681768,3.851365,0.071642496,0.5181926,0.8969462,299.01978,302.77194,307.92712,295.19836,295.8665,296.22678,0.0,934091.8,3171868.0,0.32550618,0.6142423,0.8169263,296.63464,301.88926188151044,309.27838
2023-06-14,1.9005371,3.0756257,4.158995,-0.67737836,0.12500538,0.70007664,299.7716,303.63248,308.23636,294.8086,295.3605,295.8884,0.0,950821.2,3156641.5,0.45726463,0.75965023,0.96713793,296.46445,302.8276774088542,310.20493
2023-06-15,1.374962,2.4925153,3.6080232,-0.9189961,0.08679813,1.3344055,300.096,304.28183,309.06558,294.15173,295.35336,296.01624,0.0,984786.44,3135223.5,0.5432146,0.7371387,0.841586,296.93073,302.7063395182292,310.78024
2023-06-16,1.8143518,2.7850482,3.6335993,-0.9028164,0.25178456,1.6103848,300.1286,304.19522,308.7912,293.91876,294.96753,295.83673,0.0,784024.8,2904780.8,0.23994783,0.6746604,0.98071074,296.3,302.0750732421875,309.86282
2023-06-17,1.6910176,2.5131881,3.8609223,-0.4392139,0.44223896,1.0925094,300.08966,303.1049,306.77917,294.4342,295.37137,296.03635,0.0,403387.0,1387022.9,0.89501476,0.98379284,1.0,295.67648,300.85557047526044,308.6738
2023-06-18,1.277967,1.9117622,2.8400314,-0.2278834,0.8559913,1.6822133,298.81818,301.14236,303.7281,294.4077,295.78238,296.46564,0.0,496632.47,1606380.1,0.8842675,0.9759765,0.99982315,295.40994,300.4359130859375,307.81708
2023-06-19,0.62029517,1.475422,2.0835018,-0.39101246,0.6133358,1.4195116,298.98312,301.30618,304.7704,295.60257,296.50473,297.28934,0.0,535821.6,1889858.2,0.7135953,0.9048259,0.9935458,294.79306,300.8626708984375,309.02036
2023-06-20,1.1601427,1.5934511,2.2681925,-0.05725884,0.680383,1.1275616,298.7848,301.16714,304.53638,296.1713,296.67307,297.17877,0.0,598643.5,2079488.4,0.9312052,0.9774888,0.99880826,294.74518,300.9330647786458,308.72357
2023-06-21,1.043092,1.4791259,1.9001529,-0.045373127,0.7088459,1.4208555,298.6213,301.1263,305.0053,296.1387,296.51175,296.85574,0.0,730827.5,2672431.2,0.98722684,0.995274,0.99991065,295.71442,300.5207112630208,307.8214
2023-06-22,0.66613764,1.4773641,2.5201395,-0.059127364,0.6490306,1.318938,298.83774,302.11667,306.61218,295.82413,296.4987,297.04773,0.0,755072.7,2624778.8,0.9020568,0.9626884,0.992955,296.18542,300.445068359375,307.69623
2023-06-23,1.3558427,2.193685,3.0925043,-0.051155355,0.62310606,1.2632463,298.96103,302.2472,306.42917,295.18173,296.0768,296.732,0.0,810099.06,2743300.0,0.8677868,0.9574156,0.99309283,295.45013,298.91015625,305.3742
2023-06-24,1.4550375,2.2825882,3.3987298,-0.040886506,0.52366185,1.1349715,298.74448,302.39737,306.6133,294.37167,295.36972,296.10214,0.0,777046.0,2642327.8,0.8002948,0.93800163,0.9804001,295.26242,298.9440104166667,305.80966
2023-06-25,1.569783,2.179588,3.0053296,0.3148771,1.2540599,2.125594,298.86002,302.0883,306.14194,294.71716,295.5835,296.46484,0.0,710219.8,2433614.5,0.91257584,0.96462196,0.99960816,295.2937,299.0626627604167,306.09732
2023-06-26,1.7807553,2.7297904,3.678079,-0.09585001,0.5799119,1.2326379,298.7418,301.8824,305.73245,294.69446,295.1484,295.90717,0.0,720286.2,2640714.2,0.9198077,0.9889517,1.0,295.37106,300.75830078125,308.29187
2023-06-27,2.1722345,3.0597231,3.6641066,0.47779197,0.98243314,1.6143521,298.1696,301.37534,305.5638,293.83282,294.6525,295.1579,0.0,882340.8,2647348.2,0.8673842,0.9575948,0.9990339,295.32587,301.5899251302083,309.11426
2023-06-28,1.9505159,2.7243836,3.9105747,0.48492882,0.93644017,1.6487619,299.18127,302.39194,306.52673,294.36697,295.23813,296.2602,0.0,720562.0,2743229.8,0.33909357,0.60298973,0.9303141,295.1145,301.6872965494792,309.4116
2023-06-29,2.0986001,2.944012,3.8557806,0.27236152,0.5945595,1.1332529,299.05008,302.1088,306.67947,294.67618,295.33884,295.72302,0.0,903087.7,3094031.8,0.44241816,0.76732844,0.8875853,294.82324,301.8934529622396,310.11972
2023-06-30,1.3961121,2.6352952,3.7509604,-0.0029378096,0.792028,1.6841996,299.54083,302.8755,308.01898,294.07782,295.42508,296.25635,0.0,844812.0,2887886.2,0.54182154,0.74664956,0.96454257,295.30307,302.2624918619792,310.9234
2023-07-01,1.46531,2.3848727,3.2284372,-0.7194121,0.35636854,1.3341699,299.9364,303.21243,307.73196,294.4421,295.5948,296.10016,0.0,567845.5,2012633.6,0.7689046,0.97013646,1.0,294.80487,301.77130126953125,310.50003
2023-07-02,1.272357,2.2584364,2.970954,-0.6254077,0.38083515,1.3199661,298.75266,301.85214,305.67935,295.31042,296.10327,296.85196,0.0,538450.3,1924488.9,0.97247314,0.99387294,1.0,294.48547,301.6468098958333,310.8034
2023-07-03,2.8164287,3.3840694,4.270431,0.14030135,0.6815746,1.4581993,298.10004,300.9944,304.76614,294.6208,295.48203,296.16458,0.0,453886.1,1434059.2,0.9566889,0.9908641,1.0,294.65396,302.1344401041667,310.80377
2023-07-04,2.7507517,3.6386354,4.4639263,0.93370634,1.5277427,1.9273753,297.85318,300.19397,303.679,294.73422,295.2633,295.68137,0.0,327691.75,1416072.5,0.9913243,0.99856585,1.0,295.6928,302.5821126302083,310.51898
2023-07-05,2.668613,3.3951242,4.7448487,0.7205073,1.3752357,1.900418,298.1236,300.44885,303.18463,294.92188,295.64005,296.4582,0.0,416009.9,1579448.9,0.98286295,0.99623555,0.9997199,295.56134,302.91416422526044,311.19122
2023-07-06,2.2318072,3.197244,4.585724,0.34146473,0.94509864,1.5434659,298.43777,300.68442,303.9971,295.1705,295.53085,296.06866,0.0,480227.34,1656699.4,0.99145305,0.9971056,0.9999876,297.02905,303.6825154622396,312.14398
2023-07-07,2.115672,2.6942737,3.6176534,0.8822871,1.2229877,1.5386956,298.83643,301.0475,304.23703,295.26108,295.7667,296.23892,0.0,693888.6,2262482.2,0.95123196,0.99316007,0.9999393,297.1629,303.6534830729167,312.28998
2023-07-08,2.0820282,2.6989334,3.804102,0.2213278,0.5606356,0.99612784,298.7401,301.31262,305.15564,295.32977,295.69186,296.23688,0.0,866604.2,3011692.0,0.7807005,0.8843184,0.958571,296.93805,303.23541259765625,311.58884
2023-07-09,0.90591204,2.0439322,3.4177117,-0.51790607,0.29505995,1.1723473,298.75174,302.0811,306.8265,295.58325,296.05386,296.69235,0.0,678054.0,2587271.8,0.90789676,0.9590122,0.99337804,297.2323,303.8615315755208,312.74246
2023-07-10,0.59219813,1.4623598,2.3958948,-0.16239406,0.54952043,1.1617732,297.813,300.7043,305.4126,295.94196,296.37808,296.98428,0.0,459006.66,1672689.4,0.9887063,0.99882966,1.0,298.07837,303.64211018880206,312.1872
2023-07-11,1.2004595,1.8608268,2.693179,0.4854963,0.9603853,1.3152972,298.19482,300.54272,304.18066,295.7066,296.48007,296.8659,0.0,774904.25,2618764.5,0.9780942,0.9962389,1.0,297.89526,303.5414021809896,311.7492
2023-07-12,0.8900084,1.7392248,2.552357,0.48077947,1.0099655,1.7310784,298.07306,301.31982,305.9052,295.5324,296.3246,297.1618,0.0,721811.44,2430957.2,0.96946436,0.9919178,0.99808156,297.27625,302.6946207682292,310.56778
2023-07-13,1.5726564,2.3141575,3.0890784,0.5125711,0.9378354,1.4070904,298.6562,301.27173,305.58316,295.16318,296.0272,296.5897,0.0,831575.2,2881107.5,0.6915963,0.8481385,0.9752406,296.91306,303.2426350911458,310.7761
2023-07-14,2.093127,2.7217577,3.770527,-0.26998138,0.34822252,1.1051446,298.98914,302.11447,306.46,295.10526,295.47253,295.89,0.0,896374.3,2919417.0,0.47672582,0.70706224,0.9215441,297.37357,303.26031494140625,310.96652
2023-07-15,1.6919227,2.5239763,3.5755637,-0.60508424,0.24805307,1.0852387,299.41635,302.84695,307.16202,294.96445,295.75073,296.74615,0.0,819560.2,2753533.8,0.40805557,0.818003,0.98529273,295.79092,302.59059651692706,310.857
2023-07-16,1.6192778,2.3456676,2.947836,-0.28445306,0.40030584,1.1331726,298.93777,302.14868,306.17108,295.35986,295.86395,296.57245,0.0,887229.0,2941991.0,0.866941,0.94514304,0.9912135,295.4011,302.4771728515625,311.41666
2023-07-17,2.1602147,3.0148163,4.0490236,0.041344576,0.6651882,1.3164431,299.10754,302.52072,306.79498,294.74643,295.46597,296.24695,0.0,801279.0,2705843.2,0.66722804,0.8703769,0.99273086,295.57736,302.611328125,311.3921
2023-07-18,2.8643126,4.028437,5.446021,0.84984756,1.0932757,1.3774457,299.36932,302.6511,306.9413,293.58502,294.38046,295.3385,0.0,804834.75,2574581.2,0.8915843,0.9612164,0.99220634,295.796,301.9106038411458,310.22675
2023-07-19,2.9782112,4.2774534,5.982611,0.49351117,1.0474325,1.4290897,299.36823,302.20996,306.24078,294.1763,294.54697,295.09836,0.0,896844.3,2824759.8,0.8443075,0.92603475,0.98173803,295.67798,301.8997802734375,310.37137
2023-07-20,3.1177015,4.5203233,6.54182,-0.088311665,0.74091023,1.5798404,299.48578,302.87332,307.43784,292.8381,293.88358,294.8229,0.0,797033.44,2505152.2,0.65502936,0.84857893,0.9490917,295.9733,302.996337890625,310.80637
2023-07-21,3.1828268,4.2918487,6.0707273,0.054547396,0.6610859,1.1066759,299.98273,302.88467,307.26007,293.60635,294.12607,294.61206,0.0,671650.0,2282142.5,0.86120933,0.94949,0.9923891,297.06177,304.3690999348958,312.39923
2023-07-22,2.3595145,3.8474166,5.8097353,-0.23285185,0.60380644,1.1760309,299.12167,301.94086,305.28397,293.9412,294.5421,294.8852,0.0,626851.7,2120301.8,0.916099,0.9786691,0.99953073,298.12646,304.0061848958333,312.11688
2023-07-23,2.4726708,3.2266512,4.468126,0.26953465,0.5978299,0.9700382,298.2495,300.91055,304.50082,294.99673,295.33328,296.09232,0.0,424516.66,1662790.4,0.9571003,0.98270065,0.9996635,297.2075,303.9671834309896,312.90952
2023-07-24,2.3575094,3.1631413,4.437545,0.6107837,0.8034644,1.0629075,297.9186,300.2053,303.23276,294.99078,295.45856,295.87192,0.0,458649.66,1741392.4,0.9907006,0.997691,1.0,296.25385,303.19057210286456,311.9871
2023-07-25,2.501494,3.1320856,4.2228417,0.13749588,0.5085847,0.9660602,297.89813,300.01022,303.85623,294.7383,295.2568,295.79294,0.0,507199.84,1878886.4,0.9963146,0.9993852,1.0,295.93213,303.2956949869792,312.46463
2023-07-26,2.6669602,3.3685875,4.7036004,0.35977522,0.8783049,1.4152125,298.22296,300.3858,304.03122,294.27817,295.0272,295.47787,0.0,790536.8,2668754.8,0.9482797,0.99306184,0.9996302,296.971,303.986083984375,312.57846
2023-07-27,2.5457735,3.5096118,4.8824444,-0.12276961,0.34537444,1.0947098,298.71085,301.74612,306.13446,293.54828,294.28864,295.1961,0.0,906414.25,2979052.0,0.53402805,0.7290967,0.93283397,298.42093,304.1494140625,312.00882
2023-07-28,2.497926,3.5164328,4.974698,-0.49546772,0.012848479,0.73653156,298.614,302.51675,306.9743,293.88983,294.44016,295.17886,0.0,926223.2,3114753.0,0.33443448,0.47986135,0.6391832,298.22067,303.5343424479167,311.66034
2023-07-29,2.6305223,3.495651,4.818473,-1.5523932,-0.64268523,0.18384488,298.84973,302.76123,307.16013,293.08447,294.0269,294.62973,0.0,920205.8,3082064.2,0.21964632,0.52289927,0.8063192,297.8197,303.1954752604167,311.49997
2023-07-30,2.3186662,3.2965424,4.454101,-1.4987844,-0.3803755,0.79972404,298.98706,302.96506,308.16965,292.84177,293.96616,294.82867,0.0,943277.0,3180741.8,0.313451,0.85351896,0.9978301,297.67468,303.16754150390625,310.93024
2023-07-31,2.3359747,3.2961528,4.319668,-1.0685529,-0.08020782,1.0486231,299.35812,303.11172,307.95837,293.9934,294.55374,295.03168,0.0,891392.8,3001588.0,0.9566221,0.99254876,1.0,298.18686,303.8028564453125,311.83832
2023-08-01,2.820807,3.6828582,4.8315606,-0.9076297,-0.025188774,0.83828855,298.85904,302.87482,307.3947,293.42404,294.08038,295.06613,0.0,961873.2,3150461.8,0.90774715,0.99240756,1.0,297.8916,303.1236979166667,310.8103
2023-08-02,2.8384843,3.6229706,4.913394,-0.15872662,0.39911142,1.0290546,298.887,303.10696,308.165,291.8752,293.43692,294.25095,0.0,959742.8,3199531.5,0.9336863,0.98248863,0.99918383,297.6368,302.5621744791667,310.4905
2023-08-03,2.3359222,3.3118753,4.6246037,-0.3780185,0.21288621,0.9698936,298.8927,303.23483,308.28323,292.42926,294.07538,294.81253,0.0,911631.0,2884483.2,0.104653634,0.45965147,0.95527685,296.39835,301.74277750651044,309.42786
2023-08-04,1.9908696,2.8562243,4.0806723,-0.26456317,0.26153362,1.0774863,299.11282,303.09595,307.7939,293.37585,294.3628,295.06738,0.0,911320.94,2975229.5,0.2611591,0.6381556,0.8458503,296.2366,300.3763020833333,307.65784
2023-08-05,1.321715,2.4189575,3.9893086,-0.85557336,0.15093048,1.1074951,299.53738,303.2332,308.00824,293.03073,294.52036,295.3427,0.0,961060.0,3172842.8,0.38942125,0.69030285,0.79427963,296.17865,299.9007771809896,306.47382
2023-08-06,1.508053,2.2161372,2.9809008,-0.17929111,0.5205748,1.2574962,299.18396,303.41797,308.69083,294.02264,294.89597,295.65884,0.0,940489.94,3083071.2,0.46276364,0.6371679,0.8174637,296.4201,300.4942626953125,308.3209
2023-08-07,1.2049222,1.9809967,2.8033354,-0.4695868,0.57404923,1.4837266,299.13165,303.11792,308.13397,294.0113,295.08966,295.77106,0.0,874849.2,2978022.8,0.7008356,0.83526677,0.9490576,296.60446,300.4233805338542,306.73898
2023-08-08,1.0858138,1.7272283,2.5750966,-0.34587878,0.43729725,1.1006312,298.47943,302.34445,307.27292,294.07828,295.08893,295.70807,0.0,886835.5,2981660.0,0.94332993,0.9774215,0.9991184,296.43402,300.6005859375,307.22366
2023-08-09,0.30073464,1.1644378,2.2021575,-1.051356,0.31678224,1.3970679,298.06165,302.51828,308.13733,293.9189,295.21487,295.96896,0.0,810639.0,2825867.8,0.80200535,0.9486513,0.9977273,296.44705,301.58221435546875,309.5593
2023-08-10,0.21061261,1.0020052,1.7104785,-0.7781662,0.045375865,0.8034987,297.9816,301.21344,306.48663,295.07053,295.97552,296.4923,0.0,816587.3,2933190.5,0.8416736,0.9489608,0.9972641,296.5025,301.4419759114583,308.6309
2023-08-11,0.17147473,0.7960103,1.3635261,-0.9445343,0.30240378,1.1643966,297.99023,301.1937,306.70624,295.30954,296.20853,296.67825,0.0,858356.0,2984114.5,0.81514305,0.92787474,0.98781925,296.41815,300.55230712890625,307.0915
2023-08-12,0.7421295,1.6903353,2.5009887,-0.37778285,0.27063864,1.1015682,298.19617,301.30136,305.6389,295.20477,296.00278,296.73663,0.0,927854.0,3070877.8,0.75691426,0.85717344,0.9648507,296.45602,302.1431884765625,310.53903
2023-08-13,0.87897277,1.6342636,2.659614,-0.016279835,0.4945362,1.2037587,298.34296,302.08954,306.9771,294.5513,295.5954,296.0936,0.0,904967.5,3023794.5,0.6063813,0.8602808,0.98516184,296.0596,302.00864664713544,309.54968
2023-08-14,0.79435027,1.3220679,1.9193721,0.075748965,0.7661638,1.1766144,298.24844,301.6818,306.49774,294.91846,295.61465,296.23212,0.0,902787.44,2956351.8,0.5691408,0.76375645,0.93651277,295.85422,301.7308349609375,310.12045
2023-08-15,0.6695004,1.4010887,1.9199351,0.49021843,1.3043108,2.260829,297.93784,302.1036,307.09918,294.5332,295.28812,295.85855,0.0,1008957.3,3332898.2,0.5488923,0.680543,0.8670736,296.4696,301.3326416015625,308.85892
2023-08-16,0.40267634,1.5355552,2.3070514,0.23973998,1.3468437,2.3423479,298.31818,302.32455,307.49026,293.36328,294.54074,295.27084,0.0,979851.75,3203334.5,0.27999377,0.5409122,0.94482577,297.03857,301.2826131184896,307.45502
2023-08-17,1.7549632,2.4746964,3.1957037,0.20521782,1.0436611,1.9598737,298.99487,302.62753,308.07407,293.15613,294.61526,295.28,0.0,862279.94,2926739.5,0.6524672,0.89958954,1.0,297.02347,301.51865641276044,308.8184
2023-08-18,2.2270653,2.9982433,4.0327616,0.41880766,0.9194394,1.7082653,298.76785,302.48618,307.05414,293.34235,294.4014,295.13556,0.0,892827.2,3015090.5,0.9900384,0.99777144,0.9999159,296.94757,301.8035481770833,309.40506
2023-08-19,2.1794496,3.0993989,4.1480126,0.22006963,0.5279992,0.8245503,298.5148,302.08676,307.06638,293.68784,294.31628,294.75055,0.0,932820.0,3095197.5,0.63390815,0.8055222,0.9952636,297.26468,301.73748779296875,309.72134
2023-08-20,1.0579747,2.0941808,3.099709,-0.4591252,0.38703385,1.4327304,299.25616,302.698,307.1209,293.6379,294.6365,295.42432,0.0,949738.56,3158888.5,0.29903138,0.38344774,0.59260595,297.08694,302.82761637369794,311.12512
2023-08-21,-0.29633313,0.90367156,2.0390487,-0.8827179,0.38848412,1.4180875,299.72995,303.23242,307.9643,294.3375,295.38998,296.23172,0.0,823974.94,2750958.5,0.3996038,0.5427053,0.67031956,297.68338,303.21600341796875,311.1812
2023-08-22,0.2565077,0.8105162,1.2708046,0.45577127,0.82170916,1.280486,298.45868,302.14673,306.8009,295.67477,296.3688,296.99454,0.0,928169.2,3189775.8,0.4300236,0.6250754,0.9334139,298.28235,302.93023681640625,311.21732
2023-08-23,0.32969993,1.0973843,1.7306502,-0.20025173,0.8632579,1.8243281,298.88937,302.66125,307.26102,295.0718,295.72226,296.38452,0.0,988495.3,3228090.0,0.28332686,0.6012078,0.9248639,297.36203,302.9517008463542,310.93933
2023-08-24,0.58158356,1.4653515,2.041359,-0.03908224,1.0752219,2.1259847,298.43524,302.51047,307.4847,293.52835,294.76962,295.50055,0.0,1017192.2,3411146.8,0.444015,0.7168601,0.94294643,296.87952,302.56695556640625,310.42303
2023-08-25,0.07817419,1.3167533,2.1125515,0.28710088,1.3245883,2.3266077,298.98654,302.84756,308.18274,293.1096,294.7147,295.45264,0.0,946121.3,3138615.0,0.30474594,0.68438196,0.8945423,296.6454,302.7261149088542,310.75464
2023-08-26,0.23095784,1.0803355,2.0162404,0.23388277,1.0526305,1.8982551,298.6752,303.0189,308.201,293.4162,295.02002,295.7031,0.0,842620.5,2840405.0,0.36403635,0.67769337,0.9761506,297.23187,302.33225504557294,309.81055
2023-08-27,0.41122276,1.1969122,1.6323712,-0.3413065,0.70841295,1.6869675,299.31894,302.66293,307.03094,294.1517,295.44592,296.02664,0.0,833872.2,3091045.0,0.5456857,0.79608935,0.9457711,297.06122,302.1453857421875,310.07645
2023-08-28,0.8084961,1.6111287,2.1776917,-0.08749252,1.135447,2.0614913,298.85242,302.72372,307.874,293.64148,295.1975,295.95062,0.0,778426.44,2617280.2,0.75508296,0.8817418,0.99657273,296.51443,300.8912353515625,308.71725
2023-08-29,0.86565316,1.452427,2.0620463,-0.4963618,0.40988335,1.3091135,298.2569,302.0182,307.15933,294.39523,295.59595,296.49527,0.0,787978.94,2869631.2,0.9382316,0.9744706,0.99824625,296.58438,300.04213460286456,305.51758
2023-08-30,0.2526503,1.4257504,2.6955047,-1.0784361,0.15247709,1.1982388,298.35992,301.9774,306.66827,294.88715,295.80783,296.34702,0.0,861020.44,2939408.2,0.5795606,0.8662401,0.98460466,296.5592,300.3728434244792,306.6025
2023-08-31,0.21280715,1.0704492,1.5988955,-0.7180415,0.19986252,1.0463531,297.7215,301.0922,306.72604,295.30554,296.29276,297.00003,0.0,826262.0,2831913.2,0.5665765,0.80384445,0.94822997,296.2277,299.847900390625,305.78403
2023-09-01,0.37981033,1.0665866,1.8073261,-0.5458161,1.1553644,2.2486382,298.7193,301.81802,306.5651,295.78592,296.56738,297.50876,0.0,806168.25,2883272.2,0.46738333,0.7037971,0.9437635,296.327,301.1176350911458,308.04828
2023-09-02,1.4686939,1.949623,2.391532,0.68042773,1.1033942,1.9058845,298.36923,301.1392,305.60092,296.09064,296.57266,297.34164,0.0,809301.75,2979970.8,0.53590333,0.70560026,0.85528004,295.42554,301.8323567708333,309.79004
2023-09-03,1.6445487,2.1965191,2.640579,0.52808154,0.9862895,1.5088634,298.12637,301.09995,305.5895,295.33118,296.03857,296.69302,0.0,667125.8,2674084.0,0.6668374,0.8571086,0.9926961,295.20584,302.6305745442708,310.576
2023-09-04,2.3097777,3.1724842,4.334966,-0.3568329,0.3602256,0.8071179,298.7715,301.28516,304.8372,294.77048,295.23904,295.85107,0.0,565409.9,2046516.5,0.94167143,0.9815817,0.99805063,296.45987,302.9654134114583,311.62766
2023-09-05,2.1214135,2.8726609,3.786025,0.6966609,1.0160435,1.429106,298.06015,300.69034,304.22192,294.85278,295.3953,296.10727,0.0,628305.5,2713861.2,0.94260967,0.9837704,0.99722815,296.17477,303.0687459309896,310.97345
2023-09-06,1.9816494,2.4252446,3.4336627,1.49898,1.7961472,2.059173,298.29962,300.9034,305.45847,295.3496,295.96533,296.6764,0.0,630549.9,2157185.5,0.8875212,0.96575564,0.9993425,296.90125,303.6399332682292,311.57657
2023-09-07,1.4307138,2.5735505,3.5180223,1.0212592,1.6936499,2.2316873,298.02493,300.5364,304.48825,295.59232,296.07224,296.62442,0.0,675219.25,2552986.2,0.8898992,0.9767491,0.9994654,298.39853,303.7157185872396,311.33212
2023-09-08,1.4865657,2.7544053,4.1464605,1.2562007,1.638291,2.1530275,298.66876,301.3846,305.59213,294.88922,295.6063,296.15387,0.0,834234.75,3056898.2,0.61219865,0.83487624,0.9993622,298.4556,303.7947184244792,311.19836
2023-09-09,1.6717248,2.5609448,3.6655798,0.7353002,1.2994537,1.9833933,298.86566,301.96973,306.44333,295.0819,295.80203,296.38113,0.0,736905.0,2727216.2,0.5101872,0.70809776,0.8319785,298.44403,303.5720621744792,311.36215
2023-09-10,1.7352022,2.8189793,3.8470764,0.32620066,0.8547409,1.5140781,299.17642,301.86368,305.8786,295.1741,295.814,296.4561,0.0,637259.3,2352855.8,0.72008574,0.86703664,0.98058736,298.24875,303.0278727213542,310.78452
2023-09-11,2.141285,2.9109936,3.8171377,0.3469418,0.603798,0.8670124,298.7751,301.41205,305.30008,294.93277,295.8119,296.62985,0.0,771649.7,3092790.8,0.7911801,0.9183688,0.98053706,297.61484,302.3461303710937,310.1861
2023-09-12,1.1919392,2.132117,2.936242,-0.028534995,0.7040432,1.5178314,299.0987,302.19775,306.91208,294.78186,295.6692,296.39554,0.0,780257.56,2734982.8,0.8557084,0.95742226,0.9975317,297.6019,302.5924886067708,309.53485
2023-09-13,1.5046479,2.413901,3.1969092,0.2650641,1.0133266,1.9564844,298.62357,301.87393,306.58966,294.98672,295.63327,296.21432,0.0,841420.3,2967661.2,0.9035918,0.980392,0.99911094,297.84717,302.5033162434896,310.02316
2023-09-14,1.7508163,2.38739,3.0853157,0.7118713,1.4142895,2.014955,298.07184,301.30142,305.93527,294.91742,295.6945,296.4941,0.0,775361.94,2824446.2,0.62964517,0.8368117,0.9973098,298.14597,302.1136067708333,308.86285
2023-09-15,1.7899278,2.394376,3.1897573,1.1426864,1.9435282,2.493661,298.72516,301.60696,306.29208,295.08707,296.0308,296.85065,0.0,667552.94,2308505.5,0.61010635,0.7042894,0.75955063,297.8561,302.43459065755206,309.89886
2023-09-16,1.3086848,2.1959236,3.50055,0.45935303,1.3633223,1.8126563,298.1664,301.2971,305.7295,295.34097,296.0044,296.66858,0.0,657363.7,2493266.8,0.7247879,0.84381485,0.9480504,297.21918,302.2410074869792,309.23862
2023-09-17,1.0575747,1.6469985,2.0758972,0.6727984,1.0031515,1.6903512,297.7408,300.68246,305.3379,295.848,296.43884,297.26395,0.0,768357.94,2892076.8,0.79328984,0.9335907,0.9903602,296.37088,301.60410563151044,308.66467
2023-09-18,1.1970966,1.8005323,2.6715965,0.69936454,1.5235506,1.9859474,297.56366,300.51782,305.1821,296.12607,296.5404,296.98523,0.0,693981.8,2701836.2,0.69940907,0.91917866,0.9997203,296.04294,301.79506429036456,308.9301
2023-09-19,1.2234781,1.7207736,2.5680132,0.71712893,1.0258737,1.3072611,298.1187,300.80557,304.84845,295.82846,296.31418,296.78616,0.0,874043.3,3162637.8,0.8493267,0.94500417,0.9997884,296.477,302.02891031901044,308.82465
2023-09-20,0.59938157,1.5051244,2.4565566,0.549342,1.0498974,1.7474349,298.4637,301.79922,306.1958,295.34012,296.25183,296.92838,0.0,836268.56,3010113.5,0.71532696,0.8714878,0.97637534,296.94196,302.21095784505206,308.4732
2023-09-21,0.5261473,0.97789687,1.3246304,-0.02540828,0.76871544,1.5602719,298.4292,301.47617,306.1846,295.74124,296.50754,297.06458,0.0,825710.75,2874372.0,0.63417,0.85798866,0.9915822,296.95087,302.2470296223958,309.0911
2023-09-22,-0.05309599,0.92451906,1.3508433,0.5346989,1.1817046,1.922428,298.25925,301.19174,305.55396,296.49524,296.8044,297.2459,0.0,887455.8,2944338.2,0.5434783,0.8426706,0.89853615,296.13736,301.8191731770833,309.2135
2023-09-23,0.92849374,1.5964371,2.1502316,0.013434511,0.8650443,1.760311,298.21307,301.613,306.20673,296.10837,296.67297,297.25443,0.0,880547.75,3006949.8,0.17582907,0.52429056,0.9558443,296.03888,302.2435302734375,309.8275
2023-09-24,1.274441,1.9850898,3.0244696,-0.5621777,0.38045034,1.2789547,297.98697,301.5271,306.01715,295.45,296.25015,297.12527,0.0,838003.2,2942008.0,0.5456407,0.75951785,0.9571094,296.97232,302.41957600911456,310.04593
2023-09-25,1.1915919,1.7586517,2.7081718,-0.20845398,0.36142933,0.97032183,298.19595,301.23096,305.60272,295.5041,296.31567,297.00967,0.0,776189.8,2791503.2,0.72690564,0.89994746,0.96111214,296.78384,302.06109619140625,309.50113
2023-09-26,0.91368484,1.5208422,1.975403,0.01823163,0.8516789,1.7578053,298.16028,301.17587,305.15796,296.0031,296.4435,297.0176,0.0,835532.3,3118374.0,0.8720828,0.9369857,0.98118436,296.67996,301.8037923177083,308.42535
2023-09-27,1.3071954,1.9040451,2.6586506,0.09741635,0.6647951,1.2219247,297.58987,300.89435,305.76788,295.84793,296.15933,296.58026,0.0,674153.44,2841032.0,0.4552986,0.8283949,0.9941493,297.24268,301.9785970052083,308.6883
2023-09-28,1.7240192,2.2087183,2.8740172,0.5865786,1.3370126,1.6713072,297.88806,300.6569,305.13474,295.66458,296.1976,296.72095,0.0,611438.06,2176701.2,0.87272084,0.9264633,0.9654256,297.09265,301.2589111328125,308.07104
2023-09-29,1.6839392,2.415646,3.698871,1.4055219,1.760836,2.0287895,298.4441,300.83804,304.78867,295.69196,295.92685,296.12466,0.0,674019.44,2491817.5,0.7070825,0.8237707,0.9313529,296.97253,300.1788736979167,304.9494
2023-09-30,1.5166731,2.470411,3.9427764,1.5299045,1.8800179,2.2914267,298.21863,300.70343,304.03928,295.6401,296.14404,296.611,0.0,612978.8,2105010.8,0.7574965,0.8741892,0.9693718,296.62344,301.02402750651044,307.62402
2023-10-01,1.7053002,2.4718482,3.6713216,1.4332553,2.0310485,2.5553222,298.3286,300.89365,304.17947,295.8045,296.16037,296.42786,0.0,787357.3,2772513.8,0.5115562,0.7513921,0.97798294,296.66275,301.0043131510417,307.6004
2023-10-02,1.4746459,2.2712953,3.6397462,1.252576,1.8674332,2.2015448,298.23434,301.4152,305.52512,295.95343,296.3224,296.99527,0.0,901692.7,3073460.0,0.3878043,0.60038763,0.884946,297.50177,301.1861572265625,308.13428
2023-10-03,1.1880819,1.7422061,2.4420266,0.5759939,1.4204779,2.1227937,297.88187,301.65213,306.19174,295.42313,295.90146,296.45712,0.0,940176.94,3233373.2,0.17657828,0.4498867,0.6473909,297.71317,300.92189534505206,306.47906
2023-10-04,0.5679429,1.3617202,2.1437058,0.456221,1.2587296,1.994535,298.1786,301.87338,306.72458,294.97742,295.70236,296.1185,0.0,906875.06,3079227.0,0.2617615,0.46042064,0.61696625,297.81802,300.04473876953125,305.08707
2023-10-05,0.22011164,1.1869863,1.843354,-0.2603925,0.6929254,1.6370151,298.0454,302.01807,306.84387,294.9268,295.8412,296.56372,0.0,878373.2,3173511.8,0.15209429,0.32235795,0.6464502,297.62903,301.0596923828125,307.26718
2023-10-06,-0.17869309,0.8408148,1.6214619,-0.10644542,0.5826961,1.3426237,298.56143,301.92224,306.61264,293.77643,295.5233,296.6317,0.0,876594.25,3105456.8,0.24145673,0.52150226,0.86606634,297.39926,302.1409912109375,309.75134
2023-10-07,-0.5357759,0.38095674,1.263858,0.23838544,0.8721954,1.4467258,298.98477,302.13657,307.09668,294.49966,295.89365,296.75363,0.0,851686.56,3063808.8,0.26565623,0.55428636,0.7992098,297.53525,301.0399169921875,307.85352
2023-10-08,-0.80854154,0.18076037,0.758312,0.77357006,1.3877592,2.1500828,298.884,301.8176,306.16125,296.16888,296.7786,297.3655,0.0,788497.5,2851727.2,0.4255323,0.50413924,0.67156684,297.4059,300.8787434895833,308.1364
2023-10-09,-0.2693939,0.504551,1.0105798,0.41916105,0.9077828,1.3336345,298.1493,301.52078,306.38095,296.209,296.88596,297.29608,0.0,797842.06,2926625.0,0.38734064,0.645308,0.8472407,297.15668,300.5489501953125,306.72604
2023-10-10,-0.23553963,0.5405384,1.027441,0.47201508,0.93176126,1.4323932,298.55396,301.38242,305.92133,296.39792,296.87906,297.40543,0.0,770564.25,2839541.8,0.55094534,0.7071312,0.85727215,296.51273,300.0365804036458,305.96475
2023-10-11,0.16962226,0.73147887,1.5383338,-0.02690205,0.55777913,1.1758648,297.9224,300.94638,305.0853,296.2359,296.6653,297.35,0.0,739517.8,2664037.5,0.711997,0.8458552,0.9657843,293.54916,299.45033772786456,306.5299
2023-10-12,-1.3156925,-0.029162576,1.0991597,-0.3823444,0.07841812,0.51629746,298.03558,300.76877,304.81464,295.90274,296.52695,296.91794,0.0,818690.8,2880898.2,0.8393479,0.9151168,0.9527442,292.46927,298.70835367838544,306.26794
2023-10-13,-1.7626394,-0.5428317,0.34217754,-0.5726286,-0.08527398,0.42298377,297.9191,300.80484,304.89215,293.48944,295.655,296.51062,0.0,651590.06,2355319.5,0.62655807,0.72757643,0.90244347,292.15448,298.9632771809896,305.3613
2023-10-14,-0.64862704,-0.057503406,0.75480175,-0.45069274,0.18144476,0.53855914,297.24475,300.0635,303.81064,295.70636,296.26334,296.8,0.0,580592.2,2058290.5,0.91569334,0.9655008,0.999952,292.6407,295.2410481770833,299.499
2023-10-15,-0.62839764,0.36982083,1.2904341,-0.47533154,0.12915535,0.5858451,297.6292,300.40976,304.55194,295.56683,296.4385,297.06415,0.0,661947.8,2553574.2,0.8958746,0.9707505,0.9995733,293.97995,298.5233154296875,303.6592
2023-10-16,-1.0757287,0.021706762,0.6910665,-0.83352584,-0.2416691,0.33158138,297.12662,299.6603,303.05487,296.0699,296.50696,297.08997,0.0,748653.5,2727030.2,0.8908399,0.95095176,0.98705375,296.0877,300.68454996744794,306.89526
2023-10-17,-1.5663079,-0.6219948,0.45360774,-1.3281598,-0.80415326,-0.10608138,297.19934,299.9901,304.09976,295.67032,296.25803,296.8189,0.0,821378.2,3015619.2,0.7323143,0.8660452,0.97361535,296.78558,301.1246337890625,307.10025
2023-10-18,-2.526042,-1.0013036,0.6768891,-1.7552646,-0.74956274,0.24711236,297.28134,300.3849,304.5449,293.695,295.22208,296.0582,0.0,851674.5,2944739.5,0.7943982,0.8902219,0.9553521,295.83972,300.61669921875,307.1642
2023-10-19,-2.3720584,-0.8750324,0.5725529,-1.4877286,-0.5181441,0.45482364,297.39352,300.49298,304.46594,293.9802,295.27054,295.986,0.0,874075.0,3094587.0,0.4273751,0.6376489,0.9577133,294.97565,299.6263834635417,305.61737
2023-10-20,-2.2467139,-0.91683847,0.38617808,-0.9828042,-0.26334295,0.5934798,297.33273,300.7089,305.16202,293.81918,295.2743,296.01782,0.0,779224.8,2735679.0,0.19689062,0.43165588,0.90239894,294.62506,298.7216796875,303.69156
2023-10-21,-2.0364366,-0.7858569,0.57058996,-1.3037459,-0.5752962,0.22984052,297.77664,300.69315,304.89337,295.14062,295.9341,296.54758,0.0,804373.8,2895843.5,0.4272248,0.63831717,0.95832586,296.5636,301.09552001953125,307.518
2023-10-22,-1.7251699,-0.61735445,0.46304882,-1.5047219,-0.42330694,0.83680546,297.73996,301.005,305.37445,293.85114,295.6149,296.5813,0.0,808033.0,2742733.2,0.49939787,0.68417865,0.8185009,297.84235,300.5050048828125,306.356
2023-10-23,-0.8129568,0.04535621,0.77164733,-0.38982922,0.45554015,1.2301376,296.99622,300.48026,304.845,293.56824,295.35483,296.31076,0.0,848102.2,2845741.0,0.18079355,0.48950362,0.8725408,296.90543,300.1903076171875,306.31558
2023-10-24,-1.1937213,-0.3457605,0.41529074,-0.00094615086,0.60422605,1.5313928,297.74216,301.04282,305.7822,293.06848,294.95593,295.93542,0.0,790713.5,2795745.5,0.25367975,0.4321948,0.7252071,296.4825,300.52402750651044,306.9436
2023-10-25,-1.3947157,-0.40831938,0.35116082,-0.39532772,0.2879118,0.908334,297.35657,300.63342,304.75113,294.28674,295.37653,296.26672,0.0,819753.2,2904664.0,0.3175558,0.4202988,0.54833347,295.6984,299.66086832682294,305.96863
2023-10-26,-2.3368728,-1.0557927,0.27997366,-1.4123291,-0.53803307,0.33267894,297.63007,300.84662,305.05673,293.22644,294.8664,296.28085,0.0,758282.7,2690633.5,0.1992822,0.3485904,0.5432684,295.61945,299.2238362630208,305.38953
2023-10-27,-2.677031,-1.3267825,-0.11180022,-1.5042081,-0.7498405,0.088641234,297.43964,300.61438,304.24435,293.639,295.2358,295.79053,0.0,769575.5,2589421.5,0.34308526,0.5976408,0.75044674,295.67,300.0236002604167,306.37375
2023-10-28,-2.7197475,-1.460745,-0.078077525,-0.84041107,-0.31645733,0.15437685,297.566,300.69974,304.46637,294.28308,295.63687,296.21817,0.0,657156.1,2439478.8,0.44653243,0.677169,0.9047877,295.43387,300.0336507161458,307.11752
2023-10-29,-3.0411818,-1.4771818,0.01784906,-1.210566,-0.60650915,-0.15201278,296.81488,299.54654,302.62384,295.46597,296.03745,296.50204,0.0,424897.5,1368322.9,0.8847646,0.95426494,0.99658304,296.48117,299.6608072916667,306.04742
2023-10-30,-1.9569765,-0.93324614,0.014012636,-1.4851477,-0.78026533,-0.4140665,296.90842,298.75833,301.76215,295.7944,296.422,296.87473,0.0,679919.94,2549930.0,0.92720234,0.98209757,0.99889237,295.95895,299.0469156901042,303.87766
2023-10-31,-2.2571971,-1.0587126,0.12955818,-2.1044269,-1.421722,-1.0020839,297.1456,299.7738,303.8867,295.76416,296.15668,296.6433,0.0,640531.44,2552419.2,0.7531239,0.89636594,0.9861997,295.62787,299.77585856119794,305.49216
2023-11-01,-2.5758,-1.0888449,0.22742137,-2.1749115,-1.226819,-0.6343327,297.31137,300.0653,303.63898,295.98215,296.43173,296.89484,0.0,561577.7,2108846.5,0.8702696,0.95502543,0.99972975,294.9713,299.5753987630208,305.77054
2023-11-02,-2.0462248,-0.9068796,0.41627485,-1.9483863,-1.0563165,-0.3651315,297.63016,299.99792,303.80847,296.14554,296.7852,297.18863,0.0,500301.53,2006521.1,0.91278094,0.9820246,1.0,294.77136,298.7755126953125,304.41644
2023-11-03,-1.9265587,-0.83506966,0.56086993,-1.6433996,-0.7143988,0.079496704,296.95505,299.32663,302.79874,296.065,296.58533,296.91074,0.0,315837.88,1251676.5,0.96719605,0.9939723,0.999992,294.4778,298.8040771484375,304.55673
2023-11-04,-0.87770784,-0.24581397,0.45366037,-0.7136566,-0.12573768,0.3457104,296.68835,298.6395,301.85413,295.8383,296.61795,297.17612,0.0,464228.53,1745300.2,0.9976682,0.99948376,1.0,295.47952,301.1597900390625,308.4905
2023-11-05,-1.0071255,-0.2259264,0.5807415,-0.55876726,0.2465754,1.1175069,297.18842,299.42056,303.0768,296.06982,296.6027,296.917,0.0,681020.56,2399098.5,0.8563814,0.9383367,0.9987635,296.05392,302.241943359375,310.17786
2023-11-06,-1.3671448,-0.39923462,0.493435,-1.2480972,-0.48873782,0.20317262,296.99765,299.81528,303.92502,295.9348,296.59167,297.11493,0.0,516711.9,2008074.5,0.70691013,0.8745697,0.99883014,297.18738,302.4237060546875,309.4667
2023-11-07,-1.5579349,-0.57627624,0.45011333,-1.7240672,-0.90570384,-0.32034585,296.9796,299.14612,302.21024,295.887,296.60513,297.13828,0.0,495017.6,1939545.6,0.94471234,0.9862084,1.0,297.53452,301.6507771809896,307.72208
2023-11-08,-2.2191274,-0.72471,0.27620035,-1.2424755,-0.77244186,-0.31856298,296.79907,299.35217,302.914,295.7473,296.56766,296.98508,0.0,446078.66,1653652.1,0.92956805,0.98767185,1.0,296.6388,300.7086588541667,306.83365
2023-11-09,-1.6345215,-0.7954505,0.07183802,-1.4029864,-0.9403021,-0.48814887,296.872,299.1851,302.40683,295.82764,296.54037,297.1813,0.0,486872.72,1910374.8,0.89265966,0.98369503,1.0,296.1021,300.0630289713542,306.06854
2023-11-10,-2.4959402,-1.3789349,-0.6328603,-1.9537296,-1.2686753,-0.6819613,297.28012,299.10196,302.42896,295.97864,296.48932,297.0198,0.0,686100.44,2441803.2,0.85182106,0.92747885,0.976904,295.46872,299.4977213541667,305.81607
2023-11-11,-2.73663,-1.4767618,-0.26549432,-2.9582078,-1.8824285,-1.1317989,296.46375,299.4961,303.05325,294.31284,295.46396,296.15787,0.0,802984.2,2797557.5,0.46028337,0.76079965,0.95608133,293.26028,298.4419352213542,304.524
2023-11-12,-2.4803627,-1.1128563,0.019269954,-3.4102407,-2.2368343,-1.4879428,296.1341,299.52072,303.82144,293.72443,294.25687,294.6734,0.0,687334.44,2525208.2,0.7297685,0.8301285,0.89865017,292.6279,297.5017903645833,304.0412
2023-11-13,-2.3453825,-1.1749643,0.10118751,-3.0314283,-2.0675623,-1.222623,296.82095,299.30386,302.6568,293.9477,294.77368,295.654,0.0,244304.75,973239.56,0.89890695,0.9610679,0.9997467,291.9865,297.9308268229167,304.44843
2023-11-14,-0.4561318,0.020920226,0.48951966,-2.7684326,-2.2612717,-1.9640253,296.44904,297.5977,299.48016,294.28247,294.7954,295.4464,0.0,437751.0,1747925.9,0.99284667,0.99846554,1.0,294.14792,297.7900390625,302.08124
2023-11-15,-0.6007006,0.02122962,0.774626,-2.2850952,-1.6509309,-1.1482034,296.6886,298.7678,301.79218,294.34668,294.92853,295.48615,0.0,551622.44,2337834.8,0.9748515,0.9894039,0.99768925,294.8817,298.080078125,303.05743
2023-11-16,-1.6179128,-0.6129243,0.19588792,-2.3173902,-1.2801535,-0.44198188,297.34906,299.93466,303.58075,294.69452,295.81226,296.77945,0.0,651631.6,2298229.8,0.74506015,0.92532206,0.99953306,294.1055,296.311279296875,300.30133
2023-11-17,-2.2758687,-1.1151704,-0.06579462,-2.2313793,-1.4715194,-0.8765715,297.87585,300.35916,303.8883,295.77396,296.2971,296.80338,0.0,702723.0,2474910.8,0.6390752,0.848862,0.9917998,293.11063,295.3958740234375,299.28452
2023-11-18,-2.2682695,-1.3101739,-0.24227047,-2.3130376,-1.7353221,-0.9605747,297.46158,300.15262,303.6648,295.54156,296.1639,296.52933,0.0,574777.06,2161241.5,0.50905526,0.69506234,0.99119735,292.9267,296.91876220703125,302.4005
2023-11-19,-2.3615386,-1.0575744,0.2867729,-2.4065924,-1.5505561,-0.41959172,296.5475,299.3043,302.69583,294.48138,295.17792,295.99304,0.0,452895.25,1744566.9,0.77242124,0.9123004,0.9950184,293.64526,297.4016927083333,302.0788
2023-11-20,-1.16323,-0.39314643,0.3309314,-2.6121085,-1.843983,-1.367902,297.34836,299.4386,302.0484,294.5698,295.17758,295.69763,0.0,508372.9,1898258.9,0.7575274,0.914454,0.999704,294.0042,297.8146158854167,303.10123
2023-11-21,-1.6095978,-0.7655821,0.24615623,-1.9113746,-0.76160264,-0.07095956,297.45023,299.92807,303.39667,295.47852,296.5153,297.13977,0.0,363894.34,1494009.6,0.92193747,0.97076535,0.9980888,291.46805,298.06899007161456,306.19904
2023-11-22,-1.4153346,-0.7590604,0.03321584,-1.0233335,-0.35119078,0.30846846,297.1904,298.78745,301.20325,296.4476,296.97507,297.40048,0.0,399023.4,1584688.8,0.9549637,0.9897948,1.0,290.63046,296.9113362630208,305.95685
2023-11-23,-1.3430634,-0.90412384,-0.070999324,-0.94580317,-0.2365001,0.7430045,297.0148,298.8782,301.80212,296.11627,296.78818,297.2695,0.0,615777.0,2094545.4,0.76102704,0.9287939,0.99982417,290.37994,297.7799886067708,304.61185
2023-11-24,-2.3426616,-1.3839258,-0.7798235,-1.5922695,-0.92460394,-0.23248778,297.46,299.4237,302.70596,296.1317,296.51218,296.933,0.0,561448.06,1941741.9,0.7354987,0.8877387,0.9863247,293.57373,298.17018636067706,304.82303
2023-11-25,-2.6499498,-1.6764783,-1.1050782,-1.8395035,-1.4994074,-1.1956499,296.58167,299.0004,302.43716,295.55847,296.39194,296.8521,0.0,585117.2,2182369.0,0.6406605,0.896352,0.99981946,290.05646,296.65903727213544,304.45065
2023-11-26,-3.076778,-1.8593336,-0.8790024,-2.27072,-1.729936,-1.2852802,296.3238,298.86816,302.301,295.45114,296.14432,296.58313,0.0,636970.56,2252337.0,0.77857053,0.89131385,0.9958283,289.41357,297.4390462239583,304.77222
2023-11-27,-2.9784884,-1.4974556,-0.44023353,-1.9055871,-1.2849224,-0.690549,296.58728,299.1375,302.582,295.4898,295.85492,296.13153,0.0,641458.4,2461086.2,0.36971882,0.5881482,0.79822004,294.1658,297.62257893880206,303.92596
2023-11-28,-2.3582864,-1.3591689,-0.45497933,-2.1271114,-1.3403338,-0.8108841,296.96722,299.3855,303.12244,295.428,296.06784,296.42816,0.0,518441.4,1932679.9,0.65013725,0.867153,0.98748,293.78168,297.6376953125,303.1248
2023-11-29,-2.601597,-1.4195633,-0.51007867,-2.2450533,-1.4027656,-0.82729393,296.64572,298.75302,301.66245,295.59274,296.1293,296.78397,0.0,396593.78,1410394.8,0.9459949,0.969065,0.98985076,292.75208,297.6499837239583,305.20947
2023-11-30,-2.0534978,-1.0175632,0.18305245,-1.9897509,-1.5542603,-0.82163477,296.49985,298.4539,300.88174,295.29037,295.9706,296.35538,0.0,524191.25,1828877.8,0.7704422,0.89934283,0.9786755,292.39188,297.8246663411458,305.50897
2023-12-01,-1.2229656,-0.45025435,0.33901468,-2.298598,-1.780125,-1.2849162,297.1852,299.37268,302.37317,295.48465,295.87143,296.26144,0.0,577836.1,2096170.2,0.78978413,0.9468491,0.99990845,291.91635,298.3726806640625,306.59573
2023-12-02,-0.8212244,0.11213065,1.0558854,-3.1296625,-2.181077,-1.5287932,297.13998,299.44806,302.5051,294.97348,295.46658,295.68872,0.0,383445.88,1622403.8,0.9405548,0.99039364,0.99977195,293.71762,298.3529256184896,304.698
2023-12-03,0.42273733,1.4198214,2.5104456,-2.6824536,-1.7658712,-1.0937754,297.43457,299.16916,301.54926,295.53195,296.2155,296.8309,0.0,492445.6,1792713.4,0.85436064,0.9645451,0.9999766,294.15915,299.0705159505208,305.79727
2023-12-04,1.7444748,2.4474022,3.2058187,-1.3795791,0.12550865,1.2960767,297.4236,299.5852,302.40036,295.5199,295.924,296.29074,0.0,637702.0,2272890.8,0.9704941,0.99412876,0.9997374,295.65213,298.9704182942708,304.83768
2023-12-05,-0.18265055,1.1582419,2.1827543,0.21589892,0.81232744,1.3824303,297.25604,300.4194,304.52676,295.63605,296.3817,297.09027,0.0,762275.06,2731770.8,0.84006876,0.9438534,0.99421847,295.96677,298.7646891276042,304.3477
2023-12-06,-0.917193,-0.0439235,0.9422923,0.081070766,0.77249414,1.2456051,297.86438,300.7394,305.0335,295.681,296.55484,297.32602,0.0,691580.8,2408558.5,0.37892097,0.6382571,0.821181,295.6441,298.8218994140625,304.95474
2023-12-07,-1.0129722,-0.36752093,0.62310535,-0.66303515,0.2384247,0.87012297,298.01288,300.612,304.7396,295.96936,296.6266,296.98312,0.0,606822.2,2134322.2,0.51851195,0.6201883,0.7904115,295.10834,297.7493896484375,302.2492
2023-12-08,-1.9320844,-1.1551851,-0.37435633,-1.0038774,-0.46573508,-0.010899099,297.41428,299.88828,303.50424,296.2388,296.6725,296.98032,0.0,549508.56,1970067.8,0.49736834,0.6557587,0.7800106,295.15942,297.7071940104167,302.1435
2023-12-09,-2.4857988,-1.4623289,-0.33584473,-1.7142215,-1.1622237,-0.7346119,297.29218,299.63937,302.9986,295.99567,296.6146,296.8993,0.0,637257.94,2316461.2,0.5375828,0.6811946,0.87332237,293.72968,296.6891682942708,301.74454
2023-12-10,-2.991529,-1.7357458,-0.29875395,-2.5759373,-1.4501187,-0.83987564,296.93567,299.51062,302.69754,295.21585,295.78125,296.28607,0.0,538525.7,1846123.9,0.6331905,0.7603105,0.9201523,293.14713,297.44777425130206,304.125
2023-12-11,-2.3926456,-1.7449306,-0.85108954,-2.2194827,-1.4695206,-0.96172047,296.64035,299.06613,301.94208,294.95923,295.30862,295.48468,0.0,575773.56,2060275.8,0.8067556,0.9176647,0.9773061,292.03555,297.5529378255208,305.45032
2023-12-12,-2.4668062,-1.5377282,-0.32711405,-2.400237,-1.4605719,-0.5276663,295.47614,298.55252,301.87933,293.91028,294.6628,295.3716,0.0,641857.44,2237566.2,0.40574342,0.6777136,0.92132485,292.07037,297.2263590494792,304.17136
2023-12-13,-2.8970234,-1.7449936,-0.36421534,-3.0278842,-1.9170803,-0.9903533,295.27545,298.15042,301.6548,293.27505,293.8246,294.56247,0.0,693137.9,2504322.5,0.3546342,0.56332093,0.7655017,292.944,298.3134358723958,305.00885
2023-12-14,-2.5521498,-1.5578508,-0.5649729,-3.9401839,-2.368557,-1.4727908,296.1795,298.6304,301.94513,292.8784,293.48853,293.88864,0.0,390350.34,1424979.5,0.26330593,0.6014425,0.8072837,292.34518,298.5357666015625,306.46542
2023-12-15,-2.254687,-1.0236483,-0.062221326,-3.0809846,-2.3536632,-1.8941028,296.35513,298.07077,300.06613,293.92108,294.82278,295.4076,0.0,383655.72,1291242.8,0.8452666,0.92486143,0.9661359,291.5962,297.9032185872396,306.60455
2023-12-16,-2.1535187,-1.5689197,-0.101901285,-2.5195549,-2.0559978,-1.696216,296.86078,298.32108,300.5472,294.79755,295.69284,296.15076,0.0,272947.0,1045262.94,0.8640715,0.95123553,0.9983317,290.9839,297.8579915364583,306.92496
2023-12-17,-3.3637838,-2.3422992,-1.123334,-2.7731173,-2.2341013,-1.7495948,296.27756,297.96628,300.117,294.8853,295.39627,295.85056,0.0,274002.66,1019900.6,0.9819918,0.9927767,0.9988452,290.76566,298.084716796875,307.7513
2023-12-18,-3.3973067,-2.3578975,-1.3002784,-2.6579165,-2.2151692,-1.7113142,296.25034,297.73074,299.40213,293.8738,294.56387,294.9666,0.0,486384.0,1847575.1,0.8639467,0.972312,0.9986023,291.36215,299.3468017578125,307.65167
2023-12-19,-2.741377,-1.8511878,-0.9166931,-3.486775,-2.4811914,-1.7223113,296.34314,298.56186,301.4519,293.41922,293.90656,294.4015,0.0,417627.62,1490506.6,0.65670973,0.764554,0.84341186,295.2839,299.9637451171875,306.6148
2023-12-20,-2.353729,-1.5709633,-0.8834441,-3.0429287,-2.3261878,-1.7772051,296.70755,298.45865,300.76578,293.63623,294.52097,295.14023,0.0,445115.5,1583170.5,0.7128944,0.8336027,0.91334933,294.5566,299.0757649739583,305.78595
2023-12-21,-2.6160216,-1.5328875,-0.7900382,-2.7580993,-1.8342967,-1.0589907,295.47943,297.83606,300.60608,294.0521,294.76224,295.291,0.0,693653.2,2417511.0,0.6000246,0.7552617,0.91183656,294.21832,299.7889811197917,307.68033
2023-12-22,-2.2167592,-1.4060947,-0.5869494,-2.6408803,-1.6337572,-0.652156,294.35742,298.1226,302.6161,292.89337,293.95792,294.49167,0.0,738303.3,2560847.0,0.69298255,0.80432445,0.91455406,292.7832,299.1683553059896,307.97577
2023-12-23,-2.1580184,-1.2130171,-0.20204319,-2.2131653,-1.628302,-0.8961134,294.25235,297.57602,302.1801,291.90198,292.67868,293.63614,0.0,601704.94,2274350.5,0.3450912,0.7216789,0.9228946,292.6396,298.6245930989583,307.44562
2023-12-24,-2.8426764,-1.5439591,-0.20192218,-2.7441897,-2.1070144,-1.593715,294.9216,298.24277,301.88272,291.88608,293.6421,294.33838,0.0,566383.2,2085699.4,0.34409723,0.6180525,0.7652468,292.5247,299.08642578125,307.911
2023-12-25,-3.521346,-2.1150482,-0.7379753,-2.973954,-2.0811129,-1.5015792,295.62564,298.5624,302.19672,294.22064,294.87918,295.31448,0.0,754238.06,2738368.8,0.3048753,0.53860116,0.7377347,291.7694,298.6698201497396,307.59882
2023-12-26,-3.2044275,-1.613398,-0.2448597,-3.150773,-2.332266,-1.5084429,294.64978,297.9741,302.50293,292.44244,292.9111,293.97266,0.0,746509.75,2746016.0,0.17221434,0.3705044,0.7234656,291.36685,297.823974609375,306.47516
2023-12-27,-3.622467,-1.8767296,-0.06835223,-3.848755,-2.6886663,-1.9149563,295.67874,298.9479,303.17825,292.7842,293.72556,294.43164,0.0,505685.34,1960988.8,0.40363252,0.5924079,0.869868,291.81445,297.73227945963544,305.43063
2023-12-28,-4.001468,-2.2794726,-0.7188458,-3.14876,-2.2061617,-1.6084276,296.569,298.97464,302.13577,294.01077,294.98068,295.66742,0.0,516158.28,1764659.9,0.56455237,0.8229008,0.9796932,292.7746,298.1268310546875,305.66043
2023-12-29,-3.668246,-2.0410244,-0.68882805,-2.727266,-2.0244622,-1.4110548,296.31012,298.64975,301.85794,294.5742,295.1475,295.7694,0.0,621863.3,2262683.0,0.79882044,0.89111346,0.9745282,290.36453,297.5572916666667,306.86475
2023-12-30,-2.8780463,-1.8999299,-0.84113795,-2.9739594,-1.7997955,-0.8875471,295.32556,298.48715,302.13684,293.7663,294.2961,294.63437,0.0,729251.8,2497393.0,0.4208062,0.6201441,0.7974857,289.82996,299.5134684244792,309.52603
2023-12-31,-3.0752466,-1.7527183,-0.36642566,-2.53574,-1.5350946,-0.84564173,294.86865,298.28177,302.17786,293.25232,293.83044,294.45703,0.0,726317.0,2629338.2,0.3019524,0.45117304,0.7898635,294.21234,301.0038655598958,309.9147
2024-01-01,-2.2600534,-1.5511503,-0.40195462,-2.1131496,-1.1610509,-0.17875028,295.3537,298.2966,302.08087,293.17236,293.58743,293.94257,0.0,571056.75,2061315.2,0.6876879,0.8345216,0.98004466,296.501,301.89951578776044,309.49744
2024-01-02,-2.2748477,-1.5275625,-0.36976802,-2.2782757,-1.3230339,-0.5443985,295.60498,298.37314,302.1213,293.3115,293.88724,294.46066,0.0,568886.3,1919010.6,0.33614412,0.63422495,0.87468654,296.6804,301.78546142578125,309.24194
2024-01-03,-2.3432176,-1.6512641,-0.5979606,-2.1219096,-1.1043357,-0.5030993,296.0473,298.61435,301.72382,293.72263,294.24686,294.67627,0.0,448678.88,1757728.0,0.47348332,0.6615437,0.8117335,294.22412,300.483642578125,308.4399
2024-01-04,-2.3472772,-1.4668436,-0.10131778,-1.5138775,-1.1140932,-0.7562895,296.35455,298.58902,301.3121,294.5998,294.85287,295.17737,0.0,350333.66,1402648.8,0.72438085,0.86918205,0.99327904,292.29465,299.2388102213542,308.39938
2024-01-05,-1.8965226,-1.236613,-0.025186136,-1.9540992,-1.2317818,-0.7056325,296.8193,298.48654,300.59995,294.82126,295.32016,295.66315,0.0,452385.4,1654244.8,0.76482195,0.85835654,0.9907476,291.05685,298.58544921875,308.1352
2024-01-06,-2.4160638,-1.3499379,-0.4879431,-2.233796,-1.483716,-0.9598435,296.7351,298.76675,301.9645,294.85492,295.34573,295.81467,0.0,393431.75,1508570.6,0.8089062,0.9368022,0.98722583,290.30975,298.6930745442708,308.2054
2024-01-07,-2.0150697,-1.2102367,-0.24680448,-2.723467,-2.026016,-1.5604818,296.20248,298.24887,300.6685,294.857,295.33395,295.81787,0.0,295151.28,1138100.5,0.7755846,0.9181258,0.99749863,291.2141,299.0377604166667,309.14853
2024-01-08,-1.9392984,-1.5004698,-0.7740535,-2.072318,-1.577788,-1.0761298,296.77258,297.80936,299.50433,295.08902,295.79538,296.4364,0.0,309553.84,1290647.9,0.94980454,0.98783046,1.0,290.5399,299.53875732421875,309.78033
2024-01-09,-3.291692,-1.8877074,-0.66553885,-2.0614505,-1.9393597,-1.5499023,296.00665,297.62177,299.25577,294.48672,295.17096,295.89096,0.0,535540.2,2109748.2,0.8933448,0.9784064,0.99995047,292.4662,299.7197265625,308.66043
2024-01-10,-3.4531364,-1.7734929,-0.3514918,-2.7935224,-1.8378814,-1.2717274,295.91553,298.23798,301.71405,293.66418,294.2047,294.5958,0.0,760404.0,2682253.5,0.81089,0.923237,0.99439824,294.06638,299.5707600911458,307.35693
2024-01-11,-3.2056143,-2.062462,-0.6937791,-3.069275,-1.9226612,-0.9196976,295.47168,298.5268,302.8607,292.91977,293.55887,294.2027,0.0,677552.7,2422087.0,0.38853562,0.6266761,0.86183286,291.52505,298.44020589192706,307.1312
2024-01-12,-3.8450148,-1.9378511,-0.19863333,-2.3363054,-1.6173455,-1.1008663,294.86682,298.26785,302.6709,292.80377,293.45593,293.87262,0.0,684685.0,2353024.2,0.41562152,0.68059945,0.89288163,291.1885,298.2198486328125,307.2132
2024-01-13,-2.723846,-1.4387765,-0.114281684,-2.2413669,-1.2339596,-0.39516884,295.37958,298.46542,302.76697,293.32025,294.0505,294.65967,0.0,821071.44,2969446.0,0.17292476,0.5982796,0.82953155,291.6819,299.75978597005206,307.09433
2024-01-14,-2.64489,-1.4877516,-0.069976464,-2.338106,-1.266408,-0.2975508,294.87302,298.48135,303.32562,292.5958,293.69028,294.3494,0.0,834090.25,2933811.2,0.07406498,0.24047275,0.43392575,292.70706,299.4735514322917,307.4995
2024-01-15,-2.363247,-1.3619533,0.18719734,-1.8527828,-0.8630124,0.12122616,294.4975,298.0201,302.99133,291.44858,292.69662,293.45746,0.0,883315.3,3024001.5,0.0911851,0.24635641,0.5234065,292.64142,299.15785725911456,307.7941
2024-01-16,-1.958128,-1.2735347,-0.29869282,-1.3682609,-0.46489528,0.6251631,293.89667,297.76743,302.85318,291.2782,292.2207,293.05365,0.0,914697.0,3175181.5,0.1224573,0.28360167,0.6340145,293.02072,299.3894449869792,307.62048
2024-01-17,-2.046042,-1.101597,0.18459626,-1.0408728,-0.3264668,0.50261474,294.198,297.93835,303.3155,291.286,292.1737,292.93982,0.0,777263.3,2778355.2,0.014611722,0.10294423,0.32968828,292.2706,300.0096842447917,309.0738
2024-01-18,-1.9693688,-1.1520709,0.28824195,-0.8620483,-0.47053957,-0.0564666,294.93747,298.74857,303.32373,292.5355,293.57553,294.63504,0.0,634141.6,2247893.2,0.13748196,0.32300386,0.6280448,293.30527,300.5848388671875,309.86163
2024-01-19,-2.6467505,-1.6137205,-0.14290287,-1.2442687,-0.76439834,-0.36854425,296.32135,298.85117,302.5436,294.08472,294.65878,295.0972,0.0,540798.5,2057688.5,0.44414902,0.60897166,0.90844727,294.7305,300.7640787760417,309.27667
2024-01-20,-1.8971002,-1.323742,-0.57941055,-1.3655953,-0.99305534,-0.4396582,296.1438,298.67722,302.43796,293.42755,294.19803,294.7657,0.0,785735.25,2825103.8,0.26133823,0.572045,0.9031165,295.4296,301.3404134114583,309.9531
2024-01-21,-2.780761,-1.6032335,-0.57686,-1.2721268,-0.67819357,-0.02499059,295.32748,299.01538,303.96164,293.1248,293.87952,294.3263,0.0,858824.25,3033275.0,0.26147935,0.41078877,0.7063318,295.95465,302.451171875,311.5026
2024-01-22,-2.4063437,-1.556437,-0.5787082,-1.1245914,-0.6839573,-0.3068778,294.55765,298.71594,303.8354,291.99133,293.11707,294.29877,0.0,778540.3,2792836.0,0.013422499,0.2208307,0.6551004,296.577,302.7777913411458,310.5806
2024-01-23,-2.5150816,-1.5885358,-0.1982226,-0.7551836,-0.058644135,0.48281938,294.50397,298.44757,303.4494,292.5529,293.01147,293.70416,0.0,790088.5,2793548.2,0.050087154,0.3063719,0.6682979,296.90067,303.5316975911458,311.7929
2024-01-24,-2.100219,-1.1588349,0.16875745,-0.4876685,0.248316,0.73966056,294.1335,298.5118,303.60834,291.8265,292.78342,293.8127,0.0,799076.7,2820049.8,0.26272675,0.42245686,0.6350527,296.73087,302.3367919921875,309.65997
2024-01-25,-2.5898888,-1.5486255,0.026309341,-1.162254,-0.24232578,0.5825595,294.42853,298.58224,303.39865,291.78882,292.73685,293.64117,0.0,871877.25,3054351.0,0.0692902,0.25545326,0.53143394,295.3967,301.2816772460937,309.49792
2024-01-26,-3.1574163,-1.885767,-0.28560093,-2.006278,-1.4250771,-0.95321995,294.58807,298.51938,303.497,290.3365,292.12854,293.21506,0.0,820274.94,2833906.8,0.08518583,0.23119122,0.3835128,295.26575,300.137451171875,307.58673
2024-01-27,-3.2869005,-1.9742905,-0.4243408,-2.3492029,-1.5997709,-0.8162521,295.11133,298.55612,303.30722,291.08942,292.56686,293.25784,0.0,766018.0,2754306.8,0.4093689,0.56723505,0.7268259,294.07993,299.9794108072917,307.65094
2024-01-28,-3.1269145,-1.9803461,-0.46224144,-1.9268389,-1.3971337,-0.8907642,295.3166,298.73236,303.4072,291.55356,292.76,293.83627,0.0,841868.25,2965851.0,0.41537818,0.6528055,0.8778662,293.01947,300.1419270833333,309.16663
2024-01-29,-2.4483423,-1.7994572,-0.47183347,-2.617862,-1.5646124,-0.73258805,294.33575,298.2694,302.99298,290.83838,292.02408,293.34445,0.0,936377.5,3249654.0,0.49079812,0.64445686,0.9329144,,,
2024-01-30,-2.3551579,-1.223493,0.25351384,-2.0963907,-0.9860626,-0.03134251,294.91116,299.0614,304.17688,291.41376,292.5768,293.75922,0.0,825993.75,2909553.0,0.33902174,0.54120165,0.79313695,,,
2024-01-31,-2.128602,-1.029818,-0.006841453,-1.5837909,-0.35666814,0.8047818,296.22238,299.85513,304.61572,293.2599,294.2418,295.4929,0.0,755923.2,2537819.5,0.36205018,0.6173064,0.96212846,,,
2024-02-01,-1.8006476,-0.97190636,0.07500431,-0.84424734,0.038147237,0.821127,296.83792,300.16653,304.34866,294.17035,295.26013,296.2683,0.0,747955.8,2479959.5,0.9118287,0.9508867,0.98486686,,,
2024-02-02,-1.9411316,-1.3053254,-0.52573955,-0.3974067,0.18092406,0.5713468,296.87347,300.18872,304.91666,294.44458,295.3157,296.18884,0.0,790430.44,2770915.2,0.6097919,0.7585015,0.9822611,,,
2024-02-03,-3.083987,-1.9559897,-0.51051384,-1.1443939,-0.62186867,-0.34673086,295.62994,299.91898,304.6803,293.1243,294.21432,295.75464,0.0,934114.2,3286902.0,0.13102585,0.4073858,0.7827642,,,
2024-02-04,-3.111242,-1.7232537,-0.20510632,-1.9691471,-1.2601849,-0.5667507,295.16962,299.48245,304.8423,290.949,292.80157,294.49298,0.0,933002.5,3206745.0,0.17485474,0.51852125,0.8238441,,,
2024-02-05,-2.8782341,-1.6811804,-0.22702233,-1.9233747,-0.9951809,-0.052704576,294.40515,299.08694,304.42084,289.9771,292.12576,293.6796,0.0,938099.56,3143289.5,0.016853848,0.19845177,0.6935319,,,
2024-02-06,-3.392704,-1.8380575,-0.09388644,-1.7064977,-1.0970287,-0.5825218,294.24088,299.03152,304.54926,290.9145,292.42502,293.18527,0.0,972694.75,3374291.2,0.020298766,0.14413415,0.46452856,,,
2024-02-07,-3.0548985,-1.4670862,0.18479565,-1.3168075,-0.721639,0.09320025,294.42908,299.44073,305.52325,289.0619,291.66626,293.5984,0.0,978025.2,3343379.2,0.0018223218,0.090589106,0.41515383,,,
2024-02-08,-3.3628001,-1.4001675,0.47523636,-1.0554483,-0.45907775,0.336104,294.82825,299.51913,305.67905,289.49857,291.7916,293.00684,0.0,950580.0,3285476.2,0.031977866,0.33775458,0.5817154,,,
2024-02-09,-3.6451159,-2.0169125,-0.20506762,-1.018001,-0.69041866,-0.20507953,295.32126,299.6193,305.0967,290.94586,292.8047,294.1049,0.0,862059.7,2888293.0,0.044736583,0.21126842,0.59866524,,,
2024-02-10,-4.084082,-2.342704,-0.36285454,-1.6305913,-0.950366,-0.4981014,296.13184,299.55457,304.5229,292.2342,293.61465,294.41238,0.0,864120.5,3053676.5,0.09814894,0.32132265,0.62251604,,,
2024-02-11,-4.1422443,-2.3632977,-0.61001974,-2.0773067,-1.3910798,-0.8651416,294.53232,299.01978,304.108,291.6247,293.02286,294.50504,0.0,888564.3,2981690.8,0.03585022,0.39377022,0.755966,,,
2024-02-12,-3.5971174,-2.102647,-0.12600455,-2.2767918,-1.3583466,-0.44357377,295.00458,299.0914,304.3065,290.90503,292.33105,293.07425,0.0,826443.8,2728285.2,0.3202947,0.6287302,0.9247431,,,
2024-02-13,-3.6223428,-2.0008256,0.018782785,-2.5688093,-1.6263293,-0.83831143,295.56732,299.9503,304.86624,292.5636,293.87552,294.94113,0.0,816476.5,2783677.8,0.29060176,0.48604235,0.7385585,,,
2024-02-14,-3.820804,-2.1761642,-0.6820236,-2.1720135,-1.4273058,-0.72306246,295.20023,299.70883,304.78882,292.72476,293.62585,294.8923,0.0,879995.2,3050940.5,0.12274486,0.32945594,0.6570153,,,
2024-02-15,-3.7008793,-2.3766668,-0.7495037,-2.0439498,-1.3936917,-0.7087116,295.80313,299.62692,304.6167,291.42023,292.90555,293.8703,0.0,826530.8,2719370.8,0.33808866,0.53461,0.7924128,,,
2024-02-16,-3.8765974,-2.272721,-0.40096053,-2.532182,-1.3484205,-0.59823376,295.4896,299.74295,304.84415,292.21802,293.38113,293.9709,0.0,953946.3,3254120.2,0.048669793,0.31755444,0.6547252,,,
2024-02-17,-3.5060487,-1.943215,-0.2156447,-2.184129,-1.0379794,-0.13111332,295.5699,300.13303,305.55692,291.09042,292.73538,293.7098,0.0,976443.8,3330447.0,0.068754,0.44008255,0.7606642,,,
2024-02-18,-3.1414645,-1.8587078,-0.15490845,-1.1409863,-0.44956318,0.35731488,295.9199,300.22925,305.8428,291.21158,293.0634,294.2103,0.0,920000.94,3220335.2,0.23987101,0.44275483,0.56131124,,,
2024-02-19,-3.0272803,-1.8446425,-0.3328317,-0.90101045,-0.018097958,0.45608136,296.26508,300.24966,305.57544,291.5802,293.48654,294.47156,0.0,918109.0,3214393.0,0.07528006,0.26237407,0.53849435,,,
2024-02-20,-2.7535326,-1.6146303,-0.26839906,-0.7371818,0.32289895,1.0935242,296.7161,300.51343,305.8504,291.60156,293.50958,294.77124,0.0,922630.7,3226727.0,0.10735974,0.25381652,0.56092113,,,
2024-02-21,-1.6554109,-0.6321183,0.35877255,-0.10836652,0.89067316,1.6514311,297.16516,301.13306,306.2953,292.07062,293.86035,294.86765,0.0,838477.8,2890958.2,0.14666818,0.26461533,0.42701077,,,
2024-02-22,-1.2224864,-0.095124386,0.57287323,0.68287617,1.7638904,2.43247,297.85333,301.74017,306.75882,293.59888,295.0092,296.05786,0.0,854962.0,3045188.2,0.19256075,0.4865621,0.78041685,,,
2024-02-23,-1.4067875,-0.38577473,0.69399464,0.7609635,1.5432011,2.2777414,298.36115,302.1406,307.16998,293.75897,295.54807,297.0054,0.0,776986.0,2806872.2,0.17948082,0.44068232,0.70000285,,,
2024-02-24,-2.5018022,-1.511413,0.0091550825,-0.23268479,1.0314122,1.8256053,297.4971,301.4235,305.8111,294.73276,295.33676,296.2013,0.0,877986.8,3032583.0,0.16695075,0.3389406,0.5660172,,,
2024-02-25,-3.8051412,-2.3835356,-0.71977234,-1.0723962,-0.43445936,0.18207972,296.55276,300.82474,305.6075,293.26385,294.1577,295.15707,0.0,831433.75,2837670.0,0.11124098,0.30030057,0.4660966,,,
2024-02-26,-4.5091143,-2.9620178,-0.9824639,-1.8752273,-1.2034465,-0.7639623,297.0541,300.5834,304.89062,293.5001,294.49664,295.2647,0.0,811781.94,2504969.0,0.42799106,0.52206594,0.7163715,,,
2024-02-27,-4.404909,-2.5049028,-0.42673656,-2.7585113,-1.5008955,-0.6388454,296.183,300.56,305.22052,292.86896,294.16342,294.86844,0.0,990248.06,3253050.2,0.1676564,0.5357855,0.84031177,,,
2024-02-28,-3.816367,-2.089226,0.3318597,-2.1972582,-1.3523273,-0.41854426,295.56723,300.6572,306.41867,291.46918,293.08792,294.56097,0.0,998802.94,3369006.5,0.12138693,0.2322766,0.3906563,,,
2024-02-29,-4.009778,-1.9270582,0.35403165,-1.7076274,-0.813737,-0.12647699,296.4271,300.78793,306.36633,290.85886,292.75012,293.79413,0.0,937772.7,3106569.5,0.29083523,0.5449485,0.9847735,,,
2024-03-01,-4.045616,-1.9861571,0.061064232,-1.6488012,-0.7126663,0.031978056,296.19144,300.8123,306.235,290.93198,292.81528,294.29587,0.0,1000643.0,3390798.2,0.737698,0.900027,0.99107736,,,
2024-03-02,-2.2542114,-1.3134805,0.068525314,-0.5951476,0.3277113,0.9312505,296.37683,300.86188,306.488,290.06674,292.12112,293.88004,0.0,1010558.25,3384789.2,0.38927925,0.7526569,0.97894543,,,
2024-03-03,-2.767113,-1.49576,0.05687985,-0.7969814,0.121749185,1.0912061,295.75336,300.7612,306.5335,291.67413,292.9328,294.1792,0.0,1053914.5,3574537.2,0.00709795,0.15375322,0.4487372,,,
2024-03-04,-2.6321702,-1.3543478,0.13609177,-0.39522082,0.26045182,1.1958258,296.28998,300.90402,306.52643,291.1846,292.91464,294.05667,0.0,1053016.6,3552939.5,0.023206882,0.12717882,0.40789044,,,
2024-03-05,-2.8900614,-1.3049545,0.18788187,-0.4187144,0.35859847,1.1720039,296.5878,300.98746,307.02805,290.7691,293.08887,294.64178,0.0,983754.7,3334724.2,0.17584313,0.6102575,0.9458564,,,
2024-03-06,-2.374648,-1.0084316,0.17168593,-0.3797877,0.51244855,1.3811678,296.52704,301.17456,306.98087,291.7585,293.51846,294.75665,0.0,1044834.5,3540746.0,0.1923639,0.6947737,0.9842702,,,
2024-03-07,-2.4417205,-1.0059649,0.34266293,-0.02927956,0.6332438,1.3723677,296.5215,301.47403,307.56845,290.0483,292.7693,294.67117,0.0,1003060.3,3447245.5,0.10177027,0.4284781,0.880239,,,
2024-03-08,-1.9553841,-0.8358147,0.59746474,0.34724587,1.1632199,1.7552521,296.97336,301.99008,307.88837,291.32257,293.3935,294.96616,0.0,1013405.2,3493184.0,0.068532735,0.23378198,0.42907715,,,
2024-03-09,-2.275955,-1.1777347,0.44171354,0.14891414,0.9795024,1.5237147,298.25854,302.40195,307.85086,292.00784,294.29364,295.6722,0.0,950872.0,3172146.5,0.071503416,0.28292248,0.5252202,,,
2024-03-10,-2.5915377,-1.6132646,-0.27964574,-0.16409457,0.5214925,1.2436897,297.71228,302.08875,307.13004,292.37234,294.02628,295.90213,0.0,990932.2,3419999.2,0.05885762,0.21565627,0.49588436,,,
2024-03-11,-3.2527587,-1.8007622,-0.19613336,-0.43769687,0.29398876,0.8583075,297.166,301.84818,307.35837,292.50922,293.78372,294.95886,0.0,1072583.5,3606369.5,0.0834237,0.22986816,0.49086347,,,
2024-03-12,-2.98274,-1.2994184,0.24396649,-0.16197963,0.6643591,1.2662238,296.90158,301.9484,307.88455,290.90747,293.0262,294.83875,0.0,1056249.5,3584003.5,0.014567724,0.25093317,0.7073745,,,
2024-03-13,-1.8359382,-0.67957145,0.73224354,0.38555345,1.213602,1.7963481,297.35965,302.16055,308.3188,290.2323,292.94705,294.73297,0.0,1031206.2,3509377.8,0.053264428,0.20328666,0.3503628,,,
2024-03-14,-1.5518486,-0.4453578,0.7720608,0.4920897,0.9418846,1.6671761,297.7869,302.61182,308.6576,291.57318,293.57605,294.98132,0.0,1020387.56,3505538.5,0.08270727,0.19489074,0.38302833,,,
2024-03-15,-2.3986654,-1.0549659,0.17053716,0.4855417,1.2505398,1.9718977,297.96906,302.5358,308.1851,293.09415,294.75818,296.11563,0.0,1003071.94,3470458.0,0.045107894,0.21334153,0.43772727,,,
2024-03-16,-2.6246853,-1.4313294,0.03742805,0.32178152,1.1586689,1.7105527,297.71915,302.39407,308.016,292.79962,294.62598,295.7486,0.0,1004237.5,3446946.8,0.03831615,0.20288734,0.45734847,,,
2024-03-17,-2.6651485,-1.7112598,-0.5268496,-0.066233106,0.72691697,1.3698747,296.86667,301.66434,307.0895,291.60004,293.7723,295.90656,0.0,1048088.7,3552496.2,0.009978857,0.15974854,0.57666403,,,
2024-03-18,-2.692993,-1.4368502,-0.31318936,-0.35701963,0.4935917,1.0753002,296.63293,301.67136,307.36053,290.81854,292.9334,294.7747,0.0,1071618.1,3568374.8,0.008802352,0.12971224,0.4037378,,,
2024-03-19,-2.9551013,-1.6205565,-0.23261443,-0.3020406,0.49701795,1.1799318,296.84927,301.7004,307.48914,289.9599,292.4217,294.27835,0.0,1068366.0,3581261.5,0.004951534,0.124456346,0.37441713,,,
2024-03-20,-3.301165,-1.9930576,-0.22222191,-0.7376993,0.265654,0.9397786,297.60355,301.79666,307.4046,291.24533,293.38434,295.16827,0.0,891143.56,3080795.0,0.015620968,0.115670316,0.3747128,,,
2024-03-21,-3.3887932,-2.4917753,-1.117689,-1.0908352,-0.5111411,0.12760407,297.98352,301.76938,306.49985,293.20053,294.99985,296.45404,0.0,913474.2,3138985.2,0.13326636,0.32776168,0.4383795,,,
2024-03-22,-3.2020874,-2.1213763,-0.82452816,-1.226964,-0.2653847,0.71045786,297.94833,301.95667,306.53113,293.2868,294.98193,296.1908,0.0,1044044.75,3544226.8,0.1165267,0.27539185,0.43160722,,,
2024-03-23,-3.860032,-1.9084412,-0.55443513,-0.513863,0.09842902,1.0726299,297.51978,302.23694,307.68915,291.21158,293.92847,296.05948,0.0,1061827.2,3570042.2,0.07078834,0.25396666,0.6104767,,,
2024-03-24,-3.6028435,-1.8302997,-0.364173,-0.45273066,0.21254587,0.74156034,296.80563,302.03445,307.91446,290.63437,293.08893,295.16684,0.0,1085026.0,3628606.5,0.033534504,0.40725264,0.6392812,,,
2024-03-25,-3.8107693,-1.8829856,-0.47655058,-0.5337293,-0.12283493,0.49898982,296.97134,301.9872,307.9494,290.89423,292.78818,294.61465,0.0,1083363.1,3642174.5,0.003297406,0.10320198,0.42808744,,,
2024-03-26,-3.4252834,-1.7836577,-0.2887705,-0.75279456,0.14037001,0.77472126,297.14386,302.0044,308.122,289.50116,292.38205,294.308,0.0,986245.7,3348673.5,0.033143014,0.1865226,0.40242192,,,
2024-03-27,-3.3075547,-1.7390474,-0.34134033,-0.8104036,0.24852514,1.0750899,298.01276,302.49515,307.77753,290.59824,294.02292,296.1481,0.0,1008694.0,3420758.8,0.10294246,0.39471078,0.5726159,,,
2024-03-28,-2.5265574,-1.4948282,-0.55494404,-0.14672373,0.6699316,1.2456958,298.56036,303.0696,308.4858,293.1454,294.89102,296.35068,0.0,1031715.06,3517357.5,0.15490389,0.26113245,0.5760693,,,
2024-03-29,-3.0807252,-1.3471618,-0.15656908,0.39252445,1.0594527,1.5777059,298.34818,303.137,308.7901,291.50116,294.113,296.2901,0.0,1104798.9,3661046.0,0.021972053,0.15866141,0.36808005,,,
2024-03-30,-2.8506486,-1.2781404,0.038633388,0.24899213,0.9997778,1.6690358,298.4784,303.10614,309.2141,289.35852,292.66782,295.57443,0.0,1029700.7,3480310.5,0.18644585,0.48090672,0.7944163,,,
2024-03-31,-2.323263,-1.1091231,0.080164865,0.07897934,1.0302322,1.7737125,299.08688,303.3537,308.98438,290.31128,294.0676,296.32492,0.0,1014395.2,3373065.5,0.020912958,0.1534165,0.3234453,,,
2024-04-01,-2.242441,-0.8603997,0.24724618,0.53031456,1.214271,2.110789,299.6675,303.7996,308.95834,292.97308,295.31747,296.56583,0.0,1063069.4,3556650.8,0.0483535,0.17531121,0.37729958,,,
2024-04-02,-2.2109983,-0.86489815,0.44628483,0.5723345,1.372697,2.211082,299.90494,304.18564,309.9398,292.7907,295.15454,296.65466,0.0,1035519.94,3425287.0,0.12080928,0.3782567,0.75878185,,,
2024-04-03,-2.1021357,-0.7744789,0.2717722,0.95754886,1.6516975,2.0588796,299.937,304.1234,309.27475,292.3169,295.33817,296.87173,0.0,1039081.3,3475642.0,0.34295642,0.51034874,0.7561786,,,
2024-04-04,-2.1542706,-0.83078814,0.7288537,0.7861963,1.4433306,1.9263852,299.7383,304.23813,309.81744,292.55502,295.28308,296.72824,0.0,1057893.6,3494414.2,0.29190925,0.51382154,0.87009674,,,
2024-04-05,-2.3753269,-0.73833257,0.8673495,0.5666821,1.0888976,1.7894741,299.3678,304.36923,310.40735,290.89508,294.74924,296.8139,0.0,1094116.9,3600310.0,0.52658135,0.6638469,0.84076244,,,
2024-04-06,-2.8036206,-0.8389918,0.5743107,0.680669,1.4131523,2.1545978,298.834,304.31522,310.66785,290.96008,293.9917,296.7864,0.0,1117461.0,3695793.0,0.08034773,0.26464775,0.6736298,,,
2024-04-07,-2.0057158,-0.40365776,0.9835127,0.5722565,1.5296928,2.2046142,299.21515,304.35562,310.81546,289.35538,293.47342,295.97583,0.0,1099491.5,3606650.0,0.039704595,0.48582187,0.8903751,,,
2024-04-08,-3.0580058,-1.5791664,0.22285698,0.09091992,1.2091426,1.8464286,299.3853,304.26648,310.36,291.08893,294.81235,297.1531,0.0,1057737.9,3556816.0,0.16686742,0.35257888,0.67257845,,,
2024-04-09,-3.663172,-2.3596184,-0.95102143,-0.68059593,-0.004873082,0.61997855,298.56613,303.30023,308.53204,292.2949,294.43024,296.33838,0.0,1055817.2,3558138.2,0.067443125,0.33080992,0.6937334,,,
2024-04-10,-3.9264886,-2.1237066,-0.501282,-0.8858088,-0.17795716,0.82018656,298.70236,303.3436,308.786,291.64694,294.54764,296.01508,0.0,1004809.8,3333792.8,0.106016055,0.41083094,0.8390113,,,
2024-04-11,-3.3773115,-2.295719,-0.4512329,-0.8549331,0.17352967,0.9526905,299.70593,303.69864,308.6718,293.20633,295.5488,297.02023,0.0,814623.7,2776888.2,0.28322032,0.57936496,0.9008189,,,
2024-04-12,-3.370898,-1.974719,-0.009957432,-0.37544912,0.18547404,1.0450128,299.12408,302.45175,306.53772,295.60077,296.59317,297.27136,0.0,879792.5,2947274.5,0.6318834,0.7966997,0.9473998,,,
2024-04-13,-3.3141084,-1.7764832,0.17465311,-0.5818483,0.18670106,0.70515037,298.77612,302.9774,307.90683,293.96783,296.0496,297.17575,0.0,969179.3,3146723.5,0.78283674,0.88468194,0.9669282,,,
2024-04-14,-3.8295808,-2.1243918,-0.28286588,-0.9792396,-0.41518244,0.4885238,298.49002,303.01962,308.20517,292.40164,294.77505,296.73645,0.0,972376.0,3152957.5,0.48363072,0.68569154,0.95518416,,,
2024-04-15,-3.9482408,-1.9620601,-0.07239901,-1.034833,-0.036696922,0.92463624,298.80728,303.1464,308.24966,293.48526,295.7463,297.01752,0.0,1018108.44,3461064.5,0.5983088,0.74795794,0.86862224,,,
2024-04-16,-2.8986325,-1.2207193,0.63507676,-0.118877366,1.047701,1.5625682,298.37515,303.3376,308.72705,291.63138,294.54074,296.94348,0.0,1057157.8,3548751.0,0.67950696,0.7807768,0.88721186,,,
2024-04-17,-1.6472622,-0.31150416,0.87903374,0.81901926,1.521141,2.0938835,298.52292,304.04935,309.927,291.6263,294.74222,296.81137,0.0,1023170.5,3488195.2,0.58094543,0.7360981,0.8395223,,,
2024-04-18,-2.0960376,-0.1519497,1.0957801,0.72583663,1.5475346,2.41806,298.99493,304.5755,310.7175,291.71317,295.0256,297.5731,0.0,989978.5,3285301.8,0.56059045,0.66183716,0.82662725,,,
2024-04-19,-2.1085699,-0.20845145,1.1954439,0.758832,1.5411767,2.4702506,300.59402,305.0624,310.6884,293.56644,296.39127,297.59406,0.0,1015015.3,3285686.0,0.40745512,0.6802888,0.74073696,,,
2024-04-20,-1.6285309,-0.29879448,1.0860513,0.460583,1.1332425,1.8906862,300.80737,304.99777,310.5398,292.96667,296.1275,297.68146,0.0,1023099.2,3446738.5,0.35969576,0.6436541,0.89164513,,,
2024-04-21,-2.7435746,-0.9701185,0.563701,0.24926627,1.1877391,1.9956512,300.34927,304.83182,310.51926,292.9817,295.93942,297.64432,0.0,1039764.0,3477006.5,0.22275248,0.35772315,0.4867931,,,
2024-04-22,-2.5552053,-0.7338333,0.645011,0.112610415,0.89938885,1.9083903,299.93307,304.87766,310.70074,291.73386,295.374,297.59567,0.0,1076184.0,3608251.5,0.15931346,0.3056163,0.4562429,,,
2024-04-23,-2.827325,-1.0774359,0.39016744,0.19702843,1.0018154,1.7319075,299.5965,304.35095,310.367,290.92795,294.74634,297.20273,0.0,1088398.4,3550544.2,0.2358654,0.41402057,0.5776749,,,
2024-04-24,-2.9902012,-0.853146,0.6713554,0.06250171,1.2345636,2.1708958,299.85956,304.5002,310.388,291.2764,294.31818,296.14017,0.0,1044190.7,3435338.2,0.03527188,0.2726603,0.66270006,,,
2024-04-25,-3.4294202,-1.2660307,0.33689523,0.111781,1.1720057,2.0442286,299.86618,304.55817,310.3103,292.50565,295.3648,296.9625,0.0,1101403.4,3557391.0,0.08905344,0.3258299,0.57060075,,,
2024-04-26,-3.3028405,-1.4247309,0.3390708,0.22092843,1.1234301,1.7422175,299.30975,304.52914,310.4244,291.5153,294.8603,296.6496,,,,0.29455295,0.40719724,0.54529065,,,
2024-04-27,,,,,,,,,,,,,,,,,,,,,
