Date,Andaman and Nicobar Islands,Andhra Pradesh,Arunachal Pradesh,Assam,Bihar,Chandigarh,Chhattisgarh,Dadra and Nagar Haveli,Daman and Diu,Delhi,Goa,Gujarat,Haryana,Himachal Pradesh,Jammu and Kashmir,Jharkhand,Karnataka,Kerala,Lakshadweep,Madhya Pradesh,Maharashtra,Manipur,Meghalaya,Mizoram,Nagaland,Odisha,Puducherry,Punjab,Rajasthan,Sikkim,Tamil Nadu,Telangana,Tripura,Uttar Pradesh,Uttarakhand,West Bengal,AMNSIL,Damodar Valley Corporation,Total
2021-01-01,,156.4,2.2,24.0,87.7,4.5,85.3,17.3,6.1,77.0,10.3,334.5,127.8,33.2,57.6,26.9,207.0,68.7,,295.4,442.4,3.0,6.7,1.6,2.3,68.4,6.5,124.3,264.4,1.8,246.3,204.8,3.6,313.6,40.2,113.8,17.8,65.5,3548.9
2021-01-02,,163.0,2.2,23.0,82.7,4.5,85.1,18.2,6.7,70.5,10.4,339.7,123.9,33.8,54.3,26.3,208.5,68.8,,293.1,454.0,3.0,6.8,1.7,2.2,70.4,6.7,116.3,258.3,2.0,251.7,206.4,3.6,304.6,41.5,113.2,15.2,63.5,3535.8
2021-01-03,,157.6,2.2,22.9,85.1,3.8,86.6,18.6,6.7,67.9,10.5,330.9,110.0,31.1,48.8,25.8,198.9,64.5,,286.9,448.4,3.3,6.6,1.7,2.3,70.7,6.2,108.6,245.4,2.0,233.6,202.1,3.8,264.2,36.7,103.9,17.5,64.6,3380.4
2021-01-04,,163.6,2.3,23.7,84.4,4.0,86.6,19.0,7.1,73.2,10.4,339.5,112.3,32.6,44.2,25.6,208.1,70.9,,281.4,452.6,3.2,7.0,1.7,2.2,70.6,6.9,112.6,227.2,2.3,251.7,207.1,3.5,276.8,39.8,109.6,17.8,63.5,3444.9999999999995
2021-01-05,,166.1,2.3,24.4,82.0,4.0,87.0,18.8,7.4,70.5,10.8,341.8,104.0,33.5,40.2,25.7,208.8,72.4,,274.7,444.8,3.0,6.7,1.6,2.3,74.8,7.1,109.5,215.3,2.3,259.4,211.7,2.8,278.3,40.8,118.6,18.1,65.2,3436.7
2021-01-06,,164.3,2.3,24.2,82.3,3.8,85.0,19.3,7.5,71.6,10.9,334.6,114.6,32.0,27.2,25.7,203.8,70.9,,283.8,455.9,3.0,6.7,1.7,2.2,84.2,7.0,113.1,223.1,2.0,258.7,209.2,3.5,274.2,37.9,121.4,18.1,65.9,3451.5999999999995
2021-01-07,,156.2,2.2,24.1,82.2,3.8,88.8,19.2,7.4,70.6,10.8,344.9,118.0,32.8,40.6,26.2,174.5,69.9,,284.5,451.1,2.9,6.8,1.7,2.2,83.7,6.9,116.1,230.6,2.0,255.1,197.1,3.6,280.7,40.0,123.3,18.7,66.7,3453.4999999999995
2021-01-08,,162.6,1.9,24.3,84.2,3.8,88.0,19.5,7.4,73.8,11.5,344.3,120.3,32.9,54.0,26.7,180.6,70.1,,282.6,433.5,2.8,6.8,1.6,2.0,72.8,7.3,117.7,235.0,1.9,259.9,208.0,3.5,281.1,40.8,124.0,18.6,65.8,3471.6
2021-01-09,,159.6,2.1,24.0,81.7,3.6,88.9,19.5,7.5,68.3,12.6,341.9,119.8,32.8,55.1,26.3,172.7,69.2,,256.1,440.8,2.9,6.6,1.7,2.1,72.3,7.0,120.0,231.5,1.9,258.0,211.0,3.6,273.3,40.1,121.1,18.0,66.7,3420.3
2021-01-10,,163.0,2.2,23.2,83.6,3.8,89.6,19.2,6.9,67.9,11.3,338.5,109.6,30.8,54.3,26.0,165.3,63.7,,259.7,435.5,2.9,6.9,1.7,2.2,70.0,6.5,114.1,230.2,1.8,238.7,211.1,3.4,274.3,38.0,117.4,18.6,64.2,3356.1
2021-01-11,,169.2,2.4,24.0,83.5,4.2,84.6,19.6,7.2,74.6,10.6,350.8,120.8,32.8,54.5,24.7,179.4,69.7,,269.9,458.8,2.8,6.9,1.6,2.5,84.6,7.1,120.6,241.7,2.2,251.9,216.0,3.9,286.4,41.2,123.7,16.5,64.2,3515.1
2021-01-12,,170.8,2.3,24.7,83.2,4.5,90.4,19.7,7.6,76.0,10.8,352.6,126.8,33.9,55.6,25.6,185.1,68.9,,270.2,469.1,2.9,6.9,1.6,2.5,81.1,7.0,122.7,247.8,2.4,250.3,218.6,3.9,294.5,41.9,125.9,17.3,68.6,3573.7000000000003
2021-01-13,,167.3,2.4,24.5,87.8,4.5,90.2,19.6,7.7,76.6,11.3,344.5,128.9,34.1,54.6,25.3,193.1,68.0,,273.9,472.0,2.9,7.1,1.6,2.4,75.4,7.1,121.4,246.6,2.4,242.4,220.7,3.7,300.3,42.3,126.4,18.3,68.6,3575.899999999999
2021-01-14,,157.6,2.3,23.1,89.2,4.3,91.6,18.5,6.7,77.5,11.3,275.2,129.3,33.4,54.5,25.8,188.2,68.5,,273.8,471.4,2.9,6.8,1.6,2.3,74.8,6.2,123.2,244.1,2.3,201.1,208.8,3.8,302.2,41.9,123.1,18.7,68.7,3434.7000000000003
2021-01-15,,158.0,2.3,21.9,86.9,4.3,92.0,18.1,7.3,77.2,10.4,303.1,128.8,32.7,56.0,25.2,202.6,71.2,,274.0,464.8,2.9,6.8,1.6,2.3,73.7,5.7,124.3,251.2,1.4,188.5,213.5,3.8,300.6,41.6,119.8,18.7,68.2,3461.4000000000005
2021-01-16,,163.6,2.3,22.9,90.8,4.3,92.6,19.1,7.6,72.5,10.7,338.4,130.8,33.0,57.3,25.5,208.5,71.8,,277.6,473.0,3.2,7.0,1.9,2.2,72.9,5.7,121.9,256.4,2.1,200.0,217.0,4.0,295.1,41.3,127.9,18.6,67.5,3546.9999999999995
2021-01-17,,168.0,2.3,23.7,88.4,3.9,91.7,19.0,8.3,74.0,9.9,345.6,119.2,33.5,56.7,25.1,199.0,66.5,,283.0,462.5,2.7,6.8,1.5,2.2,73.9,6.0,118.6,254.0,1.5,203.9,216.2,3.5,295.5,39.3,117.8,18.5,68.7,3510.9
2021-01-18,,173.5,2.2,24.1,89.0,4.1,93.2,19.4,7.3,76.2,10.3,352.2,129.1,31.7,55.9,26.0,214.0,70.7,,287.9,475.5,2.7,6.7,1.5,2.2,86.5,6.6,122.3,249.4,1.9,235.4,224.3,3.7,299.2,40.8,124.6,17.6,67.6,3635.2999999999993
2021-01-19,,179.7,2.3,24.0,86.1,3.9,92.9,19.6,7.6,75.6,10.9,353.0,134.8,32.5,56.2,25.9,220.3,71.5,,289.2,485.9,3.0,7.0,1.7,2.6,86.1,7.1,128.4,257.3,1.7,254.1,226.5,3.6,300.7,40.7,127.9,17.1,68.7,3706.1
2021-01-20,,181.3,2.3,23.4,91.9,3.9,93.1,19.6,7.7,76.7,11.8,348.8,135.4,33.3,56.8,26.7,223.2,73.1,,290.8,491.7,2.5,6.9,1.7,2.2,77.3,7.2,133.1,266.1,1.5,269.5,234.1,3.6,301.0,41.8,130.1,16.3,68.3,3754.7
2021-01-21,,185.6,2.3,23.3,89.0,4.0,93.9,19.6,7.6,73.3,10.6,352.5,134.2,32.6,55.6,26.2,224.4,75.3,,290.7,486.3,2.7,6.9,1.6,2.2,74.5,7.3,131.2,263.8,1.7,277.5,244.3,3.5,301.2,42.0,131.9,16.0,66.6,3761.9
2021-01-22,,184.6,2.3,24.5,91.2,4.1,94.2,19.4,7.8,77.1,10.3,353.5,136.7,33.5,56.1,26.4,228.0,76.1,,294.2,486.7,2.7,6.7,1.7,2.2,75.3,7.5,128.0,265.6,1.9,287.5,251.0,4.6,310.3,42.8,130.3,16.9,69.2,3810.899999999999
2021-01-23,,183.9,2.3,23.9,89.3,3.8,94.1,19.6,7.8,72.4,10.3,353.5,135.0,33.0,53.4,25.6,228.5,75.5,,293.0,489.4,2.8,6.6,1.7,2.2,74.2,7.6,130.2,266.2,1.6,288.7,252.7,3.9,306.5,41.6,128.8,17.1,68.1,3794.8
2021-01-24,,182.2,2.2,23.4,89.4,3.8,94.1,19.3,7.4,72.9,9.9,338.5,127.3,31.0,53.0,26.0,219.2,68.5,,292.5,478.6,2.9,6.7,2.0,2.1,74.4,6.9,124.2,262.7,1.5,268.7,239.0,3.4,303.3,39.6,122.7,16.0,66.0,3681.3
2021-01-25,,183.7,2.2,24.0,91.0,4.0,95.4,19.2,7.3,75.1,10.4,344.4,132.3,32.6,56.4,26.2,229.8,72.4,,289.7,483.0,2.8,6.7,1.5,2.1,74.5,7.2,127.5,263.0,1.9,275.5,236.9,3.6,303.8,40.9,116.2,16.1,69.4,3728.7
2021-01-26,,183.0,2.3,23.2,89.5,3.4,92.9,16.3,5.0,62.6,9.0,328.3,118.7,28.6,56.7,26.5,219.3,68.2,,287.8,441.0,3.0,6.7,1.6,2.2,75.8,6.7,119.0,261.9,1.6,259.8,234.2,3.5,312.5,36.1,118.4,17.4,67.7,3590.4
2021-01-27,,187.1,2.5,24.2,90.8,3.9,95.3,18.1,6.5,72.3,9.8,334.5,133.8,32.2,54.8,25.6,230.0,70.4,,284.2,470.6,2.8,6.9,1.8,2.2,76.4,7.7,130.8,264.2,1.9,275.3,239.5,3.7,307.4,40.6,125.9,16.7,72.6,3723.0
2021-01-28,,185.1,2.5,24.5,95.6,4.2,94.1,19.7,7.6,74.6,10.2,334.5,140.9,33.4,53.7,25.8,234.1,70.3,,288.4,485.2,3.2,6.9,1.6,2.3,77.2,7.9,135.6,267.1,1.9,286.0,243.1,4.0,317.2,42.6,131.0,16.0,66.9,3794.9
2021-01-29,,185.9,2.6,24.2,94.3,4.1,81.5,19.7,7.7,74.2,10.0,344.7,143.3,33.9,56.0,25.2,237.0,71.4,,286.4,480.6,3.1,6.8,1.6,2.0,76.2,7.6,134.2,269.2,1.8,292.6,251.6,4.0,319.0,42.9,133.9,16.3,69.4,3814.9
2021-01-30,,188.1,2.3,24.0,92.6,3.9,84.2,19.6,7.6,71.6,10.2,346.5,142.7,33.3,55.5,26.1,235.7,72.7,,288.7,475.4,3.0,6.4,1.7,2.0,75.2,7.6,140.6,268.4,1.8,292.9,251.9,3.6,318.9,42.8,130.1,16.6,68.6,3812.7999999999993
2021-01-31,,182.1,2.5,23.7,96.5,3.5,87.9,19.2,7.0,68.3,9.3,337.2,130.4,30.9,55.4,26.3,223.6,67.8,,285.2,466.6,3.0,6.9,1.8,2.1,74.1,7.1,142.4,262.7,1.6,272.4,245.7,3.6,311.3,39.7,123.3,16.6,68.6,3706.3
2021-02-01,,184.1,2.3,24.2,93.3,3.8,89.6,19.1,7.1,69.7,10.3,348.7,139.3,32.0,55.6,26.3,232.0,74.0,,285.0,476.5,2.7,6.6,1.6,2.0,74.4,7.5,140.6,266.1,1.7,286.0,245.0,3.8,312.5,41.9,126.8,19.8,67.7,3779.6
2021-02-03,,183.4,2.3,24.6,92.0,3.8,93.5,19.7,7.8,68.4,10.1,350.7,141.0,33.1,53.5,26.2,236.6,75.7,,288.4,486.5,2.8,6.8,1.7,2.5,73.7,7.8,135.1,269.7,1.9,296.9,243.5,3.6,306.2,41.0,130.2,18.6,69.5,3808.8
2021-02-04,,184.7,2.3,25.0,89.1,4.1,94.4,19.9,7.7,68.6,9.8,352.9,125.7,32.2,55.6,26.1,236.6,74.9,,286.0,485.8,3.1,6.7,1.7,2.5,72.3,7.7,120.8,267.9,1.7,294.0,242.0,3.2,279.5,39.9,129.3,18.4,68.2,3740.2999999999993
2021-02-05,,187.8,2.4,23.8,89.7,3.9,95.4,18.1,7.7,70.4,10.0,352.2,130.0,32.1,55.1,28.7,239.5,74.1,,282.8,484.4,3.0,7.1,1.7,2.5,71.6,7.7,129.2,267.9,1.6,299.1,244.1,3.7,276.4,38.4,129.2,18.0,67.7,3757.0
2021-02-06,,187.1,2.3,24.2,83.4,3.6,95.5,19.4,7.6,64.1,9.9,348.3,132.8,36.9,55.7,26.5,239.1,74.1,,278.1,484.6,2.9,6.7,1.7,2.2,74.0,7.8,134.5,266.5,1.9,293.0,241.7,3.6,280.5,40.4,129.4,18.2,66.6,3744.8
2021-02-07,,181.7,2.3,22.7,84.7,3.3,93.9,19.1,6.8,63.0,8.7,336.3,120.8,27.5,54.4,25.5,221.3,66.7,,279.2,467.6,2.7,6.4,1.7,2.1,89.8,7.2,125.7,264.5,1.4,271.1,231.8,3.5,284.5,37.9,117.6,18.1,68.3,3619.8
2021-02-08,,187.6,2.4,23.4,84.7,3.6,95.3,19.5,7.2,66.0,9.5,351.4,131.0,30.4,54.9,26.4,233.4,71.5,,279.0,478.3,2.5,6.6,1.8,1.9,101.2,7.6,130.5,266.3,1.5,280.7,236.2,3.5,290.4,40.1,126.6,18.2,68.4,3739.500000000001
2021-02-09,,187.8,2.1,24.5,86.5,3.6,97.0,19.6,7.7,65.7,9.8,355.5,135.2,31.3,56.0,26.1,239.2,73.5,,279.9,485.5,2.7,6.7,1.8,2.2,100.4,7.7,132.2,269.0,1.8,294.9,238.0,3.6,291.9,40.7,129.0,18.3,67.5,3794.899999999999
2021-02-10,,190.5,2.1,24.4,86.8,3.6,95.7,19.5,7.8,65.5,9.9,352.7,136.5,31.4,53.5,25.6,243.3,72.4,,278.0,484.4,2.9,6.6,1.7,2.2,92.6,7.7,133.3,271.5,1.7,298.2,237.9,3.6,290.9,40.2,129.8,17.9,68.1,3790.4
2021-02-11,,188.7,2.2,24.7,85.6,3.5,97.3,19.8,7.7,65.0,10.3,357.0,135.2,32.0,53.6,27.0,240.9,71.8,,276.6,482.6,2.8,6.6,1.7,2.3,87.0,7.2,133.7,262.7,1.7,297.4,240.1,3.5,289.3,40.1,131.1,18.0,67.0,3773.7
2021-02-12,,191.1,2.3,25.3,84.1,3.5,98.3,19.6,6.9,66.4,9.5,359.1,135.7,32.7,54.4,25.1,244.6,72.9,,277.1,482.6,2.7,6.6,1.8,2.2,78.1,7.4,134.1,268.8,1.5,301.2,242.3,2.9,291.7,40.3,129.3,16.4,67.2,3785.7
2021-02-13,,187.4,2.3,24.4,84.2,3.4,99.3,19.8,7.6,61.4,9.6,358.4,132.2,32.1,53.7,26.8,243.0,72.7,,277.3,480.9,2.7,6.5,1.8,2.2,78.2,7.6,129.3,268.2,1.5,303.8,239.5,3.5,283.6,39.4,129.9,17.6,66.5,3758.3
2021-02-14,,186.7,2.3,23.3,84.7,3.1,98.1,19.4,6.9,59.0,8.8,344.2,121.5,29.8,53.8,26.1,232.8,67.3,,275.2,472.8,2.8,4.8,1.6,2.1,85.8,6.7,118.8,262.5,1.3,278.9,240.4,3.9,280.2,36.6,123.5,18.0,64.5,3648.2
2021-02-15,,192.6,2.3,24.3,84.7,3.4,99.3,19.8,7.2,61.6,10.8,355.4,129.2,31.7,54.4,26.0,244.2,75.3,,273.3,481.5,2.9,4.8,1.7,2.2,87.7,7.4,123.1,264.9,1.5,297.7,246.2,3.5,283.1,38.5,129.8,18.3,65.9,3756.2
2021-02-16,,194.6,2.3,24.0,88.1,3.4,91.9,19.9,7.6,62.7,10.6,354.6,132.8,32.0,52.8,24.9,247.3,77.7,,249.6,488.0,2.5,4.9,1.8,2.1,82.2,7.2,126.8,263.5,1.5,309.6,246.4,4.0,279.1,38.8,129.6,18.1,66.2,3749.1
2021-02-17,,193.4,2.2,24.8,85.6,3.3,85.0,20.0,7.7,62.1,10.6,352.8,132.7,32.8,51.4,25.3,249.1,77.8,,237.1,480.2,2.4,6.7,1.7,2.0,73.6,7.0,125.5,264.0,1.4,312.9,249.3,3.7,282.8,39.6,125.8,18.5,66.3,3717.1
2021-02-18,,193.8,2.3,24.7,83.0,3.2,87.1,20.0,7.7,62.5,10.3,356.1,133.8,32.6,53.3,24.5,245.5,78.4,,245.2,450.4,2.3,6.4,1.5,2.2,76.4,7.1,124.9,259.7,1.4,313.6,247.2,3.6,283.1,39.3,130.3,19.1,66.2,3698.7
2021-02-19,,191.4,2.4,24.4,81.6,3.3,88.1,19.7,7.8,64.7,9.5,359.5,133.8,32.9,53.5,23.7,219.9,77.9,,245.9,410.1,2.4,6.5,1.9,2.1,77.6,7.7,126.0,262.3,1.5,319.9,235.1,3.6,290.0,40.0,134.5,18.2,66.6,3646.0
2021-02-20,,177.0,2.4,24.3,80.2,3.2,91.6,19.5,7.6,59.5,9.5,358.9,131.2,32.2,52.6,25.2,208.3,77.2,,249.5,443.0,2.6,6.5,1.6,2.2,76.9,7.7,126.0,261.1,1.5,296.3,234.4,3.7,285.7,39.2,132.7,18.7,67.3,3617.0
2021-02-21,,166.1,2.3,23.5,84.4,2.9,93.9,19.5,7.0,58.4,8.6,343.2,120.2,28.9,52.2,23.8,189.4,69.2,,251.1,442.2,2.5,6.5,1.5,2.2,76.0,6.1,121.5,257.1,1.3,261.3,234.8,3.4,281.9,35.5,122.8,18.2,65.1,3484.5
2021-02-22,,176.1,2.2,24.4,84.5,3.2,94.9,19.8,7.4,60.8,10.0,359.9,129.0,30.6,53.0,25.4,197.7,76.3,,254.5,471.2,2.5,6.3,1.6,2.0,77.5,6.8,124.7,258.9,1.4,287.4,242.4,3.9,284.5,37.8,127.0,18.2,66.4,3630.2
2021-02-23,,185.9,2.1,24.7,84.3,3.2,97.1,19.7,7.6,62.1,10.1,359.8,134.8,31.5,48.9,24.5,207.1,79.4,,258.0,489.9,2.5,6.4,1.6,2.1,79.3,7.3,127.6,260.6,1.4,304.0,248.6,3.7,289.8,38.6,134.2,18.0,65.9,3722.3
2021-02-24,,191.8,2.2,23.8,83.3,3.2,97.5,20.1,7.7,62.8,10.9,364.3,137.0,31.8,51.4,24.2,215.9,80.2,,260.0,498.9,2.6,6.1,1.6,2.0,91.7,7.3,126.0,261.4,1.3,310.2,252.0,3.6,293.9,38.4,136.9,18.6,70.2,3790.8
2021-02-25,,196.8,2.3,24.4,83.2,2.8,99.3,20.2,7.4,62.3,11.3,368.7,137.0,31.6,50.5,23.7,226.0,81.1,,260.4,504.6,2.7,6.5,1.6,2.0,100.2,7.4,131.1,259.1,1.4,316.7,256.0,3.7,295.9,38.1,139.7,18.1,66.0,3839.8
2021-02-26,,201.9,2.5,23.6,86.6,3.2,99.7,20.0,7.6,65.4,12.2,371.7,141.9,31.9,50.0,23.5,236.0,81.7,,261.9,504.4,2.9,6.3,1.7,2.3,88.5,7.3,135.6,262.6,1.3,325.4,261.0,3.8,299.4,38.1,143.4,18.1,67.1,3890.500000000001
2021-02-27,,205.9,2.4,24.2,85.9,3.1,102.9,20.1,7.5,61.3,10.2,370.7,137.0,31.2,45.2,23.5,236.0,82.4,,262.8,502.2,2.5,6.3,1.7,2.3,88.0,7.5,129.1,265.0,1.1,323.8,262.9,3.9,302.0,37.3,145.3,18.7,64.8,3876.7
2021-02-28,,201.9,2.4,22.9,87.4,2.8,103.1,19.7,7.0,59.2,9.1,357.2,126.0,27.8,50.7,25.4,229.9,76.3,,259.8,499.2,2.5,6.1,1.7,2.2,86.7,6.7,123.0,255.8,1.0,295.7,257.4,3.8,303.0,34.9,140.2,18.8,65.8,3773.1
2021-03-01,,205.1,2.3,24.5,85.7,3.1,104.9,19.7,7.0,62.1,10.2,371.6,134.7,31.1,50.9,25.7,244.6,81.7,,259.4,514.9,2.6,6.2,1.7,2.3,86.6,7.3,131.5,264.4,1.2,315.0,259.4,4.0,307.8,36.1,152.3,15.3,65.2,3898.1
2021-03-02,,207.8,2.4,24.9,87.4,3.1,106.7,20.0,7.6,61.8,11.1,371.3,134.8,31.3,51.7,26.8,253.5,81.5,,261.4,527.4,2.6,5.2,1.7,2.0,87.1,7.6,141.5,264.6,1.2,325.2,262.5,4.0,295.9,37.9,155.4,15.3,66.5,3948.7
2021-03-03,,204.7,2.1,24.9,84.5,3.2,105.7,20.3,7.8,62.8,11.6,369.1,137.9,31.9,50.2,26.9,247.3,81.6,,260.0,526.5,2.5,5.4,1.6,2.0,85.4,7.6,142.9,264.8,1.2,322.6,264.0,3.9,304.3,38.4,153.2,14.6,68.3,3941.7
2021-03-04,,204.6,2.1,25.5,86.6,3.2,102.3,20.3,7.8,62.6,11.4,376.1,143.3,31.5,50.3,27.9,249.5,80.1,,257.6,526.1,2.7,5.3,1.6,2.0,87.3,7.8,143.8,263.6,1.4,324.9,265.6,4.2,313.4,38.0,149.3,13.9,67.0,3960.6
2021-03-05,,210.1,2.2,24.1,89.5,3.2,105.9,20.2,7.8,65.4,11.1,386.4,141.1,32.8,51.4,26.7,259.9,80.7,,252.9,526.8,1.5,5.4,1.7,1.9,85.2,7.8,144.2,263.4,1.7,333.8,268.1,4.2,311.9,38.4,155.5,16.1,69.7,4008.7
2021-03-06,,209.8,2.1,21.1,86.3,3.1,105.5,20.2,7.8,61.1,11.7,387.1,138.7,31.4,51.7,26.6,257.0,81.9,,253.3,533.1,2.3,4.8,1.6,2.2,88.9,7.9,141.5,262.0,1.8,335.0,265.2,3.4,311.5,38.4,156.4,16.3,68.1,3996.8
2021-03-07,,208.4,2.2,22.1,88.3,2.9,105.3,19.8,7.2,59.9,10.1,365.8,121.8,28.4,50.3,26.7,245.1,76.8,,248.6,515.5,2.4,5.1,1.6,2.2,100.0,7.3,118.4,256.6,1.5,311.7,261.2,3.4,310.3,35.3,144.8,16.6,66.1,3849.7
2021-03-08,,210.3,2.3,24.3,88.9,3.3,106.9,20.0,7.5,65.4,11.5,383.6,131.1,29.2,50.2,26.9,259.8,84.3,,250.6,530.9,2.5,5.3,1.3,2.3,101.8,7.8,117.3,257.7,1.2,333.1,267.0,3.3,310.6,36.3,156.3,18.6,66.9,3976.300000000001
2021-03-09,,213.0,2.4,24.4,92.0,3.3,108.4,20.3,7.8,68.1,12.0,388.2,135.5,31.2,51.3,27.5,265.0,84.8,,251.6,537.6,2.4,5.4,1.4,2.3,94.2,8.3,131.5,259.1,1.3,343.3,270.3,4.5,327.1,38.3,163.5,18.7,66.1,4062.1
2021-03-10,,212.2,2.2,24.2,94.0,3.4,106.8,20.6,8.0,67.9,12.2,378.6,138.5,31.6,52.4,27.5,265.8,83.0,,252.7,538.3,2.5,6.2,1.6,2.2,100.5,8.4,137.2,256.2,1.2,342.7,271.6,4.2,331.9,38.0,158.0,18.5,63.8,4064.6
2021-03-11,,211.4,2.3,23.9,95.1,3.1,106.1,20.4,6.8,69.2,11.7,382.4,142.0,30.2,50.9,26.9,265.8,76.8,,242.5,534.2,2.7,6.0,1.6,2.2,100.5,8.3,141.2,255.5,1.0,337.7,273.3,4.2,338.8,37.8,154.6,18.5,66.2,4051.8
2021-03-12,,206.7,2.1,26.1,97.4,3.3,107.3,19.0,7.4,69.0,11.6,387.6,124.4,31.3,47.0,26.5,262.2,80.2,,205.0,529.5,2.5,6.1,1.6,1.9,91.5,8.3,121.8,242.0,1.2,336.0,269.6,4.3,301.6,38.1,162.3,18.2,66.8,3917.4
2021-03-13,,198.7,2.2,24.7,84.0,3.2,90.6,20.3,7.7,63.9,12.0,385.6,127.1,31.0,51.4,22.5,260.4,80.9,,194.6,523.2,2.8,6.2,1.7,2.1,84.9,8.2,124.9,238.1,1.2,335.8,266.2,4.0,301.7,38.2,142.8,17.7,65.9,3826.4
2021-03-14,,209.3,2.2,24.3,86.6,2.9,102.9,20.1,7.3,63.0,10.6,372.8,123.5,28.1,49.7,25.3,247.4,76.1,,224.6,511.7,2.7,6.1,1.6,2.1,87.0,7.6,135.3,239.2,0.9,311.2,263.8,3.7,309.1,35.3,134.4,17.0,66.8,3812.2
2021-03-16,,217.5,2.4,27.2,91.4,3.3,107.0,20.3,7.4,69.1,11.8,390.6,137.8,31.1,50.6,25.4,264.6,85.4,,230.2,549.6,2.6,6.1,1.7,2.2,95.5,8.3,138.9,245.6,1.2,346.6,274.0,4.4,325.4,38.1,160.4,18.3,67.2,4059.2
2021-03-17,,216.2,2.4,27.6,94.4,3.4,109.0,20.4,7.8,70.4,12.0,387.3,137.0,31.5,49.7,26.6,266.0,87.1,,232.9,554.4,2.8,6.2,1.7,2.3,108.3,8.3,139.9,245.1,1.2,347.1,275.6,4.0,330.1,38.9,163.6,18.2,70.3,4099.7
2021-03-18,,215.3,2.3,28.4,94.8,3.3,110.2,20.5,7.8,70.0,12.6,393.5,140.7,31.2,49.3,26.8,265.6,87.5,,227.8,553.5,2.7,5.7,1.6,2.2,100.4,8.2,133.1,236.8,1.2,348.9,273.9,4.1,339.7,37.9,165.0,18.0,69.6,4090.1
2021-03-19,,211.1,2.1,28.9,95.3,3.4,107.7,18.9,7.9,73.5,12.7,392.6,142.2,31.8,50.7,26.7,264.1,87.7,,211.0,532.6,2.3,5.3,1.5,2.0,101.1,8.5,129.5,232.7,1.2,351.0,272.9,4.2,340.2,38.5,167.1,18.2,68.0,4045.1
2021-03-20,,210.7,2.2,29.0,95.4,3.3,101.7,20.1,7.9,69.9,12.1,389.8,140.8,31.1,49.1,26.9,260.6,85.5,,208.5,516.3,2.8,4.3,1.6,2.4,107.6,8.5,148.7,236.2,1.1,350.0,270.4,4.1,338.8,38.6,168.1,18.4,70.6,4033.1
2021-03-21,,209.7,2.2,27.0,98.5,3.0,105.0,20.1,7.2,67.0,11.2,378.9,126.0,28.4,48.4,27.0,249.2,76.7,,215.4,487.7,2.7,4.7,1.6,2.2,103.6,7.8,147.2,227.2,1.0,322.9,264.1,4.2,333.6,35.5,170.6,18.7,69.4,3905.599999999999
2021-03-22,,216.1,2.3,28.2,100.3,3.4,108.1,17.5,7.5,72.8,12.1,392.2,119.3,29.4,49.5,27.4,262.0,83.2,,217.0,507.2,2.4,4.3,1.6,2.3,108.4,8.4,111.3,216.2,1.1,345.8,273.7,4.6,323.9,37.1,176.7,18.4,70.2,3961.9
2021-03-23,,217.2,2.3,29.6,104.6,3.3,107.3,19.5,7.8,71.2,12.0,397.3,114.7,30.6,45.9,28.3,267.6,86.4,,211.4,499.1,2.4,5.3,1.6,2.3,109.4,8.3,99.7,196.3,1.2,355.0,275.0,4.4,298.5,37.8,183.0,18.2,70.9,3925.400000000001
2021-03-24,,216.8,2.3,29.9,103.0,3.2,104.6,20.0,7.9,70.2,11.9,392.1,122.5,31.5,50.1,27.8,269.4,87.5,,214.1,522.8,2.7,5.9,1.6,2.2,109.0,8.6,119.1,203.9,1.0,355.6,278.2,4.7,303.5,38.7,187.8,17.8,72.1,4000.0
2021-03-25,,218.3,2.3,27.7,98.1,3.2,108.6,20.1,7.7,70.0,12.1,392.1,125.7,31.0,51.3,29.3,272.0,85.9,,222.4,534.0,2.3,5.8,1.5,2.2,110.4,8.5,123.3,212.0,1.1,359.1,277.9,4.6,326.3,38.4,185.7,17.4,71.4,4059.7
2021-03-26,,219.1,2.1,29.3,100.8,3.2,111.3,19.9,7.7,69.2,12.7,395.2,123.9,31.6,49.3,29.5,272.0,87.1,,222.6,539.8,2.3,5.8,1.5,2.0,100.7,8.8,125.2,210.1,1.1,360.6,281.4,4.4,320.2,38.1,185.3,18.2,70.8,4062.8
2021-03-27,,220.7,2.0,28.3,96.1,3.1,112.1,20.0,7.7,68.2,12.6,395.1,125.7,30.5,48.9,28.4,276.0,87.2,,225.6,547.6,2.4,6.1,1.6,2.0,92.2,8.6,130.5,208.1,1.1,362.0,281.5,4.4,324.5,37.8,180.9,17.8,71.8,4069.1
2021-03-28,,218.7,2.2,27.1,98.7,3.0,109.3,19.3,7.0,65.0,11.7,373.0,112.7,27.2,47.7,29.4,259.2,77.5,,223.6,543.5,2.6,5.9,1.5,2.2,92.5,8.1,133.2,199.7,0.9,334.2,277.1,4.0,321.3,33.8,169.3,17.6,71.4,3931.1
2021-03-29,,219.6,2.2,23.7,93.2,2.8,98.4,17.55,4.1,56.3,11.0,306.2,91.9,21.3,45.7,28.2,261.0,80.0,,208.7,504.2,2.7,5.7,1.6,2.1,92.6,7.6,109.7,178.2,0.8,341.7,270.9,4.5,318.7,26.4,166.8,18.2,62.8,3683.2
2021-03-30,,219.5,2.2,19.9,97.5,3.5,100.2,15.8,5.4,70.2,12.2,355.5,102.2,25.5,49.9,26.4,265.1,82.7,,208.6,531.9,1.9,4.8,1.3,2.3,97.6,8.2,116.4,175.9,1.1,352.5,275.0,3.8,299.6,32.2,183.0,18.8,64.0,3832.600000000001
2021-03-31,,225.0,2.2,21.2,95.5,3.4,108.1,18.7,7.2,73.6,12.2,392.0,112.8,29.1,47.8,28.1,272.2,87.2,,219.0,546.1,2.2,5.5,1.0,1.7,99.0,8.9,126.4,203.4,1.2,359.7,278.8,3.5,295.3,32.9,190.0,17.4,69.2,3997.5
2021-04-01,,226.1,2.1,23.0,94.6,3.3,110.8,18.8,7.1,72.2,11.6,394.0,112.0,28.4,49.4,28.3,273.0,85.1,,225.3,547.6,2.3,5.7,1.7,2.0,98.8,8.8,120.2,204.8,1.0,366.4,280.0,3.9,283.2,33.1,186.0,18.1,69.4,3998.1
2021-04-02,,234.1,2.2,24.9,97.5,3.3,112.7,19.2,7.3,71.0,11.2,395.8,117.3,28.9,49.8,28.4,277.1,77.6,,225.5,546.4,2.5,5.6,1.9,2.2,102.7,9.1,118.0,205.2,1.0,367.2,282.7,4.7,308.8,35.9,184.4,18.9,69.3,4050.3
2021-04-03,,231.5,2.1,28.2,99.1,3.3,113.5,19.5,7.5,68.3,11.4,396.3,116.8,28.7,49.7,27.3,277.5,83.1,,228.6,554.5,2.4,6.0,1.6,2.0,104.9,9.1,121.0,203.5,1.0,367.8,286.1,3.9,312.5,36.3,191.8,18.4,72.1,4087.3
2021-04-04,,221.4,2.2,25.7,97.5,2.9,113.3,19.2,7.0,68.0,11.0,387.9,107.8,26.3,49.3,28.9,266.0,77.2,,227.0,540.6,2.3,5.1,1.6,1.9,107.7,8.8,118.4,200.7,0.9,351.3,276.9,4.5,301.9,34.6,168.9,18.9,70.3,3953.9
2021-04-05,,222.6,2.0,26.4,97.6,3.4,114.2,19.5,7.4,76.8,12.1,400.8,119.7,28.5,48.9,28.5,276.0,87.8,,231.3,556.1,2.5,5.4,1.7,1.9,112.6,9.0,118.4,208.6,1.1,363.1,272.3,3.7,321.9,36.6,163.8,18.3,69.8,4070.3
2021-04-06,,219.4,1.9,27.8,102.7,3.5,115.6,19.5,7.7,80.7,12.5,402.3,126.1,29.6,50.0,29.3,280.5,84.4,,238.0,557.2,2.5,5.2,1.7,1.9,112.0,7.0,110.8,211.3,1.1,310.2,269.1,4.1,331.0,38.8,178.4,19.5,71.0,4064.2999999999993
2021-04-07,,221.5,2.2,29.3,106.8,3.2,115.7,19.5,7.8,81.7,11.8,403.1,119.6,25.0,48.1,28.9,277.7,87.3,,240.2,559.6,2.5,4.6,1.7,1.9,113.4,8.7,107.8,214.8,1.1,353.3,268.9,4.6,336.1,36.4,182.5,19.5,72.5,4119.3
2021-04-08,,217.5,2.0,26.4,111.2,3.4,114.1,19.7,7.7,79.9,12.4,407.9,129.5,29.2,50.5,28.8,275.1,86.5,,241.4,566.4,2.5,5.7,1.7,2.0,105.4,8.9,120.7,214.9,1.0,364.0,263.4,4.7,339.8,38.5,187.5,17.9,72.5,4160.7
2021-04-09,,217.8,2.1,27.6,109.3,3.4,108.5,19.4,7.7,79.5,12.5,409.5,130.0,29.1,51.9,28.1,271.9,87.9,,238.1,556.0,2.5,5.4,1.6,2.0,93.8,9.5,122.4,214.5,0.9,372.7,258.4,4.3,331.8,38.7,183.2,18.2,71.6,4121.8
2021-04-10,,213.1,1.9,26.6,111.0,3.3,106.2,18.6,7.6,76.9,12.3,405.2,129.4,29.1,51.3,29.9,273.0,87.7,,233.1,538.3,2.5,5.0,1.5,2.0,96.0,9.1,129.0,214.2,0.8,372.8,252.3,5.1,332.7,39.1,180.4,18.2,70.6,4085.8
2021-04-11,,213.9,1.8,24.6,109.1,3.2,106.6,18.7,6.8,75.5,10.3,391.8,117.6,24.5,49.4,29.8,259.9,79.5,,225.5,516.6,2.4,4.7,1.5,1.9,96.2,8.5,121.1,208.6,0.8,351.5,245.0,5.0,327.5,35.7,179.0,18.9,71.3,3944.7
2021-04-12,,216.3,2.2,29.1,110.5,3.8,109.1,19.0,7.2,83.6,11.9,407.7,131.4,29.1,51.1,30.4,261.2,79.2,,221.5,532.9,2.5,4.8,1.7,1.9,98.2,9.0,126.4,212.6,1.0,355.0,236.3,5.2,341.6,37.5,186.5,18.4,69.9,4045.7
2021-04-13,,210.9,2.0,29.5,111.7,3.8,111.2,19.1,7.5,85.8,11.3,402.9,137.6,29.9,52.7,30.9,242.6,78.4,,238.7,519.4,2.3,4.7,1.7,1.9,99.2,9.3,125.6,222.8,0.9,355.9,219.9,5.1,354.5,36.1,195.4,15.9,69.9,4047.0
2021-04-14,,205.1,2.2,25.7,114.4,3.9,111.1,19.2,6.8,85.9,10.7,399.5,137.5,29.7,52.7,30.6,230.7,73.2,,227.8,511.4,2.6,5.6,1.6,2.2,99.2,8.7,132.7,223.0,0.8,330.7,190.6,5.3,358.6,38.7,191.9,17.7,70.3,3958.3
2021-04-17,,201.0,2.4,22.6,105.6,3.3,109.2,18.5,7.3,66.4,12.5,397.7,122.6,26.5,48.6,29.3,241.3,80.0,,236.6,535.2,2.4,4.6,1.4,2.1,99.1,9.1,123.1,209.2,0.6,334.6,214.5,3.6,325.1,39.1,160.0,17.0,68.1,3880.2
2021-04-18,,206.0,2.3,24.4,113.0,3.1,109.5,18.1,6.6,67.6,10.2,383.3,121.7,24.9,50.7,29.9,230.5,74.6,,239.6,529.7,2.4,5.4,1.4,2.1,94.2,8.7,114.9,213.5,0.6,319.9,208.0,3.6,340.0,36.4,152.8,17.0,68.4,3835.0
2021-04-19,,209.8,2.1,22.5,103.0,3.9,116.9,18.5,6.9,79.9,12.0,397.5,136.6,29.3,50.4,29.5,240.6,81.4,,239.2,546.7,2.3,5.1,1.6,2.2,96.8,9.1,127.4,216.4,0.8,340.4,213.8,5.0,347.0,38.6,172.6,17.1,67.1,3990.0
2021-04-20,,207.8,2.2,26.6,114.5,3.6,99.1,18.4,7.2,69.5,12.2,396.0,128.5,30.2,52.3,29.9,237.5,78.7,,239.3,546.5,2.5,5.5,1.6,2.3,101.1,9.5,125.0,208.8,0.8,348.5,210.5,5.2,352.7,39.1,192.0,17.1,69.8,3992.0
2021-04-21,,208.3,2.1,29.5,115.8,2.8,99.2,18.2,7.2,64.2,12.2,390.6,124.3,27.2,51.3,28.7,238.8,79.1,,229.5,542.6,2.6,5.8,1.6,2.2,106.1,9.4,117.1,205.6,0.8,353.2,202.7,5.4,328.3,34.6,178.4,16.5,68.4,3910.3
2021-04-23,,193.0,2.0,30.3,101.7,3.2,104.2,17.8,7.0,64.0,13.0,385.8,123.8,27.2,51.6,26.4,210.6,81.4,,229.9,534.1,2.4,4.8,1.6,2.1,113.0,9.5,103.6,214.8,1.0,357.1,181.8,5.1,322.1,35.0,161.6,17.0,70.4,3809.9
2021-04-24,,193.5,2.1,31.6,110.7,3.0,103.7,17.7,6.9,59.7,11.8,384.0,125.3,28.0,51.8,29.4,201.4,77.9,,231.3,534.1,2.5,4.4,1.7,2.2,114.4,9.2,114.6,214.3,1.0,356.7,185.4,4.8,329.1,35.4,173.1,17.2,68.8,3838.7
2021-04-25,,195.8,2.2,31.4,116.8,2.9,103.1,16.4,6.0,61.1,10.6,362.9,119.5,26.0,51.2,29.8,200.2,72.3,,226.9,525.0,2.5,4.4,1.6,2.2,113.8,8.5,109.5,209.3,0.9,321.1,183.7,4.8,334.3,33.6,175.7,16.9,66.8,3749.7
2021-04-26,,204.3,2.1,31.8,116.4,3.5,101.4,17.0,6.5,66.3,12.2,378.9,135.3,27.9,51.4,30.3,214.8,80.4,,228.5,529.2,2.6,3.7,1.6,2.4,106.4,8.9,129.6,216.3,0.9,349.7,187.6,5.0,358.0,36.1,186.5,17.6,67.2,3918.3
2021-04-27,,204.9,2.0,34.0,116.4,3.8,101.4,17.3,6.8,70.8,12.1,384.4,145.0,28.8,50.8,30.1,223.1,81.9,,229.7,517.7,2.6,4.5,1.7,2.4,108.0,9.2,130.7,221.6,1.0,360.9,182.7,5.6,364.1,37.7,190.9,18.0,67.6,3970.2
2021-04-28,,206.2,2.2,27.7,117.7,4.3,101.7,17.2,6.8,76.1,10.4,377.8,138.2,30.3,50.0,31.1,223.3,82.8,,231.8,522.3,2.7,4.2,1.7,2.4,118.7,9.3,138.5,227.4,0.9,366.3,182.2,5.8,381.9,38.9,188.9,17.7,68.0,4013.4
2021-04-29,,206.0,2.1,31.4,116.8,4.3,101.1,16.7,6.8,79.1,11.6,383.1,150.5,29.3,47.7,27.7,221.0,84.6,,229.5,519.7,2.7,4.4,1.8,2.3,118.0,9.1,150.8,228.3,0.9,371.2,180.9,5.5,377.5,36.8,178.5,17.5,65.9,4021.100000000001
2021-04-30,,202.9,2.4,33.2,111.7,4.5,98.5,16.4,6.7,80.1,11.1,382.1,146.9,29.2,50.9,23.1,210.1,83.0,,228.7,515.3,2.3,4.4,1.4,2.2,112.3,9.2,154.9,223.6,1.0,369.0,175.7,6.0,369.6,37.6,172.2,17.7,60.9,3956.8
2021-05-01,,195.1,2.1,27.7,104.5,4.8,96.6,15.2,4.9,79.7,9.9,371.6,145.1,27.8,52.1,25.6,202.5,73.6,,219.9,470.8,2.3,5.3,1.5,2.1,103.4,7.9,155.9,217.5,0.8,335.4,166.5,4.4,384.8,36.4,148.7,16.3,60.1,3778.8
2021-05-02,,196.7,2.1,28.3,103.9,4.8,92.2,15.1,5.0,80.0,9.4,353.6,137.3,26.1,51.5,26.0,198.3,74.2,,211.2,472.3,2.4,5.3,1.4,2.1,104.3,8.2,150.3,213.2,0.8,319.1,166.0,4.3,365.7,33.7,144.7,15.9,60.2,3685.6
2021-05-03,,201.3,2.2,25.8,100.5,5.1,90.6,15.9,6.1,81.9,11.2,367.0,144.4,27.5,51.6,24.2,211.6,77.9,,209.3,490.6,2.5,4.8,1.4,2.1,103.8,8.7,151.9,221.2,0.9,343.1,163.9,4.7,352.4,36.1,131.2,15.9,57.5,3746.8
2021-05-04,,202.9,2.0,25.0,88.7,4.7,88.0,16.1,6.5,83.9,11.3,368.0,149.8,27.1,47.2,23.3,213.7,75.7,,209.3,516.7,2.3,5.2,1.4,2.1,88.2,8.8,148.0,226.1,0.9,353.6,165.6,4.1,369.3,36.3,123.6,15.2,58.8,3769.4
2021-05-05,,200.7,2.3,25.0,86.7,4.1,89.5,16.0,6.7,84.6,11.4,370.5,149.0,27.2,47.5,23.5,208.6,75.7,,227.6,522.7,2.4,5.8,1.6,2.1,89.2,9.4,146.9,227.7,1.1,352.5,162.8,4.3,365.3,35.7,128.6,15.4,58.3,3788.4
2021-05-06,,200.4,2.2,24.7,94.5,3.7,87.1,16.4,6.6,80.5,11.7,376.5,134.4,26.9,48.9,21.9,208.9,78.6,,223.6,520.8,2.5,5.5,1.6,2.2,93.3,9.4,146.2,220.9,0.8,353.5,162.0,4.8,357.3,33.7,131.1,15.5,56.8,3765.4
2021-05-07,,201.8,2.2,24.8,92.5,3.6,83.5,16.1,6.6,72.8,11.4,378.8,125.3,26.9,49.4,23.7,207.7,75.8,,219.5,512.9,2.5,5.4,1.5,2.2,89.2,9.5,140.1,220.4,1.0,347.1,166.3,4.4,331.5,34.7,136.9,18.3,61.1,3707.4
2021-05-08,,201.6,2.3,25.2,95.8,3.6,81.0,15.9,6.4,74.3,11.3,380.4,139.5,27.4,49.2,24.7,203.1,72.3,,221.6,510.7,2.6,5.5,1.6,2.2,89.5,9.2,147.1,228.2,1.0,339.3,166.3,4.5,366.3,34.8,148.9,18.3,62.1,3773.7
2021-05-09,,201.3,2.2,27.5,92.5,3.5,76.7,15.6,5.6,75.6,10.1,363.7,132.3,25.1,43.8,23.8,198.9,71.0,,213.4,496.1,2.4,5.7,1.4,2.2,90.4,8.6,136.0,222.4,0.8,316.2,164.1,4.0,351.0,32.7,141.7,17.7,59.3,3635.2999999999993
2021-05-10,,207.4,2.2,26.4,88.5,3.9,72.3,15.8,6.1,74.6,10.8,373.0,134.5,26.8,49.0,25.3,196.8,73.1,,210.2,508.9,2.3,5.7,1.4,2.2,93.3,8.8,145.5,223.2,1.0,319.2,166.5,4.2,344.8,34.8,142.5,17.8,62.6,3681.4
2021-05-11,,195.2,2.6,26.4,95.7,3.9,69.2,16.0,6.5,77.9,11.1,373.2,134.1,26.6,44.1,24.8,190.8,72.1,,206.2,515.4,2.6,5.7,1.5,2.2,81.4,9.0,146.8,218.1,1.0,329.3,165.3,4.0,363.9,35.2,135.5,16.8,64.4,3674.5
2021-05-12,,178.9,2.3,24.8,74.9,3.7,76.5,16.1,6.3,77.7,10.9,365.4,132.8,27.1,48.1,23.3,188.3,69.4,,213.2,515.3,2.4,5.6,1.5,2.2,86.3,9.2,140.9,211.1,0.9,330.5,153.9,4.7,340.1,33.6,128.3,18.7,62.5,3587.4
2021-05-13,,188.3,2.4,23.9,77.7,3.4,75.7,15.9,6.3,71.6,10.6,368.1,125.3,25.6,49.1,21.6,183.5,65.2,,215.0,512.0,2.4,5.4,1.5,2.1,80.3,8.9,127.3,207.7,0.9,315.8,154.4,4.1,310.5,32.3,129.9,18.5,62.7,3505.9
2021-05-14,,187.8,2.2,24.0,97.5,3.2,78.2,15.6,6.3,73.0,9.7,360.2,132.2,26.6,39.7,26.3,180.9,54.2,,218.8,503.2,2.2,5.7,1.6,2.2,87.2,8.4,137.2,216.6,1.0,306.6,156.2,4.0,343.6,33.8,141.7,18.1,64.9,3570.5999999999995
2021-05-15,,186.4,2.3,22.6,110.0,3.6,81.0,15.9,6.3,72.8,10.5,365.7,131.8,26.9,46.8,27.5,159.6,48.7,,221.7,479.0,2.5,5.6,1.5,2.2,94.1,7.7,137.2,217.7,1.0,288.2,147.8,4.4,355.4,35.0,161.7,18.2,65.8,3565.0999999999995
2021-05-16,,182.8,2.1,23.3,115.6,3.5,85.8,14.9,5.1,73.6,7.25,332.8,129.2,24.2,50.1,28.1,144.3,52.7,,206.8,401.8,2.4,5.6,1.6,2.2,97.1,7.3,138.3,222.4,0.8,270.4,137.2,4.0,372.9,33.1,160.8,18.8,64.8,3420.2
2021-05-17,,189.3,1.8,23.2,121.8,4.3,88.7,11.9,5.1,79.3,4.0,284.9,145.1,26.3,52.4,29.7,169.7,58.3,,185.8,372.3,2.4,5.4,1.6,2.2,100.8,7.7,151.6,221.1,0.9,287.4,147.5,4.9,380.8,36.2,167.2,18.2,65.5,3455.3
2021-05-18,,193.3,2.0,23.7,107.4,4.4,88.8,10.2,4.3,74.1,6.1,247.2,142.4,26.8,49.6,28.4,176.7,61.3,,177.6,414.2,2.5,5.7,1.6,2.2,111.7,8.1,154.2,174.5,1.0,303.8,151.5,5.1,330.1,37.0,164.7,14.1,62.2,3300.5999999999995
2021-05-19,,196.4,2.1,26.1,105.6,3.9,88.0,14.1,5.6,60.6,9.3,209.5,103.7,27.0,48.2,27.0,179.2,61.7,,159.8,428.0,2.5,5.6,1.7,2.2,124.6,8.0,151.2,130.0,1.1,298.2,155.0,5.5,236.2,32.3,159.2,17.0,64.5,3150.6
2021-05-20,,184.8,1.7,24.4,77.1,3.8,83.3,14.6,6.2,55.2,10.3,276.3,102.3,26.1,45.8,24.3,180.3,62.5,,173.3,446.5,2.3,5.3,1.6,2.2,122.6,7.4,156.5,158.1,1.5,288.9,149.0,5.4,211.0,25.7,166.1,19.4,63.6,3185.4
2021-05-21,,170.7,1.7,27.2,86.7,3.8,86.1,15.9,6.2,58.9,9.6,301.1,104.1,26.0,42.6,25.3,177.8,62.0,,188.0,463.2,2.5,5.2,1.7,2.1,115.1,6.6,137.9,183.7,1.5,266.3,154.0,5.5,265.3,29.9,163.7,19.5,62.7,3280.1
2021-05-22,,160.4,1.7,30.8,110.2,3.8,86.8,15.7,6.3,58.4,10.7,311.3,108.3,27.2,51.4,27.2,172.6,61.3,,197.5,466.1,2.6,5.1,1.7,2.2,112.8,6.7,155.2,176.2,1.5,262.8,151.7,5.9,289.4,32.6,167.0,19.7,64.7,3365.4999999999995
2021-05-23,,161.1,1.8,33.3,117.7,3.6,86.4,16.0,5.7,60.4,10.9,305.3,110.5,24.6,48.6,29.0,168.4,61.7,,200.0,463.8,2.5,5.1,1.7,2.3,109.7,6.6,137.9,181.2,1.4,253.7,149.9,5.6,323.5,31.8,173.1,17.9,66.3,3379.0
2021-05-24,,168.3,1.8,32.6,117.7,4.0,86.9,16.4,6.1,62.9,11.1,327.8,119.8,26.4,47.3,29.5,177.1,67.0,,205.1,488.3,2.6,5.0,1.7,2.3,107.7,7.2,141.0,212.9,1.6,256.6,151.7,4.5,330.7,34.8,160.1,18.3,66.0,3500.8
2021-05-25,,172.5,2.1,31.4,102.8,4.3,84.0,16.7,5.3,69.2,11.2,337.4,135.9,27.5,48.1,26.1,178.2,66.7,,207.1,492.7,2.6,4.7,1.5,2.5,85.7,7.2,154.1,223.8,1.6,250.3,153.7,3.7,340.6,36.0,129.8,18.8,65.3,3501.0999999999995
2021-05-26,,171.2,2.0,32.8,96.6,4.5,83.3,17.0,6.5,70.4,12.1,337.3,147.7,27.4,49.2,16.4,171.3,61.5,,213.2,486.5,2.5,5.0,1.6,2.4,65.5,7.3,163.1,230.5,1.5,240.0,155.2,4.5,372.9,37.1,101.5,19.7,57.2,3474.4
2021-05-27,,178.5,2.0,32.8,69.15,4.9,84.5,17.0,6.5,81.6,12.0,335.2,156.1,27.9,49.2,13.6,180.7,61.8,,214.5,488.0,2.5,4.8,1.4,2.3,86.0,7.3,172.1,235.2,1.4,257.2,155.3,4.6,361.5,39.2,106.8,18.8,53.3,3505.8000000000006
2021-05-28,,196.4,2.1,34.0,41.7,5.6,88.9,16.4,6.6,88.7,11.9,347.8,163.7,28.8,51.7,20.6,194.0,65.3,,214.8,486.8,2.5,5.1,1.4,2.3,104.5,7.4,176.3,238.4,1.3,270.2,157.7,5.3,337.0,40.0,135.5,19.7,62.0,3632.400000000001
2021-05-29,,203.5,2.1,35.0,73.1,4.8,90.5,16.9,6.6,86.1,11.8,352.4,163.1,28.9,47.2,25.3,198.6,65.1,,214.3,484.5,2.6,5.4,1.5,2.4,110.4,7.7,177.3,242.1,1.2,273.9,162.6,5.4,348.0,38.2,159.3,18.8,62.9,3729.500000000001
2021-05-30,,201.6,2.0,33.1,95.4,3.6,88.6,17.1,6.0,83.7,11.1,339.6,127.6,24.7,46.7,25.7,192.6,63.4,,208.2,451.9,2.6,5.3,1.7,2.3,108.8,7.2,167.8,230.8,1.2,278.6,155.2,5.2,353.5,30.5,159.8,14.8,62.3,3610.2
2021-06-04,,174.9,1.7,31.8,120.9,4.4,82.7,16.1,6.8,91.3,12.3,357.7,145.8,28.8,48.0,29.8,160.3,68.4,,207.1,444.7,2.6,5.2,1.6,2.4,101.9,8.0,144.4,230.8,1.3,288.9,146.7,5.0,405.5,39.5,178.2,15.6,66.1,3677.2
2021-06-05,,175.6,1.8,26.0,119.9,4.0,87.1,17.2,6.9,82.1,11.7,344.8,141.4,28.5,49.6,29.0,151.5,63.2,,202.5,431.5,2.6,5.4,1.5,2.4,101.6,7.6,156.0,218.1,1.3,273.7,146.7,3.9,404.5,40.1,170.1,17.0,67.8,3594.6000000000004
2021-06-06,,174.1,2.0,24.9,118.7,4.1,88.5,17.2,6.1,85.7,10.5,335.8,141.0,26.3,48.2,28.9,142.9,60.9,,203.7,418.1,2.5,5.2,1.6,2.2,100.3,6.6,161.2,217.6,1.1,252.2,141.8,3.2,410.4,37.8,150.0,16.8,68.1,3516.2
2021-06-07,,181.3,2.1,24.6,121.0,5.2,91.1,18.5,6.6,104.2,11.9,350.0,168.1,29.4,49.9,29.2,160.5,68.7,,208.4,438.3,2.7,5.2,1.6,2.4,101.0,7.7,176.0,243.8,1.3,288.9,155.7,4.3,442.2,42.1,155.6,16.6,67.1,3783.2
2021-06-08,,186.8,2.1,29.5,124.2,6.1,88.2,17.2,7.0,113.7,11.7,359.5,183.3,31.6,49.0,27.8,173.9,70.6,,206.2,450.4,2.6,5.6,1.8,2.4,95.8,8.0,195.6,255.2,1.3,299.4,158.8,4.2,448.0,45.0,154.1,18.5,69.2,3904.3
2021-06-09,,187.5,2.3,32.0,103.9,6.8,84.5,17.7,7.1,122.8,11.0,364.8,197.4,32.8,47.2,26.9,177.2,69.7,,200.0,431.9,2.6,5.5,1.7,2.5,104.3,7.6,219.5,267.6,1.3,303.3,153.3,4.9,456.0,46.5,150.8,17.3,66.5,3934.7
2021-06-10,,182.7,2.2,35.3,117.2,6.5,76.7,17.9,7.0,128.6,11.4,367.3,194.0,31.8,47.2,25.8,180.3,68.7,,195.7,419.8,2.4,5.8,1.6,2.4,107.2,8.1,229.1,267.7,1.3,313.3,148.5,4.8,416.4,36.0,160.9,17.7,66.8,3906.1
2021-06-11,,173.3,2.2,32.5,106.5,6.2,78.6,17.9,7.0,114.2,11.9,370.9,171.0,31.3,43.7,26.7,182.7,69.9,,192.7,420.2,2.6,5.5,1.5,2.4,103.7,8.3,222.1,273.4,1.2,319.6,137.7,4.7,391.3,43.2,154.3,18.7,65.1,3814.7
2021-06-12,,171.1,2.2,34.8,98.7,5.2,77.7,17.2,7.0,110.2,11.5,371.8,178.5,28.7,44.3,25.6,179.5,63.6,,193.2,422.1,2.7,5.2,1.5,2.5,96.3,8.2,237.3,271.0,1.3,311.6,140.7,4.6,369.0,36.2,154.0,19.1,66.9,3771.0
2021-06-13,,170.5,2.5,34.3,101.9,4.3,79.2,17.6,6.0,97.3,10.6,362.1,143.5,28.0,39.2,25.7,162.3,58.1,,186.2,419.1,2.6,5.3,1.5,2.4,106.0,7.4,206.3,247.6,1.1,282.8,139.2,4.8,360.3,36.8,149.3,18.8,66.8,3587.4000000000005
2021-06-14,,175.2,2.4,34.2,101.8,5.2,78.1,18.1,6.6,110.2,11.2,382.8,180.8,30.8,46.3,26.0,168.3,59.5,,192.5,454.7,2.6,5.6,1.7,2.5,102.5,7.9,239.1,253.7,1.3,289.3,137.3,5.0,373.6,40.9,154.8,20.0,66.0,3788.5
2021-06-15,,179.8,2.2,35.8,96.4,5.7,78.1,18.3,7.1,113.2,11.1,381.5,175.8,30.1,45.7,25.8,167.9,62.2,,193.5,460.0,2.7,5.3,1.7,2.4,91.2,8.4,243.2,238.4,1.2,316.4,141.8,5.2,369.9,41.9,154.1,19.8,65.8,3799.6
2021-06-16,,185.7,2.1,35.8,103.0,5.1,78.9,18.3,7.1,107.7,10.2,375.0,177.9,27.4,44.8,25.0,159.2,63.7,,194.5,448.6,2.6,5.5,1.7,2.7,90.6,8.3,242.7,229.1,1.3,323.9,144.8,4.7,373.7,42.3,144.0,18.6,66.0,3772.5
2021-06-17,,182.5,2.1,37.0,93.9,5.2,79.5,18.5,6.8,108.5,10.9,352.8,189.1,27.9,45.9,24.4,153.7,64.5,,196.7,430.7,2.6,5.4,1.7,2.6,94.7,8.3,255.4,239.2,1.4,330.9,161.6,4.6,374.8,42.1,135.2,19.7,65.6,3776.4
2021-06-18,,184.9,2.1,34.4,92.1,5.5,79.8,18.1,7.0,109.0,11.1,326.7,195.3,30.0,49.3,23.9,162.1,68.0,,191.2,425.8,2.7,5.5,1.7,2.6,100.9,8.5,261.8,243.3,1.5,336.9,170.9,4.2,353.4,40.0,132.0,19.9,64.3,3766.4
2021-06-19,,186.7,2.1,34.8,88.4,5.3,77.1,18.3,6.6,102.8,10.9,299.1,196.0,30.5,48.1,23.0,161.7,64.2,,186.4,415.7,2.6,6.0,1.7,2.5,100.4,8.5,268.6,237.2,1.4,327.4,182.0,4.1,328.5,36.1,135.5,18.8,63.9,3682.9
2021-06-20,,187.7,2.4,32.8,88.5,4.9,80.3,17.8,6.3,97.3,10.1,273.6,185.5,27.4,44.2,24.0,156.5,62.0,,181.1,406.1,2.6,5.8,1.6,2.5,106.5,7.8,263.3,223.9,1.2,318.2,187.4,4.7,326.5,31.7,128.6,19.7,64.6,3585.1
2021-06-21,,198.3,2.4,34.1,99.0,5.9,87.8,18.3,6.6,110.9,11.1,292.9,206.4,30.9,46.4,25.5,176.4,68.8,,191.0,443.0,2.7,5.6,1.7,2.5,103.2,8.6,274.0,221.4,1.2,334.9,205.9,4.6,378.0,38.7,145.3,18.8,63.9,3866.7
2021-06-22,,203.4,2.4,37.3,109.7,6.2,87.4,18.7,7.3,117.3,12.0,307.3,221.1,32.0,48.3,26.4,187.0,69.7,,195.8,464.0,2.6,5.7,1.8,2.5,94.0,8.3,289.5,238.1,1.3,332.6,213.1,5.0,419.8,42.3,153.6,18.6,65.8,4047.9
2021-06-23,,197.3,2.4,35.8,113.5,6.6,80.3,18.4,7.4,123.7,12.4,320.2,232.0,33.1,48.0,27.9,195.5,71.2,,189.7,467.0,2.6,6.0,1.7,2.4,91.8,8.4,285.7,253.8,1.4,330.0,222.9,5.1,433.3,44.1,157.6,19.9,67.6,4116.7
2021-06-24,,189.0,2.1,36.5,119.0,6.1,81.4,18.9,7.3,125.6,12.3,330.0,223.8,30.9,43.4,28.5,197.4,69.6,,180.3,452.5,2.5,6.0,1.8,2.4,98.1,8.3,283.1,251.7,1.3,316.2,217.2,5.0,410.4,42.4,159.8,19.5,66.2,4046.5
2021-06-25,,192.3,2.3,36.5,112.9,6.5,82.6,18.7,7.3,117.3,11.5,338.9,224.7,31.3,46.1,28.1,195.4,72.5,,181.5,444.2,2.5,5.7,1.8,2.5,100.7,8.5,302.4,244.7,1.2,328.3,223.9,4.9,402.1,44.4,166.5,18.1,67.8,4076.6
2021-06-26,,195.4,2.2,36.0,102.8,5.7,82.9,18.6,7.2,112.2,11.1,346.5,217.4,28.9,43.5,27.9,196.3,66.6,,192.4,447.7,2.7,6.0,1.6,2.6,98.0,8.6,275.9,244.1,1.3,329.6,228.2,4.9,411.5,43.4,164.4,17.7,67.2,4049.0
2021-06-27,,177.2,2.1,33.8,109.7,5.6,84.8,18.3,6.6,114.3,10.4,338.3,218.9,28.4,44.8,28.3,164.9,62.1,,191.7,421.7,2.7,5.7,1.6,2.6,101.0,7.6,285.7,240.6,1.1,301.2,197.7,5.1,425.8,41.4,157.4,19.7,67.0,3925.8
2021-06-28,,179.7,2.2,32.6,118.1,6.8,91.1,18.6,7.0,128.9,11.5,356.7,238.5,32.5,47.5,29.2,184.2,69.7,,200.1,424.0,2.7,5.5,1.6,2.6,104.7,8.3,293.0,257.3,1.3,314.3,203.0,4.8,458.5,45.7,165.8,18.3,68.0,4134.300000000001
2021-06-29,,195.3,2.3,33.0,114.1,7.2,96.0,18.7,7.3,132.4,11.9,347.3,248.6,33.4,48.4,27.4,199.4,71.7,,207.4,442.6,2.6,5.5,1.6,2.5,110.7,8.5,296.3,274.6,1.3,344.9,225.8,4.4,476.8,48.1,168.3,18.1,67.3,4301.700000000001
2021-06-30,,199.3,2.2,31.9,115.1,7.5,99.8,19.0,7.3,135.9,12.5,352.9,251.7,35.2,47.4,27.5,211.0,75.2,,210.7,457.1,2.6,5.4,1.6,2.5,107.7,8.6,297.9,281.4,1.3,349.8,234.3,4.1,485.6,47.6,170.5,18.7,65.8,4384.6
2021-07-01,,189.8,2.3,32.1,108.3,7.6,92.8,18.5,7.1,141.8,11.9,359.3,257.7,30.2,43.5,28.0,215.9,73.2,,209.1,435.3,2.6,5.7,1.6,2.4,104.4,8.4,306.1,286.1,1.3,336.8,230.8,3.0,486.5,48.1,151.6,18.1,63.4,4321.3
2021-07-02,,179.6,2.2,30.8,100.1,7.6,90.4,18.7,7.3,141.0,12.0,362.4,258.0,28.5,41.7,28.7,212.6,72.3,,216.0,462.3,2.5,5.9,1.7,2.4,102.9,8.1,304.6,289.6,1.6,316.7,214.9,4.0,480.5,47.3,150.8,19.9,62.2,4287.799999999998
2021-07-03,,176.0,2.2,31.6,106.6,6.6,89.4,18.9,7.2,119.1,12.2,371.7,221.4,29.4,42.5,27.7,210.5,69.2,,220.3,480.3,2.6,5.7,1.7,2.4,117.6,7.9,267.9,281.9,1.8,319.9,226.9,4.4,451.7,46.0,159.5,17.0,62.8,4220.499999999999
2021-07-04,,172.6,2.2,32.3,119.0,6.3,90.4,18.7,6.4,114.1,10.4,358.6,221.9,27.1,46.9,27.6,199.5,66.1,,220.7,488.0,2.7,6.1,1.5,2.5,115.9,7.2,297.6,269.7,1.6,290.5,223.6,4.7,462.5,42.4,155.0,16.5,63.5,4192.3
2021-07-05,,171.9,2.2,34.3,124.5,7.3,85.4,19.1,7.2,127.5,11.2,382.8,243.4,29.0,44.4,27.5,196.4,72.1,,229.7,514.0,2.7,6.2,1.6,2.4,105.9,7.6,301.7,275.7,2.0,300.4,219.9,4.7,482.5,46.6,167.1,17.1,63.0,4337.0
2021-07-06,,179.8,2.3,36.5,126.3,7.7,93.8,18.9,7.6,134.7,12.5,392.9,255.4,29.5,46.9,28.8,200.2,73.1,,233.1,521.5,2.6,5.8,1.6,2.4,107.4,8.3,300.7,283.4,2.0,322.1,216.0,5.0,505.3,48.4,176.9,17.9,63.1,4470.4
2021-07-07,,182.5,2.4,35.8,122.9,8.3,96.4,19.2,7.5,142.3,12.1,406.5,266.2,31.8,42.6,30.2,194.8,75.6,,238.6,520.5,2.7,5.8,1.4,2.5,104.5,8.5,292.9,294.7,2.0,323.1,211.4,4.5,514.5,48.9,172.1,18.6,64.0,4508.3
2021-07-08,,174.3,2.4,36.4,116.8,8.4,79.5,19.6,7.6,141.9,11.8,408.2,265.0,30.3,47.7,28.5,191.6,74.9,,227.3,487.2,2.5,5.4,1.6,2.5,98.7,9.1,293.0,298.9,1.7,322.8,173.1,5.0,490.2,48.0,165.5,20.2,62.5,4360.1
2021-07-09,,170.3,2.5,38.3,120.2,7.7,91.7,19.4,7.5,135.9,11.8,410.4,257.5,30.2,46.4,28.8,185.9,73.0,,223.7,453.6,2.7,5.5,1.7,2.5,102.2,8.2,289.4,298.5,1.8,307.8,183.9,5.3,480.2,48.5,173.5,18.2,65.3,4310.0
2021-07-11,,161.3,2.4,35.7,121.5,6.6,98.7,18.9,6.9,131.8,10.1,352.7,245.3,26.1,44.5,28.9,152.5,56.5,,218.6,423.5,2.5,5.4,1.6,2.5,104.7,7.3,287.5,276.1,1.4,264.1,165.4,4.7,472.6,43.0,170.1,19.4,64.5,4035.3
2021-07-12,,163.7,2.4,37.3,132.6,6.3,100.3,19.4,7.4,129.8,10.9,330.2,241.2,26.7,37.2,29.4,165.7,63.3,,221.8,428.7,2.5,5.2,1.6,2.5,104.3,8.1,246.6,262.1,1.9,296.2,168.6,5.0,475.3,46.6,173.1,18.4,65.5,4037.8
2021-07-13,,164.4,2.5,35.0,132.4,6.1,101.3,19.5,6.6,119.9,11.0,331.4,212.8,27.3,41.5,28.9,166.3,64.3,,235.5,429.4,2.7,5.4,1.6,2.6,106.4,8.2,243.7,258.2,1.7,310.7,166.7,5.0,482.5,45.5,174.8,17.3,65.4,4034.5
2021-07-14,,159.7,2.3,35.0,132.0,6.1,104.3,19.4,7.6,108.3,10.9,333.3,185.4,28.7,42.6,29.1,160.3,63.4,,238.6,424.1,2.5,5.7,1.6,2.4,114.7,8.4,258.7,247.8,1.7,309.0,159.1,5.2,466.6,44.3,173.0,19.2,65.4,3976.4
2021-07-15,,154.1,2.3,35.1,132.2,6.2,109.0,19.2,7.7,111.9,11.3,345.2,182.5,29.6,46.7,29.6,153.1,65.1,,240.7,428.3,2.7,5.9,1.7,2.5,114.1,8.2,276.0,249.7,1.5,297.4,155.1,5.3,485.8,44.7,177.9,18.5,67.7,4024.500000000001
2021-07-16,,160.2,2.3,36.0,132.9,6.8,113.2,18.7,7.7,125.9,12.4,346.0,208.3,29.166666666666668,43.8,29.9,159.2,66.1,,248.8,421.5,2.5,5.7,1.6,2.4,119.6,8.7,291.6,269.2,1.4,302.9,173.3,4.9,504.7,46.9,190.0,18.0,68.0,4198.2
2021-07-17,,163.0,2.3,35.4,121.9,7.1,115.7,19.3,7.8,129.3,11.5,353.3,233.4,28.73333333333333,46.7,28.9,158.9,62.5,,253.8,429.4,2.3,5.6,1.6,2.5,121.9,8.4,296.6,285.8,1.3,295.7,184.7,4.8,489.7,47.0,190.4,19.3,67.7,4237.700000000001
2021-07-18,,157.8,2.3,34.9,117.6,6.4,113.0,18.6,6.0,120.6,10.3,328.9,209.3,28.3,46.4,28.2,136.2,58.2,,231.8,414.9,2.6,5.6,1.6,2.5,118.5,7.3,299.4,260.3,1.1,258.0,188.4,4.7,417.2,37.7,173.8,19.6,64.7,3932.7
2021-07-19,,161.7,2.3,35.4,125.4,5.6,114.5,19.0,6.9,100.8,11.2,338.3,150.2,27.3,38.3,29.8,146.9,65.8,,225.8,418.2,2.5,5.9,1.6,2.7,119.4,8.0,286.5,244.0,1.4,289.8,187.8,5.0,373.9,36.4,179.8,16.9,66.2,3851.2
2021-07-20,,164.0,2.4,39.0,117.4,5.2,109.5,18.8,7.4,98.2,11.1,335.8,152.8,26.7,43.6,28.7,147.5,68.5,,217.3,415.8,2.5,5.7,1.6,2.5,114.0,8.4,244.5,250.9,1.4,304.9,193.6,5.1,382.1,38.4,170.6,18.0,66.1,3782.2
2021-07-21,,156.7,2.2,39.2,126.9,5.2,96.8,19.4,7.4,100.2,11.1,329.5,165.8,28.5,46.9,29.8,140.8,64.6,,215.9,398.3,2.6,5.8,1.5,2.6,111.1,8.4,202.5,258.6,1.4,309.9,155.3,5.1,396.2,40.1,170.7,19.8,65.0,3741.8
2021-07-22,,142.0,2.4,39.1,127.6,5.8,94.6,19.6,7.3,110.7,11.2,354.2,179.2,27.2,47.0,30.6,145.6,65.9,,215.8,388.2,2.7,5.4,1.7,2.6,111.1,8.3,241.3,263.5,1.3,306.9,134.4,4.8,406.6,40.5,175.6,18.7,65.5,3804.9
2021-07-23,,149.1,2.2,37.4,126.5,6.1,93.5,19.3,7.4,113.5,11.3,364.9,188.7,29.5,48.3,30.3,144.8,67.8,,209.6,396.8,2.6,5.4,1.6,2.6,107.3,8.6,260.0,257.9,1.3,313.0,144.2,4.6,437.7,43.2,169.5,17.8,63.5,3887.8
2021-07-24,,160.1,2.2,39.8,114.2,6.4,85.1,19.3,7.4,113.4,11.4,344.8,202.5,30.3,48.4,29.4,145.6,64.2,,196.6,397.0,2.5,5.3,1.6,2.5,110.7,9.1,272.2,258.8,1.3,318.7,160.4,4.7,440.5,45.4,162.4,18.0,64.6,3896.8
2021-07-25,,169.1,2.3,37.8,129.7,6.0,90.4,18.9,6.5,116.3,10.9,304.5,201.0,27.5,45.9,30.4,131.5,60.1,,189.1,387.9,2.5,5.6,1.6,2.6,113.9,8.8,286.0,255.2,1.1,296.6,177.0,4.7,457.6,42.6,165.1,18.6,64.5,3869.8
2021-07-26,,175.8,2.2,38.7,133.4,6.3,95.8,19.0,6.8,123.7,11.9,299.6,211.3,28.9,43.0,31.1,149.1,67.6,,198.9,408.2,2.6,5.7,1.6,2.5,115.4,8.6,276.6,253.7,1.4,315.2,194.4,5.2,475.8,42.9,174.6,19.4,65.1,4012.0
2021-07-27,,186.7,2.2,39.2,128.8,6.2,87.6,19.5,7.2,113.7,12.0,308.3,198.7,28.3,43.7,30.8,161.3,68.4,,185.6,421.1,2.6,5.4,1.5,2.5,112.8,8.7,264.2,241.3,1.3,326.2,214.8,5.2,437.9,30.6,170.4,18.0,66.1,3958.8
2021-07-28,,192.4,2.1,38.9,125.7,5.2,79.3,19.6,7.4,102.4,11.2,307.8,151.9,28.6,40.7,30.8,170.0,69.8,,182.9,425.7,2.6,5.4,1.7,2.7,107.2,9.0,186.9,227.5,1.4,333.1,219.9,5.8,363.2,39.8,162.8,17.5,67.4,3746.3
2021-07-29,,194.6,2.2,35.1,120.3,5.5,77.6,19.7,7.4,101.4,12.2,311.6,152.4,29.0,43.4,27.9,175.5,69.6,,187.2,426.9,2.8,5.7,1.6,2.8,106.2,8.9,169.0,221.1,1.3,337.7,218.0,4.4,376.3,43.0,143.9,18.0,65.3,3725.5
2021-07-30,,196.3,2.2,36.8,104.2,5.6,78.5,19.5,7.4,101.9,12.3,316.7,151.4,30.0,44.2,19.8,182.1,70.6,,188.5,421.2,2.7,5.5,1.5,2.7,103.1,9.1,197.0,219.4,1.2,345.4,218.6,4.4,375.8,43.5,134.5,19.0,55.8,3728.4
2021-07-31,,196.6,2.3,35.0,84.4,5.7,78.3,18.9,7.3,100.3,12.2,319.8,163.2,30.0,44.3,23.9,182.2,67.4,,183.1,415.8,2.6,5.8,1.6,2.5,106.4,9.0,221.3,204.8,1.3,339.4,217.0,4.4,379.0,44.5,156.6,19.1,55.1,3741.1
2021-08-01,,194.4,2.3,34.3,111.2,5.6,81.7,18.9,6.3,96.4,11.0,301.0,154.9,26.4,43.6,26.7,170.1,63.9,,167.5,407.8,2.5,5.5,1.6,2.4,99.9,8.3,231.6,201.1,1.1,316.8,214.0,4.6,329.0,40.0,158.2,18.3,62.4,3621.3
2021-08-02,,205.9,2.3,36.3,115.5,6.0,87.4,18.4,6.8,104.8,12.1,315.0,172.7,28.5,44.8,28.1,190.1,70.0,,159.9,434.6,2.5,5.6,1.6,2.4,102.4,8.9,244.4,206.7,1.3,337.3,225.4,4.9,377.7,42.6,168.8,16.8,63.6,3852.1
2021-08-03,,209.6,2.4,39.8,124.5,5.8,91.8,19.0,7.3,107.4,12.0,319.7,181.4,28.0,45.1,27.4,195.6,69.6,,166.7,450.8,2.5,5.7,1.5,2.4,103.7,9.1,236.7,207.9,1.3,342.3,233.7,5.0,404.0,43.7,171.4,19.3,64.8,3958.899999999999
2021-08-04,,213.8,2.4,38.7,114.6,5.6,95.9,19.4,7.4,109.2,11.6,333.4,190.7,28.7,46.6,27.6,192.8,70.1,,177.4,462.8,2.5,5.7,1.5,2.4,102.9,9.3,240.0,213.5,1.3,349.1,237.4,5.0,426.6,45.7,163.9,19.1,65.0,4039.6
2021-08-05,,219.5,2.1,39.7,126.0,5.8,102.1,19.5,7.4,115.0,11.5,357.1,196.5,28.5,45.4,29.2,194.8,70.3,,182.7,472.2,2.8,6.2,1.5,2.5,107.1,8.9,245.4,224.8,1.4,352.4,240.5,5.1,437.7,44.6,165.7,18.3,65.9,4156.1
2021-08-06,,216.6,2.2,37.5,130.6,6.2,106.9,19.1,7.4,118.9,11.5,372.2,201.1,28.6,42.3,28.9,195.6,69.4,,187.2,480.2,2.6,5.7,1.6,2.7,109.3,9.2,241.2,234.6,1.4,350.2,237.5,4.8,453.7,45.2,169.7,15.9,65.7,4213.400000000001
2021-08-07,,219.2,2.4,36.1,123.0,6.0,109.9,19.7,7.3,112.1,11.6,385.6,203.1,30.9,46.7,27.9,194.4,67.6,,194.6,497.3,2.6,5.6,1.6,2.4,108.6,9.1,252.1,236.0,1.3,334.7,242.5,4.7,445.5,44.9,169.1,17.6,65.6,4239.3
2021-08-08,,214.7,2.3,36.2,118.3,5.3,111.5,19.1,6.5,101.1,11.0,379.7,180.5,24.3,44.9,27.3,186.1,61.3,,192.3,494.1,2.6,5.5,1.5,2.4,106.6,8.7,259.8,231.5,1.0,315.8,235.3,4.6,422.6,42.1,154.8,19.1,65.0,4095.400000000001
2021-08-09,,216.9,2.3,36.6,118.2,6.1,112.5,19.6,7.0,105.3,12.2,406.5,194.0,29.6,47.0,30.4,201.6,69.2,,193.8,518.2,2.5,5.7,1.6,2.4,109.6,9.1,253.4,244.3,1.4,337.7,242.3,4.9,403.0,42.2,173.7,18.3,66.6,4245.7
2021-08-10,,201.5,2.3,37.4,119.3,6.4,110.8,19.8,7.5,111.7,12.6,410.9,207.4,31.1,46.5,29.2,204.6,70.7,,193.0,531.5,2.6,5.6,1.5,2.5,110.1,9.1,274.9,255.2,1.4,343.9,249.0,4.9,404.5,44.9,181.6,18.0,61.9,4325.799999999999
2021-08-11,,206.1,2.5,37.3,119.7,6.5,112.1,19.6,7.5,116.6,13.3,405.2,220.2,33.9,45.3,29.0,203.6,70.9,,200.8,522.1,2.7,5.8,1.6,2.5,108.0,8.8,283.6,265.3,1.4,343.5,249.2,5.2,416.8,44.5,184.3,17.6,64.4,4377.400000000001
2021-08-12,,212.3,2.3,38.9,111.1,6.5,113.6,20.0,7.5,119.9,12.5,414.2,226.3,34.2,46.6,28.6,202.3,69.3,,213.5,529.2,2.5,6.0,1.5,2.6,109.9,8.6,288.5,270.5,1.4,331.5,251.0,5.4,425.6,45.6,182.8,17.6,67.8,4427.6
2021-08-13,,204.7,2.2,36.7,115.8,6.5,115.8,19.8,7.5,122.0,11.7,414.1,232.0,33.9,48.0,30.6,198.4,69.2,,223.9,521.4,2.9,6.4,1.6,2.7,109.7,8.7,294.0,278.4,1.5,335.5,238.2,4.5,447.6,45.1,179.1,17.8,67.8,4455.7
2021-08-14,,194.2,2.3,36.0,119.5,6.0,112.9,19.7,7.5,117.6,12.5,407.3,231.8,33.5,45.2,29.3,198.1,67.1,,230.6,515.0,2.8,5.9,1.7,2.7,110.1,8.5,303.6,283.6,1.4,329.4,236.6,4.8,453.2,44.6,179.9,17.4,68.8,4441.099999999999
2021-08-15,,187.3,2.2,34.1,122.5,5.3,110.3,16.0,5.2,107.2,11.5,388.5,214.7,26.9,44.3,29.8,181.8,61.4,,232.9,475.6,2.8,5.9,1.6,2.4,108.2,6.9,291.3,283.3,1.1,287.3,230.8,5.0,483.3,39.3,166.6,18.9,67.9,4260.1
2021-08-16,,185.2,2.5,35.5,122.4,5.9,107.9,18.3,6.2,124.5,12.3,409.9,231.7,31.5,45.0,28.7,195.7,69.1,,240.1,493.3,2.8,5.8,1.6,2.6,107.3,6.8,298.7,285.3,1.4,321.6,184.3,5.0,474.9,43.5,178.6,17.8,68.1,4371.800000000001
2021-08-17,,179.8,2.4,35.6,119.9,6.4,106.5,19.9,7.5,133.9,12.8,432.0,245.1,33.8,49.1,27.8,191.7,71.2,,234.2,474.8,2.6,6.0,1.5,2.6,108.1,7.9,300.4,298.6,1.4,329.1,173.5,4.9,494.8,45.6,176.9,17.9,68.8,4425.0
2021-08-18,,188.7,2.4,36.6,123.7,6.8,99.5,19.3,7.3,134.6,12.7,415.1,251.1,35.4,49.5,28.3,188.3,70.7,,218.9,448.6,2.6,5.9,1.6,2.5,110.3,8.5,303.0,308.0,1.5,322.8,174.1,4.6,500.8,46.1,169.3,17.8,67.3,4384.200000000001
2021-08-19,,195.5,2.3,36.9,121.0,6.9,99.2,19.8,7.1,135.0,12.4,408.5,252.4,33.7,50.6,29.4,191.9,69.7,,211.5,438.1,2.7,5.9,1.6,2.5,110.9,8.7,300.9,310.8,1.4,328.0,186.9,4.5,481.4,45.8,163.9,19.5,67.6,4364.9
2021-08-20,,195.9,2.2,36.1,120.7,6.0,98.1,19.7,7.3,116.3,12.5,398.6,229.2,33.7,49.2,28.5,195.2,67.9,,205.3,438.7,2.7,5.9,1.6,2.4,103.7,8.3,298.3,300.4,1.4,330.2,199.7,4.9,395.9,42.1,159.9,18.4,67.9,4204.799999999999
2021-08-21,,187.9,2.3,37.6,123.0,5.1,99.5,19.8,6.5,101.4,12.3,383.5,173.6,32.6,47.2,28.8,192.5,63.1,,205.2,433.0,2.7,5.8,1.7,2.5,106.1,7.6,284.2,280.7,1.2,310.9,200.4,4.9,360.3,41.2,164.1,17.5,67.6,4014.3000000000006
2021-08-22,,182.4,2.3,35.0,123.7,4.6,94.3,18.2,6.1,95.0,11.5,321.1,152.5,26.1,44.6,29.0,169.6,63.3,,206.7,411.8,2.8,5.8,1.6,2.5,108.9,6.9,207.3,245.4,1.2,283.9,192.5,5.0,385.6,37.2,165.5,18.1,65.1,3733.1
2021-08-23,,189.3,2.3,35.1,114.0,5.6,102.4,18.7,6.9,110.5,12.4,369.9,174.2,31.8,46.1,28.4,180.4,68.4,,211.3,452.1,2.8,5.7,1.5,2.5,111.6,7.5,213.1,254.8,1.4,301.2,210.5,5.2,406.4,42.7,176.7,19.4,65.5,3988.3
2021-08-24,,196.4,2.4,36.1,114.1,6.2,107.4,19.7,7.2,119.9,11.9,401.7,198.0,34.2,48.8,32.3,185.7,71.8,,218.5,471.8,2.8,6.0,1.6,2.6,112.5,7.6,244.3,280.3,1.5,312.5,228.9,4.9,407.2,43.3,183.9,18.8,65.4,4208.2
2021-08-25,,194.0,2.4,36.6,111.5,6.7,112.1,19.9,7.5,118.8,13.0,404.9,206.7,35.0,48.9,31.5,188.8,73.5,,225.5,489.7,2.6,6.1,1.7,2.6,120.2,8.0,257.9,289.8,1.4,324.4,232.4,4.6,405.9,41.1,182.1,18.2,65.8,4291.8
2021-08-26,,190.8,2.5,35.5,109.1,6.9,114.1,20.0,7.6,117.1,12.9,414.2,219.4,34.6,49.1,28.7,195.8,72.9,,231.8,482.0,2.7,5.9,1.6,2.5,122.1,8.2,270.9,289.1,1.3,326.3,204.7,5.1,414.3,40.7,169.6,19.6,64.5,4294.1
2021-08-27,,187.6,2.3,34.3,109.7,6.9,113.9,19.8,7.6,117.9,12.5,421.6,225.3,34.9,48.5,28.4,191.0,70.5,,233.0,491.6,2.6,6.1,1.6,2.3,118.0,7.7,270.3,276.4,1.4,317.6,203.8,5.3,417.0,37.4,163.6,17.8,65.5,4271.700000000001
2021-08-28,,172.6,2.3,34.6,107.8,6.2,111.9,19.8,7.6,114.7,12.8,423.7,227.2,34.0,44.1,29.2,180.0,68.4,,217.4,498.9,2.6,5.9,1.6,2.3,112.4,8.0,269.5,287.6,1.5,306.5,190.3,5.1,424.3,36.0,166.2,18.0,66.5,4217.5
2021-08-29,,172.0,2.1,34.6,104.5,5.3,107.8,19.5,7.1,109.2,11.2,396.3,214.1,30.7,46.7,28.3,154.7,59.2,,216.5,477.7,2.6,5.8,1.6,2.6,107.2,7.3,270.4,299.5,1.2,269.4,164.6,5.0,418.3,37.4,157.3,19.8,65.3,4032.8
2021-08-30,,173.4,2.0,34.7,111.2,5.4,109.6,19.7,7.2,105.9,12.0,355.7,210.4,31.1,49.0,29.0,167.7,66.2,,219.8,465.8,2.8,5.9,1.6,2.5,101.6,7.9,275.5,286.4,1.4,298.5,154.1,4.8,422.9,39.1,161.3,19.8,65.1,4027.0
2021-08-31,,178.1,2.4,37.5,116.1,6.1,109.6,19.6,7.4,104.6,12.2,325.4,204.1,32.5,48.1,29.7,176.6,71.2,,219.3,435.9,2.7,5.9,1.5,2.6,102.1,8.2,280.5,270.0,1.3,317.8,152.7,5.5,398.7,42.2,168.2,19.3,65.5,3981.1
2021-09-01,,181.5,2.4,36.5,123.1,6.1,110.1,18.6,7.3,92.2,12.0,304.7,179.8,32.7,48.4,30.6,185.4,72.5,,223.1,443.2,2.7,5.8,1.6,2.5,105.8,8.3,277.8,245.3,1.4,320.5,161.0,5.1,401.3,42.4,173.8,17.5,65.7,3948.7
2021-09-02,,179.8,2.2,34.2,121.3,5.9,115.1,19.5,7.3,95.9,12.3,307.3,181.8,32.6,50.0,30.1,185.6,72.2,,227.3,450.5,2.6,6.0,1.5,2.4,106.7,8.1,273.2,235.6,1.3,308.8,178.0,5.3,419.6,42.7,178.3,16.2,67.5,3984.7
2021-09-03,,176.9,2.3,37.2,119.1,5.9,115.1,19.3,7.5,102.7,12.5,316.7,172.8,30.6,48.0,29.1,178.9,71.8,,231.5,456.1,2.7,5.8,1.6,2.3,118.5,8.0,246.3,222.2,1.4,296.6,171.7,5.6,422.1,43.1,182.8,16.4,67.0,3948.1
2021-09-04,,178.6,2.5,40.0,125.9,5.6,107.8,19.6,7.6,97.9,12.1,324.4,160.8,32.8,47.4,30.3,169.3,69.3,,220.3,455.0,2.7,5.8,1.5,2.6,119.2,7.8,235.9,234.8,1.4,289.0,165.6,5.6,408.8,42.5,184.4,18.0,67.8,3900.6
2021-09-06,,165.7,2.1,36.5,126.6,6.7,99.5,19.3,7.4,111.9,11.3,335.2,185.8,33.8,49.5,29.5,159.7,67.7,,227.7,445.8,2.8,5.7,1.6,2.8,115.5,8.1,256.3,251.3,1.4,280.1,147.0,4.6,451.9,43.9,174.9,17.6,67.4,3954.6
2021-09-07,,168.6,2.5,34.1,111.6,6.5,93.3,19.7,7.6,114.1,11.7,333.7,188.4,33.2,45.9,27.7,160.3,69.9,,226.1,421.8,2.8,5.6,1.6,2.8,113.5,8.5,255.7,261.0,1.4,297.2,136.3,5.2,430.5,43.8,160.4,17.0,65.9,3885.9
2021-09-08,,176.9,2.2,37.1,118.1,6.4,97.1,19.9,7.6,109.1,11.7,319.1,183.4,32.5,43.3,29.0,163.7,71.5,,223.0,418.9,2.7,5.6,1.5,2.4,117.6,8.5,255.8,264.5,1.5,312.0,150.1,5.3,423.4,43.7,163.2,19.2,66.2,3913.7
2021-09-09,,186.6,2.3,39.2,124.7,6.2,101.7,19.8,7.6,109.5,11.4,305.6,191.2,31.4,46.0,30.7,177.5,73.1,,215.1,410.4,2.6,5.7,1.5,2.4,116.6,8.8,254.1,259.4,1.5,322.0,168.2,4.9,433.3,44.6,173.2,19.3,68.3,3976.4
2021-09-10,,186.6,2.4,39.6,128.6,6.0,96.6,18.4,6.8,107.7,9.9,298.0,179.5,32.4,43.8,32.7,168.6,73.1,,206.8,398.8,2.3,5.8,1.3,2.6,117.4,8.3,222.1,235.2,1.6,315.1,182.0,5.4,422.5,42.6,177.8,18.4,69.5,3866.2000000000007
2021-09-11,,183.6,2.4,39.8,119.6,5.4,92.6,19.0,7.1,89.3,10.1,297.5,143.4,30.6,40.3,28.8,176.9,72.7,,207.7,416.9,2.5,5.5,1.6,2.6,109.9,8.7,173.6,198.9,1.4,326.7,186.0,5.1,383.8,42.1,168.7,17.8,68.2,3686.8
2021-09-12,,187.6,2.4,40.6,122.0,4.5,91.2,19.3,7.0,85.2,10.0,285.8,128.0,27.5,39.9,28.0,166.4,65.1,,210.2,414.5,2.7,5.4,1.5,2.5,94.8,8.4,147.4,185.4,1.1,302.7,192.8,5.4,397.4,38.6,162.7,16.3,65.7,3566.0
2021-09-13,,194.0,2.6,40.7,117.3,5.3,86.0,19.6,7.4,95.2,11.0,294.7,142.3,30.9,43.2,25.8,178.8,69.4,,216.3,427.3,2.8,5.5,1.9,2.7,84.7,8.6,167.2,201.4,1.4,326.2,198.0,4.7,412.1,42.1,160.8,18.9,64.8,3711.6
2021-09-14,,198.7,2.4,41.1,95.7,5.3,79.6,19.5,7.6,97.1,11.6,295.8,151.0,31.2,46.5,21.9,187.0,72.7,,208.9,428.4,2.8,5.3,1.7,2.7,90.0,8.9,186.0,200.0,1.5,339.4,191.6,5.4,365.1,42.1,148.8,16.2,63.8,3673.3
2021-09-15,,205.1,2.4,41.1,91.4,5.7,76.7,19.7,7.7,101.3,11.8,297.4,161.7,33.5,48.5,23.2,195.0,74.0,,197.7,436.3,2.7,5.3,1.6,2.6,100.1,9.2,207.2,207.5,1.4,350.1,209.1,5.1,326.4,43.4,149.0,17.8,63.4,3732.1
2021-09-16,,211.8,2.4,36.7,107.3,5.8,78.0,19.6,7.7,97.5,12.3,309.1,163.1,32.4,47.1,27.5,203.6,73.3,,184.1,443.6,2.7,5.5,1.6,2.5,104.0,8.8,214.2,218.0,1.4,341.6,225.1,4.9,270.4,42.4,156.3,17.4,64.7,3744.4
2021-09-17,,212.3,2.3,33.9,107.5,5.4,74.0,19.0,7.5,92.3,11.8,306.8,151.0,30.8,47.3,28.5,211.3,73.8,,182.3,448.8,2.6,5.2,1.5,2.6,109.2,8.6,232.8,215.4,1.6,342.5,242.9,4.9,274.7,39.9,147.7,16.0,63.1,3757.8
2021-09-18,,209.3,2.3,32.7,107.4,5.5,81.8,17.4,7.7,91.2,12.4,312.2,162.2,32.3,47.0,29.1,216.2,74.5,,191.2,459.2,2.5,5.5,1.2,2.5,114.2,8.7,235.8,220.5,1.5,321.7,240.1,4.7,334.3,42.8,151.2,15.8,63.7,3858.3
2021-09-19,,205.0,2.3,34.4,118.6,5.3,84.0,19.3,7.2,93.0,11.6,286.6,163.9,29.5,46.5,27.4,209.8,69.6,,202.0,444.0,2.4,5.6,1.3,2.5,111.5,8.3,253.6,215.2,1.1,307.2,231.0,4.4,373.4,41.2,151.1,17.3,66.4,3853.5
2021-09-20,,202.1,2.4,37.6,118.6,6.1,85.2,19.7,7.3,106.5,12.6,307.8,186.4,31.6,44.4,28.4,219.4,76.7,,210.3,463.6,2.5,5.5,1.5,2.5,105.2,8.7,257.4,224.7,1.4,313.2,216.5,4.8,407.9,43.5,148.3,17.9,67.3,3995.5
2021-09-21,,205.8,2.4,35.8,118.6,5.3,88.3,19.9,7.7,108.4,12.8,314.3,189.0,30.4,43.6,27.9,205.7,77.7,,212.0,452.3,2.6,5.3,1.6,2.6,101.1,8.7,228.4,219.7,1.5,314.9,190.4,4.8,413.5,44.5,147.4,18.0,67.9,3930.8
2021-09-22,,197.2,2.3,36.4,112.8,5.2,89.4,18.5,7.8,100.3,12.6,314.9,156.7,32.0,44.3,26.5,205.0,77.8,,215.7,443.0,2.6,5.6,1.6,2.5,103.9,8.8,206.7,193.0,1.4,326.3,182.9,5.1,380.6,41.8,148.3,18.2,67.6,3795.3
2021-09-24,,192.0,2.4,40.6,113.8,4.5,88.5,19.7,7.5,97.6,12.4,319.5,140.3,30.0,46.5,27.4,207.9,77.1,,215.7,440.0,2.7,5.7,1.6,2.5,109.6,8.9,160.2,189.2,1.4,318.5,191.5,5.7,346.4,40.9,170.9,17.4,69.5,3726.0
2021-09-25,,194.7,2.2,41.6,119.7,4.8,90.9,19.8,7.5,94.5,12.4,323.2,149.0,31.3,47.2,30.3,206.7,77.7,,207.7,445.0,2.7,5.5,1.5,2.4,111.0,9.1,173.7,201.0,1.5,319.1,201.9,4.9,349.5,41.4,172.8,18.0,70.0,3792.2000000000007
2021-09-26,,182.9,2.3,38.9,122.6,4.6,89.8,19.4,7.4,90.2,11.8,305.6,140.5,29.2,48.3,30.4,192.6,70.7,,203.5,429.0,2.6,5.4,1.5,2.5,106.9,7.4,180.9,199.9,1.3,288.9,183.4,4.7,357.4,38.8,162.0,18.1,67.5,3648.9
2021-09-27,,164.5,2.3,37.9,118.3,5.4,87.5,19.7,7.4,102.6,12.0,314.0,159.7,30.7,47.1,30.0,196.8,63.1,,209.8,437.3,2.6,5.4,1.5,2.4,107.0,8.1,195.8,200.4,1.5,301.0,163.3,5.5,388.3,42.9,163.5,17.6,66.1,3719.0
2021-09-28,,182.1,2.3,37.1,113.5,5.8,90.9,19.9,7.7,107.5,13.0,310.5,173.7,31.9,48.1,28.5,193.4,69.1,,211.6,422.4,2.6,5.2,1.5,2.4,108.0,8.3,209.5,201.2,1.5,315.7,152.9,4.9,398.0,42.9,148.0,17.3,65.8,3754.7
2021-09-29,,187.6,2.3,36.1,110.7,5.7,88.4,19.7,7.7,109.7,12.5,293.5,180.8,32.0,49.0,26.9,199.7,72.2,,214.8,424.3,2.6,5.6,1.5,2.4,109.0,8.5,217.5,208.0,1.6,326.8,169.9,4.7,405.4,43.5,132.5,18.6,59.8,3791.5
2021-09-30,,188.7,2.4,38.5,91.9,5.4,89.2,19.7,7.5,110.6,12.6,297.1,187.4,31.3,49.0,24.0,208.7,74.2,,219.9,437.2,2.6,5.7,1.5,2.5,110.1,8.9,218.7,211.0,1.4,328.8,190.6,5.2,407.6,42.6,146.2,18.6,55.4,3852.7
2021-10-01,,189.6,2.3,39.4,86.2,5.5,90.7,19.1,7.6,111.5,12.8,312.0,188.2,31.7,46.9,24.5,201.4,74.4,,221.1,435.5,2.7,5.6,1.5,2.6,105.3,8.8,199.6,215.3,1.6,306.3,201.5,5.2,392.7,41.9,162.5,17.8,49.4,3820.7
2021-10-02,,188.3,2.3,37.0,79.1,4.8,90.0,18.4,6.7,97.9,11.9,317.6,172.0,29.0,41.3,25.6,170.4,68.7,,219.3,415.0,2.7,5.6,1.4,2.6,109.9,7.5,192.1,209.1,1.1,279.1,195.0,5.0,366.1,36.3,162.1,17.6,61.6,3650.1
2021-10-03,,191.1,2.1,32.5,78.6,4.7,93.1,18.6,6.9,101.6,12.0,312.2,169.7,27.7,39.5,27.6,165.8,65.3,,218.1,424.3,2.6,5.3,1.3,2.4,110.1,7.2,198.1,217.2,1.2,261.4,193.8,4.8,367.7,36.4,155.5,18.4,61.2,3636.000000000001
2021-10-04,,198.0,2.3,30.6,88.5,5.4,96.8,19.6,7.5,111.0,13.3,330.1,181.1,29.6,44.3,27.0,182.2,73.2,,224.2,448.0,2.6,5.8,1.7,2.3,110.3,8.0,193.2,231.7,1.4,294.7,202.0,5.0,371.3,41.1,161.0,18.3,61.2,3824.3
2021-10-05,,195.7,2.4,33.1,94.4,5.5,94.4,19.366666666666667,7.6,112.4,13.7,333.2,177.1,29.6,46.2,25.3,183.6,74.0,,226.2,449.3,2.6,5.7,1.7,2.3,114.5,8.0,183.5,223.0,1.6,295.6,197.4,4.6,382.0,41.5,166.9,18.3,62.8,3830.2
2021-10-06,,182.8,2.5,36.3,98.1,5.3,94.3,19.133333333333333,7.7,111.0,12.9,342.0,177.7,32.4,45.6,25.7,169.1,74.4,,228.1,451.1,2.6,6.0,1.7,2.4,119.9,7.8,185.6,223.2,1.6,290.1,201.0,5.1,386.8,40.8,168.2,19.7,65.8,3844.9
2021-10-07,,181.3,2.5,38.3,101.3,5.2,98.4,18.9,7.4,107.0,12.7,359.7,170.8,31.8,47.2,27.6,168.5,75.7,,233.6,451.9,2.6,6.0,2.0,2.5,123.0,8.3,193.3,216.2,1.6,303.2,209.8,5.9,381.6,39.0,169.8,18.2,64.3,3887.1
2021-10-08,,180.2,2.3,39.6,100.5,5.2,98.3,19.1,7.5,103.8,13.4,359.6,184.0,32.9,47.6,27.7,170.6,75.2,,235.9,450.3,2.7,5.8,1.8,2.5,117.0,8.2,190.6,221.8,1.6,308.1,210.1,5.6,371.9,39.2,176.3,17.5,65.6,3900.000000000001
2021-10-09,,175.2,2.3,39.5,110.1,4.9,97.8,19.6,7.4,96.9,13.8,358.7,171.8,32.7,48.8,27.2,165.7,71.7,,236.4,439.4,2.7,5.3,1.6,2.5,113.6,8.0,170.8,236.0,1.5,290.3,187.3,5.2,385.7,39.7,176.7,17.7,63.8,3828.3
2021-10-10,,176.7,2.3,38.2,114.2,4.4,100.0,19.5,7.3,94.2,13.1,345.4,160.0,30.2,45.6,29.1,152.2,66.6,,235.8,422.7,2.7,5.6,1.6,2.5,110.5,7.1,179.6,247.9,1.4,270.8,185.2,5.5,400.6,39.6,170.8,18.2,65.1,3772.2
2021-10-11,,182.6,2.3,40.0,111.1,4.9,100.9,19.8,7.4,101.9,13.8,359.0,171.5,31.9,41.9,30.6,164.7,71.1,,239.1,441.7,2.6,5.8,1.5,2.3,119.0,7.6,179.1,239.6,1.5,288.1,198.3,6.0,407.2,39.1,173.6,17.5,65.6,3890.6
2021-10-12,,185.4,2.4,41.5,108.2,4.8,101.4,19.7,7.5,101.5,13.5,358.7,175.2,30.5,47.6,29.7,166.4,69.0,,238.9,457.8,2.8,5.6,1.7,2.4,111.3,7.7,186.5,240.8,1.5,287.2,204.9,6.3,413.4,39.1,167.2,17.7,62.5,3918.3
2021-10-13,,184.5,2.3,40.8,115.0,4.6,101.6,20.0,6.9,95.4,13.9,360.4,167.1,33.0,47.0,28.6,164.3,70.7,,238.5,465.3,2.6,5.5,1.7,2.4,111.4,7.7,195.3,240.5,1.4,291.2,206.2,5.0,392.6,40.0,159.4,18.1,64.2,3905.1
2021-10-14,,191.0,2.3,37.3,117.7,4.3,101.4,20.1,7.4,89.0,13.7,363.9,156.8,32.5,48.4,29.1,162.8,69.7,,234.7,470.9,2.6,5.3,1.7,2.3,105.3,6.8,179.0,241.6,1.2,265.3,204.9,5.8,393.1,40.6,144.8,18.6,66.8,3838.7000000000007
2021-10-16,,182.0,2.3,37.5,111.3,4.1,97.3,18.3,6.5,84.5,13.5,355.0,145.4,31.2,47.6,27.4,159.2,69.4,,227.6,450.3,2.8,5.7,1.7,2.5,110.6,8.5,161.2,230.5,1.1,290.1,169.3,5.3,389.7,39.6,141.5,18.8,62.7,3712.0
2021-10-17,,182.9,2.3,37.1,107.2,3.6,95.3,19.4,7.6,80.1,13.2,359.8,132.7,30.2,44.4,26.2,155.8,63.3,,213.0,448.0,2.5,5.5,1.6,2.2,110.6,8.1,151.5,236.4,1.1,267.9,157.4,5.0,335.9,35.0,137.7,17.7,63.5,3561.7
2021-10-18,,191.8,2.4,36.9,95.4,3.7,94.8,19.8,7.6,75.4,13.7,368.6,124.7,30.2,47.5,25.2,171.9,70.5,,190.5,464.2,2.5,5.9,1.5,2.3,112.6,8.4,145.4,216.1,1.4,296.8,176.9,4.6,283.8,33.5,129.5,17.3,63.4,3536.7000000000003
2021-10-19,,202.0,2.4,33.9,82.9,3.5,93.4,19.9,7.8,72.5,13.6,363.7,133.6,31.2,48.8,25.7,180.2,72.3,,191.4,467.9,2.6,6.0,1.6,2.2,110.5,8.8,147.8,222.4,1.0,317.1,187.2,4.6,279.9,31.3,130.3,15.1,66.0,3581.0999999999995
2021-10-20,,201.6,2.3,31.5,84.7,3.5,93.0,19.8,8.0,75.0,14.2,360.1,142.7,31.4,47.4,26.8,188.7,73.0,,195.7,475.1,2.5,6.0,1.6,2.4,110.1,8.7,149.0,223.2,1.0,313.9,191.8,4.4,298.4,34.4,134.8,16.3,67.4,3640.4
2021-10-21,,198.6,2.2,31.8,90.3,3.6,91.7,19.9,7.8,72.7,14.3,360.3,141.9,31.8,47.3,25.9,185.9,73.1,,194.5,477.1,2.5,6.1,1.6,2.5,117.1,8.1,144.9,223.6,1.3,304.1,195.6,4.6,298.1,35.9,138.5,18.1,66.9,3640.2
2021-10-22,,199.3,2.2,30.8,90.5,3.6,90.4,19.8,7.8,74.2,14.2,406.9,141.5,32.6,47.0,26.2,183.9,74.8,,196.4,475.5,2.5,6.1,1.6,2.3,115.1,8.9,140.4,227.2,1.4,313.7,197.5,4.4,288.7,36.7,139.9,17.5,66.4,3687.9
2021-10-23,,197.8,2.2,31.0,89.5,3.4,88.6,19.9,7.8,73.3,13.8,379.1,138.9,32.5,33.1,25.7,182.8,72.7,,199.6,476.0,2.5,6.0,1.5,2.3,113.8,8.6,132.8,229.4,1.4,308.5,197.8,4.6,287.9,35.7,137.2,17.8,66.9,3622.4
2021-10-24,,182.6,2.3,29.8,92.7,2.9,89.3,19.5,7.6,68.5,12.5,367.7,116.7,27.6,45.4,25.7,163.4,66.7,,200.1,468.8,2.5,5.6,1.5,2.4,112.8,7.7,97.2,209.9,1.3,273.7,190.1,4.5,276.6,30.7,135.1,18.2,66.6,3426.2
2021-10-25,,187.4,2.3,30.4,93.1,3.1,89.6,19.6,7.6,68.9,12.4,376.8,118.8,30.1,47.6,26.4,177.7,72.9,,201.5,482.8,2.6,5.9,1.5,2.4,107.1,8.1,110.9,214.9,1.5,294.7,192.7,4.5,274.9,32.7,139.9,17.6,67.7,3528.6000000000004
2021-10-26,,190.2,2.3,31.0,92.2,3.1,88.4,19.8,7.9,68.2,13.3,382.1,127.3,36.3,49.6,26.3,180.4,73.9,,205.7,492.3,2.6,6.1,1.6,2.4,116.5,8.3,117.1,219.6,1.5,304.4,192.7,4.6,274.7,33.8,143.7,17.9,67.4,3605.2
2021-10-27,,194.0,2.3,31.2,88.3,3.1,87.4,19.9,7.9,66.6,13.8,379.0,125.1,32.6,49.6,28.5,180.8,72.7,,207.4,491.9,2.7,6.3,1.9,2.5,118.7,8.5,116.5,222.2,1.5,311.1,190.2,4.5,266.3,34.2,143.1,18.1,68.8,3599.2000000000003
2021-10-28,,196.1,2.1,31.1,83.9,3.1,86.6,19.9,7.9,65.0,13.3,379.1,123.9,32.3,50.2,28.0,188.1,73.4,,206.2,491.8,2.6,6.6,1.7,2.1,114.7,8.2,115.5,224.9,1.5,303.6,189.4,4.7,261.9,34.9,140.6,17.8,68.0,3580.7
2021-10-29,,184.7,2.1,30.6,80.5,3.1,85.6,19.6,7.8,66.3,13.8,374.6,124.5,32.7,50.5,26.0,187.7,74.0,,209.8,484.5,2.6,6.1,1.6,2.2,115.0,7.8,116.3,227.3,1.5,296.6,188.7,4.9,263.1,34.7,142.4,17.8,67.7,3554.7
2021-10-30,,176.1,2.0,30.1,78.0,3.0,85.4,18.5,7.4,61.3,14.2,365.6,122.0,32.1,48.2,25.7,183.2,73.1,,214.0,488.4,2.5,6.7,1.7,2.1,118.5,7.7,115.6,226.9,1.6,283.8,177.7,4.8,260.4,35.0,134.0,17.9,67.7,3492.9
2021-10-31,,172.1,1.9,29.1,75.9,2.8,84.5,19.0,7.3,60.9,12.9,351.0,111.0,31.0,47.2,25.1,172.2,66.9,,216.1,484.0,2.4,6.3,1.5,2.0,113.4,7.3,111.1,226.6,1.5,264.9,171.3,4.2,254.8,34.1,123.4,17.4,68.4,3381.5
2021-11-01,,167.1,2.1,26.6,76.9,3.1,81.3,19.2,7.4,65.4,13.8,355.9,119.5,31.5,49.9,25.4,164.5,71.3,,221.0,496.8,2.5,6.6,1.5,2.3,113.0,7.4,114.8,230.2,1.6,270.7,167.9,4.2,259.5,34.3,126.7,17.5,65.3,3424.7
2021-11-02,,163.6,2.3,28.2,76.0,3.1,81.6,19.3,7.5,65.3,13.9,347.7,121.3,31.4,47.3,25.7,174.7,71.5,,229.5,507.0,2.6,6.6,1.6,2.3,110.5,7.3,115.8,231.9,1.5,266.9,167.2,3.8,274.5,35.0,131.1,17.1,65.3,3457.9
2021-11-03,,160.9,2.3,27.8,78.2,3.1,81.3,18.8,7.0,63.0,13.8,321.3,115.5,30.4,46.7,26.7,178.5,71.9,,231.8,492.2,2.6,6.6,1.6,2.5,113.2,7.2,117.6,229.8,1.5,243.9,164.1,3.9,276.5,32.3,132.4,19.1,66.9,3392.9
2021-11-04,,150.1,2.3,26.0,80.6,2.6,75.3,15.85,4.0,55.7,10.6,266.5,91.2,23.5,48.3,28.8,173.4,67.5,,229.1,440.5,2.7,5.9,1.7,2.5,117.0,5.1,92.6,212.1,1.1,185.2,151.3,3.9,267.0,26.7,121.6,18.1,66.7,3070.8
2021-11-05,,155.7,2.3,24.8,79.1,2.5,69.5,12.9,3.4,51.8,10.8,235.0,84.5,21.2,51.9,27.6,160.1,71.2,,218.7,426.8,2.6,6.1,1.7,2.3,115.3,6.1,79.2,198.9,1.1,195.9,156.6,3.9,241.2,25.2,117.7,18.1,65.2,2946.9
2021-11-06,,162.7,2.3,25.1,78.7,2.8,72.3,15.7,4.6,52.0,11.6,254.1,95.8,25.5,51.1,26.4,165.6,73.3,,224.9,433.0,2.5,6.3,1.7,2.4,106.8,7.1,101.6,211.6,1.1,222.5,161.4,3.8,241.5,27.3,112.9,17.6,65.0,3070.6
2021-11-07,,160.0,2.2,24.4,75.4,2.6,73.0,17.4,5.9,54.8,11.6,269.0,99.5,27.4,47.1,26.3,160.1,67.7,,231.6,443.1,2.5,6.2,1.7,2.2,102.2,6.7,105.2,223.5,1.2,219.7,155.3,3.6,242.4,29.1,107.7,18.5,64.4,3091.2
2021-11-08,,162.9,2.2,24.9,78.5,3.0,73.2,18.5,6.9,60.0,12.1,292.6,111.3,30.3,48.6,26.2,172.4,71.5,,242.5,474.5,2.4,6.4,1.7,2.2,101.1,6.6,110.5,230.7,1.5,234.6,159.4,4.0,256.8,32.1,116.2,17.3,65.4,3260.9999999999995
2021-11-09,,166.3,2.2,26.8,78.5,3.1,75.4,19.0,7.4,62.7,12.7,315.6,116.1,30.8,53.0,26.8,174.1,70.8,,252.7,485.1,2.5,6.6,1.6,2.5,100.4,6.8,113.7,242.7,1.5,245.2,158.9,4.1,266.1,34.4,120.7,17.3,67.0,3371.1
2021-11-10,,168.0,2.3,27.2,74.7,3.1,75.2,19.1,7.4,60.8,12.0,325.5,116.0,31.9,53.3,27.2,178.6,72.0,,259.9,489.2,2.6,6.3,1.6,2.2,101.1,6.2,113.5,249.3,1.5,243.5,159.2,4.0,267.8,35.3,121.2,17.5,66.0,3402.2
2021-11-11,,153.5,2.2,27.4,70.3,3.0,75.5,19.1,7.2,61.4,12.4,334.0,116.4,32.7,45.6,28.1,172.1,73.6,,263.8,489.2,2.5,6.4,1.6,2.4,101.0,6.2,114.0,252.4,1.6,215.5,156.8,4.1,268.1,34.5,122.3,17.6,65.1,3359.6
2021-11-12,,150.9,2.3,26.2,74.4,3.1,76.3,18.9,7.5,62.7,12.8,340.1,117.0,30.3,54.3,28.3,169.4,72.5,,268.3,490.7,2.7,6.6,1.7,2.5,104.4,6.5,116.5,254.5,1.5,233.8,155.0,4.2,270.4,35.4,123.0,19.1,63.5,3407.3
2021-11-13,,151.7,2.2,26.0,72.8,3.0,73.9,18.8,7.5,58.8,13.1,344.0,116.0,30.1,48.6,26.1,169.3,70.3,,271.5,503.0,2.5,6.4,1.7,2.3,105.5,6.8,115.4,252.9,1.5,249.9,150.9,3.9,265.6,35.6,120.0,18.4,62.8,3408.8
2021-11-14,,151.9,2.2,24.7,73.1,2.7,75.9,18.9,7.1,57.7,12.6,336.7,104.9,28.2,47.9,25.2,155.4,63.3,,274.7,499.9,2.5,6.4,1.7,2.3,109.1,6.5,109.4,248.0,1.3,231.1,147.0,3.5,272.4,32.9,107.9,17.3,62.4,3324.7000000000003
2021-11-15,,156.8,2.3,24.7,72.9,3.0,76.8,19.4,7.2,60.9,12.7,347.7,113.2,30.2,53.8,25.8,164.3,68.7,,279.1,520.8,2.6,6.5,1.7,2.3,104.4,6.7,109.7,253.4,1.6,253.0,152.9,3.4,266.0,34.7,112.8,17.4,63.2,3432.6
2021-11-16,,156.8,2.2,26.0,74.5,3.1,75.9,19.5,7.5,60.6,12.8,351.4,116.7,30.9,54.8,26.2,161.7,70.2,,276.2,521.4,2.7,6.5,1.7,2.1,102.0,7.0,113.7,251.6,1.6,262.6,151.0,3.8,280.0,35.1,116.2,18.6,62.7,3467.3
2021-11-17,,155.0,2.1,26.6,73.8,3.1,77.0,19.6,7.7,63.5,12.7,352.5,117.3,30.9,53.2,26.6,158.1,72.0,,283.6,504.7,2.6,6.5,1.6,2.3,99.0,7.3,114.1,253.3,1.6,265.0,150.1,3.5,277.8,35.5,115.2,18.3,64.1,3457.8000000000006
2021-11-18,,148.8,2.3,25.6,71.0,3.1,77.7,19.3,7.5,62.2,12.8,343.8,117.9,30.6,54.6,27.3,155.6,72.3,,275.6,508.9,2.6,6.5,1.6,2.4,98.3,6.8,113.5,241.9,1.6,252.7,150.5,3.6,276.6,35.5,116.2,19.1,64.1,3410.4
2021-11-19,,141.1,2.2,25.8,73.1,3.0,79.0,19.4,7.7,61.8,13.1,323.8,118.3,31.5,54.8,27.3,146.6,71.9,,261.4,489.5,2.6,6.5,1.6,2.4,99.4,6.7,110.5,229.5,1.6,254.8,147.3,3.6,276.4,35.5,114.9,19.5,64.2,3328.3
2021-11-20,,141.8,2.3,25.5,72.0,3.0,79.2,19.5,7.7,58.1,12.6,325.8,140.8,31.2,52.9,27.6,143.4,71.5,,267.4,494.8,2.7,6.6,1.7,2.4,96.5,6.8,113.3,229.4,1.6,253.2,141.5,3.7,270.2,35.6,116.4,17.9,64.1,3340.7
2021-11-21,,139.7,2.3,23.8,73.4,2.7,79.1,19.1,7.1,59.0,11.1,318.9,107.3,28.4,53.8,27.8,130.5,64.9,,266.2,471.7,2.9,6.7,1.7,2.2,94.5,6.5,105.6,230.6,1.4,238.6,135.5,3.5,266.7,32.5,109.5,18.1,64.2,3207.499999999999
2021-11-22,,147.7,2.2,24.1,71.6,3.0,75.1,19.5,7.5,60.9,12.5,346.3,115.0,30.1,54.7,27.0,147.9,71.7,,269.7,481.0,2.9,6.9,1.7,2.2,94.9,7.3,112.5,235.6,1.8,264.5,142.4,3.6,274.1,34.4,119.2,18.0,65.8,3355.3
2021-11-23,,154.2,2.4,24.9,73.5,3.1,78.0,19.8,7.8,61.9,12.7,354.4,121.0,31.4,55.9,26.3,150.1,72.8,,276.3,496.7,2.8,6.9,1.7,2.3,94.5,7.4,116.2,231.9,1.8,271.7,147.7,3.7,281.6,35.3,120.7,19.3,65.5,3434.2
2021-11-24,,154.9,2.1,26.4,72.3,3.1,77.6,19.9,7.8,62.2,12.8,347.8,123.7,31.5,55.7,27.1,147.3,72.8,,280.7,504.8,3.0,7.1,1.6,2.1,94.4,7.5,118.6,245.1,1.9,275.6,151.2,3.9,282.8,36.3,120.0,20.2,62.8,3464.5999999999995
2021-11-25,,155.6,2.4,24.9,72.5,3.1,78.1,19.7,7.7,62.3,12.7,352.8,123.5,31.8,56.7,25.8,147.1,72.0,,283.8,501.5,2.9,7.0,1.7,2.6,102.9,7.1,118.4,243.6,1.9,268.9,151.4,3.7,287.3,36.5,119.4,18.2,65.6,3473.099999999999
2021-11-26,,155.9,2.4,25.0,71.7,3.2,77.7,19.5,7.6,64.0,12.7,355.9,126.1,32.4,57.7,26.8,151.0,71.3,,286.5,498.5,3.0,7.0,1.6,2.6,105.4,6.9,119.5,249.8,1.9,259.1,153.7,3.6,287.4,37.1,118.3,18.1,65.6,3486.4999999999995
2021-11-27,,153.1,2.3,24.7,71.4,3.1,72.9,19.5,7.7,60.4,12.4,362.3,125.7,31.3,56.7,26.7,148.9,71.5,,286.3,493.3,3.0,6.9,1.6,2.1,104.6,6.9,119.8,251.7,1.8,252.6,151.6,3.6,285.9,36.7,116.1,18.4,64.9,3458.4
2021-11-28,,143.3,2.4,23.2,72.4,2.9,73.9,18.9,7.0,58.8,10.9,347.0,114.7,27.6,54.6,27.7,132.9,65.4,,287.7,473.0,2.7,6.5,1.7,2.1,98.1,6.3,117.5,250.3,1.5,229.4,144.5,3.4,277.0,34.2,107.3,18.1,65.1,3310.0
2021-11-29,,142.3,2.3,23.8,73.5,3.1,74.3,19.0,7.2,61.7,12.0,355.5,123.5,30.9,56.0,27.9,142.9,70.7,,286.7,480.1,2.9,6.7,1.8,2.1,89.8,6.3,120.7,251.9,1.8,244.5,148.1,3.6,280.0,36.1,117.1,19.9,64.1,3390.8
2021-11-30,,143.2,2.4,24.0,75.5,3.2,75.0,18.6,7.5,62.5,12.8,352.5,126.1,31.4,58.0,26.7,141.1,71.8,,287.1,481.3,2.9,6.7,1.8,2.0,89.7,6.6,123.6,254.1,1.8,255.9,149.6,3.6,282.6,36.6,117.3,20.0,63.2,3418.7000000000003
2021-12-01,,145.0,2.3,24.4,73.4,3.3,72.1,18.7,7.2,63.1,11.9,323.7,125.5,32.9,56.2,26.2,153.5,72.8,,273.4,459.2,3.1,6.8,1.8,2.2,88.2,6.5,126.1,247.1,1.8,258.1,153.0,3.5,280.4,36.4,116.8,16.2,61.0,3353.8
2021-12-02,,147.8,2.3,24.6,75.0,3.4,73.0,18.5,7.0,63.3,11.9,313.6,125.8,32.6,55.9,27.3,155.3,73.8,,241.7,421.3,3.0,6.9,1.8,2.3,85.4,6.7,122.1,244.8,1.7,265.8,158.4,3.6,274.5,36.6,114.9,16.0,62.0,3280.6000000000004
2021-12-03,,148.5,2.2,24.4,73.3,3.3,75.0,18.8,7.2,64.2,11.9,325.8,124.1,33.1,56.5,26.8,159.3,74.6,,255.2,427.9,3.1,6.9,1.7,2.6,88.0,7.1,116.5,249.8,1.7,274.7,162.9,3.7,272.7,36.8,117.5,17.2,63.4,3338.4
2021-12-04,,150.2,2.3,24.7,71.6,3.2,74.3,19.1,7.4,60.8,12.4,340.0,124.9,31.8,57.0,27.2,155.6,74.4,,266.1,438.6,3.0,7.0,1.8,2.5,85.6,7.3,123.0,248.5,1.7,263.3,161.9,3.8,270.5,35.6,116.2,18.9,64.5,3356.7000000000007
2021-12-05,,152.3,2.2,23.8,72.3,2.9,75.0,18.7,6.8,58.9,11.0,331.9,113.1,30.4,52.4,26.7,137.6,67.7,,273.5,430.6,3.1,6.9,1.7,2.4,85.5,6.8,133.4,255.4,1.4,249.1,158.7,3.4,276.3,33.8,101.4,19.2,63.4,3289.7000000000003
2021-12-06,,153.2,2.4,23.9,74.1,3.2,76.3,19.0,7.1,62.2,11.5,346.1,120.6,32.2,55.6,25.9,155.2,74.7,,275.7,449.5,2.9,7.2,1.7,2.3,92.2,7.5,136.8,257.5,1.4,266.8,166.3,2.6,284.3,36.0,106.5,18.4,64.3,3423.1
2021-12-07,,154.6,2.3,24.7,75.6,3.2,78.5,18.9,7.4,63.8,11.3,351.5,127.9,33.2,57.2,27.1,156.7,75.5,,278.5,460.0,2.9,7.3,1.6,2.3,94.2,7.4,145.1,261.8,1.5,277.8,171.1,3.1,293.1,37.4,109.4,18.5,63.0,3505.4000000000005
2021-12-08,,165.6,2.3,24.8,75.2,3.2,78.5,19.0,7.5,64.3,11.7,349.2,130.0,33.1,55.8,26.0,160.7,76.0,,281.3,468.9,3.0,6.9,1.8,2.3,99.0,7.5,147.5,262.4,1.8,283.3,172.4,3.4,292.7,37.9,109.4,18.7,63.7,3546.8
2021-12-09,,160.5,2.3,25.1,74.2,3.2,79.8,19.1,7.3,64.4,12.3,353.4,129.2,33.8,57.7,27.4,165.5,76.4,,287.2,470.3,2.9,7.0,1.7,2.3,100.9,7.4,145.1,265.6,1.6,281.8,174.2,3.6,294.9,37.9,112.6,17.0,64.5,3570.1
2021-12-10,,159.0,2.2,25.1,75.3,3.3,80.5,19.2,7.5,66.0,12.4,355.9,129.6,34.0,57.0,27.0,163.7,76.0,,290.6,469.0,2.9,7.1,1.7,2.3,103.4,7.3,141.8,267.9,1.6,282.2,171.3,3.7,293.6,38.4,113.1,17.2,64.7,3573.4999999999995
2021-12-11,,158.3,2.2,23.7,73.8,3.2,79.1,19.2,7.4,63.3,12.4,356.0,126.2,33.7,58.2,26.3,164.5,74.9,,287.7,472.4,3.2,6.9,1.7,2.5,105.9,7.5,138.0,267.6,1.4,280.3,171.9,3.6,288.6,38.1,112.9,17.1,65.1,3554.8
2021-12-12,,158.3,2.3,23.3,72.4,3.0,78.7,18.8,6.7,60.1,12.4,343.0,115.6,31.1,57.6,26.1,149.0,69.1,,285.9,462.5,3.2,6.9,1.7,2.5,110.1,6.8,128.7,265.5,1.2,245.3,170.5,3.1,273.4,35.5,103.5,17.4,63.9,3415.1000000000004
2021-12-13,,162.2,2.5,23.7,72.2,3.3,78.8,19.1,7.0,64.9,12.3,355.0,126.7,33.5,59.2,26.2,165.7,75.9,,287.1,477.4,3.2,7.2,1.6,2.5,95.9,7.4,135.0,264.8,1.5,268.1,173.8,3.6,285.1,37.9,108.5,17.0,66.6,3532.4
2021-12-14,,164.8,2.4,24.2,74.2,3.4,79.4,19.1,7.3,64.0,12.4,353.2,133.5,34.1,59.9,25.6,170.9,76.2,,292.0,486.0,3.2,6.7,1.8,2.5,96.2,7.2,135.4,269.9,1.8,275.2,176.9,3.6,295.1,39.0,111.4,17.7,65.2,3591.4
2021-12-15,,166.4,2.1,24.7,75.8,3.5,79.6,19.2,7.4,66.3,12.8,349.7,134.3,34.9,57.1,24.5,174.2,76.7,,293.3,485.6,3.2,6.9,1.7,2.5,96.3,7.1,131.9,270.6,2.2,277.7,175.0,3.5,301.0,38.9,112.3,19.2,64.2,3602.3
2021-12-16,,166.7,2.2,24.7,75.6,3.6,80.9,19.4,7.3,67.0,12.6,351.4,133.8,34.9,60.4,25.9,177.9,76.5,,295.4,485.6,3.2,7.3,1.9,2.5,96.4,6.9,133.4,271.2,2.1,282.7,176.0,3.5,300.6,39.9,114.1,19.5,66.4,3629.4
2021-12-17,,166.3,2.2,23.7,76.0,3.8,81.2,19.0,7.3,69.3,12.5,354.0,134.4,36.2,60.1,28.5,181.7,77.0,,297.6,484.8,3.3,7.4,1.9,2.4,95.8,7.1,135.7,271.6,2.0,289.7,179.1,3.5,299.2,40.6,110.9,19.0,63.3,3648.1
2021-12-18,,163.4,2.2,24.4,76.2,3.8,82.1,19.2,7.3,66.8,11.9,354.4,134.9,35.3,55.3,29.7,180.6,76.4,,292.5,481.3,3.3,7.1,1.9,2.4,96.4,7.0,140.1,271.9,1.7,276.4,178.4,3.0,306.7,41.6,111.3,16.9,65.6,3629.4
2021-12-19,,160.4,2.2,23.4,78.0,3.6,81.1,18.9,5.5,63.9,10.1,329.4,125.4,32.9,48.7,31.1,168.6,69.4,,287.0,463.6,3.2,7.2,1.7,2.5,88.7,6.2,129.5,268.0,1.5,258.6,174.6,3.3,306.6,38.5,103.0,18.9,66.0,3481.2
2021-12-20,,165.8,2.3,24.2,77.9,4.1,79.8,19.2,6.1,72.1,11.1,349.2,134.2,34.6,45.9,28.7,182.4,74.1,,292.8,477.5,3.3,7.3,1.8,2.6,105.1,6.8,135.3,274.9,1.5,276.6,181.1,3.6,319.6,41.4,108.9,17.3,65.6,3634.7000000000007
2021-12-21,,167.3,2.4,24.6,81.0,4.0,81.9,19.2,7.2,72.4,11.6,355.9,137.9,34.6,58.2,26.6,190.9,74.3,,298.7,488.6,3.2,7.3,1.8,2.4,102.5,7.0,136.3,280.0,1.8,286.8,183.1,4.0,323.2,42.3,112.4,17.1,65.6,3714.100000000001
2021-12-22,,168.8,2.3,24.4,82.7,4.0,82.7,19.4,7.4,71.9,11.8,353.2,139.0,34.9,61.9,27.3,193.9,74.4,,300.5,489.5,3.2,7.3,1.9,2.6,106.2,7.0,136.0,277.4,2.0,288.5,185.5,3.5,324.6,42.2,113.6,17.3,66.9,3735.7
2021-12-23,,170.3,2.3,24.8,81.7,4.0,83.8,19.6,7.3,72.0,12.0,360.2,136.2,34.5,58.6,29.9,200.5,74.8,,302.0,492.4,3.1,7.5,1.8,2.3,113.0,7.0,130.2,281.2,2.0,293.0,186.7,3.5,323.1,42.9,112.8,16.2,68.6,3761.8
2021-12-24,,172.6,2.3,25.2,82.3,3.5,84.5,19.3,7.5,73.3,11.9,372.2,135.8,35.1,57.1,32.0,203.2,73.7,,305.1,486.5,3.5,7.6,1.8,2.5,110.1,7.0,129.9,287.5,1.9,295.8,191.3,3.5,321.5,42.6,115.2,16.5,67.0,3788.3
2021-12-25,,171.3,2.3,24.7,81.8,3.6,84.4,19.3,6.0,68.0,10.9,368.1,133.2,35.2,60.1,31.3,199.0,66.3,,303.9,485.8,3.0,7.3,1.8,2.5,100.6,6.8,127.4,285.2,2.0,287.3,189.5,3.5,313.7,41.4,109.7,17.0,67.4,3721.3
2021-12-26,,167.8,2.3,23.2,81.7,3.7,83.1,18.9,7.0,64.7,10.6,351.4,117.0,33.8,58.8,29.1,187.1,64.7,,300.6,473.8,3.4,7.3,2.1,2.1,105.0,6.2,118.1,267.3,2.0,263.1,185.5,3.3,308.0,40.4,102.2,17.9,65.7,3578.9000000000005
2021-12-27,,175.3,2.3,24.3,80.5,3.9,84.1,19.3,6.8,67.5,11.6,360.5,115.8,34.7,60.8,30.4,199.9,72.2,,300.2,481.0,3.6,7.2,1.8,2.6,108.0,6.8,121.0,257.4,1.9,287.4,191.4,3.4,305.5,41.4,110.5,17.6,66.7,3665.3
2021-12-28,,178.4,2.3,24.8,77.2,3.9,76.2,19.4,7.0,70.7,11.9,341.7,128.2,34.9,60.0,28.6,204.3,72.6,,270.75,483.7,3.2,7.4,1.9,2.5,98.8,7.2,125.8,247.9,1.9,289.4,196.0,3.6,297.3,43.1,113.4,17.7,66.6,3591.5
2021-12-29,,179.3,2.3,25.1,66.2,3.9,63.7,19.2,7.0,70.1,12.0,338.1,130.0,35.7,60.6,25.4,206.6,72.8,,241.3,472.5,3.1,7.8,2.0,2.6,101.5,7.3,127.4,256.4,1.8,297.1,196.9,3.5,278.2,41.6,113.4,17.0,63.9,3553.3
2021-12-30,,174.9,2.3,24.8,74.4,3.9,72.3,19.4,6.9,69.5,12.5,341.9,129.1,35.5,62.0,29.7,207.5,72.8,,253.1,472.7,3.2,7.6,2.1,2.6,104.0,7.2,129.0,257.9,1.8,295.2,200.1,3.6,302.7,42.6,112.7,17.1,68.8,3623.4
2021-12-31,,175.6,2.4,25.1,81.5,4.0,76.4,19.0,6.9,74.0,12.4,348.9,129.4,36.1,58.4,30.2,208.1,74.9,,260.8,464.6,3.5,7.6,1.9,2.4,106.9,6.9,132.1,265.1,1.8,273.4,203.6,3.5,315.8,42.0,113.9,17.5,68.7,3655.3
2022-01-01,,170.7,2.4,23.7,82.8,3.8,76.1,17.6,6.0,70.5,11.9,346.5,127.4,35.3,60.4,27.4,201.0,74.9,,266.4,458.7,3.3,7.1,1.9,2.3,99.7,6.5,131.6,267.5,1.5,253.9,197.8,3.4,318.2,40.2,108.1,15.5,66.3,3588.3
2022-01-02,,169.7,2.5,22.8,81.9,3.4,76.0,18.2,6.0,66.3,11.5,339.3,117.1,32.3,60.3,28.3,191.2,69.1,,264.1,467.6,3.4,6.8,1.9,2.4,106.9,6.2,119.2,258.1,1.4,228.5,194.1,3.4,297.8,38.2,102.3,17.6,66.6,3482.400000000001
2022-01-03,,177.0,2.4,24.6,82.9,4.0,78.5,19.2,7.0,71.8,12.4,358.1,128.0,35.0,61.4,27.4,209.3,76.3,,271.4,490.0,3.5,7.3,1.9,2.4,103.2,6.8,123.4,262.5,1.8,264.7,201.0,3.6,310.9,40.9,110.4,18.0,66.2,3665.2
2022-01-04,,177.5,2.3,24.8,85.4,4.2,80.4,19.6,7.1,70.0,11.9,375.8,129.8,36.4,59.0,27.3,214.9,77.1,,273.7,500.1,3.6,7.4,1.9,2.4,99.8,7.3,120.7,267.2,1.8,275.8,202.5,3.5,312.2,42.9,113.5,19.4,67.0,3726.2
2022-01-05,,179.3,2.3,25.0,86.2,4.2,79.8,19.9,7.3,73.4,13.0,354.4,118.2,36.6,59.2,27.2,216.6,76.6,,272.4,505.5,3.6,7.3,1.9,2.4,98.4,7.0,114.3,215.9,2.0,286.7,202.9,3.5,313.9,41.6,114.2,17.5,65.8,3656.0
2022-01-06,,182.9,2.3,25.3,86.1,3.9,83.6,19.7,7.2,71.2,12.4,337.6,113.7,34.2,58.7,29.9,219.8,76.8,,243.7,508.3,3.5,7.5,1.9,2.4,99.6,7.0,113.9,207.0,1.8,291.7,205.8,3.6,280.9,38.9,112.8,17.3,67.0,3579.9
2022-01-07,,183.5,2.5,24.4,87.4,4.1,83.5,19.7,7.3,72.0,12.3,336.6,119.3,36.2,54.1,30.4,221.3,77.9,,218.8,501.1,3.5,7.2,2.0,2.3,100.9,7.2,117.1,208.8,1.8,297.0,211.9,3.7,294.5,41.1,115.5,18.5,67.3,3592.7
2022-01-08,,180.8,2.4,24.6,83.7,3.7,83.7,19.7,7.2,58.0,12.1,339.8,97.3,33.6,38.8,30.5,225.5,77.0,,208.3,493.9,3.5,7.0,1.9,2.3,88.5,7.4,103.0,192.0,1.8,298.4,210.1,3.6,274.2,40.1,115.2,18.0,66.2,3453.8
2022-01-09,,182.1,2.4,24.1,84.0,3.6,82.2,18.9,7.1,59.9,10.8,328.6,98.4,31.2,53.7,32.0,209.7,70.4,,187.5,461.7,3.2,6.9,1.9,2.2,92.8,6.9,109.6,203.9,1.5,269.6,206.8,3.5,273.7,36.2,108.0,17.5,66.4,3358.9
2022-01-10,,185.9,2.4,25.2,82.7,3.9,77.7,19.0,6.9,72.4,11.7,342.8,111.3,32.1,58.4,28.7,220.4,76.5,,199.1,471.8,3.4,7.1,1.9,2.3,86.7,7.4,119.2,219.3,1.6,295.6,205.2,3.6,292.3,39.6,114.7,16.9,67.0,3512.7
2022-01-11,,188.9,2.4,25.5,82.2,4.0,74.9,19.3,7.1,73.6,11.5,346.0,117.8,34.6,60.2,29.2,223.9,77.5,,205.8,478.8,3.4,7.2,2.0,2.3,87.7,7.8,122.2,230.6,1.8,306.7,190.7,3.8,298.6,41.6,112.7,16.5,66.4,3565.2000000000003
2022-01-12,,187.3,2.4,23.9,77.7,4.0,76.1,19.4,7.1,73.1,11.3,345.1,119.4,34.8,58.4,29.0,222.6,76.8,,209.6,482.0,3.2,6.9,1.9,2.4,88.1,7.8,122.7,240.6,1.8,310.9,177.7,3.8,297.8,41.3,114.5,16.7,66.5,3564.6
2022-01-13,,175.9,2.2,21.9,78.7,4.0,78.9,19.5,7.2,75.3,11.4,348.0,119.3,35.3,62.2,29.3,224.2,75.8,,215.1,484.1,3.4,6.6,1.8,2.5,91.3,7.7,121.9,244.5,1.7,302.3,172.4,3.6,304.4,43.6,114.4,15.8,67.3,3573.5
2022-01-14,,166.7,2.3,23.0,83.7,4.2,78.0,18.4,6.4,79.5,11.6,269.8,121.0,35.7,65.9,30.7,227.1,75.0,,219.0,477.7,3.2,7.2,1.8,2.2,92.1,6.6,124.4,243.7,1.8,260.0,175.1,3.7,315.6,44.1,116.1,15.1,66.4,3474.8
2022-01-15,,157.7,2.4,22.6,83.5,4.0,76.5,18.8,6.9,66.9,11.3,297.2,122.1,34.3,62.9,30.4,216.6,74.8,,222.1,473.0,3.5,7.2,2.1,2.3,91.7,6.1,124.6,247.4,1.6,243.5,173.6,2.8,313.4,42.9,112.1,16.1,68.4,3443.3
2022-01-16,,152.8,2.3,22.7,83.3,3.9,77.6,18.9,7.2,66.4,10.6,327.6,111.1,32.0,62.9,30.9,213.3,69.0,,220.1,463.6,3.3,7.0,1.9,2.2,95.6,6.0,117.2,247.9,1.5,235.2,168.5,3.5,310.9,40.9,105.2,16.8,67.4,3407.2
2022-01-17,,164.1,2.3,24.2,85.7,4.4,77.7,19.2,7.2,78.0,11.4,358.9,123.0,35.0,64.2,29.6,234.7,76.3,,225.1,481.5,3.5,6.9,1.9,2.3,97.2,6.8,124.0,257.8,1.8,272.1,182.6,3.7,322.4,43.0,114.8,14.5,66.5,3624.3
2022-01-18,,171.7,2.3,23.9,89.8,4.5,80.2,18.4,7.3,79.8,11.7,363.9,127.1,34.4,63.9,29.2,225.9,77.2,,235.1,493.2,3.4,7.2,1.9,2.3,100.3,7.1,122.5,260.9,1.8,287.7,193.4,3.7,335.7,43.1,119.0,14.2,69.0,3712.7
2022-01-19,,174.9,2.3,25.2,92.5,4.5,81.5,18.0,7.5,79.6,11.9,358.2,128.6,35.9,63.7,30.4,229.0,77.1,,243.0,495.3,3.4,7.1,1.8,2.3,100.6,7.2,118.8,267.1,1.9,294.1,199.1,3.6,340.5,43.9,121.5,15.4,66.9,3754.3
2022-01-20,,176.5,2.4,25.0,95.7,4.5,82.9,18.4,7.3,77.7,11.9,363.1,125.8,35.0,62.0,30.9,233.1,77.2,,249.7,496.2,3.4,7.4,1.8,2.3,101.3,7.4,129.3,269.2,1.9,297.9,203.1,3.8,334.0,43.8,122.0,16.6,69.2,3789.7
2022-01-21,,183.6,2.4,25.0,91.2,4.2,83.9,19.4,7.4,79.1,12.0,357.0,127.1,35.8,63.2,31.9,232.1,77.5,,260.1,498.8,3.3,7.5,1.9,2.6,98.3,7.6,128.8,267.5,1.6,306.0,205.4,3.7,333.1,43.1,123.3,17.5,68.9,3811.8
2022-01-22,,188.0,2.4,25.1,86.8,4.1,84.7,19.5,7.5,67.6,11.9,347.0,115.3,35.3,58.1,31.5,231.9,76.5,,238.3,492.0,3.4,7.5,1.9,2.6,99.4,7.5,122.2,231.7,1.9,307.9,204.8,3.6,318.5,43.5,118.3,18.3,70.1,3686.6
2022-01-23,,186.9,2.7,24.7,80.9,4.0,81.6,19.2,7.2,67.0,10.4,337.0,104.7,31.5,61.7,29.2,213.8,67.4,,237.7,475.3,3.4,7.6,2.0,2.3,98.0,6.9,110.9,243.4,1.6,281.1,201.5,3.6,292.2,40.5,112.2,19.3,68.0,3537.4
2022-01-24,,188.7,2.7,25.5,83.4,4.5,84.5,19.3,7.2,78.1,11.4,353.1,117.9,34.3,61.4,30.5,244.6,72.9,,254.9,487.6,3.6,7.5,1.9,2.3,94.5,7.4,126.1,254.2,1.8,301.9,206.4,3.4,309.6,43.8,118.3,19.3,69.2,3733.7
2022-01-25,,190.1,2.5,25.7,85.5,4.4,86.9,19.3,7.5,80.7,11.4,356.5,123.3,34.9,65.4,28.8,245.2,73.0,,263.2,489.1,3.6,7.4,1.8,2.3,92.5,7.5,128.5,259.0,1.9,308.3,207.0,3.6,324.2,45.6,120.7,17.2,69.1,3793.6
2022-01-26,,185.4,2.6,24.0,85.9,3.8,85.5,16.3,5.2,69.2,9.8,333.4,105.8,31.1,63.2,29.8,224.3,69.4,,268.7,448.5,3.5,7.4,1.9,2.5,92.4,7.0,114.7,260.5,1.5,290.4,201.6,3.5,332.5,38.0,112.4,17.8,69.0,3618.500000000001
2022-01-27,,184.7,2.6,24.6,86.8,4.1,87.0,18.2,6.4,75.8,11.0,349.6,116.5,33.4,57.8,29.1,229.4,73.3,,276.1,481.6,3.5,7.3,1.9,2.5,92.6,7.5,121.4,268.1,1.9,301.0,204.9,4.0,325.1,42.7,118.3,18.9,69.0,3738.6
2022-01-28,,186.8,2.3,25.0,90.4,4.1,88.9,19.4,7.6,78.4,11.6,359.1,122.9,35.0,63.1,30.3,234.4,74.6,,284.6,492.9,3.6,7.7,1.9,2.6,94.2,7.7,122.7,275.9,1.9,305.5,208.9,3.6,328.3,44.9,125.4,18.2,70.3,3834.7
2022-01-29,,186.9,2.3,25.5,86.9,3.8,89.8,19.3,7.6,71.8,11.9,358.4,124.6,33.9,59.7,30.2,234.6,76.0,,287.2,489.5,3.6,7.3,1.8,2.6,96.6,7.7,121.0,278.1,1.9,306.4,207.1,3.6,322.7,44.0,124.1,17.7,71.3,3817.4
2022-01-30,,184.2,2.3,24.9,87.7,3.6,89.8,19.2,7.3,68.6,10.8,347.5,113.6,31.9,63.7,30.8,228.8,70.1,,289.6,489.3,3.5,7.5,1.9,2.6,95.4,7.0,111.5,276.8,1.7,283.9,203.5,3.5,312.9,41.3,117.1,18.8,70.4,3723.0
2022-01-31,,188.1,2.8,25.7,90.0,4.0,84.7,19.3,7.2,71.6,11.7,357.8,120.9,33.0,63.0,31.2,240.7,79.6,,294.4,504.4,3.7,7.8,1.9,2.4,96.7,7.2,118.1,276.6,1.9,308.7,210.0,3.7,329.3,42.2,124.9,18.4,71.8,3855.400000000001
2022-02-01,,190.9,2.8,25.1,89.8,3.8,90.6,19.0,7.4,73.5,11.7,359.6,125.9,33.0,56.3,30.9,241.4,81.0,,295.7,507.9,3.6,7.7,2.0,2.3,96.0,7.7,123.8,275.8,2.1,316.9,212.7,3.7,325.1,40.5,125.4,16.8,68.3,3876.7
2022-02-02,,193.6,2.7,25.0,89.2,4.3,92.1,19.5,7.6,73.4,12.3,351.9,125.6,35.3,60.1,30.4,244.1,80.8,,300.6,516.5,3.6,7.4,2.0,2.2,95.8,7.7,126.1,280.0,1.9,319.3,212.2,3.2,327.6,43.4,121.7,16.5,68.8,3904.399999999999
2022-02-03,,171.0,2.8,26.1,84.9,4.4,93.1,19.7,7.6,76.1,12.0,358.3,119.0,35.5,63.2,32.8,242.2,80.8,,296.4,510.8,3.6,7.6,2.0,2.3,96.0,7.6,119.8,278.3,2.0,320.6,212.6,3.5,289.1,43.3,123.8,17.9,70.6,3837.3000000000006
2022-02-04,,171.9,2.6,23.8,62.3,4.5,87.5,19.7,7.6,77.4,11.9,366.7,125.9,35.4,63.7,23.2,241.3,78.3,,299.1,514.9,3.2,7.5,1.7,2.2,96.2,7.6,124.8,282.1,1.9,323.7,211.6,3.4,304.0,43.8,109.9,19.1,66.6,3827.0
2022-02-05,,193.9,2.3,21.2,80.2,4.0,91.8,19.7,7.5,72.7,11.8,354.1,128.8,34.5,60.7,29.4,243.9,75.2,,300.9,510.7,3.2,7.0,1.8,2.5,96.5,7.8,121.5,277.0,2.2,327.8,211.7,3.1,317.1,43.1,108.1,16.7,69.9,3860.3
2022-02-06,,199.7,2.4,22.8,85.7,3.7,92.1,19.2,7.1,67.5,10.8,340.7,114.9,32.8,59.1,29.7,229.9,67.9,,300.0,502.3,3.2,7.5,1.8,2.4,100.9,7.2,112.2,276.4,1.4,296.3,204.5,3.5,311.3,39.5,104.5,17.8,69.5,3748.2
2022-02-07,,200.1,2.5,25.0,85.0,4.0,93.1,19.7,7.3,69.2,11.9,354.8,123.4,33.8,59.8,29.9,246.1,76.7,,300.5,518.7,3.6,7.7,1.9,2.8,102.7,7.5,116.8,278.9,1.9,316.5,212.5,3.6,315.7,41.2,113.1,17.6,69.1,3874.6
2022-02-08,,199.6,2.5,25.7,84.4,4.1,94.2,19.9,7.6,69.6,12.0,363.7,125.4,33.8,61.3,29.6,249.8,79.0,,303.1,528.2,3.6,7.7,2.1,2.8,104.7,7.9,116.9,282.8,2.0,328.1,217.4,3.6,315.9,42.0,117.2,17.9,70.2,3936.3
2022-02-09,,202.9,2.5,25.9,84.0,3.9,94.3,19.9,7.8,69.0,12.0,357.8,120.3,34.8,61.3,29.9,250.6,79.5,,299.6,517.5,3.6,7.7,2.0,2.4,108.5,7.9,118.2,266.6,1.9,327.2,217.9,3.7,308.6,44.4,117.8,18.8,69.0,3899.7
2022-02-10,,201.0,2.6,25.8,80.3,3.7,86.8,19.9,7.7,67.8,12.0,354.9,124.8,33.9,60.1,28.6,249.2,79.2,,292.5,527.7,3.7,7.5,2.0,2.5,109.3,7.7,118.5,272.8,1.9,330.0,218.3,3.7,305.8,42.1,117.3,19.4,68.5,3889.5
2022-02-11,,199.4,2.5,25.3,82.1,3.7,91.0,19.8,7.5,69.3,12.4,359.7,125.9,33.8,61.7,29.6,248.2,78.3,,293.3,521.8,3.5,7.4,1.8,2.4,108.4,7.5,120.5,278.7,1.9,319.0,219.3,3.7,306.0,42.4,116.7,17.5,70.5,3892.5
2022-02-12,,190.9,2.4,24.9,81.6,3.5,90.3,19.7,7.5,64.1,12.1,357.6,125.9,33.0,59.4,29.6,250.1,77.8,,294.8,528.2,3.3,7.4,1.8,2.4,107.9,7.8,120.3,276.8,1.8,312.0,215.2,3.6,308.3,40.7,115.9,17.0,70.2,3865.8000000000006
2022-02-13,,197.5,2.4,23.6,82.9,3.1,92.6,19.3,7.1,61.5,11.4,350.5,114.5,29.7,57.5,29.8,237.2,71.9,,293.8,516.2,3.4,7.0,1.9,2.5,107.1,7.5,110.6,274.3,1.5,284.9,213.5,3.7,308.2,38.9,109.8,17.2,70.3,3764.8
2022-02-14,,194.1,2.5,25.1,82.4,3.5,92.3,19.6,7.3,65.1,10.7,362.3,126.2,32.4,60.1,29.3,250.6,79.7,,293.4,525.4,3.4,7.2,2.0,2.6,107.7,7.3,124.5,277.1,1.8,307.5,218.0,3.6,315.1,32.3,117.3,17.4,68.4,3875.2
2022-02-15,,189.7,2.6,25.5,80.9,3.4,95.4,19.7,7.5,65.4,12.1,363.1,130.4,33.2,59.8,28.7,255.8,81.0,,293.1,535.5,3.5,7.1,2.1,2.6,108.2,7.4,126.3,280.0,1.7,317.7,220.7,3.6,312.3,37.9,120.6,19.5,68.1,3922.1
2022-02-16,,203.0,2.5,25.5,82.9,3.3,96.2,19.9,7.8,65.6,12.4,359.1,131.8,34.4,60.6,27.3,256.2,80.7,,293.5,536.0,3.5,7.2,2.2,2.6,107.7,7.4,130.0,281.7,1.8,323.2,220.7,3.5,311.8,40.3,121.5,19.6,70.3,3953.7
2022-02-17,,202.9,2.6,25.3,83.8,3.3,95.5,20.0,7.8,64.3,12.4,362.3,131.4,33.9,59.0,28.6,256.3,80.6,,294.3,530.4,3.4,7.0,2.0,2.5,110.9,7.3,131.2,279.3,1.8,326.2,216.0,3.7,307.3,40.0,122.4,17.8,71.5,3945.0
2022-02-18,,204.0,2.6,25.8,80.6,3.4,95.7,19.7,7.8,65.6,12.4,367.5,131.8,34.2,62.0,28.3,256.4,81.0,,293.4,530.7,3.4,7.1,2.0,2.5,109.4,7.6,137.4,280.3,1.9,331.9,222.4,3.5,309.6,40.5,122.5,19.5,70.3,3974.7
2022-02-19,,201.5,2.6,25.6,81.4,3.2,96.1,19.9,7.8,61.0,12.0,368.7,130.2,33.8,59.7,31.2,257.5,80.5,,287.5,533.8,3.3,7.1,2.0,2.3,112.0,7.6,138.2,278.5,1.8,311.9,221.8,3.6,315.2,39.4,121.3,19.5,68.9,3948.4
2022-02-20,,200.2,2.5,22.8,82.4,3.0,94.7,19.5,7.3,59.4,11.1,354.4,118.2,28.7,56.1,28.0,245.0,75.4,,284.4,519.5,3.3,7.2,1.8,2.3,109.3,7.1,124.7,273.1,1.5,304.5,217.2,3.5,298.1,36.5,112.4,18.4,68.9,3802.4
2022-02-21,,205.7,2.2,22.9,84.4,3.3,97.5,19.5,7.5,61.4,11.8,364.6,129.2,32.6,56.2,29.7,257.4,82.9,,288.3,529.6,3.0,7.2,1.8,2.3,109.2,7.8,134.1,277.0,1.8,332.9,225.1,3.8,306.0,39.3,109.5,18.3,70.3,3936.1
2022-02-22,,207.3,2.3,25.7,84.2,1.6,99.1,19.9,7.8,63.2,12.1,374.0,127.4,33.9,58.6,29.2,265.1,83.7,,292.8,539.8,3.3,7.2,1.7,2.4,115.3,8.0,126.2,269.9,1.6,345.4,229.5,4.2,307.5,39.0,124.1,19.4,70.5,4002.9
2022-02-23,,212.4,2.6,25.7,84.5,2.4,100.0,20.0,7.8,65.1,12.4,367.6,126.1,33.0,53.05,27.6,265.3,82.6,,295.8,542.7,3.4,7.4,1.8,2.6,115.0,8.0,126.8,282.6,2.0,339.6,239.4,3.8,303.6,38.5,125.4,17.4,70.7,3997.000000000001
2022-02-24,,212.6,2.6,25.9,81.8,3.3,102.5,20.0,7.9,64.4,12.4,369.6,129.6,33.3,47.5,25.0,266.5,82.6,,295.4,550.1,3.5,7.4,1.8,2.6,111.4,8.1,139.2,281.3,2.2,340.6,248.4,3.8,309.7,38.5,121.2,17.0,70.9,4040.6
2022-02-25,,210.4,2.5,23.4,79.3,3.2,103.9,19.9,7.8,65.5,12.6,376.7,129.4,33.9,54.4,23.6,267.4,83.1,,295.9,547.2,3.2,6.6,1.8,2.3,109.8,8.1,138.8,281.4,1.9,337.5,252.9,3.7,312.4,39.5,115.7,17.4,69.6,4042.7
2022-02-26,,210.5,2.5,22.7,79.6,3.3,104.1,20.0,7.9,61.8,12.2,376.2,110.7,35.0,50.7,28.1,265.0,82.8,,292.1,548.1,3.1,6.8,1.8,2.3,108.7,7.9,117.5,275.0,1.9,339.4,249.3,3.8,283.5,39.3,119.5,17.1,71.0,3961.2000000000007
2022-02-27,,206.2,2.1,24.0,80.6,3.0,102.4,19.7,7.5,59.0,11.4,361.8,106.3,30.9,58.0,28.2,253.1,77.2,,285.9,537.3,2.9,6.8,1.7,1.9,108.7,7.3,123.4,273.2,1.6,314.2,243.7,3.5,290.9,36.5,111.0,17.0,70.6,3869.500000000001
2022-02-28,,209.1,2.3,24.8,81.0,3.2,104.4,19.7,7.6,63.1,12.2,376.3,121.0,33.3,57.6,28.5,265.1,82.7,,287.4,552.0,3.1,6.8,1.9,2.2,110.1,7.8,133.9,274.1,1.8,333.1,253.6,3.9,294.1,38.4,118.5,16.5,71.5,4002.6
2022-03-01,,208.3,2.4,25.0,79.2,3.0,104.2,19.1,6.2,61.0,12.7,363.5,126.9,32.1,59.3,28.4,267.7,82.0,,285.0,545.4,3.0,7.0,1.8,2.4,111.4,8.1,134.3,277.5,1.9,338.8,259.4,3.6,299.2,38.0,123.4,16.6,70.8,4008.6
2022-03-02,,208.4,2.4,25.5,81.0,3.1,107.1,19.7,7.0,63.2,12.6,368.1,130.7,32.6,56.4,29.3,266.9,81.1,,283.4,553.6,3.0,6.9,1.9,2.5,109.2,7.9,135.6,265.1,1.9,328.6,254.5,3.9,309.4,37.4,126.2,16.8,71.8,4014.7
2022-03-03,,211.5,2.3,25.7,79.9,3.2,107.1,20.1,7.9,64.9,12.4,377.9,127.8,33.0,60.4,29.5,259.4,80.4,,285.2,557.3,3.2,6.7,1.7,2.4,106.9,7.9,135.3,270.7,1.9,335.8,261.2,3.9,312.4,38.6,129.6,16.0,71.3,4051.4
2022-03-04,,212.4,2.3,26.0,81.6,3.2,107.1,20.0,7.0,65.3,12.7,378.3,131.3,32.7,58.6,28.1,268.2,81.2,,284.9,556.1,3.2,6.9,1.7,2.4,107.8,7.9,138.3,272.8,1.9,336.8,268.7,3.8,312.1,38.6,131.4,17.0,71.5,4079.8
2022-03-05,,213.4,2.4,26.1,82.6,3.1,106.5,20.1,7.8,60.4,12.8,381.5,133.1,32.6,57.5,28.2,272.8,82.9,,282.1,557.9,3.4,6.7,1.6,2.4,107.1,8.0,140.6,270.2,1.8,333.7,261.6,3.8,307.4,38.2,133.7,15.6,72.7,4072.3
2022-03-06,,211.5,2.3,25.3,82.4,2.9,105.8,19.8,7.4,59.9,11.7,369.5,122.2,28.6,57.8,28.6,255.7,77.1,,278.5,547.6,2.8,6.4,1.3,2.2,114.7,7.0,131.8,266.5,1.5,308.1,256.7,3.5,309.5,35.9,125.7,16.2,71.1,3955.500000000001
2022-03-07,,215.5,2.3,26.3,85.0,3.2,106.8,20.1,7.7,63.9,12.9,386.8,130.5,32.4,55.5,25.4,268.1,84.2,,277.2,563.9,2.8,6.6,1.6,2.3,110.4,7.3,129.9,269.3,1.7,315.9,263.0,3.8,315.1,36.5,133.4,16.7,72.4,4056.4
2022-03-08,,220.2,2.3,26.5,87.9,3.1,107.3,20.2,8.0,65.6,13.7,394.0,139.2,31.8,56.2,26.6,269.5,85.2,,265.3,566.2,2.9,6.7,1.5,2.4,103.0,8.0,144.7,269.2,1.7,323.1,263.2,4.1,317.5,37.9,137.3,16.8,76.4,4105.2
2022-03-09,,222.8,2.3,28.0,88.5,3.1,107.4,20.5,8.1,63.3,13.5,390.1,141.8,31.3,54.1,27.6,276.4,86.6,,261.0,559.2,3.0,6.7,1.8,2.4,102.9,8.1,153.4,260.1,1.7,329.4,266.7,4.1,324.5,38.1,139.4,17.0,72.7,4117.6
2022-03-10,,224.6,2.4,28.4,89.2,3.1,109.8,20.3,7.8,65.8,14.6,389.0,138.9,30.7,56.0,27.0,280.0,86.7,,247.5,560.9,2.9,6.6,1.8,2.6,110.2,8.4,152.4,260.7,1.7,335.0,269.2,4.1,326.8,38.5,139.7,16.7,72.8,4132.800000000002
2022-03-11,,222.3,2.3,28.3,89.0,3.1,110.4,20.7,8.0,67.0,14.6,402.2,141.3,31.0,55.2,29.0,284.6,87.3,,264.7,556.7,2.8,6.6,1.9,2.6,111.1,8.5,152.6,261.3,1.7,343.2,260.0,3.9,331.2,37.5,142.6,16.6,72.5,4174.3
2022-03-12,,216.2,2.4,28.1,90.7,3.1,106.9,20.4,8.1,63.8,14.1,398.7,138.0,30.4,54.5,30.1,279.7,87.5,,268.2,549.4,2.7,6.5,1.9,2.2,112.6,8.3,150.1,266.6,1.5,343.9,254.0,4.0,334.7,36.6,143.8,17.4,73.2,4150.299999999999
2022-03-13,,218.1,2.4,27.3,93.0,2.9,109.4,20.0,7.5,62.4,12.7,385.3,130.4,25.7,52.2,30.2,261.7,80.5,,266.2,550.1,2.6,6.7,1.8,2.3,114.3,7.7,147.1,263.4,1.4,311.6,256.2,4.0,333.5,36.2,135.6,17.1,73.8,4053.3
2022-03-14,,222.8,2.4,30.0,95.3,3.2,111.0,20.1,7.7,69.0,13.0,398.5,140.2,29.0,52.5,31.1,282.0,87.5,,268.7,571.4,2.7,6.5,1.8,2.3,114.7,8.3,151.2,272.1,1.6,337.1,257.8,4.3,347.9,37.7,147.4,17.0,73.5,4219.3
2022-03-15,,224.8,2.3,30.1,98.2,3.3,109.8,20.2,8.0,73.1,14.3,419.8,146.2,29.7,50.0,30.8,280.3,89.9,,269.8,586.0,2.3,6.5,1.7,2.6,103.3,8.4,159.5,273.0,1.6,345.5,260.4,4.4,360.9,38.5,153.7,16.8,74.1,4299.8
2022-03-16,,226.0,2.3,30.6,102.1,3.6,112.5,20.6,8.2,74.9,13.5,421.8,139.6,29.9,50.1,30.3,280.5,89.3,,270.2,596.4,2.4,6.7,1.7,2.6,109.5,8.2,163.3,275.5,1.6,353.6,264.2,4.4,369.2,38.0,161.7,14.6,74.0,4353.599999999999
2022-03-17,,228.3,2.5,30.8,106.1,3.7,113.2,20.3,8.0,73.6,14.7,402.7,138.3,29.1,48.9,30.2,288.0,89.3,,271.8,601.2,2.7,6.7,1.7,2.6,113.0,8.2,167.1,270.7,1.6,352.8,267.0,4.6,369.3,36.2,163.1,15.4,75.2,4358.6
2022-03-18,,224.9,2.3,28.9,104.7,3.1,100.7,18.15,6.9,61.3,12.6,321.2,117.6,20.2,52.3,32.1,277.5,87.1,,252.6,547.3,2.6,6.3,1.6,2.6,110.1,7.9,155.5,242.5,1.2,347.1,265.9,4.5,373.5,28.0,147.1,15.5,69.6,4045.8
2022-03-19,,226.2,2.3,28.8,105.7,3.7,104.9,16.0,5.8,70.0,13.6,363.4,122.6,23.3,45.6,32.5,263.9,84.8,,257.6,574.6,2.6,6.3,1.6,2.5,107.4,8.1,148.8,250.6,1.4,344.5,257.3,4.7,358.8,32.0,144.1,17.1,67.7,4100.8
2022-03-20,,222.3,2.3,28.8,112.3,3.5,109.7,19.3,7.4,74.2,13.1,392.9,128.9,26.3,53.7,32.3,241.5,76.3,,260.4,581.3,2.6,6.4,1.6,2.5,109.7,8.1,150.6,261.0,1.3,324.3,250.7,4.6,369.3,35.8,149.9,16.7,71.1,4152.7
2022-03-21,,224.8,2.5,32.0,115.2,3.9,112.4,20.2,7.9,83.8,14.7,401.5,137.3,29.5,55.1,32.4,262.0,84.5,,260.7,600.5,2.7,6.5,1.7,2.4,111.8,9.0,151.7,262.5,1.6,343.9,261.7,4.5,386.3,35.9,165.2,16.3,75.6,4320.2
2022-03-22,,217.6,2.5,32.5,117.2,3.9,114.5,20.4,7.8,83.8,13.1,400.5,140.3,30.2,51.6,31.9,255.3,87.7,,258.4,605.0,2.6,6.6,1.7,2.5,114.2,8.8,147.6,265.6,1.7,355.3,265.5,4.7,383.6,36.6,175.5,16.2,75.1,4338.0
2022-03-23,,220.7,2.4,33.2,113.2,3.9,115.0,20.4,8.0,83.6,13.7,402.9,142.0,32.0,51.8,32.1,261.6,88.1,,261.1,601.0,2.6,6.6,1.7,2.4,113.6,9.3,153.9,254.3,1.7,357.6,265.7,5.0,377.1,35.6,178.4,17.0,75.4,4344.599999999999
2022-03-24,,226.9,2.3,29.4,113.2,4.0,116.8,20.3,7.6,83.9,13.2,399.1,136.5,32.3,50.3,30.3,254.4,85.0,,258.8,606.2,2.3,6.2,1.8,2.3,114.5,9.1,149.6,245.1,1.7,357.5,262.0,4.5,393.1,38.4,178.4,15.7,76.5,4329.200000000001
2022-03-25,,223.1,2.4,25.9,114.5,3.9,116.6,18.6,7.9,85.0,14.1,409.6,132.4,32.4,53.5,28.6,255.7,84.7,,259.1,601.7,2.2,5.9,1.5,2.6,115.4,9.1,158.3,231.5,1.7,358.6,254.9,3.2,389.8,38.5,176.4,16.1,76.3,4311.7
2022-03-26,,227.8,2.2,24.9,106.5,3.8,114.9,18.1,7.9,84.9,13.4,416.0,139.7,30.6,52.0,29.6,257.3,86.3,,255.1,601.6,2.3,5.5,1.8,2.3,113.1,9.2,126.0,250.8,1.6,362.8,248.4,4.6,359.8,37.2,177.4,17.0,77.5,4269.9000000000015
2022-03-27,,230.7,2.2,26.6,110.7,3.5,117.2,18.0,7.5,77.4,11.4,392.1,130.7,28.0,46.1,31.7,245.2,80.1,,253.0,583.0,2.1,6.1,1.5,2.2,112.9,8.4,151.5,249.6,1.3,341.2,243.4,4.4,366.8,38.2,174.0,17.0,75.6,4191.3
2022-03-28,,234.6,2.1,27.8,111.8,4.0,116.3,17.7,7.6,84.7,14.5,412.5,140.8,29.3,45.2,31.9,257.9,77.9,,254.4,594.6,2.6,6.3,1.5,2.3,115.9,8.9,155.6,251.3,1.7,364.5,251.3,3.8,388.7,40.9,178.3,16.0,74.3,4329.500000000001
2022-03-29,,221.0,2.3,27.8,113.5,4.2,118.3,17.7,7.7,89.1,13.3,427.8,144.2,30.7,52.1,32.4,268.5,79.7,,257.9,601.7,2.7,6.5,1.7,2.3,115.2,9.4,152.1,255.8,1.7,375.4,280.0,3.9,394.9,41.3,184.6,17.4,75.7,4430.5
2022-03-30,,215.0,2.3,27.9,113.5,4.2,117.9,17.9,7.6,92.6,14.5,423.9,146.0,31.5,44.1,33.7,272.6,87.1,,259.1,610.5,2.7,6.5,1.7,2.3,110.3,9.8,152.7,255.4,1.8,370.2,276.9,3.8,402.4,41.5,185.4,16.0,76.8,4438.1
2022-03-31,,221.5,2.2,27.3,114.5,4.3,117.3,17.5,7.3,94.9,14.9,426.2,145.4,31.0,48.8,31.5,274.6,89.2,,261.6,603.3,2.5,6.5,1.6,2.2,109.1,9.4,152.9,254.4,1.7,372.5,277.6,4.5,409.3,41.1,186.3,16.3,78.5,4459.7
2022-04-01,,234.5,2.2,27.7,115.3,4.3,120.4,18.2,7.0,93.2,14.8,417.2,143.5,31.3,47.8,31.2,276.2,89.0,,259.8,590.6,2.7,6.4,1.9,2.4,111.2,9.3,156.2,243.4,1.7,368.9,274.0,4.7,416.6,39.3,184.4,15.6,76.2,4439.099999999999
2022-04-02,,228.8,2.3,26.2,115.2,4.3,120.8,19.1,7.3,89.7,14.3,417.9,138.1,31.4,49.6,34.8,252.7,85.8,,260.6,586.1,2.7,6.3,1.9,2.4,122.1,9.0,148.8,246.8,1.6,368.6,264.5,5.0,396.4,40.2,183.9,15.8,75.8,4376.799999999999
2022-04-03,,214.5,2.1,25.2,111.0,4.0,121.2,19.4,7.0,87.3,13.2,405.8,125.3,28.9,45.0,35.0,245.1,78.2,,255.0,583.3,2.6,6.0,1.6,2.3,123.8,8.6,143.9,245.2,1.4,342.7,256.4,4.4,390.5,37.1,171.4,16.9,77.3,4238.6
2022-04-04,,220.8,2.2,23.8,114.4,4.5,123.3,18.4,7.5,94.5,14.6,424.5,139.2,31.7,46.5,33.9,271.5,85.0,,257.8,611.1,2.6,5.1,1.7,2.2,108.5,9.1,149.5,249.4,1.7,363.1,265.7,4.3,397.5,39.8,178.1,17.1,77.4,4398.0
2022-04-05,,218.7,2.3,26.3,110.1,4.6,125.8,19.6,7.9,95.7,14.4,430.6,141.7,31.2,46.8,34.7,270.9,86.0,,262.7,623.3,2.7,5.8,1.7,2.4,109.3,9.2,142.2,253.7,1.8,367.1,266.0,5.1,395.7,40.6,185.0,15.5,79.5,4436.6
2022-04-06,,205.9,2.4,26.8,112.7,4.6,123.4,20.2,8.0,97.9,14.1,428.3,138.7,32.0,46.8,34.1,271.3,80.4,,263.8,615.4,2.6,6.2,1.8,2.2,113.5,9.3,147.1,254.3,1.8,367.6,265.7,5.2,405.1,37.5,185.3,16.2,80.3,4428.5
2022-04-07,,213.1,2.4,27.8,119.2,4.6,122.7,19.2,8.0,99.4,14.5,436.2,145.0,32.7,46.3,33.2,277.4,81.2,,257.9,611.3,2.6,6.5,1.7,2.2,112.7,9.3,161.3,249.6,1.6,372.7,267.1,5.4,407.8,38.8,188.2,15.6,76.7,4471.899999999999
2022-04-08,,217.1,2.4,27.9,118.9,4.7,124.8,20.3,8.2,101.9,14.4,445.0,149.0,32.7,50.9,34.0,282.9,79.0,,256.2,612.0,2.5,6.4,1.8,2.2,115.0,9.4,160.0,260.1,1.3,372.7,265.0,5.3,412.5,40.9,186.6,15.4,80.3,4519.7
2022-04-09,,211.8,2.3,26.1,116.7,4.6,122.2,20.5,8.2,100.7,14.9,443.3,146.6,32.8,48.6,33.8,271.5,73.5,,263.7,611.9,2.8,6.3,1.8,2.2,120.3,9.3,158.9,262.9,1.0,360.1,253.0,5.2,416.9,41.6,186.9,16.8,76.8,4476.5
2022-04-10,,207.4,2.3,22.9,110.0,4.3,120.2,20.1,7.4,98.5,13.2,419.0,138.2,29.4,51.8,29.8,250.1,69.8,,269.9,590.0,2.5,5.5,1.8,2.3,125.5,8.1,147.2,256.4,1.0,320.3,254.4,5.1,407.2,39.0,178.2,17.1,75.4,4301.300000000001
2022-04-11,,209.4,2.4,23.2,114.1,5.0,120.6,20.5,7.7,108.8,13.5,426.2,150.1,31.9,50.5,33.4,270.5,78.9,,268.8,591.6,2.6,5.5,1.7,2.4,125.4,8.6,158.5,263.2,1.6,339.2,252.3,4.0,424.4,41.7,186.4,17.2,74.9,4436.7
2022-04-12,,208.8,2.4,27.8,117.3,5.3,122.6,20.5,8.0,110.0,14.5,433.3,155.5,33.4,49.5,32.7,269.3,78.0,,257.0,598.2,2.6,6.2,1.8,2.5,120.3,9.0,159.3,258.5,1.8,345.0,254.6,4.9,431.7,40.7,194.6,17.1,75.0,4469.7
2022-04-13,,209.2,2.2,28.6,121.0,5.5,120.5,20.1,8.1,108.8,14.7,431.7,160.0,33.6,46.1,32.5,262.1,76.7,,261.5,594.2,2.4,5.8,1.7,1.9,117.3,8.7,165.8,248.6,1.7,336.8,250.5,5.5,433.2,41.9,195.6,16.7,78.8,4450.0
2022-04-14,,213.0,2.2,22.1,122.4,4.7,123.9,20.4,8.0,105.5,14.1,438.8,153.4,32.7,46.3,35.7,236.1,73.0,,275.4,601.0,2.3,4.9,1.7,2.3,120.6,8.0,151.5,258.7,1.7,313.2,223.3,5.0,421.5,41.2,193.2,16.9,79.7,4374.4
2022-04-15,,211.6,1.5,19.8,118.8,4.6,123.7,20.2,8.1,104.7,14.1,428.6,156.7,30.7,50.1,36.6,213.2,69.6,,278.1,609.8,1.9,4.7,1.5,1.7,116.9,8.8,152.5,263.0,1.7,324.1,239.6,4.8,406.6,40.7,187.1,16.2,78.5,4350.8
2022-04-16,,210.5,2.0,20.7,123.6,4.6,125.0,20.1,8.0,103.3,14.3,433.8,157.9,33.0,47.6,37.0,212.7,80.3,,278.0,609.7,2.3,5.1,1.7,2.1,121.6,9.3,161.1,265.8,1.4,335.8,243.7,5.0,421.7,38.2,197.2,16.9,79.4,4430.400000000001
2022-04-17,,200.7,2.1,21.2,125.2,4.3,123.4,19.9,7.3,101.7,13.8,418.1,147.1,30.7,50.1,36.0,190.5,76.2,,275.9,590.6,2.4,4.7,1.7,2.1,121.1,8.6,151.4,264.7,1.2,296.9,235.7,5.2,422.4,39.9,186.4,16.9,78.5,4274.599999999999
2022-04-18,,203.2,2.4,21.8,125.0,5.1,124.4,20.2,7.6,112.6,14.4,434.5,157.3,34.3,46.4,36.5,209.3,82.5,,279.2,613.4,2.5,5.3,1.8,2.1,116.7,8.8,164.4,272.4,1.5,317.1,242.3,4.4,425.4,39.6,195.1,16.3,78.6,4424.400000000001
2022-04-19,,205.4,2.2,27.7,120.2,5.3,122.4,19.9,7.9,115.6,14.7,434.8,159.0,35.9,44.8,35.6,207.2,84.1,,282.0,619.8,2.4,5.5,1.9,2.3,118.0,9.5,169.0,273.6,1.8,343.7,240.8,5.6,417.2,40.5,196.8,16.2,80.0,4469.3
2022-04-20,,201.7,2.0,26.2,100.5,5.4,122.1,20.5,7.9,116.0,14.9,433.1,154.3,33.9,44.1,33.7,209.7,87.4,,271.8,618.7,2.4,5.5,1.7,2.1,114.0,9.5,181.2,270.2,1.7,347.8,239.7,2.4,428.6,38.5,183.5,17.3,80.2,4430.2
2022-04-21,,208.4,2.3,30.1,116.2,5.0,121.8,20.5,7.9,112.2,15.6,435.1,155.3,32.6,41.3,31.9,230.5,89.6,,261.3,599.0,2.6,5.9,1.6,2.3,112.6,9.8,170.7,264.3,1.8,363.5,233.1,3.7,438.8,40.4,181.3,17.0,80.2,4446.2
2022-04-23,,208.1,2.2,27.2,112.3,4.7,114.4,20.2,6.9,104.9,15.6,433.0,156.5,31.9,39.6,31.2,238.1,80.9,,273.4,615.3,2.5,5.7,1.6,2.2,114.3,9.5,171.5,257.0,1.5,361.0,219.3,4.4,424.2,41.2,189.8,19.5,79.1,4420.7
2022-04-24,,206.1,2.2,27.8,109.6,4.3,115.3,20.0,7.5,101.7,13.3,428.6,156.7,28.9,43.4,30.5,225.8,75.3,,275.3,583.4,2.5,5.7,1.6,2.1,112.4,8.9,164.6,268.5,1.5,331.1,220.0,5.0,396.7,41.3,189.2,19.0,76.5,4302.3
2022-04-25,,210.9,2.3,30.8,115.7,5.1,116.9,20.3,7.6,111.3,14.4,440.7,156.5,31.7,40.9,29.6,246.2,86.4,,278.5,607.3,2.5,5.7,1.8,2.2,115.2,9.6,173.1,257.0,1.8,363.4,218.6,5.6,418.1,44.7,204.6,17.5,77.4,4471.900000000001
2022-04-26,,209.5,2.2,30.0,123.5,5.4,118.1,20.4,7.6,113.9,13.5,440.0,157.4,31.6,39.4,28.2,246.4,90.6,,279.1,615.2,2.6,5.5,1.8,2.4,116.1,9.8,165.5,254.4,1.4,376.7,214.8,5.5,419.2,43.9,209.8,17.9,77.1,4496.4
2022-04-27,,214.3,2.3,25.4,121.3,5.6,111.6,20.4,7.6,116.6,15.1,442.8,157.8,31.5,39.0,30.5,260.3,92.2,,276.9,625.0,2.3,4.9,1.9,2.3,117.5,9.7,168.4,261.8,1.2,378.4,212.9,5.4,421.7,45.5,207.0,19.5,78.5,4535.099999999999
2022-04-28,,215.6,2.3,28.8,119.1,5.9,114.3,20.6,7.8,121.2,14.4,445.9,156.4,32.3,41.5,31.6,257.4,92.9,,275.2,627.8,2.6,5.1,1.8,2.2,113.6,9.7,174.1,261.4,1.7,386.6,205.6,6.0,437.5,47.4,201.5,19.6,79.4,4566.8
2022-04-29,,215.2,2.2,29.8,119.9,6.0,115.3,20.3,7.8,123.7,14.0,453.8,156.0,32.9,43.9,33.2,239.7,90.7,,274.0,626.2,2.6,5.4,1.7,2.2,116.9,9.8,183.7,259.8,1.7,387.8,204.6,6.1,450.4,47.0,195.6,19.6,78.6,4578.1
2022-04-30,,219.0,2.2,23.2,95.9,5.8,118.8,20.2,7.9,121.5,15.4,452.2,179.7,34.6,44.8,32.2,244.6,87.3,,262.2,618.5,2.1,4.7,1.6,2.0,116.4,9.8,205.8,271.2,1.6,385.6,214.8,5.0,460.3,47.3,152.4,18.2,77.1,4561.900000000001
2022-05-01,,207.1,2.2,25.8,104.2,5.2,118.0,18.7,5.8,117.7,13.8,429.3,182.7,30.7,49.7,30.8,215.9,78.8,,267.8,570.5,2.2,4.8,1.7,2.1,111.7,8.7,206.6,292.0,1.2,346.1,209.4,5.3,451.1,42.0,130.1,18.8,68.8,4377.3
2022-05-02,,208.3,2.2,25.2,104.6,6.0,113.4,19.6,7.0,125.4,14.7,443.8,195.8,32.6,51.3,27.7,234.4,83.1,,265.9,604.4,2.3,5.4,1.8,2.1,115.1,9.3,206.6,274.6,1.3,349.3,218.1,5.1,457.4,45.2,142.8,18.6,69.3,4489.700000000001
2022-05-03,,202.7,2.2,25.4,95.8,5.7,111.5,20.0,7.7,123.5,14.8,435.2,195.0,32.4,44.0,29.1,241.1,84.1,,266.4,607.7,2.1,5.8,1.7,2.2,108.1,9.8,211.7,270.7,1.8,364.3,206.9,4.0,471.3,46.7,137.3,18.2,75.4,4482.3
2022-05-04,,200.7,2.2,27.0,109.2,5.0,110.1,20.1,7.8,118.5,15.4,436.2,175.6,31.7,47.7,29.6,234.2,84.4,,265.8,607.6,2.2,5.5,1.8,2.1,109.3,9.8,190.5,279.3,1.8,359.6,176.3,4.0,432.7,40.0,151.5,19.7,74.6,4389.5
2022-05-05,,200.4,2.2,30.9,101.3,4.8,111.6,20.4,7.9,103.8,15.5,439.9,167.4,34.1,51.5,29.5,218.9,83.3,,268.6,607.0,2.2,5.6,1.8,2.3,110.6,10.0,186.5,271.2,1.6,351.9,187.6,4.7,372.2,41.2,158.1,18.4,74.3,4299.2
2022-05-06,,195.1,2.2,33.4,107.8,5.2,110.7,20.3,8.0,113.3,15.3,440.4,180.6,35.1,50.8,30.5,219.3,85.0,,267.7,605.1,2.4,5.5,1.8,2.3,103.3,10.3,196.3,268.9,1.7,370.4,190.8,5.1,436.6,45.9,160.4,19.6,75.9,4423.000000000001
2022-05-07,,194.2,2.3,35.0,115.2,5.2,110.7,20.4,7.9,110.7,14.9,437.4,187.4,35.3,50.4,31.8,219.2,84.6,,262.1,607.1,2.5,5.5,1.9,2.2,114.4,8.9,200.3,279.7,1.6,352.3,197.0,5.7,452.8,45.7,172.8,19.0,77.1,4471.199999999999
2022-05-08,,190.0,2.3,34.2,116.5,5.0,110.2,19.8,7.5,110.0,13.5,420.5,173.9,31.8,54.4,32.4,199.6,77.9,,263.2,593.3,2.4,4.9,1.8,2.2,126.4,9.0,197.2,279.0,1.2,327.9,193.7,5.5,446.0,42.0,167.4,18.8,77.5,4358.9
2022-05-09,,187.0,2.3,35.2,113.3,6.0,112.1,20.2,7.1,122.4,15.2,438.8,185.7,33.3,47.0,32.3,212.2,84.5,,269.1,608.9,2.5,5.0,1.8,2.3,127.4,9.3,201.5,290.3,1.6,339.8,193.9,5.0,472.8,45.6,161.3,18.4,78.2,4489.3
2022-05-10,,166.5,2.2,33.4,117.6,6.2,110.9,20.5,5.7,125.9,15.4,442.5,191.8,32.4,49.7,33.0,210.3,80.9,,273.8,606.3,2.5,5.1,1.9,2.3,125.4,8.8,225.2,288.7,1.6,310.7,190.7,4.5,482.8,44.1,161.7,18.7,76.8,4476.500000000001
2022-05-11,,151.7,2.2,32.5,121.6,6.4,109.9,20.3,7.3,129.8,15.2,443.0,200.4,33.4,53.7,33.7,197.6,75.1,,274.5,609.9,2.5,6.0,1.8,2.3,118.3,8.7,223.6,307.3,1.7,324.9,184.1,4.1,486.9,47.1,162.6,18.8,77.6,4496.500000000001
2022-05-12,,161.4,2.3,32.1,117.4,6.8,111.4,19.0,7.6,136.2,14.7,444.4,207.7,32.7,53.1,34.0,188.5,73.7,,278.5,601.7,2.4,5.9,1.8,2.4,121.6,8.7,232.0,302.8,1.7,323.6,183.2,3.9,500.2,46.1,169.8,18.8,77.0,4525.099999999999
2022-05-13,,172.9,2.3,28.6,121.9,6.8,108.5,19.7,7.6,135.8,14.8,436.4,205.2,32.8,53.2,33.1,189.6,73.5,,278.5,585.8,2.5,5.4,1.9,2.5,127.4,8.3,231.6,300.4,1.8,314.3,187.8,3.7,498.9,45.9,165.7,18.9,77.7,4501.699999999999
2022-05-14,,180.6,2.3,28.4,114.5,6.4,105.8,19.5,7.6,130.7,13.8,433.5,203.9,33.1,52.6,32.0,199.5,72.0,,279.6,588.3,2.5,5.7,1.8,2.3,129.0,8.9,229.5,307.1,1.4,328.5,189.0,4.4,514.2,49.0,161.5,19.1,76.2,4534.2
2022-05-15,,187.5,2.5,25.4,121.5,6.2,102.8,19.6,7.0,125.6,13.2,415.3,192.2,30.6,52.1,32.2,186.0,63.5,,274.9,577.8,2.5,4.6,1.7,2.3,129.1,7.9,223.5,298.4,1.3,281.4,174.7,5.1,510.5,47.7,160.9,19.9,74.6,4382.000000000001
2022-05-16,,192.7,2.4,24.5,125.0,6.9,100.3,19.4,7.2,130.8,14.9,429.4,204.3,31.6,46.7,32.2,202.2,71.1,,271.6,597.2,2.5,5.2,1.8,2.4,127.4,8.3,230.8,298.6,1.2,301.9,181.8,5.5,509.0,45.1,173.1,20.8,74.8,4500.599999999999
2022-05-17,,195.3,2.4,24.4,117.2,6.8,106.2,20.0,7.3,132.8,14.5,430.3,203.8,32.9,49.7,32.0,188.7,72.2,,276.9,604.6,2.5,5.8,1.8,2.4,120.9,9.1,221.8,304.3,1.6,319.6,189.4,4.8,489.2,41.9,177.4,20.8,77.7,4509.0
2022-05-18,,196.4,2.3,24.9,125.3,6.5,102.2,20.0,7.4,136.0,14.5,425.6,202.7,32.6,52.4,31.2,175.8,70.2,,278.5,600.0,2.4,5.6,1.6,2.4,123.3,9.0,216.2,295.0,1.3,321.9,183.8,5.1,495.8,42.2,172.3,19.2,76.7,4478.3
2022-05-19,,192.2,2.3,23.4,107.3,6.6,100.9,20.4,7.4,138.1,14.1,434.5,208.4,33.3,52.2,30.5,166.5,67.6,,280.2,582.6,2.4,5.0,1.8,2.4,125.6,8.7,226.0,308.3,0.9,321.5,180.6,4.0,497.4,45.8,179.9,18.5,75.5,4472.799999999999
2022-05-20,,190.4,2.3,25.8,101.5,7.0,107.1,19.1,7.6,133.7,12.4,429.8,208.1,32.2,48.0,32.4,152.8,69.8,,279.9,543.9,2.4,5.4,1.5,2.3,135.8,9.3,235.6,311.1,1.3,330.1,178.8,3.3,506.1,48.7,181.5,19.1,76.9,4453.0
2022-05-21,,193.3,2.3,25.7,104.8,6.4,104.5,20.1,7.5,129.1,12.3,417.8,184.1,34.2,50.4,28.3,154.4,71.0,,261.0,537.6,2.4,5.8,1.6,2.4,137.1,9.3,223.2,299.1,1.4,330.4,164.9,3.3,449.1,48.1,159.2,19.7,74.6,4276.400000000001
2022-05-22,,190.3,2.4,28.5,93.0,5.6,95.5,20.0,7.4,115.1,10.8,397.2,172.6,30.9,52.7,27.6,150.1,65.5,,244.4,521.9,2.4,6.0,1.7,2.3,122.1,8.6,215.9,293.3,1.1,304.2,156.4,4.3,422.1,45.2,144.2,19.3,72.4,4053.0
2022-05-23,,207.2,2.7,32.0,103.5,4.8,98.9,19.2,6.0,99.2,13.7,418.2,102.8,27.3,48.3,29.9,176.4,73.6,,229.3,562.3,2.5,6.0,1.7,2.4,125.7,9.3,137.9,262.0,1.4,344.8,175.2,4.9,315.6,34.7,172.4,19.8,74.3,3945.9
2022-05-24,,215.4,2.6,36.0,105.0,4.3,97.5,20.0,7.1,91.1,14.4,426.6,123.0,29.2,46.8,26.8,188.2,76.1,,217.9,577.1,2.6,6.1,1.8,2.5,125.6,9.9,153.7,231.1,1.6,366.9,184.3,5.4,311.6,39.7,180.7,19.4,74.6,4022.6
2022-05-25,,192.2,2.5,35.2,104.0,4.6,99.0,19.9,7.7,100.3,14.7,425.4,149.9,31.5,48.8,25.6,201.9,79.4,,217.9,579.1,2.5,5.8,1.7,2.4,128.3,9.4,167.5,272.9,1.6,368.5,185.8,4.6,385.5,42.5,182.4,18.5,75.9,4195.4
2022-05-26,,210.1,2.6,34.5,109.9,5.2,93.8,20.6,7.8,105.6,15.1,429.8,160.4,32.6,49.9,30.4,207.9,77.5,,244.5,581.6,2.6,5.5,1.9,2.6,128.7,8.6,186.5,286.6,1.5,356.2,179.2,4.2,426.3,44.4,176.1,18.6,76.0,4325.3
2022-05-27,,205.3,2.4,34.2,118.1,5.8,93.4,20.4,7.9,113.9,15.0,425.1,173.5,33.4,52.2,31.1,209.5,77.3,,241.3,574.4,2.5,5.5,1.8,2.6,121.6,8.6,201.0,295.6,1.6,353.9,178.1,4.4,442.0,46.6,182.8,20.4,76.5,4379.7
2022-05-28,,212.7,2.2,36.1,118.5,6.3,96.2,20.0,7.8,118.4,14.7,426.1,175.6,33.1,48.2,33.0,215.8,76.2,,247.4,568.9,2.6,5.5,1.7,2.6,123.2,9.0,191.0,298.0,1.5,351.9,179.5,4.2,450.4,48.6,187.4,19.3,77.0,4410.6
2022-05-29,,216.9,2.2,36.7,109.0,6.0,98.4,20.1,7.4,118.4,13.3,412.7,166.9,29.3,44.4,33.0,206.6,70.4,,243.8,561.6,2.6,5.8,1.5,2.5,131.7,8.3,178.3,298.8,1.2,331.4,178.5,4.4,441.7,45.4,169.9,18.1,76.3,4293.5
2022-05-30,,222.3,2.3,37.0,116.8,7.0,99.2,20.4,7.6,120.6,14.6,412.7,173.2,32.6,47.2,32.4,230.8,77.9,,251.8,587.4,2.6,5.5,1.7,2.5,123.6,9.2,186.5,298.5,1.6,355.7,185.4,5.0,465.8,49.7,186.1,18.8,77.7,4469.7
2022-05-31,,222.9,2.8,38.4,126.1,6.7,101.6,20.3,7.9,120.0,14.7,432.0,186.5,33.6,50.6,32.6,225.2,78.7,,258.7,585.3,2.6,5.7,1.9,2.6,124.7,9.3,197.0,305.0,1.5,362.4,183.0,5.1,490.1,50.4,190.1,21.0,77.5,4574.5
2022-06-01,,223.9,2.6,37.8,125.8,6.5,102.8,,,123.5,14.9,428.5,189.0,33.7,50.9,31.9,217.8,77.4,,258.9,561.8,2.6,4.7,1.7,2.6,124.5,9.4,203.1,305.0,1.6,360.5,181.1,5.5,495.7,49.5,187.8,18.9,74.9,4544.1
2022-06-02,,229.1,2.6,38.4,129.1,6.6,106.1,,,128.9,14.5,437.7,195.8,34.2,48.8,30.3,212.7,76.9,,260.6,570.6,2.6,5.7,1.7,2.5,134.7,9.4,205.0,307.5,1.6,370.7,187.7,5.2,503.2,50.4,185.2,16.4,76.4,4616.799999999999
2022-06-03,,226.2,2.5,36.2,131.3,6.9,108.1,,,130.5,14.4,439.1,200.6,35.0,48.9,29.4,204.5,78.9,,262.3,573.2,2.6,6.1,2.0,2.5,136.1,9.7,212.5,312.6,1.5,372.8,184.5,4.8,508.5,49.5,185.3,15.3,76.4,4638.6
2022-06-04,,224.2,2.6,36.2,126.6,6.7,108.4,,,129.4,14.5,440.3,204.3,35.0,49.4,29.8,205.8,80.1,,263.9,579.5,2.6,5.6,2.0,2.5,123.0,9.5,214.5,303.6,1.3,366.8,191.4,3.8,506.5,50.5,186.8,14.8,76.5,4626.400000000001
2022-06-05,,225.0,2.4,32.7,123.3,6.0,106.0,,,125.8,14.0,424.6,191.3,39.6,44.4,31.3,193.0,74.5,,259.0,564.5,2.5,5.2,1.8,2.5,126.0,9.0,208.7,300.0,1.1,336.2,180.3,3.9,509.6,47.0,177.2,14.4,76.2,4486.1
2022-06-06,,184.4,2.4,33.7,124.6,7.0,107.4,,,135.0,14.1,443.6,207.4,34.1,47.0,33.2,185.4,79.6,,263.6,577.7,2.7,5.1,1.8,2.6,125.8,9.1,220.6,310.3,1.6,338.4,180.6,5.4,518.0,50.1,189.8,16.3,76.2,4562.500000000001
2022-06-07,,201.8,2.5,37.8,127.4,7.6,109.3,,,138.3,14.4,446.8,215.8,35.6,51.9,33.2,195.6,78.8,,263.9,591.5,2.7,5.6,1.8,2.4,126.5,8.8,226.2,318.8,1.6,337.3,188.5,5.2,532.9,51.9,194.2,16.6,74.6,4676.2
2022-06-08,,214.3,2.6,38.2,131.9,7.4,106.0,,,139.5,14.2,443.9,218.3,36.1,52.4,31.4,195.1,78.4,,264.6,589.4,2.7,5.4,1.7,2.5,128.5,9.2,232.6,315.9,1.6,348.2,192.2,5.2,533.3,52.9,194.6,16.5,76.8,4711.799999999999
2022-06-09,,223.5,2.6,35.8,120.9,7.5,111.5,,,142.4,14.2,452.1,219.7,36.2,51.5,32.5,202.8,79.5,,264.1,543.4,2.7,5.4,1.7,2.5,140.0,10.1,234.0,323.8,1.5,359.8,188.1,4.9,537.0,52.2,185.8,17.7,76.4,4712.4
2022-06-10,,225.1,2.3,36.1,128.5,7.6,108.0,,,145.4,12.8,450.8,221.0,36.2,49.3,32.5,210.6,79.3,,261.6,546.7,2.7,5.6,1.7,2.4,136.2,10.3,237.6,322.1,1.5,365.2,196.9,5.0,532.6,51.9,174.4,19.4,74.5,4722.299999999999
2022-06-11,,221.2,2.3,36.3,127.1,7.2,106.0,,,139.6,12.3,445.3,220.4,35.5,54.0,33.4,208.5,76.7,,249.9,520.2,2.6,5.2,1.9,2.8,129.6,10.3,241.3,322.3,1.6,365.5,190.1,5.2,530.7,51.1,177.9,17.5,74.6,4654.599999999999
2022-06-12,,219.8,2.6,32.1,121.1,6.6,102.2,,,135.6,11.2,403.3,210.2,32.4,55.1,33.8,194.3,68.7,,229.2,489.0,2.7,4.9,1.8,2.8,124.8,9.8,233.2,310.3,1.1,337.0,179.4,4.5,531.9,49.5,178.2,19.2,75.2,4440.0
2022-06-13,,215.3,2.3,28.3,123.3,7.6,107.0,,,150.3,12.2,400.1,225.3,34.1,49.4,31.5,212.4,75.0,,239.1,527.5,2.6,3.7,1.9,2.7,136.2,10.0,242.0,296.4,1.4,354.5,183.7,4.0,509.8,50.9,192.4,17.8,75.2,4553.899999999999
2022-06-15,,205.9,2.6,25.7,119.6,7.8,99.9,,,145.3,12.9,406.6,239.9,35.9,55.0,28.0,209.5,76.4,,242.0,557.1,2.6,4.9,1.8,2.3,125.3,9.9,264.6,308.4,1.4,355.1,171.2,4.1,526.5,54.3,177.7,17.1,72.8,4598.700000000001
2022-06-16,,205.3,2.4,24.2,122.5,7.1,97.6,,,140.2,12.7,415.0,224.3,33.6,49.7,30.6,211.8,74.9,,222.5,556.6,2.7,4.9,1.7,2.5,127.8,9.7,263.8,304.6,1.4,337.8,164.9,4.0,493.8,50.8,189.9,17.9,77.1,4514.500000000001
2022-06-17,,200.8,2.2,24.2,121.6,5.9,96.7,,,125.5,13.0,421.7,193.0,33.5,41.5,28.9,206.3,75.7,,218.7,552.9,2.5,4.7,1.7,2.6,128.0,9.9,216.0,295.8,1.5,340.7,172.0,3.3,463.2,48.2,172.5,17.9,75.2,4345.8
2022-06-18,,197.3,2.3,24.8,110.5,5.1,87.3,,,108.6,12.7,422.2,180.8,31.3,41.9,29.4,202.5,75.2,,210.6,550.7,2.3,5.1,1.6,2.6,124.0,9.8,235.9,269.1,1.5,326.3,173.9,3.3,438.8,45.8,163.5,18.4,75.5,4219.1
2022-06-19,,191.4,2.2,25.1,104.1,4.6,85.1,,,98.6,11.7,401.3,170.2,30.0,43.3,27.9,180.4,68.6,,192.1,516.6,2.5,5.4,1.5,2.4,129.4,9.3,255.1,228.3,1.2,303.4,162.2,3.5,430.1,42.0,151.7,20.1,73.4,4002.1
2022-06-20,,190.3,2.3,28.3,109.6,5.0,86.4,,,105.0,12.1,410.5,181.9,32.2,52.6,28.6,195.2,76.0,,192.4,517.7,2.6,5.2,1.6,2.4,126.7,9.6,257.8,224.2,1.5,314.4,168.0,3.6,442.0,43.4,162.8,20.2,73.7,4113.5
2022-06-21,,188.1,2.4,32.0,111.6,4.8,90.4,,,107.7,12.1,414.8,185.7,32.6,49.9,30.0,191.1,75.1,,200.6,516.5,2.5,5.6,1.9,2.6,133.7,9.6,215.7,222.0,1.5,317.3,160.3,4.2,453.2,45.3,174.2,17.5,73.2,4113.599999999999
2022-06-22,,186.7,2.4,34.6,120.0,5.3,93.3,,,112.3,11.9,409.4,184.9,31.1,43.5,30.7,192.4,74.8,,211.1,516.9,2.5,5.3,1.9,2.7,131.7,9.6,234.9,226.9,1.5,325.3,163.5,6.8,474.3,47.1,180.7,11.6,75.3,4191.4
2022-06-23,,189.7,2.5,35.4,125.7,5.8,95.7,,,115.5,12.2,404.8,206.0,35.0,50.3,31.1,197.2,75.0,,212.8,509.2,2.4,5.2,1.7,2.8,132.4,9.8,270.2,251.3,1.6,337.1,174.6,6.1,490.9,48.8,181.2,15.9,77.0,4341.400000000001
2022-06-24,,193.9,2.6,36.8,127.4,6.0,97.6,,,116.3,11.8,406.1,217.0,35.6,51.7,31.8,193.3,74.2,,215.6,501.5,2.6,5.6,1.7,2.7,125.3,9.8,283.3,267.5,1.5,342.6,177.2,5.1,496.6,50.0,178.7,19.4,77.6,4394.9
2022-06-25,,189.4,2.5,36.2,125.4,6.2,90.0,,,116.8,11.9,412.2,225.1,36.4,53.6,32.4,187.8,71.0,,218.0,488.0,2.5,5.7,1.7,2.7,121.6,9.0,292.6,281.5,1.3,342.1,170.5,5.0,508.0,51.2,172.2,18.2,77.9,4394.799999999999
2022-06-26,,189.1,2.5,35.0,126.9,6.6,98.0,,,127.7,10.9,395.3,225.8,33.2,53.6,33.4,178.3,67.4,,221.0,474.0,2.4,5.7,1.5,2.6,124.1,9.2,310.2,297.5,1.1,323.1,159.8,5.1,511.5,48.7,164.6,18.7,76.5,4367.9
2022-06-27,,191.4,2.5,34.9,128.9,7.9,100.6,,,145.4,11.6,391.7,243.5,36.0,54.4,35.1,204.3,75.0,,227.2,483.9,2.5,5.3,1.7,2.6,130.5,9.7,321.8,300.5,1.5,343.9,162.6,5.4,522.8,52.0,181.4,19.5,74.8,4540.4
2022-06-28,,188.0,2.3,33.2,117.5,8.1,112.9,,,153.5,12.3,402.8,264.1,36.9,53.9,36.5,210.9,72.2,,230.5,487.6,2.6,5.5,1.7,2.6,129.9,9.9,326.4,322.6,1.5,361.1,167.1,4.5,520.4,51.2,187.2,19.9,74.3,4639.7
2022-06-29,,194.8,2.3,33.0,90.3,7.4,106.9,,,152.8,11.7,410.8,261.9,33.9,54.0,36.1,213.2,70.8,,217.4,499.8,2.7,5.6,1.9,2.8,121.9,10.1,334.5,309.1,1.5,367.8,175.9,4.3,470.5,47.9,187.0,20.2,73.1,4562.0
2022-06-30,,196.1,2.4,35.1,100.6,5.6,105.1,,,123.5,11.8,413.0,193.2,32.7,49.9,35.2,206.9,68.5,,205.3,491.7,2.7,5.3,1.8,2.7,125.4,10.0,273.2,281.6,1.5,362.0,183.1,4.2,444.9,41.8,185.4,18.3,73.5,4234.3
2022-07-01,,192.7,2.6,36.7,115.0,5.8,107.8,,,112.8,11.9,383.0,184.9,32.4,47.2,33.1,202.9,67.9,,212.8,476.5,2.6,5.4,1.8,2.7,120.4,9.8,231.3,246.0,1.6,349.9,181.3,5.1,419.3,44.8,182.1,18.1,72.5,4147.4
2022-07-02,,195.0,2.6,40.3,116.3,6.2,102.9,,,109.1,11.9,357.5,206.0,34.1,52.0,31.0,195.5,69.1,,209.2,476.1,2.6,5.4,1.8,2.4,115.2,9.7,277.7,235.1,1.4,342.7,174.1,5.5,437.6,47.8,182.3,18.3,73.0,4174.099999999999
2022-07-03,,188.8,2.3,36.8,123.1,5.9,102.4,,,112.4,11.5,341.5,197.9,29.5,49.4,32.9,183.0,61.0,,203.0,474.3,2.5,5.4,1.6,2.6,115.1,9.2,261.2,222.8,1.0,325.8,164.1,5.2,447.3,43.7,168.3,19.1,72.7,4049.4
2022-07-04,,192.8,2.4,39.9,126.8,7.4,97.0,,,130.2,11.9,355.6,227.2,32.9,51.2,32.8,194.6,64.5,,209.3,488.3,2.6,5.4,1.5,2.6,114.3,9.5,293.5,238.0,1.4,340.7,164.7,5.6,481.9,49.0,188.2,19.3,75.0,4285.4000000000015
2022-07-05,,191.1,2.4,43.5,130.6,7.8,103.3,,,140.6,11.8,352.5,249.7,35.5,50.7,34.1,183.3,65.9,,205.5,471.5,2.6,5.4,1.6,2.7,115.5,9.4,312.5,254.7,1.5,351.1,170.6,5.5,506.6,48.6,194.5,19.9,76.9,4386.8
2022-07-06,,178.0,2.7,41.4,124.5,6.8,101.5,,,145.8,12.3,347.1,244.4,34.6,51.6,32.1,177.3,66.1,,212.4,467.9,2.7,5.5,1.8,2.8,113.7,9.5,309.0,255.8,1.6,344.1,162.9,3.5,515.3,48.4,188.3,17.0,75.7,4331.200000000001
2022-07-07,,180.6,2.7,42.7,127.8,7.3,105.5,,,149.1,12.3,344.7,253.3,32.4,51.9,33.0,174.6,66.2,,214.8,461.6,2.8,5.4,1.7,2.8,113.4,9.4,312.0,251.8,1.6,341.9,170.1,5.5,527.4,49.1,193.0,18.9,77.2,4371.9
2022-07-08,,172.3,2.5,41.1,133.6,7.6,106.0,,,149.3,12.0,333.9,261.2,34.3,52.8,32.9,168.8,66.1,,219.2,457.1,2.7,5.6,1.8,2.7,112.7,9.6,316.0,258.2,1.5,338.9,158.3,5.7,541.8,49.3,197.3,18.6,78.2,4376.099999999999
2022-07-09,,162.8,2.5,41.7,130.9,6.2,96.1,,,137.1,12.0,327.0,240.2,33.0,53.2,34.0,155.2,64.9,,209.4,432.9,2.7,5.6,1.6,2.7,109.9,9.8,286.2,262.1,1.5,340.5,135.5,5.6,511.6,45.1,191.8,16.3,78.6,4173.3
2022-07-10,,156.8,2.6,40.5,138.6,5.0,98.6,,,122.1,10.8,306.7,195.9,26.5,53.1,33.7,135.9,59.5,,200.6,405.9,2.6,5.6,1.4,2.8,126.9,9.1,253.9,231.9,1.2,303.1,124.0,5.7,513.5,43.5,176.6,18.5,75.1,3913.9
2022-07-11,,163.3,2.5,39.4,137.3,6.6,101.2,,,130.4,11.6,310.6,224.5,32.4,53.9,33.9,154.5,65.3,,205.5,418.1,2.7,5.5,1.6,2.8,123.8,9.2,290.0,238.5,1.6,316.2,136.5,5.6,535.7,47.6,184.1,19.5,76.9,4114.800000000001
2022-07-12,,158.8,2.6,40.9,134.6,6.9,101.6,,,126.2,11.7,311.9,236.1,32.2,54.1,34.1,159.0,69.0,,210.1,424.0,2.8,6.1,1.6,2.7,118.3,8.9,313.9,248.4,1.6,327.1,135.3,5.7,527.6,48.1,185.9,19.8,76.7,4171.0
2022-07-13,,166.4,2.7,44.2,137.1,6.9,96.5,,,128.4,11.7,311.1,234.5,32.7,52.9,33.9,156.1,67.6,,212.8,416.4,2.8,6.0,1.7,2.7,117.4,9.5,311.4,250.0,1.5,336.5,125.0,5.6,533.4,48.0,188.4,17.9,76.6,4173.200000000001
2022-07-14,,172.2,2.6,42.7,131.2,6.5,91.9,,,133.0,11.5,323.3,218.0,30.4,48.7,32.1,155.4,66.9,,211.4,414.9,2.7,5.8,1.9,2.7,116.2,9.8,269.9,243.0,1.4,335.4,134.0,5.3,506.0,49.0,192.9,17.4,77.2,4089.7999999999993
2022-07-15,,183.2,2.9,45.5,131.6,6.8,91.1,,,129.4,11.6,321.9,203.6,30.8,47.0,32.0,160.3,67.0,,210.0,420.2,2.9,6.0,1.7,3.1,117.0,8.8,229.4,217.7,1.5,348.9,162.3,5.4,508.8,49.4,191.6,17.4,76.5,4068.6
2022-07-16,,191.3,2.8,44.2,136.4,6.7,95.2,,,124.5,11.1,322.1,208.6,33.9,50.2,33.0,159.3,68.3,,218.2,430.4,2.9,5.9,1.8,3.0,129.1,10.0,256.0,219.8,1.5,341.1,174.6,5.7,506.2,51.0,192.9,14.7,77.6,4155.299999999999
2022-07-17,,183.6,2.6,39.1,138.6,5.5,90.4,,,113.9,11.0,312.9,173.5,29.6,50.6,31.4,148.9,62.8,,216.8,420.5,2.8,6.0,1.7,2.9,125.8,9.0,208.5,219.1,1.1,308.0,170.0,5.7,488.1,47.0,181.7,19.5,76.2,3929.4
2022-07-18,,178.8,2.6,40.5,140.6,7.1,91.4,,,134.3,11.7,325.2,208.7,33.5,53.0,28.8,162.1,66.5,,218.2,433.2,2.7,6.2,1.6,2.9,125.7,9.5,265.5,233.1,1.5,329.1,162.9,5.6,526.5,49.9,190.3,16.7,74.9,4166.6
2022-07-19,,187.9,2.6,40.2,141.9,7.7,93.3,,,140.9,12.0,328.3,233.4,35.3,54.1,30.3,171.7,68.5,,226.2,438.5,2.7,6.2,1.6,2.7,129.5,9.7,298.5,246.9,1.5,338.2,181.4,5.5,539.9,47.8,196.6,17.8,77.1,4342.7
2022-07-20,,199.0,2.6,40.7,131.6,6.9,98.4,,,129.6,11.9,320.2,212.9,32.0,48.6,32.3,179.0,70.6,,219.9,443.5,2.8,6.1,1.6,2.8,130.1,9.9,267.0,245.7,1.6,347.4,196.4,5.5,465.4,45.5,199.2,17.5,78.2,4228.700000000001
2022-07-21,,198.5,2.6,40.2,120.1,6.1,97.5,,,118.7,12.1,334.0,171.8,33.4,45.1,32.9,182.1,71.0,,211.4,449.4,2.5,5.8,1.6,2.7,131.4,9.9,234.6,239.2,1.6,335.0,196.0,5.7,428.1,45.6,199.4,17.7,76.6,4035.7
2022-07-22,,190.7,2.2,41.5,122.9,6.2,101.4,,,121.3,12.2,332.0,183.2,34.0,49.9,32.4,188.2,72.4,,214.0,455.0,2.7,5.8,1.6,2.7,126.6,9.5,202.2,243.5,1.5,321.0,184.3,5.5,446.6,44.9,195.0,17.6,77.4,4074.0
2022-07-23,,186.8,2.3,41.5,128.6,6.2,95.9,,,110.2,12.1,332.2,187.7,32.4,47.3,32.6,181.0,70.8,,206.1,452.0,2.7,5.8,1.7,2.7,137.7,9.4,230.8,222.3,1.4,315.4,163.5,5.6,449.9,45.1,187.6,17.7,76.3,4027.5
2022-07-24,,184.4,2.5,36.7,128.1,6.0,94.1,,,113.8,10.9,303.6,180.4,29.0,47.0,33.8,166.8,64.8,,203.6,427.9,2.6,5.6,1.7,2.6,136.4,8.8,238.2,213.5,1.1,281.7,177.8,4.8,457.7,43.9,164.2,18.0,77.0,3894.2
2022-07-25,,195.2,2.6,37.7,125.0,6.9,97.1,,,119.9,11.9,324.2,202.1,31.2,46.1,31.1,188.5,71.9,,201.4,450.0,2.4,5.9,1.4,2.7,124.1,9.2,260.4,215.9,1.5,315.7,194.7,5.1,442.6,46.0,171.2,18.1,75.2,4060.7999999999993
2022-07-26,,185.3,2.4,37.7,125.7,7.1,98.3,,,121.3,12.1,326.8,216.5,32.2,47.5,32.1,195.0,73.6,,207.3,460.6,2.5,6.0,1.7,2.6,125.7,9.3,279.2,206.7,1.6,313.5,182.1,4.4,449.6,45.9,181.5,18.1,75.5,4114.2
2022-07-27,,186.9,2.5,39.6,115.4,7.0,99.5,,,123.6,12.3,313.2,220.6,33.0,47.0,31.8,195.5,73.7,,212.3,459.7,2.6,6.1,1.7,2.7,129.8,8.6,283.5,212.4,1.6,308.8,195.1,5.5,458.0,46.1,191.3,17.9,76.5,4149.299999999999
2022-07-28,,193.5,2.5,39.1,122.0,6.8,105.0,,,119.3,12.3,328.8,207.7,33.4,43.0,31.7,182.5,73.9,,218.8,466.3,2.7,5.8,1.7,2.6,134.6,9.7,269.3,202.1,1.6,314.2,206.9,5.6,451.0,47.4,192.4,18.0,75.0,4154.700000000001
2022-07-29,,202.9,2.6,41.8,127.8,6.6,107.6,,,114.4,12.3,340.7,185.4,30.6,49.3,30.2,186.7,75.7,,222.8,463.5,2.7,5.7,1.8,2.7,132.7,9.8,252.5,211.6,1.6,324.9,210.7,5.8,443.8,42.5,195.9,18.1,75.3,4166.599999999999
2022-07-30,,204.3,2.4,40.7,130.5,5.9,109.0,,,107.1,13.0,347.2,168.8,30.1,49.2,30.5,171.9,75.6,,224.1,468.4,2.7,5.9,1.8,2.7,134.9,9.8,237.3,227.4,1.4,318.7,211.5,5.6,423.4,44.5,195.0,20.3,75.6,4124.7
2022-07-31,,198.5,2.5,34.4,119.3,5.1,115.5,,,98.4,11.8,336.6,152.4,27.5,44.4,32.8,155.4,68.6,,228.1,452.1,2.7,5.9,1.7,2.8,139.4,9.0,191.8,230.8,1.0,287.0,218.9,5.3,418.8,40.6,183.6,20.0,74.2,3943.0
2022-08-01,,196.9,2.5,35.3,119.0,5.9,117.9,,,113.0,12.5,346.7,172.9,28.3,46.9,32.3,169.2,69.8,,238.2,479.0,2.7,6.1,1.7,2.7,137.6,9.7,217.0,235.0,1.5,303.3,216.6,5.2,446.1,43.4,182.4,17.6,72.6,4113.7
2022-08-02,,191.5,2.5,39.8,116.9,6.5,120.0,,,121.3,12.6,355.5,198.1,31.9,50.6,31.1,156.8,67.2,,240.7,493.4,2.6,5.9,1.8,2.6,138.3,9.6,262.0,246.6,1.5,308.9,209.3,5.6,463.0,45.3,190.3,18.4,73.3,4248.400000000001
2022-08-03,,185.3,2.4,40.4,131.3,6.8,121.2,,,125.9,12.7,357.5,213.0,33.0,53.4,29.9,162.3,66.9,,238.1,495.1,2.6,6.0,1.6,2.6,142.1,9.5,282.2,254.8,1.6,295.4,200.5,5.6,463.5,44.4,187.0,18.4,72.6,4292.800000000001
2022-08-04,,187.8,2.6,42.8,128.3,6.5,115.7,,,122.9,12.1,364.6,206.8,32.9,53.6,29.9,160.2,65.4,,234.9,483.8,2.7,5.9,1.7,2.8,142.0,9.1,274.0,251.9,1.5,289.8,194.8,5.6,463.9,44.2,189.0,18.6,71.1,4247.1
2022-08-05,,183.4,2.6,43.7,139.3,6.5,119.7,,,117.5,12.5,350.7,191.4,33.4,49.2,32.6,159.2,64.9,,237.1,466.1,2.6,6.2,1.7,2.8,139.0,9.0,268.4,244.7,1.6,286.9,193.8,5.4,463.2,43.5,197.9,18.7,72.9,4195.799999999999
2022-08-06,,171.2,2.3,43.2,137.7,6.4,113.5,,,115.2,12.4,345.9,193.4,33.3,49.3,33.8,150.3,66.0,,239.8,465.5,2.7,6.1,1.8,2.7,127.5,9.1,268.5,245.6,1.4,282.6,197.0,5.5,484.8,45.1,191.2,19.0,74.1,4171.7
2022-08-07,,168.4,2.2,43.1,136.0,5.7,105.3,,,104.9,11.1,328.7,177.4,31.4,50.2,33.6,156.6,61.6,,225.1,442.9,2.7,5.8,1.8,2.7,127.3,8.5,270.4,248.3,1.1,269.3,181.3,5.5,423.6,40.9,179.0,19.4,73.6,3971.9
2022-08-08,,169.6,2.4,38.3,137.0,7.0,102.4,,,114.4,11.6,345.4,197.5,31.6,50.8,32.8,160.4,67.7,,231.8,446.0,2.6,6.1,1.8,3.0,124.2,9.2,276.4,243.3,1.4,302.8,157.6,6.0,466.2,46.8,184.7,19.3,74.6,4100.0
2022-08-09,,172.0,2.4,43.2,117.6,7.3,96.5,,,123.7,11.7,342.4,220.6,33.5,53.1,27.0,151.4,70.5,,228.6,434.1,2.7,5.9,1.8,2.9,126.7,9.5,302.8,256.2,1.5,322.3,153.0,5.5,476.9,49.3,167.8,19.2,69.8,4137.099999999999
2022-08-10,,178.3,2.6,41.6,115.7,7.1,85.0,,,131.4,11.1,334.2,228.1,34.9,52.2,28.4,159.6,72.2,,217.7,442.9,2.7,5.9,1.7,2.7,127.8,9.7,310.5,257.5,1.5,331.9,161.1,5.3,481.2,49.1,155.3,19.3,71.0,4164.900000000001
2022-08-11,,188.6,2.7,47.6,121.2,6.1,81.8,,,113.9,12.1,271.5,207.0,24.5,43.3,29.4,172.3,72.7,,201.1,419.4,2.7,6.2,1.8,2.9,127.5,9.9,289.0,239.5,1.6,338.6,186.7,5.4,445.1,40.6,165.3,18.6,69.2,3990.900000000001
2022-08-12,,201.1,2.7,47.6,133.5,6.6,83.6,,,119.9,12.4,296.4,214.0,32.5,47.1,29.8,179.0,73.7,,195.0,427.9,2.8,6.0,1.7,2.8,127.3,10.0,289.0,236.2,1.6,350.4,203.4,5.4,468.4,45.5,175.3,19.0,71.7,4144.799999999999
2022-08-13,,200.6,2.5,43.9,137.6,6.8,84.1,,,119.7,12.5,314.5,228.6,33.4,50.4,31.0,164.7,74.5,,195.6,433.0,2.7,5.8,1.7,2.8,125.1,9.9,312.4,214.9,1.4,349.1,202.6,5.2,495.5,47.9,180.6,18.8,71.6,4208.599999999999
2022-08-14,,193.2,2.4,39.6,107.4,6.2,82.6,,,112.6,11.1,310.9,212.4,30.5,50.6,26.0,156.1,67.8,,194.4,423.6,2.6,6.1,1.8,2.6,124.5,9.1,314.3,225.0,1.0,318.0,182.7,5.2,457.3,45.8,152.4,19.2,66.6,3988.2
2022-08-15,,192.2,2.5,36.0,100.5,5.4,73.0,,,96.7,10.9,295.3,182.0,26.3,43.8,25.4,158.2,70.3,,174.3,382.7,2.6,6.2,1.9,2.6,120.8,8.2,252.1,218.4,0.9,307.4,162.2,5.6,406.3,39.7,149.6,18.0,67.2,3666.1
2022-08-16,,201.9,2.5,41.2,132.6,6.4,81.1,,,109.3,12.2,312.4,193.8,27.6,47.2,31.2,180.7,76.0,,169.8,422.5,2.7,6.2,1.7,2.9,125.8,8.2,277.1,206.9,1.4,343.9,186.7,5.6,397.4,44.8,177.5,16.8,72.9,3951.9
2022-08-17,,210.0,2.7,45.7,137.6,6.8,91.2,,,113.3,12.6,301.8,205.6,30.6,48.6,33.5,211.8,78.3,,199.0,446.2,2.8,6.3,1.8,2.9,129.8,9.2,293.7,188.4,1.6,353.7,204.7,5.8,482.2,48.3,197.7,18.6,74.5,4224.9
2022-08-18,,211.6,2.6,47.2,143.4,7.0,100.4,,,119.9,12.7,287.8,221.6,31.4,51.1,33.6,219.0,79.3,,213.5,454.9,2.6,5.9,1.7,2.8,138.3,9.5,302.7,204.1,1.6,343.3,220.4,5.6,510.4,49.4,205.6,19.0,75.1,4362.6
2022-08-19,,209.0,2.7,45.6,129.6,6.3,104.3,,,118.2,12.5,262.2,226.8,32.8,53.7,31.3,226.9,79.1,,227.5,456.1,2.5,5.6,1.7,2.8,130.0,9.2,311.3,225.0,1.5,349.2,221.8,5.2,547.4,47.8,164.9,19.2,71.4,4368.400000000001
2022-08-20,,211.9,2.7,45.7,108.1,6.1,94.3,,,119.4,12.6,278.6,227.8,32.1,50.4,28.35,205.8,78.5,,195.1,461.9,2.8,5.8,1.7,2.8,124.4,9.5,305.8,237.3,1.3,332.0,223.5,5.2,466.3,43.3,152.4,19.2,65.6,4176.3
2022-08-21,,215.3,2.5,44.7,120.1,5.8,89.3,,,117.8,11.2,289.3,220.1,25.9,50.5,25.4,184.8,70.9,,172.7,446.7,2.6,5.8,1.6,2.7,125.3,9.0,308.4,237.2,1.1,312.0,212.1,5.5,463.2,43.2,166.1,18.8,70.0,4104.4
2022-08-22,,221.3,2.6,45.3,134.2,7.0,97.6,,,128.2,12.1,314.2,239.1,30.0,52.7,31.3,195.7,72.5,,157.7,465.5,2.7,5.8,1.8,2.7,126.8,9.1,320.1,233.8,1.6,316.7,226.9,5.6,492.9,48.2,187.9,18.3,73.7,4309.1
2022-08-23,,229.4,2.5,43.1,129.7,7.3,105.8,,,126.3,12.5,320.0,236.8,30.6,53.7,32.3,202.3,70.5,,175.3,478.8,2.7,5.7,1.7,2.8,128.5,9.1,322.3,206.8,1.6,324.7,232.1,5.2,498.3,49.3,182.2,18.6,75.0,4351.3
2022-08-24,,219.7,2.7,46.8,126.3,7.1,106.6,,,122.6,11.6,308.3,234.7,32.6,48.9,32.4,208.4,69.5,,196.4,491.0,2.8,5.9,1.8,2.9,123.1,9.1,306.8,213.9,1.6,324.0,233.8,5.4,480.1,46.7,172.9,18.4,73.6,4316.499999999999
2022-08-25,,208.8,2.5,45.5,123.8,6.9,98.5,,,121.5,13.6,311.8,230.5,32.8,49.7,30.3,204.2,70.5,,201.4,501.2,2.7,6.0,1.7,2.8,121.7,9.1,292.1,221.2,1.7,319.1,223.5,5.8,485.8,49.0,178.4,19.0,74.4,4295.5
2022-08-26,,200.6,2.7,47.1,132.0,7.1,106.3,,,125.9,12.7,326.2,237.1,33.0,51.9,31.7,218.4,71.9,,210.9,506.9,2.8,6.1,1.7,2.7,124.2,9.2,300.0,235.4,1.7,306.9,225.5,6.0,498.2,50.3,191.5,18.9,74.7,4406.299999999999
2022-08-27,,200.3,2.5,43.5,132.4,6.8,107.7,,,122.8,12.6,332.8,240.9,34.0,50.5,32.9,199.8,70.8,,215.4,507.3,2.7,6.4,1.7,2.7,123.6,8.9,290.2,238.9,1.5,288.7,220.7,5.0,508.4,49.1,193.7,18.9,75.7,4377.9
2022-08-28,,192.1,2.3,38.8,117.8,6.2,109.1,,,116.5,11.3,336.2,231.9,31.2,52.5,32.1,165.5,65.3,,211.9,508.4,2.6,6.3,1.6,2.6,126.6,8.4,290.5,249.0,1.2,262.8,215.6,5.2,491.3,46.8,176.8,18.9,72.3,4234.8
2022-08-29,,191.9,2.2,39.8,126.4,6.8,103.5,,,124.8,12.1,357.8,235.5,31.4,52.2,32.3,180.3,71.9,,210.7,527.9,2.7,6.3,1.7,2.7,125.7,9.0,294.3,257.6,1.6,286.9,209.3,5.9,488.6,46.1,191.6,18.6,73.6,4357.4
2022-08-30,,195.5,2.5,40.9,130.7,7.0,109.1,,,124.6,12.1,376.9,244.3,34.1,51.5,32.9,180.9,72.0,,220.1,527.9,2.8,6.0,1.8,2.8,126.0,9.1,303.4,278.3,1.7,298.9,195.0,6.0,495.6,48.6,201.0,17.4,76.4,4461.400000000001
2022-08-31,,196.1,2.4,39.1,128.4,7.2,113.0,,,127.6,10.6,372.5,247.2,33.7,53.0,32.0,159.8,71.6,,229.7,488.5,2.8,6.2,1.8,2.7,127.3,8.1,307.5,279.5,1.5,274.3,206.3,6.5,514.1,49.0,203.0,17.2,71.7,4417.6
2022-09-01,,199.9,2.6,38.2,121.2,7.3,113.6,,,132.8,10.1,373.2,251.0,33.7,54.1,32.3,164.3,70.9,,223.5,463.3,2.7,5.9,1.8,2.9,137.1,8.3,290.6,286.2,1.4,275.8,215.3,5.9,499.7,48.4,201.6,15.9,72.6,4389.599999999999
2022-09-02,,198.6,2.6,39.6,125.6,7.2,117.1,,,133.9,11.5,387.5,251.6,34.0,52.1,31.4,172.6,71.3,,221.7,489.8,2.8,6.0,1.8,2.9,143.4,8.3,305.3,287.9,1.6,282.0,226.5,5.5,481.8,46.5,199.7,17.2,73.3,4468.0
2022-09-03,,206.4,2.2,38.7,122.3,6.5,112.2,,,128.5,11.8,401.1,255.3,32.8,49.9,30.3,179.9,73.5,,229.8,507.0,2.7,5.9,1.8,2.7,134.8,8.8,312.4,298.5,1.4,287.2,236.1,5.4,500.0,46.5,191.4,17.7,74.0,4543.3
2022-09-04,,206.4,2.2,37.2,128.5,6.1,103.7,,,124.0,10.9,384.1,237.4,29.4,46.6,32.6,162.2,70.0,,219.5,470.7,2.7,5.6,1.6,2.6,131.2,8.6,320.6,293.4,1.2,271.6,220.4,4.4,512.1,42.9,179.7,17.1,72.7,4387.1
2022-09-05,,208.0,2.2,37.8,129.6,6.9,108.1,,,131.8,12.3,405.9,248.7,32.1,47.0,32.7,168.6,74.2,,221.3,475.9,2.8,5.9,1.6,2.6,131.4,8.9,311.1,299.3,1.6,290.8,226.8,5.3,510.9,46.3,194.9,16.6,71.6,4499.100000000001
2022-09-06,,205.9,2.2,40.4,131.3,6.9,113.8,,,133.2,12.6,414.5,250.2,33.8,48.7,32.1,163.7,70.9,,225.6,484.5,2.7,5.8,1.6,2.6,131.3,9.0,296.3,306.3,1.6,304.9,223.4,5.8,525.4,47.7,190.4,15.0,71.5,4539.700000000002
2022-09-07,,196.7,2.2,41.2,131.2,6.9,113.8,,,134.1,12.4,422.2,256.8,34.6,49.3,34.9,161.5,67.9,,238.1,480.5,2.7,5.7,1.7,2.7,128.7,8.8,308.7,312.6,1.6,298.6,214.9,5.5,532.6,48.5,194.8,14.9,74.7,4570.4
2022-09-08,,180.4,2.3,42.7,129.7,7.0,116.9,,,136.8,12.7,425.6,256.0,35.8,51.8,31.6,162.4,60.5,,238.5,470.2,2.7,5.7,1.6,2.8,127.5,8.9,306.2,321.2,1.7,290.8,195.0,5.9,532.0,48.3,192.3,14.2,73.2,4517.8
2022-09-09,,178.9,2.2,42.7,132.6,7.1,117.7,,,139.0,12.8,395.7,257.9,36.2,52.2,32.0,162.4,64.7,,246.4,445.8,2.8,6.0,1.6,2.9,125.6,9.0,306.1,328.9,1.7,295.9,179.7,4.9,534.1,49.0,200.2,14.7,73.9,4490.5
2022-09-10,,171.3,2.3,41.2,131.4,6.6,116.7,,,133.8,12.5,380.8,250.6,34.7,50.1,34.0,155.1,66.6,,243.8,456.7,2.7,6.0,1.7,2.8,122.1,9.1,305.9,326.6,1.5,299.8,163.0,4.6,537.8,47.0,190.6,14.0,74.1,4424.8
2022-09-11,,167.5,2.3,40.1,124.8,6.1,108.9,,,125.2,11.8,339.4,232.7,31.1,46.5,32.3,132.3,64.9,,239.4,446.2,2.6,6.1,1.3,2.4,122.6,8.5,299.5,309.7,1.1,279.3,146.5,4.6,522.1,44.2,162.6,13.6,72.7,4177.9
2022-09-12,,180.5,2.4,37.3,112.6,6.7,98.3,,,132.5,11.3,339.8,240.8,32.9,48.1,29.2,150.0,72.8,,233.4,453.1,2.6,5.5,1.4,2.4,126.0,8.9,295.7,302.7,1.6,311.4,157.1,5.0,508.1,48.0,155.5,13.5,73.5,4228.599999999999
2022-09-13,,190.0,2.4,37.4,109.0,6.6,98.6,,,127.5,12.0,335.3,230.9,35.1,48.5,29.1,161.0,73.7,,213.6,452.2,2.6,5.6,1.5,2.4,131.9,8.9,293.8,305.9,1.7,329.2,168.4,4.6,452.5,46.0,155.5,13.4,72.8,4188.1
2022-09-14,,195.8,2.5,40.1,105.8,6.3,104.2,,,121.6,11.7,326.8,228.7,35.3,52.0,30.2,163.5,75.0,,195.9,447.5,2.6,5.8,1.5,2.6,137.3,9.4,296.7,291.8,1.6,342.2,189.1,4.4,410.8,46.2,166.9,14.1,72.4,4166.7
2022-09-15,,198.8,2.4,40.6,105.7,5.8,108.8,,,112.5,12.6,325.0,209.3,34.4,53.9,30.5,168.7,76.1,,193.5,442.5,2.7,6.1,1.5,2.6,138.5,9.4,282.8,284.5,1.7,341.4,202.2,4.9,354.3,42.5,165.6,14.1,73.2,4077.3
2022-09-16,,204.1,2.4,40.6,111.7,5.5,113.2,,,98.5,12.4,327.1,191.7,35.2,49.2,32.3,174.2,76.5,,199.5,436.7,2.7,6.2,1.6,2.6,139.7,9.4,269.5,285.3,1.7,346.6,216.7,6.3,326.7,41.3,163.7,13.6,74.0,4046.3
2022-09-17,,210.3,2.4,39.4,110.9,5.5,104.9,,,98.0,12.3,329.6,194.2,34.4,48.4,33.6,180.1,76.2,,200.2,431.5,2.7,5.8,1.6,2.9,141.6,9.0,265.4,282.9,1.5,334.7,219.2,5.3,355.9,37.1,155.3,13.3,69.5,4042.1
2022-09-18,,208.5,2.4,41.7,114.7,5.1,106.7,,,99.3,11.3,327.5,190.1,32.7,49.6,31.5,172.0,71.1,,206.6,421.9,2.6,6.0,1.6,2.9,137.5,8.6,264.1,288.7,1.0,314.8,214.8,5.0,378.5,36.1,160.6,13.7,71.4,4026.900000000001
2022-09-19,,200.1,2.5,43.2,116.8,5.9,98.6,,,111.5,11.3,356.0,213.3,34.9,49.0,31.4,191.2,76.7,,221.1,441.6,2.7,6.1,1.5,2.9,124.0,9.2,265.5,298.6,1.6,336.6,221.0,5.2,414.7,42.3,178.2,13.8,74.6,4230.599999999999
2022-09-20,,202.1,2.5,43.2,116.5,6.0,96.0,,,110.8,11.7,367.6,211.6,34.1,50.7,31.1,195.4,78.4,,218.3,446.2,2.8,6.1,1.4,2.9,123.2,9.4,278.5,302.1,1.7,343.7,201.0,5.6,411.2,44.7,177.4,13.7,75.9,4251.4
2022-09-21,,209.3,2.4,43.6,117.0,5.8,94.6,,,106.8,12.2,374.7,186.9,31.9,49.7,31.5,199.0,78.5,,204.1,444.3,2.7,6.2,1.6,2.8,135.9,9.7,273.1,295.1,1.7,350.6,206.2,5.4,379.3,43.8,179.8,13.1,74.7,4202.2
2022-09-22,,210.7,2.2,42.4,126.0,5.4,97.5,,,98.7,12.1,387.9,156.7,31.0,49.9,33.3,205.4,79.2,,195.6,443.7,2.8,5.9,1.6,2.8,138.0,10.0,239.9,282.5,1.7,351.8,205.9,5.7,354.9,43.7,186.6,13.3,73.9,4126.0
2022-09-23,,212.3,2.3,40.4,129.9,5.2,98.3,,,92.3,12.5,396.9,131.5,29.6,50.0,33.6,212.7,75.7,,192.6,444.6,2.8,6.1,1.6,2.8,137.3,9.8,209.2,259.1,1.8,352.3,214.7,5.3,359.4,41.2,189.1,13.4,75.1,4069.4
2022-09-24,,217.4,1.8,39.1,125.9,4.5,97.0,,,85.1,11.5,400.5,120.5,30.2,46.9,31.8,209.7,77.9,,195.0,450.2,2.7,6.3,1.6,2.9,145.2,9.8,157.6,248.8,1.7,358.0,224.7,4.8,344.6,38.8,188.4,13.5,73.5,3995.8
2022-09-25,,217.6,2.3,36.1,120.4,3.5,104.9,,,83.1,10.9,392.9,114.6,27.6,46.0,33.7,200.5,72.2,,201.4,455.3,2.6,6.2,1.5,2.6,145.5,9.1,118.6,244.5,1.5,329.8,226.3,5.0,347.1,33.6,182.9,13.5,71.8,3892.0
2022-09-26,,210.6,2.2,38.0,120.1,4.2,108.9,,,95.2,11.5,416.0,140.0,30.5,47.4,32.1,207.9,78.3,,214.5,473.1,2.7,5.9,1.6,2.7,138.9,9.3,139.4,261.4,1.7,331.4,233.3,5.5,374.3,33.4,188.1,13.4,72.3,4073.5
2022-09-27,,212.4,1.3,41.8,122.7,4.6,110.4,,,99.1,12.3,411.9,150.4,30.8,48.5,31.5,212.8,79.1,,224.7,478.5,2.8,5.9,1.5,2.6,125.5,9.4,156.1,269.1,1.7,331.3,213.3,5.3,393.7,41.3,191.7,14.2,74.9,4141.000000000001
2022-09-28,,209.3,1.9,41.6,127.0,4.8,105.0,,,103.0,12.4,413.8,156.2,31.6,49.3,30.7,216.3,79.3,,232.1,484.4,2.6,6.1,1.8,2.5,129.8,9.4,167.2,275.1,1.7,334.8,217.0,5.3,411.6,41.9,188.6,13.4,74.4,4210.200000000001
2022-09-29,,197.6,1.8,42.7,127.5,4.9,99.1,,,104.2,13.1,422.4,161.1,32.2,49.8,30.8,211.2,79.6,,232.6,481.5,2.8,6.2,1.6,2.6,124.5,9.2,178.9,278.9,1.5,333.1,195.5,5.7,420.9,42.2,187.5,14.8,73.4,4199.400000000001
2022-09-30,,187.2,1.9,44.6,128.5,5.1,102.4,,,106.2,12.9,424.0,167.6,32.5,54.4,33.0,190.1,79.1,,237.6,481.3,2.8,6.0,1.6,2.7,125.4,8.9,191.4,280.7,1.6,330.9,188.4,5.7,431.2,42.8,195.0,13.5,73.0,4218.0
2022-10-01,,175.4,1.9,45.7,131.9,5.0,107.7,,,103.3,13.3,420.4,169.2,31.2,53.5,34.1,162.6,76.5,,240.1,474.8,2.8,6.3,1.7,2.7,128.6,7.0,186.1,281.5,1.5,309.3,188.8,5.6,426.5,41.9,191.9,14.8,71.8,4141.900000000001
2022-10-02,,173.0,2.3,43.2,131.8,4.5,105.6,,,91.2,11.7,403.1,152.4,27.6,49.2,32.9,149.2,68.3,,236.7,462.0,2.7,5.6,1.6,2.7,130.9,7.4,192.8,270.8,1.1,283.9,192.2,4.8,415.4,36.4,160.3,15.0,71.7,3964.9
2022-10-03,,179.65,2.3,33.9,125.5,5.0,102.9,,,100.9,12.0,413.4,171.3,32.0,51.1,31.9,184.1,77.1,,239.2,490.3,2.5,5.7,1.6,2.6,137.4,9.1,187.9,279.4,1.1,344.3,203.4,4.6,429.0,41.8,147.5,14.4,68.8,4265.500000000001
2022-10-04,,186.3,2.2,33.3,98.1,5.1,102.0,,,104.8,12.2,416.8,179.8,33.1,52.1,30.2,160.2,73.7,,231.2,502.1,2.5,5.7,1.6,2.6,132.2,8.2,212.9,283.6,1.0,292.1,214.6,4.8,417.5,43.3,138.9,13.9,66.8,4092.6
2022-10-05,,177.1,2.3,28.9,100.1,4.6,98.3,,,96.2,11.4,393.5,165.2,29.5,52.1,27.6,154.4,75.0,,216.5,456.7,2.5,5.7,1.8,2.6,131.2,8.9,237.6,277.0,0.9,303.4,199.1,4.6,356.0,38.0,138.3,14.0,64.5,3897.5
2022-10-06,,166.4,1.8,34.4,111.6,4.9,99.8,,,97.2,12.0,418.4,171.1,32.4,50.6,30.6,163.1,76.6,,206.4,473.5,2.6,6.1,1.5,2.5,135.8,9.0,241.9,278.2,1.2,316.6,159.3,5.3,322.6,38.5,149.6,13.4,66.9,3927.1
2022-10-07,,170.3,2.2,37.4,115.4,4.8,99.1,,,91.5,11.9,410.0,164.3,34.5,52.5,31.6,171.0,75.7,,187.8,451.1,2.7,6.2,1.6,2.4,133.3,9.2,231.3,270.1,1.3,329.3,161.8,5.0,309.7,39.2,161.2,13.2,69.9,3886.2
2022-10-08,,171.6,2.1,34.7,118.0,4.5,99.4,,,78.7,11.7,402.4,140.4,34.5,51.0,32.4,175.1,74.6,,191.2,449.7,2.6,6.0,1.5,2.5,131.8,9.3,205.3,243.0,1.3,322.3,168.1,5.1,300.9,37.2,173.3,13.5,71.2,3794.9
2022-10-09,,168.8,2.1,31.8,122.3,4.0,101.5,,,68.4,11.5,383.7,117.9,32.0,52.5,32.8,170.5,69.3,,197.2,447.4,2.6,5.7,1.5,2.5,131.7,8.2,190.0,232.8,1.2,281.7,170.8,5.4,283.3,33.0,168.7,14.1,71.5,3645.6
2022-10-10,,166.4,2.0,33.2,116.2,4.4,100.8,,,72.9,12.2,401.6,126.9,33.1,48.2,33.6,171.3,75.6,,196.5,465.4,2.7,6.0,1.6,2.5,125.6,8.6,176.9,242.6,1.5,289.3,167.2,5.1,275.4,35.6,180.0,14.7,73.0,3696.3
2022-10-11,,171.0,2.2,31.9,106.3,4.0,97.3,,,76.8,12.4,412.3,131.8,30.8,46.3,31.6,171.6,77.8,,185.4,467.5,2.6,6.0,1.8,2.6,119.8,9.0,159.1,248.3,1.5,297.4,172.0,5.2,289.2,37.4,182.7,13.9,71.8,3705.6
2022-10-12,,176.0,2.3,31.7,102.5,3.9,96.7,,,79.4,12.5,410.6,138.5,33.2,46.6,30.0,173.5,77.9,,192.2,462.0,2.7,6.1,1.7,2.6,119.2,9.2,168.1,247.8,1.5,304.8,180.7,5.1,308.0,37.9,168.4,13.9,71.6,3746.6
2022-10-13,,177.4,2.2,33.4,110.1,3.8,97.4,,,78.2,12.3,416.1,139.3,32.7,48.7,30.6,165.7,77.6,,194.3,460.5,2.6,6.2,1.6,2.5,122.4,9.3,172.9,247.4,1.7,306.4,181.7,5.3,318.0,37.9,170.1,14.1,72.7,3781.100000000001
2022-10-14,,173.8,2.2,35.4,113.9,3.8,98.9,,,79.4,12.3,406.1,143.3,31.8,49.0,32.0,157.3,77.5,,190.5,452.5,2.6,6.3,1.6,2.5,121.1,9.2,172.1,247.4,1.6,309.2,176.9,5.4,318.9,37.0,174.6,13.5,73.8,3761.5
2022-10-15,,169.2,2.0,36.0,109.4,3.7,95.6,,,74.6,12.5,408.1,146.4,31.4,48.3,32.4,157.1,77.9,,188.2,446.9,2.6,5.9,1.7,2.3,120.7,9.3,169.9,248.7,1.5,293.9,156.1,5.6,316.0,37.1,175.0,11.3,74.2,3699.3
2022-10-16,,168.0,2.2,34.7,104.4,3.4,98.4,,,71.1,11.4,393.2,133.8,29.2,47.1,32.1,142.7,70.6,,187.5,441.9,2.6,5.9,1.5,2.3,125.4,8.3,162.1,245.0,1.1,275.1,147.8,5.3,305.2,33.3,163.2,11.8,70.6,3564.3
2022-10-17,,173.2,2.2,35.0,105.1,3.9,97.2,,,79.0,12.2,405.9,146.4,30.9,48.2,31.0,160.5,75.5,,199.2,465.0,2.6,6.0,1.5,2.3,122.8,8.9,159.2,247.0,1.6,290.2,161.7,5.6,315.7,38.1,165.3,12.2,72.4,3711.2
2022-10-18,,178.7,2.3,35.6,105.4,3.9,95.7,,,80.0,12.4,420.3,149.8,31.5,49.1,31.0,166.4,74.5,,204.2,464.2,2.5,6.2,1.6,2.4,121.5,9.0,152.8,250.9,1.7,302.8,169.2,5.3,320.5,38.0,172.0,13.1,73.6,3776.4
2022-10-19,,178.7,2.3,35.2,104.5,3.9,93.9,,,80.8,12.7,415.1,148.6,29.9,52.2,30.0,172.1,74.7,,204.8,474.0,2.6,6.0,1.7,2.5,117.1,9.2,150.6,251.6,1.7,304.3,171.4,5.4,322.6,38.0,171.3,12.6,73.6,3783.8
2022-10-20,,178.3,2.3,34.8,102.6,3.8,96.3,,,80.7,12.5,418.6,148.5,31.6,44.1,29.2,171.9,75.0,,205.7,472.0,2.6,6.4,1.8,2.4,118.1,9.1,147.9,256.9,1.6,298.1,170.3,5.3,326.7,38.3,167.3,14.3,71.5,3774.500000000001
2022-10-21,,181.1,2.3,34.1,101.6,3.8,94.9,,,81.6,12.2,405.8,148.2,30.9,51.4,30.8,166.8,74.6,,209.0,467.6,2.7,6.1,1.8,2.4,113.4,8.6,145.7,255.7,1.6,292.3,175.2,5.3,328.6,37.8,164.9,15.0,71.6,3753.500000000001
2022-10-22,,178.1,2.2,33.2,101.0,3.5,94.2,,,76.2,11.7,380.3,142.7,30.3,52.1,31.0,157.0,74.5,,210.2,451.3,2.6,6.4,1.7,2.4,118.6,7.8,140.7,254.8,1.4,287.4,170.5,5.3,340.6,37.3,164.4,14.9,71.9,3685.1
2022-10-23,,177.5,2.2,30.8,99.8,3.1,92.6,,,67.7,10.9,343.1,122.8,26.9,53.4,31.6,145.1,69.5,,204.1,418.7,2.6,6.7,1.6,2.3,124.5,7.7,133.2,244.3,1.1,248.8,167.1,5.2,327.0,32.8,153.8,15.4,71.6,3470.3
2022-10-24,,172.5,2.0,23.5,103.5,2.9,86.0,,,61.0,9.0,296.6,106.8,20.0,52.4,31.6,152.1,72.1,,200.1,378.2,2.2,5.8,1.5,1.8,127.0,6.1,109.2,225.6,1.0,206.7,163.4,2.7,313.5,26.4,130.8,15.3,68.7,3194.4000000000005
2022-10-25,,181.0,2.1,20.0,96.3,2.9,81.9,,,59.7,11.8,276.9,96.1,18.9,51.1,30.9,159.7,75.7,,195.2,371.3,2.2,5.0,1.3,1.6,131.3,7.1,99.9,215.8,1.0,230.3,170.6,1.9,274.7,25.6,130.8,15.3,68.7,3129.4000000000005
2022-10-26,,189.8,2.2,25.8,95.6,3.2,87.1,,,61.8,10.7,272.5,109.0,25.1,51.6,28.8,164.2,76.9,,204.5,382.2,2.3,6.2,1.6,2.1,134.7,8.2,115.0,232.4,1.1,275.7,179.7,3.4,284.7,28.1,146.5,15.2,68.2,3314.7
2022-10-27,,195.9,2.2,27.7,92.6,3.4,88.1,,,68.0,11.1,337.0,124.7,28.7,49.7,27.8,173.9,78.0,,211.5,412.3,2.4,6.4,1.6,2.2,126.5,8.9,129.6,248.9,1.2,292.6,181.3,3.6,290.0,32.3,143.2,14.9,69.1,3510.7
2022-10-28,,193.2,2.2,29.1,91.3,3.4,88.9,,,71.1,11.4,327.9,131.7,30.8,52.5,28.1,183.9,79.1,,221.3,433.4,2.5,6.7,1.5,2.2,115.8,9.0,131.5,260.1,1.4,305.0,184.4,4.1,300.9,34.4,143.1,15.7,69.0,3592.4
2022-10-29,,191.9,2.3,29.6,90.1,3.5,89.5,,,68.8,11.3,336.6,132.2,31.8,51.8,29.8,183.9,78.5,,229.1,444.5,2.5,6.7,1.5,2.2,111.0,9.2,129.0,264.6,1.4,292.8,178.4,4.0,303.2,35.4,139.6,14.9,69.0,3596.9
2022-10-30,,188.6,2.5,28.7,87.1,3.1,89.0,,,64.2,10.4,336.7,118.3,29.9,52.0,28.7,168.2,71.4,,233.6,441.5,2.5,6.4,1.4,2.0,105.4,7.8,119.2,265.6,1.3,211.3,172.2,4.5,297.1,33.7,133.2,15.6,69.4,3427.8
2022-10-31,,192.4,2.1,27.6,84.6,3.4,89.2,,,69.2,10.9,354.5,126.6,31.4,51.1,28.7,187.2,75.7,,237.9,464.4,2.6,6.4,1.7,2.1,107.9,8.1,123.0,268.0,1.6,290.5,177.5,5.0,314.1,34.8,139.7,15.3,69.0,3629.8
2022-11-01,,179.9,2.1,29.5,88.2,3.4,89.3,,,71.3,11.3,359.7,131.4,31.8,53.6,29.2,174.8,76.8,,242.9,469.6,2.6,6.5,1.7,2.0,114.2,8.2,127.4,272.8,1.6,295.0,173.1,5.1,299.1,35.7,148.2,14.8,68.0,3646.6
2022-11-02,,179.1,2.2,30.5,87.8,3.5,89.9,,,72.3,11.8,364.4,132.1,32.8,53.2,28.9,182.3,76.9,,254.4,480.5,2.7,6.5,1.7,2.3,116.7,8.1,130.0,276.6,1.6,284.5,171.6,4.9,302.4,36.1,148.9,15.3,67.5,3686.2
2022-11-03,,181.6,2.1,30.0,87.4,3.5,89.6,,,72.4,12.3,372.7,129.8,32.3,53.1,30.6,185.2,75.5,,263.3,483.2,2.6,6.4,1.8,2.3,108.6,8.2,128.1,281.3,1.7,279.4,174.3,4.7,304.2,36.0,143.0,16.0,69.2,3699.2
2022-11-04,,183.7,2.3,30.1,88.2,3.5,90.1,,,73.5,12.4,382.5,130.7,32.5,53.4,30.9,188.4,75.8,,271.1,487.9,2.7,6.5,1.8,2.0,106.2,8.3,130.3,285.9,1.6,284.3,177.0,4.5,306.9,36.0,141.6,14.5,69.0,3742.8
2022-11-05,,187.6,2.3,29.8,87.5,3.4,89.7,,,71.6,12.7,388.5,132.1,32.1,51.3,28.1,189.9,74.8,,276.7,493.5,2.6,6.5,1.8,2.0,113.0,7.9,127.3,286.1,1.5,273.3,174.0,4.6,304.8,35.4,139.8,15.7,70.6,3745.1
2022-11-06,,185.0,2.3,27.6,88.4,3.1,88.3,,,68.7,11.7,376.7,120.2,28.8,41.9,29.0,177.7,67.0,,278.1,486.0,2.5,6.6,1.7,2.0,109.4,7.3,113.9,286.4,1.2,249.5,166.2,4.5,297.6,33.7,125.9,16.3,68.3,3599.0999999999995
2022-11-07,,188.7,2.2,27.7,88.9,3.4,88.2,,,74.0,12.2,391.3,128.0,31.1,48.4,28.0,196.6,74.2,,281.8,508.4,2.6,6.6,1.6,2.0,111.6,8.6,126.0,285.3,1.6,275.3,172.5,4.5,303.3,35.0,134.5,16.7,69.0,3755.2
2022-11-08,,192.3,2.0,28.7,85.5,3.3,87.7,,,69.7,12.8,394.5,128.5,31.7,54.9,28.2,203.9,76.0,,288.9,521.1,2.7,6.8,1.8,2.2,110.7,8.9,123.2,282.3,1.7,285.9,174.2,4.4,303.7,36.0,133.9,16.4,70.7,3802.4
2022-11-09,,190.9,2.0,28.9,82.8,3.4,87.8,,,72.9,12.6,393.5,127.4,32.2,53.8,27.7,207.4,77.2,,292.0,525.1,2.7,6.7,1.8,2.1,111.9,8.7,125.4,283.1,1.6,294.9,171.5,4.2,307.3,36.6,134.2,15.4,69.1,3822.0
2022-11-10,,188.5,1.8,28.8,85.5,3.4,86.5,,,73.3,12.7,400.5,130.4,31.5,54.8,28.7,207.8,78.0,,294.0,523.3,2.8,6.5,1.8,2.1,103.1,9.3,124.5,289.2,1.5,294.7,169.4,4.1,308.1,36.8,133.8,16.5,70.6,3831.6
2022-11-11,,185.8,2.0,27.7,85.3,3.3,86.0,,,74.8,12.6,401.0,129.4,32.9,56.0,28.2,203.7,76.3,,298.2,519.8,2.8,6.3,1.8,2.2,97.8,8.9,124.2,286.2,1.6,273.2,168.7,3.9,305.4,36.5,132.2,16.0,71.4,3789.400000000001
2022-11-12,,174.2,2.0,28.5,81.1,3.2,86.4,,,65.0,12.0,402.1,124.5,28.3,56.0,27.8,189.4,72.6,,297.3,521.6,2.7,6.7,1.8,2.3,103.1,9.3,123.3,289.4,1.6,258.3,164.6,3.9,298.0,35.7,128.9,16.0,71.0,3715.600000000001
2022-11-13,,177.1,2.1,26.2,78.9,3.0,86.3,,,61.1,11.5,383.0,110.0,29.4,53.6,29.2,168.3,67.2,,293.8,507.4,2.7,6.4,1.8,2.1,95.2,9.2,113.3,286.0,1.4,230.3,163.3,3.8,286.4,33.1,115.7,16.8,70.0,3551.2000000000003
2022-11-14,,180.9,2.3,25.9,79.2,3.3,84.3,,,67.2,11.8,398.3,124.2,32.2,51.9,27.5,197.0,73.3,,295.4,526.4,2.7,6.5,1.5,2.1,96.0,9.2,117.8,288.1,1.7,259.3,169.5,3.9,290.5,35.5,119.5,16.3,69.7,3697.6
2022-11-15,,181.8,2.3,26.8,77.8,3.4,85.5,,,68.3,13.1,401.6,128.2,32.3,53.7,29.3,209.5,75.1,,299.4,536.0,2.8,6.7,1.5,2.1,90.9,9.2,120.8,292.9,1.8,271.3,169.8,3.8,295.7,36.4,122.5,17.6,69.8,3766.8
2022-11-16,,181.8,2.3,27.2,78.3,3.3,84.6,,,67.2,12.6,397.7,130.7,33.2,54.7,26.9,211.6,76.2,,301.6,535.5,2.9,6.5,1.9,2.3,93.8,9.3,124.3,293.0,1.8,281.1,168.7,3.3,296.6,36.8,124.2,17.6,70.8,3787.4
2022-11-17,,184.4,2.2,27.3,77.7,3.3,81.7,,,67.0,12.5,397.7,131.5,32.9,54.4,26.8,213.1,77.0,,304.5,533.7,2.9,6.5,1.9,2.2,94.0,8.9,124.5,299.1,1.8,283.6,166.6,3.9,295.4,36.4,123.8,17.4,69.5,3792.8
2022-11-18,,184.2,2.2,26.6,79.1,3.3,85.7,,,66.7,12.2,401.5,131.3,33.4,55.9,26.4,216.0,76.1,,305.1,522.3,2.9,6.5,2.0,2.2,91.8,8.5,124.6,297.7,1.8,292.7,168.5,3.8,298.7,37.0,123.8,17.5,69.7,3804.4
2022-11-19,,184.0,2.3,26.4,78.9,3.3,83.8,,,62.5,11.5,394.1,129.8,33.1,55.5,27.4,213.9,74.1,,305.6,518.6,2.9,6.7,1.9,2.1,94.6,8.5,128.0,297.7,1.6,281.0,162.0,3.9,300.0,36.4,121.0,15.3,69.1,3764.2
2022-11-20,,180.9,2.2,24.5,76.7,3.0,83.4,,,60.6,10.4,379.9,118.1,30.8,56.1,27.4,199.0,67.6,,304.2,498.6,2.9,6.4,1.8,2.1,95.1,7.8,119.8,290.8,1.3,256.4,156.1,3.8,295.1,35.5,111.7,16.8,68.4,3620.500000000001
2022-11-21,,176.1,2.2,26.0,77.3,3.2,83.6,,,64.0,10.5,398.2,127.7,32.8,55.4,27.1,214.5,73.6,,304.1,510.5,2.8,6.7,1.8,2.1,98.3,8.0,124.5,299.0,1.7,283.1,162.9,3.9,301.0,35.9,120.0,17.3,67.9,3749.900000000001
2022-11-22,,178.4,2.1,26.3,79.2,3.3,85.1,,,66.0,11.0,397.5,131.6,33.1,56.0,27.3,214.3,74.7,,305.4,522.7,2.9,6.7,1.8,2.2,97.3,8.6,128.9,299.4,1.8,291.5,166.7,3.9,304.5,36.7,122.6,17.1,70.2,3803.8
2022-11-23,,174.6,2.3,26.5,80.5,3.4,86.0,,,65.2,11.5,390.6,133.9,33.9,56.7,27.3,207.3,74.5,,309.5,530.9,2.9,6.8,1.9,2.2,102.2,8.6,131.1,293.7,1.8,301.5,170.7,3.8,305.4,37.9,122.2,17.2,70.0,3821.6
2022-11-24,,178.5,2.2,26.8,78.5,3.4,86.8,,,65.7,13.2,400.5,135.0,33.2,55.1,27.0,199.0,74.8,,309.4,531.8,2.9,6.8,1.9,2.2,101.0,8.6,135.7,298.0,1.8,303.9,172.9,3.8,307.7,37.7,121.9,16.5,69.6,3841.2
2022-11-25,,182.2,2.2,26.7,82.6,3.4,86.4,,,68.0,13.6,398.0,134.9,33.4,56.9,25.9,206.2,75.9,,309.4,537.5,2.9,6.9,1.8,2.2,100.8,8.9,138.2,303.4,1.8,312.5,174.7,3.8,305.3,38.4,121.6,16.9,69.0,3878.6
2022-11-26,,184.2,2.2,26.4,78.6,3.3,85.7,,,63.1,12.2,395.0,134.7,33.6,55.7,27.6,204.4,76.9,,308.3,539.7,2.9,7.0,1.9,2.2,103.9,8.9,136.3,301.3,1.7,312.0,170.8,4.4,300.4,37.2,120.2,17.7,69.8,3857.5
2022-11-27,,181.4,2.1,24.7,78.4,3.0,86.2,,,61.0,11.1,380.1,122.2,31.7,55.9,26.9,192.7,69.9,,305.6,526.7,2.9,6.9,1.8,2.0,104.3,8.4,128.7,301.4,1.4,279.3,163.5,3.8,296.0,34.4,111.4,17.6,66.6,3716.2
2022-11-28,,183.8,2.2,25.3,77.0,3.3,86.1,,,65.0,12.1,392.4,129.7,33.1,56.5,27.3,211.6,74.7,,305.6,538.8,2.9,7.0,1.9,2.3,98.9,8.4,134.2,301.3,1.7,298.3,170.8,3.9,298.6,36.7,117.4,17.5,68.0,3821.2000000000007
2022-11-29,,184.6,2.2,26.2,78.1,3.4,87.2,,,65.2,12.2,393.8,135.7,33.4,56.9,27.2,198.3,76.0,,309.7,538.6,2.9,6.7,1.9,2.2,93.8,8.3,135.2,305.4,1.8,303.3,171.0,4.2,301.6,37.4,119.7,17.8,69.5,3838.8
2022-12-01,,191.2,2.5,26.4,76.8,3.4,87.8,,,66.5,13.0,378.4,134.6,33.8,55.9,26.0,218.5,76.9,,308.4,529.3,2.8,6.7,1.8,2.2,93.5,8.7,135.3,302.3,1.8,303.1,175.8,4.1,292.3,37.0,117.5,17.0,67.0,3824.899999999999
2022-12-03,,193.7,2.0,25.8,76.7,3.4,85.8,,,65.4,13.4,395.7,135.3,33.6,56.2,26.3,219.0,78.4,,309.2,541.9,2.9,6.7,1.9,2.4,95.8,8.8,137.3,304.1,1.6,306.2,180.6,3.9,288.9,37.1,114.1,17.6,71.7,3870.4
2022-12-04,,190.9,1.9,25.2,78.2,3.1,87.3,,,59.8,12.4,377.1,119.2,31.3,55.4,27.3,206.1,70.1,,307.6,536.1,2.6,6.7,1.7,2.1,103.8,7.5,135.8,299.6,1.4,264.0,175.0,3.6,292.3,34.8,105.3,18.1,69.5,3738.9
2022-12-05,,193.6,2.2,25.1,77.6,3.4,87.0,,,65.3,13.0,378.5,133.0,33.2,57.2,29.7,224.3,76.0,,308.2,547.1,2.9,6.9,1.8,2.3,100.8,7.9,135.9,297.8,1.7,287.1,180.3,3.7,296.7,37.0,114.4,17.6,67.8,3843.8
2022-12-06,,189.4,2.2,25.2,79.7,3.4,88.1,,,67.1,12.6,389.6,137.6,34.4,57.7,27.4,224.2,77.7,,310.2,554.6,3.0,6.9,1.9,2.4,94.9,8.1,140.3,305.6,1.8,297.4,183.4,3.7,301.7,38.0,120.6,17.2,68.7,3904.4
2022-12-07,,183.2,2.3,26.3,79.1,3.5,88.7,,,67.9,13.0,389.6,139.2,34.7,57.2,27.7,223.9,77.6,,308.3,554.7,3.0,6.8,1.9,2.3,93.5,7.9,143.2,305.0,1.9,295.1,184.9,3.8,302.5,38.6,122.1,17.8,69.9,3904.8000000000006
2022-12-08,,183.1,2.4,26.1,78.1,3.5,89.6,,,67.4,12.5,389.1,138.9,34.9,58.1,26.3,219.6,75.8,,307.3,546.4,3.1,7.0,1.8,2.3,90.5,7.0,141.9,302.7,1.8,283.1,183.6,3.7,302.8,37.2,121.6,18.0,69.6,3864.500000000001
2022-12-09,,170.0,2.4,26.5,80.0,3.6,90.9,,,68.6,12.3,384.4,140.2,34.3,58.1,27.3,214.5,74.1,,309.3,521.8,3.1,7.1,1.8,2.3,91.5,6.5,145.0,308.5,1.9,252.1,184.7,3.7,308.0,38.8,119.6,17.4,70.3,3807.8
2022-12-10,,149.5,2.4,26.1,80.2,3.5,90.6,,,64.5,12.3,381.1,141.1,34.3,57.1,27.3,193.6,71.0,,311.1,521.6,3.2,7.1,1.9,2.3,93.1,6.3,144.1,301.3,1.7,236.3,178.1,3.6,307.4,38.8,119.3,17.7,71.1,3727.6
2022-12-11,,147.4,2.3,24.1,81.7,3.2,91.9,,,62.8,12.4,368.5,127.5,30.7,56.5,28.4,152.3,64.0,,308.4,513.4,3.1,6.8,1.9,2.2,95.3,7.0,139.1,300.8,1.4,239.5,170.8,3.6,301.1,35.8,113.4,17.4,69.1,3609.9
2022-12-12,,155.8,2.3,25.5,80.6,3.4,92.6,,,65.8,13.0,391.2,138.3,33.8,58.1,26.8,166.0,68.4,,311.0,532.8,3.1,6.8,1.8,2.3,94.8,7.7,137.7,303.2,1.8,261.6,178.1,3.6,308.0,38.1,119.9,17.7,69.1,3747.8000000000006
2022-12-13,,159.5,2.3,25.7,81.4,3.5,95.1,,,67.1,13.1,398.3,142.7,34.4,58.4,26.6,169.3,70.5,,301.0,550.2,3.1,6.4,1.8,2.2,93.1,8.2,141.2,307.9,1.9,270.9,185.9,3.7,311.4,41.2,124.2,17.7,69.0,3816.7
2022-12-14,,165.4,2.3,25.8,82.1,3.6,96.5,,,69.7,12.8,394.4,144.1,35.4,58.7,28.0,172.8,71.5,,304.0,551.6,3.3,7.0,1.9,2.3,93.6,8.3,139.9,311.2,1.9,278.5,192.5,3.7,312.2,40.6,126.7,15.9,68.8,3855.1
2022-12-15,,166.8,2.3,25.7,79.7,3.5,98.4,,,67.7,13.6,395.9,142.7,34.4,58.0,27.4,179.3,71.5,,298.7,547.3,3.3,7.0,1.9,2.4,94.7,8.6,137.0,303.8,1.9,282.8,198.8,3.8,316.5,40.8,124.6,17.8,69.6,3856.2
2022-12-16,,173.5,2.3,25.6,83.9,3.7,99.4,,,71.2,13.0,400.6,145.5,32.8,59.2,27.7,185.0,71.0,,305.6,552.6,3.3,7.0,1.9,2.4,93.1,8.5,134.8,301.1,1.9,293.3,203.8,3.8,314.0,40.6,124.5,17.7,70.4,3902.400000000001
2022-12-17,,176.5,2.4,25.4,83.8,3.7,99.4,,,67.4,13.3,405.8,143.2,34.7,58.2,28.1,192.5,72.5,,312.7,559.0,3.3,7.0,1.9,2.4,92.6,8.8,137.4,306.6,1.8,285.4,205.3,3.7,320.7,40.3,123.2,17.8,71.1,3936.0
2022-12-18,,170.8,2.4,23.5,84.9,3.4,98.7,,,66.5,12.0,387.5,131.6,32.7,58.7,29.4,176.2,66.7,,311.9,532.6,3.3,6.9,1.9,2.3,91.0,7.9,131.0,313.0,1.5,268.9,200.8,3.5,316.6,37.9,122.0,18.1,70.0,3813.000000000001
2022-12-19,,173.9,2.3,24.9,83.3,3.7,98.6,,,68.8,11.6,394.1,139.2,33.7,58.1,29.2,199.8,73.9,,315.3,544.4,3.3,6.8,2.0,2.4,96.1,8.5,133.9,306.3,1.9,294.3,206.4,3.6,314.3,38.7,121.8,18.0,69.2,3908.1
2022-12-20,,178.3,2.4,24.9,85.0,3.9,100.5,,,70.4,12.7,405.6,140.7,34.3,58.7,28.7,208.5,76.3,,320.2,551.2,3.2,7.0,2.0,2.4,97.0,8.6,125.0,311.9,2.0,302.4,208.2,3.7,302.7,41.3,120.7,17.6,71.1,3968.4
2022-12-21,,181.5,2.4,25.4,82.8,4.0,100.6,,,72.8,12.6,396.1,148.0,34.9,58.7,29.2,212.0,78.3,,324.5,556.9,3.3,6.7,1.9,2.4,94.5,8.6,137.8,310.9,2.0,310.0,211.0,3.7,319.2,41.1,120.7,17.3,72.1,4024.0
2022-12-22,,183.0,2.5,25.5,81.7,4.1,101.9,,,73.7,13.3,395.9,148.2,35.4,59.8,27.5,218.3,77.1,,325.2,557.9,3.4,7.0,2.0,2.2,92.1,8.5,142.8,309.9,1.9,314.1,213.7,3.7,325.9,41.4,124.0,15.6,71.3,4050.4
2022-12-23,,182.6,2.4,25.8,86.1,4.2,103.1,,,75.9,12.2,394.8,145.4,35.9,60.6,28.5,222.6,75.8,,326.5,551.1,3.4,7.0,2.0,2.4,91.7,8.4,145.6,302.2,1.9,301.7,217.3,3.8,332.4,41.6,124.5,16.3,71.2,4046.6
2022-12-24,,184.2,2.4,25.7,83.1,4.2,101.5,,,73.3,13.1,389.4,145.3,35.8,61.2,26.7,216.3,74.2,,326.0,539.9,3.4,7.4,2.1,2.4,93.1,8.6,148.6,304.6,1.8,319.3,217.8,3.8,327.8,41.6,123.5,16.7,73.6,4038.000000000001
2022-12-25,,175.9,2.3,23.7,85.6,4.2,101.5,,,72.3,11.4,373.0,132.5,33.4,61.6,28.1,196.8,67.1,,322.1,521.9,3.3,7.0,1.9,2.3,101.5,7.9,139.1,301.0,1.5,268.3,214.3,3.6,326.9,40.5,115.2,15.8,70.3,3872.3
2022-12-26,,179.2,2.4,25.4,86.2,4.5,101.4,,,78.8,12.8,383.1,141.8,35.3,61.9,27.6,203.9,76.3,,324.2,533.0,3.4,7.2,1.8,2.3,101.8,8.6,144.4,304.0,1.8,276.3,220.8,3.7,330.7,41.1,120.2,16.0,71.6,3972.7
2022-12-27,,187.0,2.3,25.2,85.8,3.9,103.5,,,80.9,13.4,385.1,143.6,35.8,62.0,27.4,209.8,78.9,,324.9,550.4,3.0,7.3,2.0,2.1,94.9,8.7,145.6,310.7,1.9,286.4,225.6,3.6,336.8,43.5,122.4,17.2,69.4,4040.9
2022-12-28,,192.6,2.4,25.9,86.3,4.5,102.9,,,80.3,14.2,381.9,144.6,36.2,62.5,28.4,219.6,80.1,,324.5,554.2,3.3,7.3,2.0,2.3,95.2,8.7,142.9,309.0,1.9,292.5,230.8,3.6,342.4,43.4,124.3,16.4,71.4,4078.4
2022-12-29,,198.4,2.4,26.0,89.8,4.6,103.3,,,78.8,14.5,391.7,142.7,36.5,61.0,27.0,223.2,80.5,,325.1,548.7,3.4,7.4,2.0,2.3,95.7,7.9,139.6,308.2,1.9,303.3,231.7,3.7,346.8,45.3,123.8,15.9,72.1,4104.099999999999
2022-12-30,,200.4,2.5,26.7,92.0,4.7,104.1,,,79.0,14.4,390.8,141.6,35.5,56.7,29.7,228.9,79.2,,327.1,549.4,3.5,7.5,2.1,2.2,96.4,8.9,143.2,312.1,2.0,303.5,235.0,3.8,348.5,45.1,123.1,16.1,72.0,4127.700000000001
2022-12-31,,199.7,2.6,26.2,90.6,4.0,103.4,,,73.9,14.0,382.5,138.4,35.7,62.0,30.3,227.7,76.6,,325.6,537.4,3.6,7.7,2.2,2.3,96.3,8.6,144.4,311.8,1.9,301.6,232.1,3.8,340.6,42.5,122.6,16.8,72.8,4081.4
2023-01-01,,190.8,2.6,24.5,91.3,4.1,99.8,,,73.7,12.1,356.9,125.2,34.0,63.0,28.5,214.6,69.0,,310.2,506.8,3.4,7.2,2.1,2.0,89.5,7.8,140.0,304.9,1.6,269.0,222.3,3.7,332.7,41.3,111.9,17.1,71.3,3871.899999999999
2023-01-02,,195.6,2.5,24.5,89.0,4.8,100.9,,,78.2,12.5,376.7,139.2,34.2,61.7,27.2,225.3,75.2,,312.4,532.5,3.1,7.1,2.0,1.9,93.7,8.2,141.2,299.4,2.0,298.4,229.2,3.6,340.9,42.5,120.6,16.3,70.3,4010.3
2023-01-03,,198.4,2.6,25.8,95.5,4.8,103.2,,,81.4,14.7,380.4,147.6,34.7,63.7,30.0,229.2,75.8,,319.3,541.4,3.6,7.4,2.1,2.0,98.0,8.5,150.5,305.2,2.0,308.5,233.1,3.8,354.9,44.1,119.8,16.8,72.9,4121.3
2023-01-04,,197.9,2.6,25.9,97.6,5.0,99.3,,,85.6,14.4,374.9,153.2,35.9,62.5,29.3,231.6,75.7,,313.4,522.2,3.6,7.5,2.1,2.1,92.6,8.6,158.0,299.6,2.0,314.2,234.5,3.8,373.1,45.1,124.3,16.8,75.3,4130.300000000001
2023-01-05,,197.1,2.6,26.3,99.1,5.2,100.2,,,85.6,14.4,382.3,150.5,36.2,62.1,30.3,229.7,75.7,,317.1,548.7,3.5,7.3,2.0,2.1,91.7,8.5,154.6,295.1,2.1,314.0,232.4,4.0,374.8,45.0,126.8,16.3,74.7,4158.500000000001
2023-01-06,,197.3,2.4,26.2,102.4,5.4,100.4,,,88.0,14.1,388.0,151.9,37.0,62.6,29.2,233.7,75.6,,317.0,546.5,3.4,6.8,2.0,2.1,89.1,8.6,146.5,294.1,2.0,316.6,225.9,3.8,378.6,44.4,127.8,15.2,72.8,4158.000000000001
2023-01-07,,196.7,2.3,26.0,101.7,5.2,100.0,,,84.6,14.0,398.2,150.1,36.3,63.8,29.1,229.7,76.1,,317.5,543.9,3.4,7.3,2.1,2.2,88.9,8.6,156.6,303.1,1.9,307.2,225.7,4.1,363.8,43.7,130.2,16.3,73.8,4154.700000000001
2023-01-08,,185.4,2.5,25.0,101.3,4.8,98.8,,,81.5,12.1,386.2,137.2,32.8,62.1,29.2,214.9,70.3,,320.3,522.2,3.3,7.3,2.0,2.2,89.9,7.8,152.7,315.5,1.6,283.7,221.2,3.9,371.4,43.7,118.7,17.6,74.6,4043.2
2023-01-09,,190.0,2.5,26.2,94.2,5.3,103.6,,,88.7,13.0,391.0,147.4,35.1,63.0,27.9,230.1,77.5,,322.1,532.0,3.3,7.2,2.1,2.1,86.1,8.2,154.5,299.9,1.7,296.4,226.9,4.4,374.3,42.6,129.7,17.6,73.5,4120.2
2023-01-10,,195.3,2.7,26.7,98.7,5.3,105.9,,,88.1,12.3,397.5,151.3,35.4,63.6,29.0,236.9,77.0,,329.3,543.4,3.2,7.2,2.1,2.0,87.7,8.0,153.6,296.3,2.0,302.5,228.5,3.8,380.1,42.0,131.9,13.9,73.0,4177.0
2023-01-11,,196.3,2.7,25.2,101.5,5.4,102.7,,,89.0,12.8,386.1,152.4,36.9,63.3,30.1,236.4,75.6,,326.1,544.1,3.1,7.2,2.1,1.9,89.0,8.5,158.0,309.8,2.0,311.1,227.2,4.0,378.6,42.7,131.5,13.8,75.4,4193.1
2023-01-12,,199.6,2.8,26.3,100.5,4.7,105.1,,,84.7,12.7,396.0,150.8,35.4,62.6,29.2,240.8,75.0,,325.4,549.3,3.4,7.4,2.2,2.1,93.6,8.5,152.1,301.9,2.0,312.2,232.6,4.4,361.2,42.7,132.0,14.3,75.1,4189.2
2023-01-13,,199.3,2.6,26.4,101.8,4.5,106.7,,,83.2,13.6,391.3,148.3,34.8,59.0,28.2,249.2,74.0,,328.0,547.0,3.4,7.3,2.1,2.1,101.1,8.6,146.7,282.8,2.0,311.2,234.5,3.9,350.9,43.0,133.9,15.2,75.0,4162.2
2023-01-14,,192.5,2.8,25.7,95.0,4.6,103.6,,,78.6,13.5,352.6,147.3,33.9,56.0,28.7,241.8,72.7,,323.9,541.4,3.4,7.5,2.2,2.1,96.2,8.3,148.0,297.9,1.9,294.5,227.9,3.5,355.2,43.6,134.6,15.6,74.0,4009.1
2023-01-15,,181.5,2.6,24.0,96.1,4.2,104.8,,,78.9,11.8,313.9,132.9,31.9,63.1,29.8,226.0,66.9,,314.1,521.8,3.3,7.2,2.1,2.2,99.2,6.9,144.4,297.4,1.7,244.2,218.0,3.4,347.8,42.0,120.5,16.2,72.0,3870.9
2023-01-16,,179.4,2.6,24.2,93.5,4.6,104.8,,,84.0,12.6,368.0,146.2,34.9,63.6,28.6,237.2,74.8,,317.2,534.9,3.5,7.3,2.1,2.2,101.7,6.5,158.1,301.3,2.1,233.5,224.3,3.8,358.8,44.2,129.7,16.1,72.8,4018.5
2023-01-17,,190.6,2.8,26.2,96.4,4.7,105.3,,,84.7,14.0,382.9,150.8,35.3,64.0,28.4,244.9,76.8,,324.2,545.8,3.5,7.3,2.3,2.1,92.0,6.6,163.0,301.0,2.1,251.1,230.7,3.9,363.1,45.4,135.1,15.9,74.4,4117.6
2023-01-18,,195.2,2.8,26.3,96.7,4.9,105.4,,,85.5,14.2,376.7,152.2,36.9,64.8,29.6,242.6,76.5,,326.3,548.4,3.6,7.5,2.3,2.1,91.2,7.0,162.2,306.4,2.0,285.5,235.1,3.9,370.0,45.4,136.8,16.7,73.8,4176.5
2023-01-19,,200.4,2.7,26.6,95.6,4.6,105.7,,,82.5,14.0,388.7,149.6,35.5,64.7,29.6,242.4,75.5,,322.5,549.0,3.5,7.4,2.3,2.1,91.9,8.1,157.3,301.3,2.1,298.9,236.6,4.0,362.4,45.6,136.1,15.6,74.9,4180.1
2023-01-20,,202.2,2.5,26.9,96.4,4.9,106.7,,,81.3,13.9,391.1,139.5,36.8,65.4,28.9,249.7,74.3,,326.2,547.5,3.6,7.4,2.3,2.1,96.2,8.3,151.2,302.6,2.1,309.0,236.6,3.9,354.2,42.4,136.9,17.4,74.6,4185.4
2023-01-21,,202.0,2.4,26.9,91.2,4.4,106.8,,,75.9,13.6,386.6,142.4,35.4,63.1,29.8,247.2,73.7,,316.1,548.9,3.5,7.3,2.2,2.1,100.7,8.4,150.8,307.4,2.0,305.2,233.7,3.9,338.9,43.5,136.4,17.6,75.0,4145.1
2023-01-22,,200.4,2.4,26.1,93.4,3.9,106.7,,,73.0,12.6,368.3,129.0,33.0,63.9,28.5,228.8,68.2,,308.3,530.1,3.4,7.1,2.2,2.2,97.3,7.8,148.4,307.3,1.7,290.3,228.9,3.8,328.9,40.5,127.5,17.2,74.3,4004.7
2023-01-23,,201.0,2.4,26.5,90.3,4.2,106.4,,,74.6,12.6,379.5,136.8,33.9,64.6,29.2,247.1,75.8,,304.9,544.5,3.5,7.3,2.0,2.2,103.0,7.5,151.9,306.3,2.0,304.9,240.4,3.8,319.6,42.7,133.7,17.0,74.1,4095.9
2023-01-24,,204.2,2.3,26.8,90.8,4.5,108.2,,,74.8,12.7,385.1,139.7,35.1,64.9,29.8,250.1,76.3,,301.7,551.4,3.4,7.2,2.0,2.1,111.6,8.2,146.0,306.2,2.0,300.9,220.6,3.9,296.9,42.4,139.0,17.1,74.6,4082.7
2023-01-25,,203.0,2.7,27.5,88.7,4.4,109.7,,,76.1,13.4,375.3,142.7,33.4,67.3,28.7,251.6,75.3,,276.6,547.9,3.5,7.1,2.2,2.1,109.1,8.5,141.3,305.8,2.0,312.7,227.1,4.1,299.4,42.3,142.7,16.9,74.7,4066.3
2023-01-26,,201.9,2.6,27.8,90.4,4.0,108.5,,,64.8,11.8,353.8,123.8,28.1,63.5,29.7,233.1,72.4,,258.3,492.8,3.3,6.8,2.1,2.1,102.9,7.6,128.3,298.9,1.5,287.0,232.9,4.0,303.8,35.5,130.1,16.1,73.0,3838.3
2023-01-27,,204.1,2.5,26.3,87.6,4.2,109.9,,,75.5,13.7,365.7,139.0,31.7,63.7,29.3,241.9,76.0,,272.5,527.6,3.3,6.9,2.1,2.2,105.0,8.2,143.3,300.5,1.9,305.9,234.1,3.8,306.6,40.6,135.4,15.2,73.6,3998.0
2023-01-28,,205.3,2.6,26.6,86.4,3.9,111.3,,,74.0,12.8,373.9,143.5,34.4,63.5,28.3,242.8,75.8,,281.1,545.6,3.3,7.1,2.1,2.1,104.1,8.4,144.2,301.1,1.9,316.0,232.7,3.8,311.1,42.5,135.4,14.9,74.4,4057.2
2023-01-29,,204.7,2.5,25.9,86.9,4.0,110.3,,,70.9,14.4,346.8,119.0,33.1,64.3,28.5,229.3,69.1,,286.3,540.4,3.1,6.9,2.1,2.1,104.4,8.0,137.4,252.1,1.5,293.6,235.6,3.7,301.1,41.0,127.6,15.5,73.7,3885.6
2023-01-30,,207.7,2.2,26.7,86.8,4.1,110.8,,,76.4,12.7,358.8,114.2,33.1,55.5,27.3,247.4,75.5,,272.5,553.3,3.2,6.8,2.0,2.2,103.1,8.4,131.1,236.4,1.9,310.5,234.7,3.9,288.6,40.7,135.2,17.1,74.5,3905.6
2023-01-31,,210.5,2.3,27.0,86.9,3.9,108.9,,,77.1,13.3,364.7,133.0,33.2,59.7,29.2,257.7,78.5,,277.7,565.1,3.2,6.8,2.0,2.1,103.0,8.5,140.0,261.0,1.9,315.6,240.1,3.9,304.2,41.8,140.5,17.3,76.2,4037.3
2023-02-01,,206.8,2.5,26.7,86.7,4.0,107.2,,,75.9,14.4,360.4,134.5,32.8,63.2,29.2,252.0,79.1,,285.6,560.0,3.2,7.0,2.0,2.1,103.9,8.5,144.1,271.1,1.8,304.2,238.5,4.0,311.1,40.7,139.4,17.5,74.5,4034.4
2023-02-02,,210.2,2.2,26.6,89.7,3.8,105.9,,,74.8,14.1,369.7,137.2,33.6,64.4,25.6,252.5,79.4,,284.0,561.6,3.1,6.8,2.0,2.1,101.8,8.2,145.9,280.2,1.8,302.7,241.6,3.9,314.9,41.4,146.7,17.4,73.9,4070.1
2023-02-03,,212.1,2.5,26.2,91.3,3.8,107.9,,,75.5,14.5,375.9,142.1,34.1,63.8,27.2,258.6,78.4,,288.9,559.9,3.1,6.8,2.0,2.1,97.1,8.4,147.8,283.2,1.9,299.4,245.9,3.9,323.1,42.5,146.7,17.8,72.8,4107.8
2023-02-04,,212.2,2.3,26.0,90.3,3.5,107.3,,,69.7,14.6,379.4,141.1,33.0,62.2,27.3,257.6,78.3,,292.9,561.5,2.8,7.0,2.0,2.1,98.2,8.3,142.5,287.0,1.7,292.7,235.6,3.9,318.6,41.5,143.1,16.8,73.8,4077.4
2023-02-05,,208.1,2.3,25.3,89.6,3.3,107.1,,,66.7,13.6,365.6,129.3,30.5,61.7,28.7,245.0,72.4,,294.6,548.4,3.0,7.0,1.9,2.1,98.1,7.7,144.8,286.7,1.5,268.1,234.9,3.7,315.7,38.9,133.7,17.4,73.8,3970.6
2023-02-06,,214.0,2.4,26.5,90.0,3.6,108.8,,,67.4,14.0,378.9,142.4,33.1,59.7,27.4,265.1,78.6,,298.2,565.0,3.1,7.2,2.0,2.2,100.3,8.4,144.9,293.9,1.9,297.8,233.8,3.9,320.5,40.9,144.5,16.4,73.8,4110.9
2023-02-07,,217.2,2.4,25.9,89.9,3.6,110.0,,,69.4,14.3,384.6,146.5,33.0,60.2,26.9,269.0,78.8,,301.5,572.5,3.1,7.2,2.1,2.1,99.4,8.5,146.8,296.5,1.9,307.4,234.1,4.1,326.5,41.4,144.9,16.8,74.7,4164.300000000001
2023-02-08,,219.0,2.7,25.9,89.1,3.6,112.0,,,70.0,13.0,384.5,148.6,34.5,61.4,27.3,271.9,79.7,,307.4,574.8,3.1,7.2,2.1,2.0,113.3,8.6,150.7,298.3,1.5,316.8,236.9,3.9,327.7,42.2,149.5,15.8,75.1,4221.3
2023-02-09,,219.7,2.8,26.5,88.1,3.6,112.6,,,67.6,13.6,389.9,148.4,33.5,60.9,28.0,271.9,81.3,,307.5,573.4,3.1,7.3,2.0,2.0,110.8,8.7,153.2,301.4,1.8,317.3,235.1,3.9,328.8,41.8,148.9,17.8,75.0,4229.299999999999
2023-02-10,,219.8,2.8,27.0,89.9,3.6,111.5,,,68.6,13.9,388.1,146.3,33.7,54.2,28.1,271.5,81.3,,308.6,549.1,3.1,7.2,2.1,2.1,100.3,8.7,151.2,305.9,1.9,318.5,250.8,3.9,329.6,41.1,147.8,18.4,73.9,4205.500000000001
2023-02-11,,216.8,2.8,25.9,88.5,3.4,111.8,,,65.6,14.1,389.9,143.1,33.7,61.8,27.1,269.4,79.2,,308.4,541.7,3.0,7.0,2.1,2.1,103.7,8.9,145.2,300.1,1.7,323.7,258.8,3.8,328.9,40.2,149.5,18.3,74.4,4195.500000000001
2023-02-12,,218.8,2.5,25.5,84.3,3.3,112.2,,,64.3,12.8,376.0,127.9,31.6,59.6,28.1,251.1,72.1,,305.1,526.4,2.9,6.7,1.9,2.1,110.6,8.2,147.9,303.6,1.6,288.4,270.4,3.8,308.5,36.7,144.0,17.7,74.1,4069.9
2023-02-13,,220.0,2.6,26.0,84.3,3.6,111.4,,,67.4,13.8,387.8,133.9,33.1,61.3,28.1,267.4,78.7,,307.1,542.9,3.0,6.9,2.0,2.1,105.0,8.5,147.2,302.6,1.9,314.9,274.6,3.7,299.7,40.1,147.0,18.4,74.8,4161.999999999999
2023-02-14,,223.1,2.5,26.8,88.0,3.7,111.2,,,66.9,14.1,387.6,141.8,33.3,60.4,28.3,272.6,80.2,,310.0,555.6,3.0,7.0,2.0,2.1,103.7,8.7,144.5,295.3,1.9,324.1,278.7,3.8,315.3,40.9,142.8,17.2,75.7,4213.800000000001
2023-02-15,,222.3,2.6,26.0,88.2,3.6,111.8,,,69.1,13.8,391.4,146.4,33.1,59.9,27.0,272.2,80.8,,308.9,557.4,2.8,7.1,2.0,1.9,104.4,8.8,146.2,304.8,1.9,326.8,281.2,3.6,331.5,41.0,142.1,18.2,75.6,4255.6
2023-02-16,,221.9,2.5,26.9,87.6,3.5,113.5,,,67.9,13.2,401.1,147.8,31.5,59.5,27.8,264.9,80.9,,306.4,558.5,2.9,6.9,2.0,2.1,104.9,8.8,154.7,301.8,1.9,333.8,279.7,3.5,330.6,38.0,145.6,18.3,75.8,4267.8
2023-02-17,,225.5,2.4,27.1,90.3,3.6,114.1,,,67.6,13.4,410.0,147.5,32.2,60.1,28.4,273.5,80.9,,304.8,563.7,2.9,6.9,1.9,2.2,105.6,8.7,156.2,304.4,1.9,337.2,289.8,3.7,330.7,38.3,146.1,19.0,75.7,4317.099999999999
2023-02-18,,222.9,2.2,26.4,86.9,3.3,111.4,,,64.3,13.1,395.4,143.1,29.6,60.1,27.2,275.6,78.5,,298.0,563.0,3.0,6.5,1.9,2.2,107.8,8.7,165.9,308.5,1.9,328.8,286.8,3.9,320.3,38.5,143.7,18.2,75.9,4262.899999999999
2023-02-19,,217.7,2.3,25.8,84.5,3.0,112.4,,,61.8,12.7,391.0,129.0,27.2,56.9,28.4,258.5,73.3,,298.3,546.9,2.8,6.4,1.6,2.0,106.6,8.1,156.3,307.5,1.9,304.7,286.3,3.8,313.5,36.9,137.7,18.1,75.1,4138.5
2023-02-20,,224.3,2.4,27.0,87.4,3.4,112.9,,,66.4,13.5,408.7,140.3,30.1,56.8,28.3,274.8,82.4,,299.6,568.1,2.9,6.8,1.9,2.1,119.5,8.6,154.6,297.0,2.1,328.1,282.1,3.9,325.4,39.2,145.7,18.4,75.7,4281.1
2023-02-21,,227.7,2.4,26.5,90.0,3.4,114.6,,,68.1,14.2,409.4,143.9,30.1,56.2,27.7,281.2,85.3,,302.9,577.0,2.9,6.9,1.8,2.1,120.2,8.9,147.7,292.1,2.2,331.6,280.0,4.0,329.5,39.0,153.2,17.8,76.3,4318.0
2023-02-22,,228.3,2.3,24.7,88.2,3.4,115.5,,,67.9,14.4,403.2,143.2,32.8,58.5,28.3,282.4,84.9,,302.0,578.5,2.9,6.6,1.8,2.0,110.0,8.2,147.3,304.1,2.1,339.1,287.1,4.0,328.1,39.1,154.7,18.0,75.0,4330.1
2023-02-23,,228.0,2.4,23.9,90.1,3.3,116.0,,,67.0,14.2,409.6,140.0,32.3,57.7,25.9,276.6,83.2,,299.5,574.5,2.8,6.6,1.6,2.2,111.5,9.0,155.8,306.3,2.1,338.3,289.6,4.0,322.3,38.8,155.4,17.8,76.0,4325.500000000001
2023-02-24,,231.4,2.4,26.3,92.6,3.4,117.5,,,68.8,14.5,411.9,140.8,33.0,58.5,28.6,284.0,83.2,,299.4,570.3,2.8,6.7,1.8,2.2,112.9,9.8,152.7,295.3,2.0,342.5,292.8,4.2,321.9,39.1,160.9,18.1,75.3,4348.799999999999
2023-02-25,,231.5,2.4,26.5,89.4,3.2,116.6,,,64.9,14.2,407.3,140.2,31.9,56.9,30.0,281.2,83.0,,298.4,570.8,2.9,6.8,1.8,2.2,114.7,9.2,155.2,292.2,2.0,343.1,291.0,4.1,324.4,38.0,159.1,18.1,75.8,4330.400000000001
2023-02-26,,225.8,2.5,25.5,90.0,3.1,117.6,,,63.1,13.4,393.9,128.6,28.5,54.9,29.5,262.5,75.8,,292.8,554.5,2.8,6.5,1.6,2.2,105.1,8.5,155.8,306.6,1.9,309.7,290.0,3.9,318.9,38.0,150.7,18.4,75.4,4198.2
2023-02-27,,229.9,2.5,25.8,83.4,3.4,117.7,,,67.7,14.4,410.0,140.0,32.6,56.0,28.7,273.7,81.3,,294.7,573.5,2.8,6.3,1.9,2.2,108.6,8.7,148.7,296.8,2.0,335.5,294.8,4.1,332.0,38.0,159.9,18.4,74.0,4310.799999999999
2023-02-28,,230.0,2.7,26.3,88.5,3.4,118.2,,,68.8,14.6,412.6,134.9,33.9,57.8,26.9,280.3,82.2,,295.9,577.9,2.9,6.6,1.8,2.3,109.1,9.0,143.8,299.9,1.8,342.7,292.2,4.1,334.7,38.9,157.7,17.2,72.6,4333.100000000001
2023-03-01,,227.1,2.5,27.1,92.6,3.4,118.3,,,68.6,14.8,408.9,128.6,34.2,57.0,27.3,285.0,84.9,,294.2,572.3,2.9,6.6,1.8,2.3,111.3,9.0,129.9,301.0,1.8,349.7,296.0,4.1,334.1,38.3,159.2,17.3,72.8,4325.500000000001
2023-03-02,,225.6,2.4,26.5,93.5,3.3,120.3,,,69.3,14.4,418.2,136.4,33.5,56.1,27.9,279.0,85.6,,292.1,579.6,2.9,6.5,1.8,2.3,111.0,9.1,136.0,300.1,1.8,346.7,295.8,3.9,354.5,37.9,164.7,17.8,72.4,4370.0
2023-03-03,,228.6,2.2,27.8,95.6,3.4,120.2,,,70.5,14.8,422.1,144.1,33.8,57.0,27.9,277.8,84.2,,290.5,583.5,2.8,5.8,1.7,2.2,114.6,9.1,144.2,303.3,1.8,334.1,303.4,3.9,347.9,38.6,163.8,17.3,73.5,4393.099999999999
2023-03-04,,228.4,2.4,27.9,94.4,3.3,117.6,,,66.7,13.5,425.0,141.0,33.5,56.8,29.2,277.7,83.6,,282.4,586.6,2.9,5.9,1.8,2.3,124.6,9.0,147.2,280.7,1.6,353.0,298.0,4.0,340.9,38.8,167.4,15.9,75.8,4381.200000000001
2023-03-05,,223.8,2.4,26.2,93.9,3.0,119.5,,,62.4,12.4,406.0,132.8,31.3,55.5,29.1,269.0,78.4,,256.9,568.0,2.8,5.7,1.7,2.3,121.4,8.4,154.3,270.7,1.4,321.5,293.1,4.1,328.5,37.7,162.4,17.2,73.9,4218.6
2023-03-06,,229.7,2.8,26.8,93.4,3.3,120.8,,,68.2,13.1,390.4,143.1,32.2,55.2,28.0,283.6,84.9,,252.4,562.8,2.8,6.2,1.7,2.2,108.9,8.8,153.0,273.0,1.7,343.9,296.9,4.6,337.7,37.7,167.8,16.4,75.9,4270.3
2023-03-07,,231.2,2.6,27.2,91.7,3.3,117.2,,,65.3,12.3,351.9,138.4,31.4,57.2,29.4,280.4,86.3,,226.6,533.8499999999999,2.7,6.6,1.8,2.9,111.5,8.8,163.0,236.0,1.7,354.9,288.8,4.0,339.5,36.5,153.3,17.4,75.0,4050.1
2023-03-08,,222.1,2.2,24.4,81.6,2.8,97.8,,,51.2,11.9,301.6,113.0,22.4,55.0,26.5,278.9,85.8,,216.2,504.9,2.6,6.4,1.6,2.3,108.4,8.2,167.0,232.9,1.2,345.3,286.6,4.0,322.9,26.5,143.1,17.9,65.6,3871.400000000001
2023-03-09,,223.8,2.4,26.8,85.6,3.2,105.8,,,61.0,13.0,345.2,118.4,30.3,52.9,25.8,281.6,87.7,,215.5,550.6,2.6,6.3,1.7,2.2,109.9,8.7,148.0,249.0,1.5,347.1,291.9,4.0,297.5,31.2,152.3,17.6,69.0,4004.7
2023-03-10,,226.1,2.5,28.6,90.2,3.4,114.1,,,69.9,13.5,390.6,138.1,31.5,55.8,27.7,288.7,88.4,,237.9,566.6,2.7,6.5,1.7,2.3,108.7,9.3,153.7,262.9,1.6,362.3,291.9,4.1,321.8,36.7,157.0,18.3,69.6,4224.8
2023-03-11,,222.7,2.6,28.3,92.9,3.3,116.6,,,68.1,13.1,401.2,144.2,31.5,54.6,25.6,284.3,87.4,,246.8,574.1,2.7,6.6,1.8,2.3,114.8,9.2,163.0,267.9,1.3,358.0,288.4,3.9,331.9,38.5,154.2,17.8,70.4,4271.1
2023-03-12,,223.2,2.2,27.6,96.4,3.1,118.5,,,65.5,12.1,391.7,132.4,29.7,52.5,27.1,261.3,81.6,,246.2,560.3,2.6,6.6,1.8,2.3,122.6,8.5,152.7,265.7,0.6,330.5,290.8,3.9,334.7,37.3,154.8,17.6,71.8,4176.6
2023-03-13,,228.5,2.4,29.0,97.5,3.5,119.9,,,70.6,14.0,408.9,142.6,31.2,54.1,28.3,286.4,90.3,,249.2,577.3,2.7,6.6,1.8,2.4,118.9,9.2,160.8,267.9,0.8,354.5,292.8,4.3,341.8,39.1,170.3,17.8,73.8,4340.400000000001
2023-03-14,,231.8,2.4,28.9,99.8,3.4,120.5,,,75.8,14.2,409.7,147.8,31.3,54.7,27.2,296.5,92.1,,244.5,579.3,2.7,6.5,1.8,2.4,109.8,9.4,156.5,271.4,0.8,365.6,299.2,4.0,342.3,40.1,175.2,18.0,74.9,4381.7
2023-03-15,,233.2,2.3,25.6,99.2,3.6,120.2,,,76.8,13.933333333333332,402.6,145.1,33.0,53.2,27.4,295.5,90.8,,236.5,579.3,2.4,5.9,1.6,2.2,111.5,9.5,154.4,264.9,0.8,375.8,295.9,4.1,348.9,40.1,177.3,18.4,75.1,4354.6
2023-03-16,,230.3,2.5,24.4,98.8,3.6,118.5,,,77.4,13.666666666666666,406.0,140.0,32.4,53.2,27.2,280.8,88.0,,225.0,530.1,2.6,5.5,1.6,2.2,111.2,9.2,149.8,253.4,1.1,366.7,274.9,4.2,329.0,40.4,171.3,19.1,72.9,4208.799999999999
2023-03-17,,196.5,2.6,27.7,93.9,3.6,116.8,,,75.7,13.4,410.3,135.4,33.5,54.5,27.4,266.4,89.1,,221.6,528.6,2.6,6.3,1.8,2.3,112.2,9.5,126.6,226.3,1.7,362.9,222.0,4.0,285.6,39.4,144.8,19.7,73.7,3980.000000000001
2023-03-18,,190.8,2.3,27.1,92.9,3.4,96.0,,,68.9,13.9,389.1,121.7,33.7,52.2,24.9,260.6,88.4,,204.0,517.9,2.8,6.1,1.8,2.4,101.3,9.6,119.9,225.8,1.5,353.2,223.5,4.9,234.9,38.1,148.2,18.9,71.6,3793.900000000001
2023-03-19,,167.5,2.7,24.9,76.2,3.0,91.1,,,64.5,12.9,354.5,108.9,31.2,53.9,24.4,239.6,80.6,,193.3,498.3,2.7,6.2,1.8,2.2,96.8,8.8,117.5,216.5,1.3,305.4,187.8,3.3,246.6,36.8,123.4,18.1,70.6,3513.9
2023-03-20,,183.4,2.7,23.8,75.1,3.2,90.2,,,67.8,13.7,375.3,111.9,32.1,54.2,22.9,267.7,88.2,,191.0,531.3,2.6,6.4,1.8,2.2,97.4,8.2,121.0,203.2,1.7,326.4,225.2,3.3,272.2,38.1,132.2,18.7,73.1,3709.2000000000007
2023-03-21,,194.5,2.7,25.0,79.1,3.2,97.9,,,65.2,13.7,386.8,115.7,32.8,55.8,26.6,281.8,88.5,,199.7,544.4,2.8,6.6,1.8,2.4,103.1,8.6,122.7,205.9,1.8,340.3,244.2,3.3,269.4,37.8,140.0,16.3,74.6,3836.6
2023-03-22,,197.5,2.7,24.8,76.7,3.3,99.6,,,69.1,13.3,386.9,122.1,33.8,56.9,27.0,268.9,88.6,,212.1,536.5,2.9,6.6,1.8,2.4,105.9,9.3,129.3,209.7,1.7,353.0,258.1,3.7,287.9,39.7,147.4,17.6,73.2,3914.9
2023-03-23,,199.6,2.7,26.1,87.3,3.2,106.6,,,69.5,14.6,388.9,122.1,33.1,57.7,27.6,281.0,90.8,,216.9,553.8,2.9,6.7,1.8,2.4,110.9,9.6,128.1,213.5,1.7,355.4,264.9,3.7,293.5,39.1,157.0,19.3,74.9,4011.9
2023-03-24,,208.2,2.6,27.5,93.2,3.4,112.9,,,70.7,14.0,386.5,118.6,34.3,56.7,29.6,289.0,90.8,,222.0,562.0,2.8,6.9,1.7,2.3,116.0,9.9,121.4,211.6,1.8,353.8,277.8,3.9,305.9,39.0,165.2,18.0,75.2,4080.3000000000006
2023-03-25,,211.8,2.6,27.8,95.6,3.2,114.5,,,67.0,13.7,394.0,114.1,32.9,53.8,29.4,288.8,89.2,,225.8,559.8,2.8,6.9,1.8,2.3,118.7,9.7,115.9,212.1,1.6,352.4,277.6,3.9,296.0,37.8,174.5,18.3,76.1,4077.2000000000007
2023-03-26,,210.4,2.7,25.9,95.6,2.9,109.0,,,65.4,10.5,382.7,105.3,30.4,55.7,28.9,274.4,82.7,,220.9,527.5,2.7,6.5,1.7,2.3,115.6,9.4,112.8,215.7,1.1,324.9,270.2,3.8,299.4,36.5,165.1,18.0,75.6,3935.8
2023-03-27,,218.6,2.6,26.4,96.9,3.2,107.9,,,69.6,14.4,403.3,118.7,33.1,57.5,29.4,290.5,89.4,,225.2,561.2,2.3,6.2,1.7,2.1,117.2,9.6,122.6,221.4,1.5,349.3,277.1,4.9,309.0,37.4,164.2,17.5,76.1,4112.4
2023-03-28,,225.3,2.5,27.6,100.4,3.3,111.5,,,67.5,13.0,409.0,123.4,33.2,57.7,30.5,296.5,91.8,,230.8,573.0,2.6,5.5,1.7,2.2,120.4,9.7,124.9,226.7,1.6,367.9,288.6,4.1,318.4,38.5,178.0,18.4,75.5,4226.300000000001
2023-03-29,,229.3,2.4,27.4,101.6,3.5,117.7,,,73.8,13.2,404.8,124.9,34.0,57.5,30.6,300.5,93.1,,235.4,571.1,2.7,5.6,1.8,2.2,116.2,9.7,127.4,227.4,1.7,372.2,285.9,3.6,325.7,38.6,187.7,18.3,76.6,4268.600000000001
2023-03-31,,226.3,2.8,28.9,93.6,3.4,105.8,,,69.7,12.4,390.3,106.7,33.6,56.4,27.5,295.3,90.6,,217.5,562.6,2.6,5.7,1.7,2.2,105.5,9.1,121.0,188.9,1.6,369.2,296.4,3.4,272.3,34.5,161.0,18.0,73.5,4033.0
2023-04-01,,220.4,2.3,26.9,86.9,3.2,101.0,,,66.3,14.2,389.2,108.3,31.5,55.0,24.8,288.9,89.6,,219.8,545.3,2.7,5.6,1.8,1.8,97.6,9.1,116.9,198.1,1.5,365.5,287.7,3.7,273.9,35.5,133.4,18.2,66.6,3934.9
2023-04-02,,211.5,2.3,23.2,93.2,2.9,111.3,,,64.0,11.4,379.6,98.2,28.3,55.5,28.8,271.0,82.6,,226.1,540.7,2.6,5.2,1.6,1.9,109.4,9.2,112.9,200.5,1.2,333.9,279.1,3.5,286.8,33.6,131.1,18.4,70.8,3873.7
2023-04-03,,219.2,2.6,23.8,95.3,3.3,116.4,,,70.1,13.9,403.6,114.2,29.5,56.8,29.5,291.8,89.1,,234.7,567.8,2.7,4.8,1.7,2.1,106.5,9.8,113.9,212.3,1.5,357.4,285.5,3.6,303.6,36.8,156.0,17.6,76.0,4096.799999999999
2023-04-04,,225.1,2.8,26.1,103.9,3.2,119.2,,,70.6,13.0,415.7,118.1,31.2,56.5,31.1,288.6,86.5,,235.8,580.9,2.8,4.9,1.8,2.1,106.3,9.7,121.8,210.4,1.6,370.4,271.7,4.1,307.3,38.1,183.1,17.3,75.5,4181.200000000001
2023-04-05,,227.4,2.6,27.1,101.5,3.1,118.3,,,73.6,13.8,414.6,124.6,31.9,58.3,31.4,292.9,86.8,,238.5,560.1,2.8,5.3,1.8,2.1,111.2,9.6,119.8,220.0,1.6,370.3,270.3,4.3,315.1,38.0,190.0,17.1,74.0,4204.500000000002
2023-04-06,,233.1,2.5,28.5,102.9,3.1,120.4,,,74.1,13.8,421.0,124.5,31.9,55.0,30.2,294.9,89.1,,240.4,555.6,2.7,5.1,1.9,2.1,107.3,10.1,123.7,219.4,1.6,378.4,270.0,4.4,320.2,38.4,191.5,17.3,73.0,4231.7
2023-04-07,,233.5,2.4,30.2,105.1,3.3,116.2,,,74.0,13.9,428.5,128.6,32.3,56.3,31.0,277.1,83.3,,239.0,522.8,2.7,4.9,1.6,2.1,108.5,9.8,129.3,229.3,1.6,379.0,265.3,5.3,329.3,39.3,200.3,16.6,75.7,4222.6
2023-04-08,,225.0,2.5,31.2,109.0,3.3,110.2,,,71.8,14.9,431.7,131.3,31.6,56.2,32.3,274.6,87.9,,235.6,543.7,2.7,5.2,1.8,2.0,107.8,9.0,130.4,231.6,1.5,378.8,254.2,4.7,337.2,37.6,204.3,17.6,76.9,4240.799999999999
2023-04-09,,226.9,2.6,30.6,110.7,3.1,117.5,,,70.7,14.3,420.8,115.0,29.5,55.5,32.1,268.4,82.5,,232.9,534.1,2.5,5.1,1.7,2.0,117.0,9.1,123.2,231.2,1.2,347.9,253.6,4.4,336.9,36.4,194.3,17.8,75.8,4151.0
2023-04-10,,232.3,2.7,31.1,108.9,3.6,120.9,,,77.5,14.8,441.2,125.6,31.0,55.1,33.3,293.4,90.2,,243.2,563.9,2.6,5.0,1.8,2.0,113.7,9.9,137.1,236.5,1.4,373.6,259.0,5.1,344.9,37.0,210.4,18.4,77.6,4348.800000000001
2023-04-11,,236.0,2.5,33.1,113.4,3.6,124.7,,,80.1,15.8,448.0,136.0,31.5,55.3,33.9,297.7,95.7,,252.6,557.9,2.7,5.1,1.9,2.1,117.7,9.9,142.1,245.4,1.5,389.0,262.5,5.4,355.1,38.8,215.0,18.1,77.5,4452.500000000001
2023-04-12,,240.9,2.6,33.8,115.9,4.0,125.4,,,85.4,15.5,442.7,141.5,32.2,55.1,34.4,301.2,98.7,,258.4,598.3,2.7,5.3,1.9,2.1,117.7,10.0,147.6,249.9,1.6,390.9,262.9,5.5,375.2,39.6,215.3,19.8,75.8,4555.0
2023-04-13,,244.1,2.6,34.2,117.9,4.2,126.5,,,88.3,15.9,451.2,142.4,31.9,55.0,33.3,304.8,100.6,,262.5,601.8,2.8,5.4,2.0,2.2,120.8,10.2,147.7,248.5,1.6,392.4,260.7,5.6,374.3,40.7,220.0,18.2,77.2,4592.5
2023-04-14,,244.8,2.4,33.5,124.5,4.2,128.5,,,88.7,15.2,450.9,147.3,31.9,54.2,33.5,299.3,100.3,,266.9,575.9,2.5,5.2,1.8,2.1,123.4,9.6,152.1,252.9,1.5,377.2,249.8,5.5,401.7,41.1,225.0,17.9,78.4,4594.0
2023-04-15,,241.3,2.3,32.5,125.6,4.4,126.6,,,91.4,15.5,451.5,146.5,27.6,52.7,34.9,289.1,93.3,,264.5,542.4,2.7,5.3,1.9,2.2,134.0,10.1,154.2,259.7,1.5,385.9,231.5,6.0,410.9,41.3,231.3,18.4,77.8,4560.799999999999
2023-04-16,,241.8,2.3,34.5,125.6,4.2,127.5,,,90.7,14.4,434.1,139.9,27.4,53.4,35.4,282.2,90.8,,258.1,537.6,2.7,5.3,1.9,2.5,133.7,9.1,143.6,260.6,1.1,367.0,235.3,6.0,406.1,39.0,225.9,19.6,77.4,4480.4
2023-04-17,,244.4,2.6,35.6,127.2,4.9,128.1,,,101.1,15.0,456.1,155.4,31.5,57.5,35.2,301.3,100.6,,266.2,584.9,2.8,5.3,2.0,2.4,128.8,9.5,159.7,281.3,1.6,380.5,250.6,6.4,425.5,42.4,234.8,17.7,77.1,4721.2
2023-04-18,,246.4,2.6,37.7,131.9,5.2,129.7,,,109.1,16.6,461.7,164.8,31.8,50.3,32.9,305.6,103.1,,269.5,602.6,2.7,5.3,2.0,2.4,139.7,10.2,160.5,277.0,1.6,404.0,251.3,6.6,439.7,43.9,245.7,17.4,79.3,4836.299999999999
2023-04-19,,246.5,2.4,32.9,127.7,4.8,129.8,,,107.1,15.8,458.1,153.6,29.3,58.2,35.9,307.8,103.3,,266.2,606.7,2.9,4.8,2.0,3.0,141.7,10.3,135.6,271.4,1.6,409.4,251.7,6.3,435.8,42.2,242.1,18.1,80.6,4791.5
2023-04-20,,247.8,2.3,29.1,127.4,4.8,123.7,,,103.9,15.7,459.9,161.0,28.9,57.5,35.9,309.5,102.6,,247.8,596.5,2.0,4.4,2.0,2.2,124.8,10.5,141.7,273.5,1.4,415.4,242.5,6.5,443.2,44.3,237.9,19.2,80.9,4752.399999999999
2023-04-21,,241.3,2.4,27.8,122.7,4.8,110.7,,,98.8,16.1,452.4,157.3,29.2,59.3,35.1,298.1,99.5,,239.5,581.9,1.4,5.0,1.3,2.3,111.0,10.6,138.6,274.2,1.3,405.4,219.2,3.2,420.3,42.8,220.4,19.5,79.3,4578.499999999999
2023-04-22,,228.7,2.2,26.6,102.4,4.6,104.6,,,89.3,14.9,439.3,150.9,30.3,59.0,31.8,278.4,94.2,,250.3,563.4,2.1,5.1,1.5,2.0,111.0,10.8,139.9,262.9,0.9,394.0,200.4,3.7,418.1,43.0,189.2,18.2,76.9,4396.400000000001
2023-04-23,,211.8,2.1,22.1,111.4,4.6,95.7,,,81.1,13.0,416.5,125.4,27.9,55.7,32.0,267.0,88.7,,229.3,549.1,2.2,4.9,1.6,1.8,106.5,10.0,131.9,247.2,0.9,344.9,189.4,4.4,359.0,38.9,170.8,17.5,74.4,4084.2
2023-04-24,,220.2,2.2,26.5,98.3,4.5,101.8,,,86.2,13.3,440.3,149.9,30.0,55.7,29.5,294.1,96.2,,230.6,582.7,2.4,5.0,1.8,2.0,115.8,9.9,147.8,259.6,1.3,359.5,197.9,4.9,334.6,40.9,164.5,18.1,73.7,4246.799999999999
2023-04-25,,228.4,2.1,30.7,105.4,4.3,102.0,,,87.7,15.9,445.6,155.4,31.7,54.6,30.5,287.6,92.5,,241.2,590.0,2.6,5.1,1.8,2.3,108.1,9.9,149.7,269.7,1.5,370.5,188.1,5.5,360.2,42.9,172.6,17.8,76.6,4335.000000000002
2023-04-26,,227.0,2.2,33.1,116.4,4.5,103.9,,,92.4,15.1,444.2,162.3,31.3,55.3,32.1,284.4,88.7,,231.5,579.9,2.7,5.2,1.8,2.3,109.9,9.8,162.5,268.8,1.5,369.3,159.4,5.7,401.5,44.2,189.6,17.2,77.3,4378.2
2023-04-27,,232.9,2.8,33.4,114.8,4.5,107.2,,,94.1,15.3,447.3,159.3,30.0,52.5,32.8,289.5,90.1,,210.8,551.1,2.6,5.1,1.9,2.4,119.9,9.9,153.1,265.1,1.5,374.6,177.9,4.9,406.8,43.2,182.0,19.2,77.9,4360.9
2023-04-28,,234.4,2.7,31.9,119.2,4.7,100.5,,,93.8,15.5,444.0,160.7,31.2,57.0,31.6,287.8,91.9,,211.2,527.1,2.6,5.2,2.0,2.4,117.3,10.0,161.0,257.7,1.5,384.2,180.0,5.0,406.5,44.2,178.3,17.6,77.4,4343.3
2023-04-29,,222.7,2.5,29.8,122.0,4.5,97.6,,,89.3,15.6,410.6,161.5,31.1,59.0,33.4,275.0,86.8,,195.0,515.2,2.8,5.2,1.9,2.4,115.5,9.9,155.5,231.1,1.3,370.7,169.4,5.5,409.9,45.1,186.8,17.7,77.1,4204.599999999999
2023-04-30,,210.6,2.5,28.3,105.2,3.9,89.5,,,81.6,14.2,377.5,135.5,28.9,57.8,31.7,229.1,86.0,,178.1,484.2,2.5,5.2,1.8,2.5,118.6,8.8,140.6,213.6,1.0,345.1,157.7,5.2,343.4,37.5,159.4,17.5,74.4,3823.4
2023-05-01,,176.1,2.6,27.8,95.6,4.0,84.6,,,76.6,13.7,386.8,129.6,27.9,56.4,31.3,223.7,82.0,,176.0,483.4,2.7,5.4,1.9,2.4,109.0,7.9,142.2,211.0,1.0,298.3,137.9,5.8,293.1,34.3,144.7,16.4,70.8,3604.7
2023-05-02,,183.1,2.4,29.0,97.7,3.7,87.2,,,74.5,14.8,391.1,130.4,29.2,56.1,31.1,230.3,85.4,,176.1,510.8,2.7,5.5,1.8,2.4,108.6,8.5,139.1,217.5,1.5,299.0,152.8,5.8,300.2,36.7,160.2,16.6,72.5,3707.3
2023-05-03,,188.6,2.5,30.6,110.5,3.7,87.9,,,74.7,15.6,388.3,129.5,28.4,55.9,29.3,242.4,87.0,,184.1,512.2,2.7,5.3,1.8,2.4,105.9,8.8,140.1,222.2,1.6,313.6,160.4,5.6,308.1,37.2,181.2,17.0,73.7,3804.1
2023-05-04,,193.0,2.3,30.4,103.3,3.8,94.0,,,74.1,15.0,399.0,132.7,28.5,55.3,29.4,251.2,90.0,,189.6,512.1,2.3,5.2,1.8,2.0,108.0,8.8,143.1,235.9,1.6,314.2,167.1,5.2,303.9,38.0,174.6,15.8,74.1,3851.4
2023-05-05,,193.2,2.5,32.0,111.9,3.8,99.3,,,79.0,15.2,409.5,146.1,29.7,56.5,31.5,253.1,90.7,,202.0,507.1,2.2,5.1,1.9,2.4,111.8,9.1,148.7,252.1,1.6,314.9,171.5,5.2,352.8,40.6,178.8,17.7,78.0,4003.2
2023-05-06,,194.8,2.0,32.8,116.8,4.0,102.4,,,81.3,15.2,412.1,150.0,29.9,52.3,32.0,249.8,89.7,,214.7,541.7,2.2,5.6,1.9,2.5,113.3,9.3,158.0,263.9,1.4,307.0,169.5,5.8,371.7,41.2,195.0,17.6,76.5,4109.400000000001
2023-05-07,,190.3,2.3,33.3,123.1,4.2,102.6,,,82.1,13.7,403.3,138.6,25.5,51.9,33.4,222.8,81.6,,221.0,526.2,2.2,5.5,1.8,2.4,118.9,8.7,136.3,262.2,1.1,279.5,162.6,5.6,381.5,38.9,195.0,17.9,77.7,3997.9
2023-05-08,,200.7,2.5,31.6,124.7,4.5,107.4,,,91.7,15.2,430.4,159.8,29.1,50.2,34.3,229.3,91.3,,231.0,553.0,2.4,5.3,1.9,2.5,123.2,9.3,158.9,272.9,1.4,305.4,176.0,5.8,389.6,41.9,211.8,18.8,77.0,4235.700000000001
2023-05-09,,209.0,2.4,36.4,128.4,4.6,108.2,,,93.9,15.6,440.5,169.1,29.8,56.4,34.5,216.9,92.5,,240.7,559.4,2.5,4.8,2.0,2.5,123.8,9.8,166.7,289.3,1.5,320.1,181.3,6.6,419.5,42.4,225.3,17.0,77.6,4376.400000000001
2023-05-10,,218.3,2.2,35.8,125.9,4.6,107.3,,,95.2,15.4,437.1,171.7,31.1,56.7,35.5,197.9,93.8,,244.0,573.4,2.4,5.0,2.0,2.4,121.2,10.3,172.3,271.2,1.5,337.9,184.8,6.4,430.8,43.2,229.2,17.2,77.0,4406.099999999999
2023-05-11,,219.6,2.5,36.2,129.3,4.9,106.6,,,99.8,15.9,447.0,178.3,30.2,55.9,35.6,218.4,92.7,,250.7,587.2,2.5,4.8,1.9,2.5,123.2,10.1,179.2,294.7,1.5,344.0,186.7,6.2,431.1,44.2,225.3,16.8,77.9,4508.599999999999
2023-05-12,,224.5,2.3,36.4,132.7,5.1,106.5,,,103.9,16.1,440.3,184.5,30.5,57.8,36.2,220.3,93.0,,258.4,588.0,2.5,4.9,1.8,2.5,122.6,10.3,186.3,301.2,1.5,351.3,185.9,6.3,459.2,45.8,222.7,16.0,78.2,4580.9
2023-05-13,,224.0,2.5,37.7,137.5,5.1,105.7,,,104.4,15.9,441.6,187.5,29.0,56.8,37.7,219.4,93.3,,263.7,585.7,2.4,5.2,1.8,2.6,121.0,10.7,191.3,299.0,1.4,361.1,184.4,5.9,479.6,46.8,216.4,16.7,80.1,4619.2
2023-05-14,,226.3,2.4,31.3,132.9,5.1,104.2,,,106.9,15.3,424.9,168.8,26.4,53.3,38.3,214.1,87.1,,258.7,567.6,2.0,4.9,1.3,2.2,130.1,10.1,169.3,278.6,1.1,337.2,179.6,4.2,470.1,43.9,196.7,16.7,77.8,4433.2
2023-05-15,,237.5,2.5,31.3,108.4,5.6,107.5,,,115.4,15.8,445.7,181.5,29.5,55.7,34.4,245.9,96.5,,255.7,591.3,2.1,4.9,1.6,2.3,136.0,10.8,193.2,272.7,1.4,372.9,190.4,4.8,476.4,46.9,182.2,17.6,75.1,4596.000000000001
2023-05-16,,245.1,2.6,27.0,130.3,5.8,108.6,,,117.7,15.5,444.4,182.2,31.1,55.4,33.8,263.6,98.0,,262.4,591.1,2.2,4.4,1.6,2.4,118.5,11.1,198.0,276.9,1.0,384.9,195.9,5.2,479.0,48.4,185.1,17.8,77.5,4669.299999999999
2023-05-17,,249.0,2.7,26.6,121.9,6.0,109.0,,,118.6,14.5,439.4,198.3,31.4,54.4,34.5,274.4,99.4,,261.4,594.6,2.2,4.6,1.5,2.3,120.6,11.3,202.8,310.4,1.5,396.7,198.0,4.2,492.5,48.2,205.1,19.3,77.7,4777.8
2023-05-18,,251.0,2.7,30.0,107.7,5.0,108.8,,,110.8,16.2,446.2,153.0,30.5,55.8,34.5,283.5,98.2,,265.4,596.7,2.3,4.8,1.7,2.4,132.8,11.6,144.4,287.3,1.4,397.1,200.8,3.6,442.2,37.9,178.9,19.0,76.3,4585.0
2023-05-19,,247.9,2.7,31.9,126.0,5.6,106.0,,,111.9,16.0,443.6,188.1,32.3,57.6,35.3,286.2,98.2,,271.7,593.5,2.4,4.7,1.7,2.4,125.6,11.0,187.4,307.8,1.4,391.3,204.1,4.8,486.7,47.9,177.0,18.4,78.5,4752.899999999999
2023-05-20,,235.8,2.3,31.8,132.0,5.8,104.2,,,110.9,16.5,447.8,193.4,31.7,56.0,36.6,287.5,96.9,,271.2,596.0,2.2,4.8,1.7,2.4,121.5,11.1,197.3,318.0,1.3,387.7,195.5,5.2,501.3,48.7,191.4,17.7,78.4,4787.7
2023-05-21,,225.7,2.4,27.2,131.7,5.5,105.3,,,110.2,12.5,422.7,184.0,28.7,55.8,36.6,243.3,86.9,,255.9,579.3,2.3,4.5,1.8,2.5,119.4,10.5,212.0,315.0,1.1,350.1,181.2,4.9,501.7,46.1,200.4,17.3,73.2,4602.0
2023-05-22,,233.0,2.6,30.9,130.3,6.5,106.6,,,129.9,15.0,446.3,203.4,30.8,56.7,32.7,236.5,88.6,,256.4,590.0,2.3,4.5,1.8,2.5,118.2,10.8,214.4,327.3,1.5,360.7,179.1,4.9,521.7,49.8,201.3,17.0,76.0,4735.1
2023-05-23,,233.3,2.6,34.0,106.8,6.9,109.0,,,135.0,14.8,453.7,205.4,31.4,57.0,34.0,246.1,91.5,,266.8,594.7,2.5,4.6,1.9,2.5,120.1,10.7,233.4,330.9,1.5,382.9,193.3,4.3,507.1,48.0,195.2,17.3,74.9,4799.6
2023-05-24,,243.0,2.5,32.3,110.7,6.0,107.7,,,119.1,15.8,451.1,175.5,29.7,52.1,36.0,242.8,94.6,,268.3,600.8,2.4,4.9,1.9,2.6,126.3,10.8,180.0,277.0,1.4,384.3,194.7,4.0,453.1,35.2,181.4,18.9,76.7,4588.8
2023-05-25,,235.8,2.5,36.3,109.8,5.0,108.9,,,111.5,16.0,445.9,161.6,24.7,52.0,30.7,245.8,94.0,,262.1,592.7,2.4,5.0,1.8,2.6,120.0,11.0,153.8,225.0,1.5,385.4,193.7,5.0,441.6,40.9,189.5,18.9,71.1,4448.200000000001
2023-05-26,,237.2,2.6,30.1,103.5,5.0,106.9,,,103.8,17.0,439.6,161.1,29.3,54.7,27.3,253.7,92.7,,239.2,587.9,2.2,4.9,1.7,2.5,124.2,10.7,160.6,195.1,1.5,375.5,195.0,5.0,391.7,43.5,161.6,17.5,65.3,4294.199999999999
2023-05-27,,244.2,2.5,31.3,101.9,4.8,97.8,,,97.4,15.3,432.4,143.0,30.3,55.2,29.0,259.8,92.1,,251.4,586.9,2.4,5.3,1.8,2.4,113.6,10.8,158.7,230.7,1.8,369.8,198.2,4.5,371.2,44.3,171.6,17.6,71.9,4296.900000000001
2023-05-28,,233.8,2.6,34.0,122.2,4.7,97.9,,,98.0,13.6,409.5,146.8,26.4,55.9,32.5,246.6,87.5,,230.0,568.1,2.3,5.2,1.8,2.5,116.0,10.4,161.2,213.8,1.7,345.2,191.7,4.8,399.3,42.4,172.6,18.9,74.3,4218.700000000001
2023-05-29,,233.9,2.6,37.7,127.4,5.2,106.0,,,99.0,16.1,388.0,154.4,28.0,53.6,33.7,265.6,94.4,,213.3,583.7,2.4,5.2,1.8,2.6,121.6,11.1,158.4,204.7,1.9,374.3,201.6,5.7,434.2,45.8,204.9,19.1,74.3,4357.2
2023-05-30,,219.5,2.8,42.6,131.4,4.8,108.5,,,97.7,15.6,397.0,146.0,27.8,56.2,37.4,245.3,93.4,,237.0,594.1,2.5,5.1,1.8,2.5,123.1,10.6,152.1,205.2,2.0,380.3,185.6,6.4,438.7,46.6,223.0,17.3,76.7,4381.900000000001
2023-05-31,,222.7,2.9,45.2,137.7,4.4,109.7,,,92.4,16.1,422.0,141.9,27.3,53.0,36.4,243.1,93.0,,239.3,600.3,2.4,5.2,1.9,2.6,131.5,10.0,139.5,219.7,2.0,374.6,191.4,6.6,457.4,46.5,227.1,18.3,75.7,4441.199999999999
2023-06-01,,233.9,2.6,45.1,133.0,4.3,107.7,,,88.6,14.4,435.1,141.6,26.7,52.6,36.0,234.9,91.8,,253.4,587.7,2.5,4.9,1.9,2.7,132.9,11.2,133.7,216.3,2.0,389.4,198.6,6.6,457.0,45.6,228.9,17.2,73.9,4458.3
2023-06-02,,243.0,2.6,43.5,133.4,4.4,107.9,,,94.0,15.8,443.2,149.9,27.9,53.5,37.2,241.6,93.1,,259.0,593.2,2.5,4.6,1.9,2.8,129.7,11.0,139.3,239.8,2.0,386.1,203.6,6.6,473.6,45.2,233.9,15.6,74.0,4560.700000000002
2023-06-03,,253.7,2.8,44.4,137.7,4.5,106.8,,,98.0,14.8,450.9,162.2,28.4,52.0,38.0,250.9,93.6,,254.2,601.1,2.6,4.7,2.1,3.0,124.7,11.4,150.7,250.8,1.4,388.0,205.8,6.6,496.6,47.5,236.2,16.9,75.5,4663.8
2023-06-04,,238.8,2.7,40.1,140.5,4.6,104.9,,,97.6,15.2,385.6,150.9,26.2,50.5,38.9,231.9,84.8,,234.0,545.5,2.6,4.8,1.9,2.9,121.0,10.6,155.0,214.4,1.9,356.8,188.1,6.1,476.3,44.2,222.3,16.9,74.8,4335.600000000001
2023-06-05,,235.0,2.9,43.2,144.2,5.5,104.6,,,110.0,16.0,430.8,177.6,29.1,51.7,36.6,257.9,92.1,,251.7,559.5,2.6,4.7,1.8,2.8,124.5,10.0,178.9,253.2,2.0,378.2,193.3,6.6,494.5,47.4,232.4,18.8,75.7,4621.300000000001
2023-06-06,,244.4,2.9,46.3,145.1,5.3,105.9,,,113.7,16.2,440.5,179.8,29.5,51.5,36.4,262.0,91.3,,256.0,597.6,2.3,4.4,1.8,3.0,129.3,9.6,177.3,251.0,1.5,371.5,203.4,7.0,503.9,47.9,237.6,17.1,76.2,4715.2
2023-06-07,,245.6,3.1,47.6,146.2,5.5,107.2,,,116.1,16.4,450.2,189.1,30.4,46.8,37.3,263.3,87.4,,253.8,604.1,2.1,4.7,1.9,3.0,133.8,10.1,174.2,264.5,1.4,353.9,204.5,7.0,519.4,48.8,238.4,17.0,76.6,4757.5
2023-06-08,,242.1,2.9,47.4,148.5,5.7,111.1,,,121.2,17.1,460.0,200.2,31.8,50.5,38.2,264.8,82.2,,253.7,601.2,2.2,4.5,1.9,3.0,132.1,10.6,188.5,287.8,1.5,380.9,203.2,5.8,527.8,50.2,243.1,17.2,75.9,4860.999999999999
2023-06-09,,249.8,2.9,40.7,145.7,6.1,111.7,,,126.4,16.0,462.3,208.3,32.6,50.1,37.3,256.1,80.5,,251.2,626.3,2.3,4.7,1.8,2.9,133.1,11.1,208.8,295.8,1.5,389.0,204.5,5.4,535.9,51.7,218.9,17.1,78.1,4912.799999999999
2023-06-10,,244.6,2.9,38.6,146.0,6.2,111.2,,,126.2,14.5,455.5,199.6,31.7,49.4,37.7,238.5,77.8,,257.6,614.4,2.3,4.9,1.6,2.8,136.6,11.0,204.2,309.3,1.5,382.7,197.1,4.9,542.4,52.9,198.9,17.6,79.2,4848.6
2023-06-11,,241.6,2.5,33.3,144.3,5.5,109.2,,,119.1,13.5,416.5,182.2,27.7,50.7,37.6,221.5,72.7,,253.0,585.6,2.2,5.6,1.8,2.6,122.7,10.4,175.2,304.0,1.1,352.4,188.4,4.5,531.5,48.6,205.8,18.7,78.0,4615.000000000001
2023-06-12,,251.7,2.7,37.1,133.8,6.6,112.4,,,135.2,14.3,374.1,212.0,30.6,58.8,37.4,245.2,77.2,,261.7,610.0,2.3,5.1,1.8,2.6,122.0,10.5,207.1,325.1,1.4,376.0,205.2,4.9,554.8,52.6,204.4,18.0,76.9,4816.9000000000015
2023-06-13,,250.7,2.9,39.5,139.0,6.9,111.9,,,143.6,15.0,397.1,226.6,29.7,53.4,37.3,256.3,76.8,,264.5,615.2,2.4,4.8,1.9,2.7,116.0,10.8,220.3,332.2,1.5,374.0,212.8,5.3,551.2,53.5,217.7,17.4,78.3,4914.7
2023-06-14,,254.6,2.4,36.8,127.5,6.5,110.4,,,142.6,15.2,367.4,222.9,30.4,51.7,36.1,261.1,78.9,,257.8,611.2,2.1,4.9,1.7,2.6,120.7,10.9,205.5,331.5,1.4,379.1,217.3,5.1,532.9,52.8,225.8,17.9,79.9,4851.500000000001
2023-06-15,,257.9,2.5,27.1,123.5,5.9,111.9,,,138.5,15.3,321.3,222.8,31.3,52.2,38.1,271.7,81.7,,261.5,613.4,2.2,4.2,1.7,2.5,120.1,11.0,177.8,315.4,1.4,394.7,219.3,4.1,523.2,53.7,238.5,17.8,79.6,4789.8
2023-06-16,,263.8,2.7,27.4,135.0,6.4,117.0,,,136.8,15.3,276.5,223.8,32.5,53.9,41.7,276.6,83.8,,265.2,604.2,2.2,4.1,1.4,2.3,130.2,10.9,219.4,292.3,1.6,405.6,225.2,3.9,544.5,53.9,238.4,19.3,79.7,4843.5
2023-06-17,,261.0,2.3,26.5,148.3,6.6,117.8,,,132.1,15.0,296.3,230.1,33.0,52.7,43.3,274.3,81.9,,257.8,613.8,2.2,4.4,1.7,2.3,130.2,11.3,240.4,254.8,1.2,383.2,224.6,3.7,568.5,55.8,227.6,19.4,80.1,4850.699999999999
2023-06-18,,251.5,2.5,25.4,146.6,6.2,118.0,,,126.7,13.1,312.3,208.5,30.2,50.5,40.4,259.4,73.0,,247.0,599.3,2.1,4.4,1.6,2.3,127.5,9.6,244.7,203.6,0.9,345.6,210.7,3.7,543.4,48.6,206.7,17.8,78.2,4607.1
2023-06-19,,243.9,2.5,27.9,139.1,6.9,120.6,,,125.2,14.3,364.0,216.6,31.3,48.2,37.7,269.1,81.3,,242.2,627.3,2.4,4.5,1.6,2.3,118.2,9.2,264.1,221.3,1.3,341.1,221.2,4.0,541.4,52.5,197.2,17.3,78.6,4722.3
2023-06-20,,235.7,2.7,30.8,133.8,7.4,120.4,,,128.7,15.2,385.6,230.3,32.7,52.8,37.0,253.5,82.6,,243.3,633.4,2.3,4.6,1.6,2.6,123.8,9.3,291.6,247.5,1.2,345.7,230.1,4.5,498.2,52.5,206.8,18.3,76.2,4789.600000000001
2023-06-21,,222.1,2.5,30.2,135.5,7.7,114.5,,,132.4,15.6,396.5,238.4,34.3,53.9,35.8,246.2,81.5,,239.2,636.1,2.4,4.7,1.6,2.7,125.0,9.5,333.1,272.7,1.4,345.4,222.0,4.9,484.4,53.7,208.4,17.7,75.6,4834.599999999999
2023-06-22,,215.6,2.6,31.9,137.2,7.9,105.8,,,137.3,15.4,412.0,237.9,34.2,54.7,34.4,241.6,81.6,,244.7,626.6,2.3,4.7,1.6,2.7,116.7,9.9,333.5,289.3,1.4,351.9,204.2,5.3,513.2,55.6,211.0,18.1,75.9,4866.0
2023-06-23,,211.6,2.7,36.9,136.0,7.5,99.7,,,143.3,14.4,416.3,249.6,33.7,55.8,36.7,241.7,82.1,,231.1,613.4,2.4,4.8,1.8,2.7,110.3,10.2,339.8,303.1,1.5,356.9,198.1,5.6,528.3,53.4,214.2,17.7,78.3,4888.7
2023-06-24,,206.6,2.6,41.6,142.5,6.7,102.5,,,136.4,14.0,410.9,251.2,32.8,54.5,35.9,221.8,82.5,,215.0,564.2,2.6,4.8,1.9,2.7,106.8,10.2,343.5,311.9,1.3,361.6,179.5,5.5,498.1,51.1,209.8,18.0,78.1,4756.6
2023-06-25,,197.4,2.9,40.3,138.6,5.5,90.4,,,106.7,12.1,374.0,222.55,28.0,50.5,33.3,204.6,73.9,,211.3,512.9,2.4,4.9,1.8,2.7,112.4,9.6,300.3,265.4,0.9,336.3,170.1,9.5,424.6,40.9,192.8,18.1,75.3,4272.599999999999
2023-06-26,,202.0,3.0,42.1,129.6,5.8,87.1,,,114.1,13.4,374.6,193.9,29.9,43.7,32.6,219.1,77.0,,203.4,523.6,2.5,5.6,1.8,2.9,99.8,10.0,260.7,259.1,1.3,358.2,182.8,5.6,462.7,44.9,190.4,17.9,73.0,4320.100000000001
2023-06-27,,216.9,2.9,40.5,119.9,6.0,85.0,,,119.6,13.7,367.8,213.8,31.7,51.8,30.7,234.8,74.4,,201.1,512.6,2.4,5.4,1.7,2.8,106.3,10.4,291.8,260.5,1.3,366.1,186.3,5.2,470.6,47.5,184.1,17.9,74.5,4403.499999999999
2023-06-28,,229.1,2.9,40.7,115.0,6.2,86.7,,,122.5,12.4,357.0,211.1,34.6,52.8,31.1,235.8,74.1,,205.7,502.6,2.5,5.4,1.8,2.8,110.5,10.4,297.9,259.1,1.3,367.5,187.6,4.8,470.4,46.0,164.9,19.6,73.7,4392.7
2023-06-29,,235.5,2.9,40.8,104.3,6.0,93.6,,,115.6,12.6,346.3,209.5,34.2,53.1,31.7,228.6,71.4,,202.1,488.5,2.5,5.5,1.8,2.8,116.1,10.4,308.6,252.5,1.2,372.5,188.4,4.7,450.9,46.3,176.3,19.2,74.5,4356.5
2023-06-30,,233.0,2.7,40.5,97.7,6.4,100.8,,,118.2,13.8,333.6,221.5,36.0,52.5,33.6,218.6,76.2,,201.5,487.4,2.5,5.3,1.8,2.9,98.6,10.5,311.6,249.2,1.3,374.3,199.1,4.6,396.1,45.8,190.7,19.2,76.1,4310.900000000001
2023-07-01,,240.0,2.8,39.9,109.7,6.2,105.3,,,117.1,12.4,325.3,227.3,34.9,52.4,33.8,224.9,78.5,,204.5,494.1,2.6,5.1,1.9,2.7,123.5,10.4,309.4,255.1,1.2,376.9,209.8,4.6,415.4,44.1,190.3,17.7,75.1,4399.400000000001
2023-07-02,,239.1,2.6,37.9,109.7,6.2,109.7,,,116.8,11.3,323.1,223.8,30.7,53.8,34.2,211.4,71.7,,208.9,495.5,2.5,4.9,1.9,2.7,137.9,9.0,306.7,260.8,1.0,337.2,205.0,5.0,428.4,41.8,190.5,19.0,74.0,4358.099999999999
2023-07-03,,226.7,2.7,38.4,116.3,7.3,113.8,,,136.9,12.3,355.6,249.2,35.7,52.5,34.2,222.6,72.0,,225.5,524.5,2.6,4.7,1.9,2.8,128.9,9.3,300.4,276.8,1.4,346.2,221.4,5.8,485.4,46.7,202.0,17.8,74.5,4599.3
2023-07-04,,213.7,2.6,41.5,119.7,6.8,116.8,,,139.5,12.8,378.6,250.5,34.1,49.7,35.5,219.1,68.8,,234.0,535.6,2.7,5.4,1.9,2.7,125.0,8.1,309.9,296.6,1.3,339.1,230.0,6.0,493.3,47.4,218.1,17.9,76.1,4686.499999999998
2023-07-05,,207.7,2.8,44.6,118.0,6.1,115.2,,,134.4,12.1,384.0,240.2,33.8,48.7,36.7,212.0,66.2,,232.8,520.3,2.7,5.3,1.8,2.8,117.9,9.2,261.5,301.4,1.5,342.8,212.3,5.1,490.9,48.3,220.1,17.7,74.9,4546.6
2023-07-06,,201.3,2.6,41.8,132.1,6.2,106.4,,,123.5,12.1,367.8,224.7,33.1,49.6,36.0,203.1,68.8,,229.4,508.2,2.4,5.0,1.5,2.6,117.2,9.5,213.1,274.8,1.4,345.1,217.4,5.7,458.0,42.4,207.3,17.3,73.5,4387.2
2023-07-07,,207.7,2.6,42.8,128.5,6.4,100.0,,,125.0,12.2,363.3,233.4,35.0,50.3,35.3,203.7,71.3,,219.1,503.9,2.6,5.2,1.6,2.8,120.2,10.1,239.1,260.1,1.3,358.4,218.0,5.5,464.3,43.9,194.3,16.4,73.3,4403.8
2023-07-08,,209.4,2.4,43.7,133.6,5.2,99.9,,,111.3,12.3,350.5,196.1,33.5,48.1,35.9,203.1,70.8,,224.6,495.1,2.5,5.2,1.8,2.9,119.2,10.2,190.0,240.5,1.2,360.6,216.9,5.5,433.6,42.8,189.8,17.8,73.7,4235.7
2023-07-09,,217.1,2.5,42.6,139.6,3.9,102.4,,,101.4,11.6,321.0,148.6,30.3,43.9,36.5,188.3,67.3,,217.9,485.7,2.3,5.0,1.8,2.9,122.8,9.6,150.4,234.5,1.0,331.6,215.9,5.4,422.0,36.1,199.5,17.4,71.1,4034.1
2023-07-10,,219.3,2.7,41.9,142.3,4.0,111.0,,,107.9,12.5,342.0,162.3,23.0,46.8,39.5,215.0,76.3,,224.7,514.9,2.3,4.9,1.7,2.9,124.3,9.5,172.2,238.8,1.4,343.1,235.1,5.7,449.3,39.1,220.2,17.7,75.1,4274.299999999998
2023-07-11,,216.1,2.7,42.2,137.6,4.9,108.0,,,110.2,12.8,352.7,178.1,24.2,52.1,39.9,219.0,78.3,,227.6,523.2,2.6,5.1,2.0,3.0,123.4,9.6,216.7,254.9,1.5,328.4,226.8,5.4,457.9,36.8,214.9,17.8,77.0,4359.1
2023-07-12,,213.6,2.6,40.3,137.5,5.6,111.9,,,119.6,13.3,351.7,197.4,27.3,52.3,39.6,221.7,78.5,,231.0,520.6,2.3,4.9,1.9,2.9,127.2,9.6,266.6,270.7,1.5,338.7,232.2,5.9,466.8,36.9,220.4,20.0,76.0,4494.999999999999
2023-07-13,,207.1,2.6,41.4,135.7,5.7,116.2,,,123.9,13.1,367.5,206.5,29.1,59.0,40.7,220.5,77.9,,232.6,524.0,2.4,5.2,1.9,2.7,132.8,10.0,278.0,283.1,1.5,336.3,244.1,5.8,462.6,36.5,224.8,19.8,77.0,4574.499999999999
2023-07-14,,212.4,2.6,40.9,128.3,6.3,120.1,,,123.4,12.9,378.4,215.4,31.5,53.2,38.9,222.7,76.5,,226.7,524.3,2.6,4.9,1.8,2.9,120.5,10.1,295.0,270.8,1.3,349.5,260.1,5.7,475.5,40.0,220.7,17.5,76.5,4616.299999999999
2023-07-15,,216.3,2.6,43.9,132.4,6.5,112.1,,,120.5,13.1,371.6,219.3,33.0,52.1,36.9,222.9,77.8,,226.9,520.7,2.7,5.1,1.7,2.9,109.4,10.5,303.8,286.5,1.1,355.5,251.2,5.7,459.4,40.8,211.7,17.7,76.0,4596.399999999999
2023-07-16,,211.3,2.8,39.9,135.5,6.0,103.0,,,113.8,12.2,356.2,192.9,29.9,51.5,35.5,202.9,73.2,,220.3,489.1,2.4,5.0,1.7,2.8,121.7,9.7,276.6,275.2,0.8,337.4,239.7,5.8,470.0,39.5,187.1,18.1,74.5,4388.7
2023-07-17,,209.5,2.7,38.2,140.1,7.2,98.1,,,127.2,12.9,380.7,218.9,33.0,53.2,34.8,215.6,79.4,,226.7,499.1,2.6,5.4,1.8,2.7,123.4,10.0,299.2,275.6,1.2,357.0,246.1,5.7,502.4,45.3,201.2,18.4,74.3,4594.799999999999
2023-07-18,,199.8,2.8,43.7,145.2,7.1,100.3,,,127.3,12.5,389.3,218.9,32.8,52.5,36.9,207.0,80.0,,232.0,495.4,2.7,5.5,1.9,2.9,116.9,10.3,308.5,285.0,1.2,365.9,210.6,5.8,509.9,44.0,215.0,18.7,76.0,4610.199999999999
2023-07-19,,193.7,3.0,46.7,148.6,7.0,105.8,,,130.2,11.9,378.9,215.8,32.8,46.3,36.5,201.6,78.3,,242.9,478.4,2.7,5.3,1.8,3.0,118.4,10.1,286.7,280.4,1.2,368.6,189.9,6.0,531.7,45.1,222.1,17.0,76.2,4570.299999999999
2023-07-20,,191.3,2.7,47.1,153.4,7.5,108.2,,,140.6,11.9,364.8,235.6,33.3,50.8,36.0,195.9,88.0,,253.5,482.3,2.6,5.8,1.9,2.8,113.3,10.0,300.8,283.6,1.3,363.5,175.2,6.2,557.4,46.4,228.2,18.7,76.9,4643.3
2023-07-21,,195.0,2.9,41.4,151.6,7.9,105.0,,,149.4,12.0,364.3,252.5,36.0,51.9,36.1,202.4,80.6,,252.1,481.8,2.7,5.6,1.8,3.0,114.3,10.1,319.3,291.7,1.1,374.9,165.4,5.9,569.4,49.5,222.1,20.2,75.8,4701.699999999999
2023-07-22,,197.0,2.6,44.0,148.0,6.4,103.7,,,142.8,11.9,366.8,239.0,33.3,49.8,36.6,193.6,75.9,,235.5,473.8,2.7,5.5,1.9,2.8,117.4,10.1,261.2,281.2,1.1,373.3,184.4,6.2,552.0,48.3,212.0,18.5,74.9,4560.099999999999
2023-07-23,,191.3,2.4,41.0,152.4,6.2,101.2,,,136.2,10.8,339.3,225.2,26.6,49.8,36.1,170.5,67.1,,241.5,463.5,2.7,5.3,1.6,2.6,131.0,9.2,265.8,277.9,0.7,336.8,203.4,6.0,548.9,45.0,206.4,20.2,74.6,4444.1
2023-07-24,,190.0,2.7,41.1,154.1,7.1,105.4,,,146.4,11.7,352.6,253.9,33.6,52.5,37.5,177.9,70.7,,256.2,478.5,2.6,5.4,1.7,2.9,135.5,9.4,293.6,286.6,1.3,337.9,200.7,6.4,577.5,47.9,223.6,20.2,76.8,4647.2
2023-07-25,,178.5,2.8,44.7,156.6,7.2,111.6,,,147.3,12.3,360.2,253.4,36.1,51.2,39.6,172.3,72.1,,261.5,487.0,2.7,5.3,1.8,2.9,127.7,9.6,282.7,284.7,1.1,336.0,172.8,5.6,563.0,49.1,215.5,19.3,78.0,4598.4
2023-07-26,,170.5,2.8,45.4,160.0,6.4,116.5,,,128.0,11.5,359.8,203.2,34.1,50.0,39.3,170.4,71.6,,263.3,481.9,2.7,5.4,1.8,2.9,136.9,9.5,270.5,276.4,1.3,339.2,170.1,6.4,513.2,46.7,218.9,20.5,79.4,4462.699999999999
2023-07-27,,171.2,2.6,45.4,160.4,6.7,115.5,,,128.4,11.8,367.6,216.2,34.9,47.9,39.7,166.3,71.3,,264.3,466.1,2.6,5.4,1.9,2.9,134.4,9.9,283.7,260.2,1.3,349.5,142.9,6.2,532.9,47.3,219.8,19.3,76.9,4459.499999999999
2023-07-28,,184.6,2.4,43.8,161.3,6.5,110.3,,,125.0,12.3,360.9,203.8,36.3,51.5,40.9,175.3,73.8,,253.9,458.8,2.9,5.5,1.9,3.0,130.9,10.6,261.4,249.4,1.1,366.8,169.1,6.1,524.1,47.0,225.9,20.4,78.6,4451.2
2023-07-29,,194.7,2.7,43.2,134.1,6.3,104.2,,,112.7,12.4,344.2,199.1,35.6,49.4,33.8,173.6,75.6,,242.2,457.5,2.8,5.6,2.0,3.1,124.2,10.7,273.7,234.2,1.1,376.3,197.4,6.0,469.8,46.0,224.3,19.0,71.7,4335.1
2023-07-30,,199.3,2.9,43.0,144.7,6.0,105.8,,,113.4,11.5,327.1,197.1,32.9,50.0,36.6,166.3,70.7,,244.0,451.0,2.8,5.4,1.7,2.6,131.9,9.8,269.1,243.9,0.8,355.7,210.1,6.2,500.7,42.9,218.1,19.0,74.7,4342.3
2023-07-31,,207.2,3.0,46.0,151.3,7.1,112.6,,,131.6,12.6,347.3,226.5,35.3,51.7,39.8,196.8,78.8,,252.3,474.4,2.8,5.2,1.9,2.1,125.7,10.5,298.2,259.8,1.2,378.8,215.1,5.8,529.7,47.4,226.6,20.4,76.5,4627.400000000001
2023-08-01,,208.8,3.0,48.1,148.3,7.6,108.7,,,136.0,12.8,346.8,246.7,36.4,52.6,36.9,201.4,80.7,,248.8,480.1,2.6,5.3,1.8,2.9,114.0,10.5,327.3,279.1,1.3,391.9,211.2,6.0,546.0,49.2,209.2,18.2,74.5,4700.0
2023-08-02,,211.4,3.0,47.2,121.0,7.8,90.9,,,139.3,12.6,344.5,246.0,35.9,51.7,30.6,204.5,82.0,,233.1,489.5,2.7,5.2,1.9,2.9,98.3,10.4,332.9,302.2,0.9,392.7,226.2,5.3,511.6,47.7,184.0,17.0,68.7,4607.199999999999
2023-08-03,,217.4,2.9,43.9,134.0,7.8,75.2,,,137.7,12.8,351.1,237.3,36.1,51.9,34.7,212.9,83.1,,207.0,489.3,2.6,5.5,1.8,2.9,115.4,10.6,320.3,290.1,1.1,388.4,235.1,5.1,507.2,47.8,201.1,18.8,71.7,4606.500000000001
2023-08-04,,227.1,3.0,43.3,143.3,7.3,84.8,,,133.9,13.0,362.2,236.2,36.3,52.5,38.0,225.3,83.1,,203.2,488.8,2.6,5.5,1.8,2.8,118.8,10.8,313.0,295.6,1.3,393.8,246.2,5.2,479.3,47.5,212.8,20.6,73.9,4658.400000000001
2023-08-05,,234.5,2.8,43.0,145.3,7.1,88.2,,,127.1,13.2,368.6,235.2,36.7,52.6,35.9,226.5,81.8,,208.3,493.8,2.5,5.7,1.8,2.9,113.4,9.6,302.9,301.1,1.2,386.5,252.6,5.2,490.1,47.4,211.7,20.8,73.3,4674.900000000001
2023-08-06,,232.7,2.9,40.7,138.3,6.3,95.3,,,123.9,12.0,350.6,225.3,33.2,49.9,35.4,212.2,75.6,,211.3,482.5,2.4,5.7,1.6,2.9,122.1,10.2,316.6,301.9,0.7,367.5,249.0,4.4,453.8,40.3,190.6,19.7,71.8,4533.499999999999
2023-08-07,,239.1,2.9,40.3,120.3,7.1,100.0,,,128.8,13.4,381.0,237.7,34.4,49.9,33.8,235.8,83.2,,222.1,515.7,2.5,5.1,1.6,2.7,120.2,10.7,312.6,308.7,1.0,385.7,258.5,4.7,460.4,44.6,185.8,19.4,72.1,4687.3
2023-08-08,,236.8,2.9,42.2,121.6,7.1,108.2,,,129.5,13.7,394.1,249.0,35.6,52.2,35.1,242.6,84.2,,236.1,536.7,2.3,5.2,1.8,2.8,119.2,10.7,321.9,316.7,1.1,389.7,259.7,4.6,488.5,45.7,182.0,19.1,70.0,4814.400000000001
2023-08-09,,235.6,3.0,42.3,107.1,7.3,113.3,,,129.4,13.3,395.2,253.0,36.6,53.6,36.0,249.3,83.2,,248.0,540.0,2.6,5.2,1.8,2.9,118.9,10.2,320.2,324.7,1.1,381.5,260.2,5.2,501.9,45.6,195.9,18.5,73.1,4862.200000000001
2023-08-10,,236.4,3.0,44.2,123.0,7.1,115.0,,,132.0,13.6,401.7,253.4,36.5,51.3,35.5,252.7,85.2,,258.7,544.2,2.5,5.3,1.8,2.8,124.7,9.7,317.7,326.4,1.3,358.5,262.8,5.4,505.2,45.0,204.4,18.1,74.9,4906.9
2023-08-11,,231.0,3.0,45.0,137.6,6.9,122.5,,,134.8,13.9,408.6,249.9,34.8,51.6,36.3,254.2,85.7,,265.5,548.0,2.5,5.3,1.9,3.1,122.7,9.7,319.1,330.4,1.3,352.1,272.6,5.5,530.2,46.0,205.8,18.9,75.0,4978.200000000001
2023-08-12,,225.5,2.9,43.6,134.3,6.6,126.7,,,129.3,13.3,409.9,258.2,34.9,52.5,39.1,258.2,84.4,,270.5,554.5,2.5,5.2,2.1,3.0,120.8,9.4,323.5,345.6,1.3,338.5,267.2,5.3,544.5,47.1,200.5,19.5,74.5,5001.200000000001
2023-08-13,,229.9,2.7,40.2,135.4,6.3,132.2,,,122.8,12.6,396.1,249.5,31.8,51.6,39.0,245.9,77.7,,266.2,545.1,2.6,5.5,1.8,2.8,120.7,9.5,329.1,347.2,1.2,316.4,274.4,5.4,529.7,43.6,184.7,20.3,73.3,4896.100000000001
2023-08-14,,233.6,3.0,42.7,141.7,6.6,128.1,,,128.9,13.4,422.3,247.5,29.9,47.9,39.7,268.2,83.4,,269.2,551.2,2.7,5.4,2.0,2.9,111.8,9.8,324.1,341.3,1.2,333.2,271.9,5.2,521.5,39.9,191.3,18.3,74.6,4959.899999999999
2023-08-15,,232.5,2.9,42.7,148.9,6.0,130.1,,,112.7,12.1,401.5,229.8,24.9,50.5,38.9,258.0,79.7,,265.8,507.3,3.0,5.3,1.7,2.9,118.0,8.7,305.4,341.5,0.7,313.8,255.6,5.5,558.6,36.9,194.9,19.6,73.1,4827.8
2023-08-16,,235.6,3.0,42.4,148.3,7.3,130.7,,,134.4,13.2,427.4,250.2,30.5,51.4,39.3,271.2,83.9,,277.7,552.2,2.5,5.4,1.7,2.9,116.5,8.6,305.6,332.8,1.2,347.9,265.2,5.5,543.8,43.9,210.6,20.2,74.9,5031.099999999999
2023-08-17,,237.1,3.1,45.7,137.3,7.6,127.2,,,139.1,13.3,441.9,262.1,33.9,52.2,36.4,282.1,86.5,,274.3,564.9,2.7,5.2,1.9,3.0,111.1,9.9,314.2,342.8,1.2,366.7,268.6,5.0,552.7,46.0,208.2,18.8,73.3,5122.399999999999
2023-08-18,,231.6,3.1,46.7,142.8,7.7,114.6,,,144.3,13.4,447.6,273.1,35.3,52.2,36.7,280.1,86.8,,255.8,558.7,2.7,5.0,1.9,2.8,109.4,9.9,315.3,351.8,1.2,374.5,254.1,6.1,547.5,46.2,202.6,15.6,75.1,5098.7
2023-08-19,,224.8,2.8,44.8,143.0,7.4,106.8,,,138.9,13.1,458.7,254.2,35.6,52.2,38.1,257.4,83.3,,237.9,540.3,2.8,5.1,2.0,2.8,115.9,9.9,328.4,343.3,1.1,363.8,210.6,6.1,537.2,49.4,205.4,15.4,75.4,4960.400000000001
2023-08-20,,225.3,2.8,43.6,150.0,6.6,109.2,,,132.8,12.0,426.8,246.6,31.0,51.4,38.9,236.3,76.7,,235.8,518.9,2.7,5.6,1.9,3.0,115.2,9.6,323.4,325.2,0.8,344.9,209.7,5.8,548.1,46.5,199.7,18.6,73.9,4824.500000000001
2023-08-21,,227.1,3.0,42.2,148.6,7.6,114.5,,,147.8,13.3,431.7,256.3,34.3,53.6,38.5,260.6,84.9,,246.4,542.7,2.7,5.3,2.0,2.7,106.0,10.0,318.3,325.1,1.2,367.7,234.3,6.2,528.7,45.6,218.4,17.8,75.9,4966.9
2023-08-22,,233.4,2.8,38.7,135.4,7.4,120.9,,,147.9,13.6,444.2,259.0,40.7,53.0,36.6,260.1,87.9,,251.6,551.3,2.5,5.1,2.0,2.8,112.7,10.4,322.8,341.1,1.3,373.4,252.8,5.8,504.2,43.1,223.8,20.6,76.2,5031.700000000001
2023-08-23,,236.5,2.8,39.9,136.5,6.0,123.0,,,129.7,13.8,445.3,232.4,31.3,51.6,38.7,291.0,89.3,,241.3,554.3,2.6,5.3,1.7,2.9,111.4,10.5,331.5,331.4,1.3,383.3,258.9,5.6,397.7,43.4,208.4,19.2,74.1,4898.799999999999
2023-08-24,,237.4,2.9,39.6,128.8,6.0,121.6,,,122.6,14.0,450.0,230.5,36.5,49.7,36.4,295.6,88.6,,244.8,566.7,2.6,5.8,1.8,2.7,110.2,10.5,320.0,333.6,1.3,380.7,265.4,5.8,411.2,44.0,194.9,18.8,75.1,4902.500000000001
2023-08-25,,243.6,2.8,40.7,124.6,6.7,120.4,,,125.5,13.6,451.1,238.3,29.8,49.5,37.9,295.5,88.6,,255.2,560.8,2.6,5.6,1.8,2.9,111.5,10.7,317.4,337.6,1.1,385.4,275.7,5.2,430.3,45.4,182.9,18.6,74.7,4940.000000000001
2023-08-26,,231.7,2.8,38.8,123.2,6.4,125.5,,,123.3,14.1,463.3,242.9,33.3,47.7,36.3,283.7,87.3,,266.6,554.9,2.5,5.2,2.0,2.9,113.7,10.7,290.8,341.4,1.2,389.8,257.9,4.9,465.1,47.1,180.2,18.8,76.7,4938.9
2023-08-27,,225.8,2.7,36.1,134.5,6.0,129.4,,,119.1,12.1,444.8,230.4,31.9,49.5,39.9,272.0,82.0,,271.6,538.3,2.5,5.4,2.0,2.8,132.3,9.8,304.1,342.4,0.7,349.9,256.6,4.6,485.1,45.2,186.3,18.8,74.4,4872.7
2023-08-28,,238.1,2.7,35.9,142.2,6.0,133.5,,,128.4,13.1,463.7,236.9,33.1,47.5,41.1,289.4,84.4,,282.0,561.7,2.7,5.2,2.1,2.9,134.6,9.8,272.2,349.8,1.0,365.4,258.8,5.2,503.9,46.0,209.5,19.7,75.9,5050.099999999999
2023-08-29,,242.5,2.7,40.5,142.6,6.3,133.1,,,132.8,13.8,470.5,240.7,34.7,49.2,40.5,284.7,76.9,,289.5,566.7,2.8,5.6,1.9,3.0,123.3,10.3,286.9,348.5,1.2,366.8,266.5,5.9,512.9,45.9,221.3,19.0,73.9,5109.7
2023-08-30,,240.4,3.1,43.0,146.6,6.5,132.0,,,130.7,13.3,431.4,240.7,34.3,50.9,37.3,278.3,80.3,,294.3,565.7,2.8,5.2,1.9,3.1,117.3,10.3,287.3,335.3,1.3,351.0,273.4,6.3,534.5,44.3,229.0,20.5,77.6,5073.099999999999
2023-08-31,,231.6,3.0,45.1,154.3,7.0,130.8,,,132.3,13.6,460.5,242.7,35.7,51.8,35.9,268.3,84.1,,297.4,566.7,2.8,5.3,1.8,2.9,124.8,9.4,294.3,338.1,1.3,344.7,278.2,6.2,541.0,44.3,227.3,20.1,78.0,5125.3
2023-09-01,,244.6,3.1,44.3,149.6,7.5,129.6,,,138.1,14.2,500.7,253.5,35.9,53.8,36.3,257.0,87.3,,299.9,591.4,2.6,5.3,1.8,3.1,130.5,9.7,287.1,333.0,1.3,346.0,279.4,6.2,559.2,45.6,220.3,18.3,78.2,5219.200000000001
2023-09-02,,238.7,3.0,42.5,139.4,7.3,132.9,,,135.1,14.2,511.6,250.8,36.3,53.7,38.5,253.3,85.1,,302.0,596.2,2.5,4.8,1.9,3.0,120.1,9.8,287.1,361.4,1.2,330.6,271.2,6.3,569.0,46.0,226.6,18.9,77.7,5224.299999999999
2023-09-03,,205.7,3.0,45.8,150.1,6.6,121.4,,,128.6,12.8,499.6,251.4,33.3,52.9,36.8,230.2,76.3,,315.3,566.9,2.5,5.1,1.7,3.0,105.5,9.0,304.6,369.6,1.0,304.9,231.4,4.7,580.0,46.8,210.5,19.0,74.5,5025.900000000001
2023-09-04,,205.4,3.2,48.9,134.6,7.3,109.2,,,135.8,13.8,507.4,262.6,35.6,52.7,35.8,221.8,81.3,,320.3,566.2,2.8,5.2,2.0,3.3,105.5,9.9,317.7,371.6,1.4,326.8,191.6,6.2,559.9,49.6,199.2,16.5,73.7,5029.2
2023-09-05,,199.7,3.2,48.0,143.0,7.3,108.8,,,141.3,14.0,506.6,263.1,34.9,48.8,36.1,223.3,80.2,,298.0,579.3,2.8,5.1,2.1,3.3,105.7,9.7,310.6,365.2,1.4,333.3,170.9,6.2,559.8,49.4,200.9,18.5,73.6,4999.900000000001
2023-09-06,,201.0,3.1,48.1,133.8,7.3,109.3,,,138.6,14.0,485.9,261.2,35.8,51.9,35.8,219.6,78.7,,258.3,584.6,2.8,5.2,1.8,3.1,108.5,9.4,330.6,350.6,1.3,339.8,173.8,6.0,527.8,51.4,208.6,18.4,74.2,4925.400000000001
2023-09-07,,204.0,2.9,46.9,135.0,6.8,106.4,,,130.1,13.8,410.9,256.2,35.9,52.4,35.7,223.3,77.3,,247.6,536.8,2.6,5.0,1.6,2.7,105.5,9.1,333.8,346.4,1.2,336.9,183.9,5.4,522.6,51.0,201.6,18.2,75.0,4769.8
2023-09-08,,209.0,3.0,44.1,123.5,7.5,105.3,,,127.0,13.8,400.8,254.7,36.0,52.4,34.6,233.3,77.5,,235.0,511.2,2.5,5.4,2.0,2.9,117.4,9.9,340.0,345.8,1.3,341.1,196.4,6.0,467.5,46.8,189.6,18.1,73.6,4680.999999999999
2023-09-09,,221.6,2.9,46.2,124.8,6.9,109.2,,,113.1,13.6,423.9,241.9,35.0,48.6,34.2,228.8,77.0,,231.3,510.6,2.7,5.7,2.0,2.9,122.6,10.2,338.9,340.8,1.1,352.2,203.3,5.9,396.6,47.0,196.9,18.0,76.4,4638.399999999999
2023-09-10,,216.0,3.2,43.6,139.9,6.0,112.5,,,96.6,13.1,423.3,201.7,32.9,51.2,40.0,218.5,70.2,,226.5,495.7,2.7,5.6,1.8,2.9,133.9,9.4,338.1,335.0,0.8,325.9,195.0,5.8,366.3,38.1,199.3,17.5,76.9,4490.3
2023-09-11,,213.4,3.1,44.3,152.0,6.9,116.0,,,107.1,13.7,462.2,222.2,36.2,51.3,37.9,245.3,75.8,,234.4,525.0,2.7,5.3,1.9,2.9,134.9,9.8,325.9,335.8,1.2,352.2,202.4,6.1,387.8,42.5,218.4,17.2,81.3,4720.3
2023-09-12,,220.1,3.1,45.0,154.6,7.4,116.1,,,116.3,14.2,475.1,234.1,36.5,49.3,41.7,252.6,78.6,,240.0,540.1,2.8,5.1,1.8,3.1,123.3,9.9,322.8,338.4,1.3,354.4,228.0,6.2,429.3,46.8,214.5,17.3,80.6,4856.300000000001
2023-09-13,,223.3,3.2,45.2,149.9,7.6,101.8,,,126.9,14.1,480.4,244.1,36.6,50.4,41.6,258.3,81.2,,241.1,558.1,2.8,5.4,2.0,2.9,113.3,9.9,314.0,331.4,1.5,361.5,244.0,5.9,465.4,48.8,207.6,17.7,80.9,4924.699999999999
2023-09-14,,226.4,3.0,48.9,147.5,7.6,93.8,,,137.7,14.3,472.7,256.2,37.1,50.5,38.9,263.4,79.8,,237.8,544.0,2.7,5.6,1.8,3.0,108.9,10.1,315.7,323.2,1.4,361.1,241.5,5.9,496.9,49.9,200.4,17.8,77.2,4928.9
2023-09-15,,230.9,3.0,50.0,147.9,6.6,92.8,,,131.3,14.5,461.8,236.5,35.0,47.2,39.1,262.1,78.8,,223.1,527.2,2.8,5.6,1.7,2.5,116.2,10.1,276.5,307.7,1.4,365.2,245.0,6.1,476.3,45.8,203.3,18.0,77.4,4795.500000000001
2023-09-16,,230.3,2.9,49.1,152.5,6.2,96.5,,,121.1,14.2,440.9,217.1,35.1,49.0,40.2,254.4,78.9,,193.9,519.8,2.7,6.0,1.8,2.5,113.4,10.1,268.5,275.9,1.3,348.7,254.2,6.4,459.3,45.8,211.6,18.5,79.2,4654.200000000001
2023-09-17,,226.5,3.1,47.1,152.9,6.0,93.7,,,108.2,13.9,369.0,177.5,30.4,47.7,37.9,231.9,70.5,,191.3,508.6,2.8,5.6,1.7,3.0,122.4,8.4,196.0,235.3,0.9,314.3,259.1,5.9,429.2,39.5,205.8,18.7,75.4,4284.200000000001
2023-09-18,,226.9,3.0,42.8,152.2,6.0,101.2,,,114.8,13.0,339.6,190.9,30.3,48.0,36.4,226.6,76.9,,219.8,530.2,2.5,5.8,1.7,2.7,129.1,8.4,190.5,239.1,1.2,306.5,276.7,5.1,460.9,45.2,192.7,18.5,76.0,4366.0
2023-09-19,,233.7,3.1,41.9,149.7,6.4,109.3,,,124.5,11.6,336.0,201.6,31.8,46.6,36.2,236.5,78.2,,238.5,505.5,2.5,5.8,1.7,2.7,122.3,9.5,192.0,242.8,1.3,321.6,286.7,4.8,496.0,48.0,185.7,17.9,77.4,4453.4
2023-09-20,,235.4,3.0,37.3,145.8,6.6,106.4,,,130.9,11.1,350.0,210.5,34.0,48.5,32.6,255.8,80.5,,247.7,541.1,2.5,5.9,1.9,2.6,112.2,9.7,208.5,267.6,1.3,342.3,295.4,5.1,502.9,48.7,186.1,20.1,77.8,4611.6
2023-09-21,,227.1,2.8,36.7,127.1,6.8,103.3,,,135.9,12.4,350.6,229.0,34.5,49.9,30.3,263.1,81.4,,249.3,539.2,2.4,5.8,2.0,2.9,110.6,10.1,242.3,282.0,1.2,348.2,264.1,5.1,513.1,48.3,179.6,18.6,74.8,4636.299999999999
2023-09-22,,218.3,2.8,38.1,108.7,6.5,93.6,,,136.0,13.3,364.9,229.6,35.2,48.0,29.4,262.3,80.9,,245.5,507.3,2.5,5.6,1.7,2.7,116.3,10.4,264.1,287.3,1.3,346.4,228.5,5.2,497.8,47.4,180.7,17.6,73.9,4556.0
2023-09-23,,213.8,2.8,39.5,96.1,5.4,94.0,,,124.9,12.6,374.6,212.0,34.4,46.8,30.4,247.1,79.3,,245.7,482.1,2.7,5.6,1.9,2.9,119.6,10.7,207.7,290.9,1.2,351.6,221.5,4.8,470.5,46.5,182.4,19.6,75.5,4403.2
2023-09-24,,204.1,2.7,39.5,102.8,4.8,95.1,,,111.6,12.1,368.3,183.3,31.5,46.1,32.0,222.3,72.5,,248.2,469.6,2.8,5.6,1.6,2.7,119.7,9.8,184.2,279.6,0.9,319.4,217.0,5.1,456.0,41.3,167.5,18.7,74.9,4198.100000000001
2023-09-25,,208.8,2.9,39.4,112.6,5.6,98.6,,,118.1,13.1,379.9,194.3,33.8,43.1,32.7,235.8,80.1,,249.4,480.5,2.8,5.8,1.8,2.9,121.5,10.2,202.0,281.6,1.3,331.6,220.5,5.6,468.8,44.5,181.9,19.5,75.2,4351.7
2023-09-26,,214.0,3.1,42.4,126.4,5.8,100.5,,,122.4,13.8,388.4,210.9,34.3,47.9,34.1,233.1,81.9,,256.4,481.4,2.8,5.8,1.8,3.0,122.7,9.8,233.2,287.6,1.4,341.9,230.9,6.5,490.4,47.1,196.6,17.6,76.7,4518.000000000001
2023-09-27,,213.8,3.1,45.5,137.1,5.7,102.5,,,120.5,13.1,389.0,213.5,35.3,45.6,33.2,237.0,81.1,,261.8,486.6,2.9,5.8,1.8,3.2,124.0,10.0,239.1,289.8,1.4,345.8,239.0,5.9,495.5,47.4,210.5,18.3,77.9,4586.499999999999
2023-09-28,,218.5,3.0,47.2,142.5,5.4,104.3,,,112.9,13.8,373.4,210.0,35.2,46.5,32.7,236.7,77.8,,263.8,470.4,2.8,5.7,1.8,3.0,124.1,10.3,244.2,288.5,1.4,348.2,239.5,5.0,499.9,47.4,218.4,18.9,74.3,4572.900000000001
2023-09-29,,210.5,3.0,48.5,147.3,5.7,106.2,,,114.7,13.5,382.2,209.6,34.7,46.4,34.4,221.0,75.9,,260.2,478.8,2.5,5.6,1.8,2.9,126.3,10.2,256.4,289.7,1.4,344.6,235.2,6.1,505.1,47.0,208.6,18.6,74.7,4572.7
2023-09-30,,208.7,3.1,45.6,114.4,5.4,102.5,,,111.6,13.0,403.3,208.9,34.3,48.4,30.0,225.5,74.2,,258.6,482.8,2.7,5.7,1.8,3.0,119.9,10.5,263.2,291.4,1.3,344.0,230.0,6.0,493.2,47.7,179.6,17.7,73.3,4506.999999999999
2023-10-01,,204.4,3.0,41.0,117.2,4.9,101.5,,,102.9,11.8,399.3,186.2,30.6,48.0,28.4,203.0,67.6,,255.3,470.9,2.6,6.0,1.6,2.9,119.5,9.4,239.0,287.2,1.0,317.4,239.7,5.3,468.0,44.2,168.5,18.0,66.7,4317.000000000001
2023-10-02,,207.3,3.0,42.2,111.4,4.5,100.4,,,89.5,10.3,399.5,173.5,27.4,46.1,29.7,214.4,71.0,,254.3,481.6,2.8,5.8,1.8,3.0,119.0,8.9,230.6,284.2,0.9,302.7,235.2,5.8,436.5,39.4,172.0,19.5,68.1,4245.2
2023-10-03,,217.1,3.0,41.1,112.9,5.0,97.7,,,98.3,11.4,427.9,191.4,32.4,45.2,29.8,247.0,76.5,,255.2,506.1,2.8,5.7,1.7,3.0,117.0,10.0,218.9,289.5,1.3,355.7,249.5,5.5,421.2,42.0,172.6,19.3,68.5,4426.6
2023-10-04,,222.7,3.1,39.9,105.7,5.1,99.4,,,101.4,13.7,423.8,195.6,34.1,48.0,30.0,264.2,79.6,,258.9,520.4,2.8,5.8,1.9,2.9,118.6,10.2,217.9,291.7,0.9,373.0,269.0,5.0,425.7,44.5,169.4,18.0,69.1,4517.799999999999
2023-10-05,,228.4,3.1,37.9,103.2,5.0,104.9,,,100.9,14.1,417.8,195.9,34.3,47.2,30.4,265.7,81.4,,263.7,528.1,2.8,5.7,1.9,3.0,121.7,10.3,221.0,295.1,0.8,369.2,278.0,5.0,432.0,43.8,172.2,18.5,69.5,4558.4
2023-10-06,,235.2,3.0,32.6,113.7,5.0,109.7,,,102.6,14.0,431.0,197.4,34.8,48.1,31.4,256.7,82.0,,272.1,540.3,2.7,5.3,2.0,2.6,127.8,10.2,223.1,302.2,0.9,374.5,284.2,4.8,440.9,44.2,180.0,20.0,70.8,4651.600000000001
2023-10-07,,240.5,3.0,34.7,122.4,4.8,109.8,,,103.8,14.1,420.6,201.8,35.0,48.1,34.2,245.1,82.0,,275.3,551.1,2.6,5.7,2.1,2.7,130.8,10.2,215.4,304.0,0.9,365.2,286.9,5.2,437.3,44.5,185.7,19.1,72.0,4662.5
2023-10-08,,238.8,2.7,34.0,126.7,4.4,114.9,,,105.0,13.0,408.3,191.1,30.8,48.8,31.9,247.2,77.3,,277.2,549.2,2.6,5.8,1.6,2.6,130.2,9.6,227.2,304.9,0.7,337.2,277.4,5.2,450.3,40.7,185.4,17.9,72.8,4618.200000000001
2023-10-09,,242.3,2.5,34.6,126.1,5.2,116.9,,,114.6,14.5,413.1,204.2,34.8,46.3,34.1,256.5,84.1,,284.2,582.8,2.6,5.4,1.9,2.7,123.8,10.2,214.8,307.5,0.9,354.9,278.4,5.3,447.7,43.8,201.8,18.0,73.0,4735.0
2023-10-10,,228.8,2.6,38.5,125.5,5.0,118.8,,,115.2,13.0,409.0,205.2,32.1,39.2,34.3,255.7,85.1,,290.4,603.5,2.8,5.2,1.9,2.8,124.1,10.2,198.0,309.1,1.0,360.6,281.1,4.9,474.0,44.1,205.4,17.9,73.1,4763.9
2023-10-11,,235.1,2.8,40.2,132.3,4.7,120.0,,,108.7,12.7,414.2,201.8,32.9,47.4,34.7,254.4,83.6,,293.0,610.3,2.9,5.4,1.9,2.7,119.7,10.6,208.6,304.0,1.1,358.4,272.8,5.8,467.1,44.0,208.2,16.6,74.1,4778.799999999999
2023-10-12,,237.9,2.7,40.2,132.9,4.6,119.8,,,101.7,14.9,427.2,198.9,34.2,48.4,35.0,247.3,81.4,,291.5,607.2,2.9,5.2,1.9,2.7,114.8,10.8,207.2,307.6,1.1,353.3,284.6,5.8,450.2,42.9,208.8,15.8,71.3,4758.699999999999
2023-10-13,,238.7,2.7,38.4,132.7,4.5,121.2,,,104.4,14.8,425.8,199.2,34.1,48.1,33.6,252.8,79.9,,294.3,612.3,2.8,5.4,1.9,2.6,115.6,10.5,197.5,311.3,1.0,357.8,293.8,5.6,451.9,42.9,204.7,15.0,69.6,4773.400000000001
2023-10-14,,236.4,2.8,38.0,129.3,4.3,120.8,,,102.8,14.7,426.5,198.4,33.7,45.4,32.9,259.8,79.0,,297.5,610.8,2.8,5.5,1.9,2.8,113.3,10.2,189.7,303.4,1.0,349.9,289.7,5.6,436.9,42.4,199.9,15.6,72.2,4721.5
2023-10-15,,239.6,2.6,35.4,126.6,3.8,119.1,,,96.1,13.5,407.7,173.7,29.9,43.7,33.2,246.6,72.1,,294.7,597.0,2.6,5.5,1.9,2.7,111.7,9.9,148.2,303.3,0.9,300.2,283.4,5.1,430.2,37.7,184.2,15.6,71.3,4494.599999999999
2023-10-16,,241.6,2.6,35.2,129.2,3.8,118.9,,,95.0,14.0,389.6,155.1,30.1,47.6,32.7,266.2,79.5,,283.9,605.5,2.5,5.4,1.9,2.4,112.6,9.8,128.3,277.8,1.1,321.7,286.2,5.3,366.9,32.4,196.9,15.5,72.0,4414.799999999999
2023-10-17,,244.7,2.5,36.7,113.9,3.7,120.1,,,81.7,14.3,422.5,146.2,32.9,47.8,32.2,267.0,80.7,,286.7,618.7,2.7,5.7,1.9,2.6,116.4,10.0,133.9,266.2,1.2,320.0,283.6,6.0,300.2,37.2,199.1,15.1,72.4,4372.4
2023-10-18,,246.8,2.5,37.2,113.5,3.6,117.8,,,80.7,14.4,418.2,158.2,33.0,48.0,31.7,269.8,82.2,,295.3,626.4,2.7,5.7,1.8,2.7,120.1,10.2,143.3,275.7,1.2,332.6,281.6,5.6,335.3,37.8,190.8,17.5,72.0,4461.900000000001
2023-10-19,,247.3,2.6,37.3,112.8,3.6,117.3,,,79.7,15.0,431.5,159.4,32.9,47.6,32.5,276.6,82.6,,299.8,626.2,2.7,5.6,1.8,2.7,116.7,10.2,146.0,276.6,1.2,340.5,283.1,5.5,342.0,38.4,188.5,19.7,71.3,4502.900000000001
2023-10-20,,247.2,2.7,35.8,111.3,3.6,116.2,,,79.7,14.9,427.2,161.0,33.5,50.3,32.8,277.3,82.3,,301.3,615.6,2.7,5.8,2.1,2.7,108.3,9.5,148.2,284.2,1.1,348.4,284.4,5.4,345.9,39.1,176.7,19.6,71.9,4493.799999999999
2023-10-21,,242.3,2.7,34.9,109.2,3.5,112.5,,,76.4,15.1,436.2,161.4,33.7,49.8,31.7,274.4,82.7,,305.1,607.4,2.7,5.8,2.0,2.6,108.3,9.9,149.3,288.8,1.1,345.2,263.3,5.4,345.9,38.6,158.8,18.0,71.2,4441.4
2023-10-22,,233.6,2.6,30.3,105.8,3.1,110.2,,,73.0,13.6,422.8,145.6,32.0,51.2,30.3,259.6,75.1,,302.5,599.8,2.7,5.8,1.8,2.5,104.6,9.2,138.7,282.3,0.9,321.7,279.0,5.5,336.6,36.9,148.0,18.0,68.1,4298.200000000001
2023-10-23,,229.8,2.3,28.1,100.4,3.5,108.3,,,76.9,13.9,426.4,150.9,32.6,50.4,29.8,253.4,75.4,,298.9,607.6,2.5,5.9,1.8,2.4,102.1,8.3,142.5,285.5,0.8,300.4,264.5,5.3,342.2,37.9,143.6,18.1,66.8,4263.6
2023-10-24,,228.6,2.4,25.4,99.8,3.1,103.9,,,69.9,12.0,408.3,136.0,28.6,51.0,28.5,248.2,78.1,,295.7,551.8,2.6,5.9,1.8,2.4,107.3,9.4,122.5,281.6,0.7,326.5,260.1,4.9,348.7,33.8,140.2,18.1,64.9,4141.899999999999
2023-10-25,,236.3,2.5,28.8,98.2,3.5,104.2,,,77.6,14.4,419.3,149.0,32.2,49.1,29.9,270.9,81.9,,296.5,589.0,2.6,6.0,1.8,2.3,109.3,10.2,134.4,291.2,0.8,354.9,253.0,4.6,339.4,36.7,152.5,18.3,69.7,4313.4000000000015
2023-10-26,,241.9,2.5,32.3,101.0,3.6,103.5,,,79.2,14.3,439.6,156.4,33.3,51.0,31.8,282.3,83.1,,303.8,607.7,2.5,5.9,1.8,2.4,113.7,10.2,143.6,295.7,1.0,363.7,251.3,4.8,346.1,38.4,165.4,18.6,71.2,4448.900000000001
2023-10-27,,245.1,2.4,33.6,100.0,3.5,104.1,,,79.4,14.4,434.2,155.0,33.6,52.0,30.7,286.9,83.5,,306.8,598.8,2.5,5.9,1.8,2.4,104.3,10.3,142.1,298.1,1.1,367.9,246.7,5.0,345.0,39.3,166.7,19.7,70.6,4438.999999999999
2023-10-28,,241.0,2.5,34.1,100.2,3.5,101.5,,,73.9,13.8,430.9,152.4,33.3,51.6,31.3,283.4,82.7,,308.0,591.1,2.6,5.9,1.9,2.5,102.4,10.3,145.5,299.3,1.1,365.5,243.8,4.8,338.6,39.2,160.1,19.8,71.4,4395.4
2023-10-29,,235.7,2.7,30.5,99.1,3.2,100.9,,,73.6,13.3,421.3,139.1,31.2,51.0,31.2,271.0,74.5,,306.3,580.2,2.6,5.7,1.8,2.5,97.5,9.5,132.0,300.0,1.0,323.7,238.0,4.5,331.5,36.4,148.6,17.5,71.7,4233.6
2023-10-30,,233.1,2.9,30.6,98.9,3.5,102.0,,,79.7,14.0,430.2,150.8,32.9,51.1,31.4,273.4,79.3,,312.4,597.1,2.6,6.0,1.9,2.5,101.4,9.9,139.3,309.0,1.2,322.4,238.7,4.6,339.7,37.8,155.9,18.4,72.3,4331.8
2023-10-31,,231.7,2.6,32.1,98.7,3.6,97.3,,,80.9,13.8,432.5,155.0,33.3,48.2,31.6,271.6,80.8,,315.5,603.3,2.6,6.0,1.9,2.4,103.0,9.2,144.2,312.5,1.2,332.4,238.5,5.0,350.6,39.3,163.0,18.2,71.3,4378.700000000001
2023-11-01,,230.5,2.6,33.3,98.7,3.5,99.8,,,81.5,14.2,424.2,150.0,33.4,52.3,31.6,253.6,80.9,,315.2,599.1,2.6,5.9,1.9,2.4,104.4,8.9,142.7,314.6,1.1,335.7,233.6,5.1,348.6,38.7,170.9,17.7,71.4,4354.799999999999
2023-11-02,,230.1,2.7,32.7,100.9,3.5,99.8,,,80.9,14.0,436.3,147.9,32.7,49.8,29.1,271.7,81.4,,318.0,598.3,2.6,6.0,1.9,2.4,105.0,8.9,139.5,313.6,1.1,331.8,229.6,5.2,346.5,37.1,175.2,17.8,70.5,4368.799999999999
2023-11-03,,226.7,2.7,32.8,100.8,3.5,99.8,,,81.4,14.3,435.5,149.2,33.3,52.1,28.6,275.4,80.9,,320.8,599.3,2.6,6.1,1.9,2.5,105.9,9.0,141.6,313.6,1.2,322.1,228.7,5.2,348.2,39.5,174.5,16.4,69.9,4370.5
2023-11-04,,223.9,2.4,31.2,96.2,3.5,96.8,,,76.2,14.8,436.7,145.1,33.2,50.8,30.6,266.7,78.6,,322.3,603.6,2.6,6.3,1.8,2.3,102.6,8.8,140.5,316.8,1.2,300.5,226.4,5.0,344.2,39.5,166.7,18.6,68.9,4310.000000000001
2023-11-05,,214.2,2.6,26.5,93.4,3.2,95.9,,,72.5,13.7,427.9,129.7,30.7,52.6,31.0,239.0,71.5,,321.2,578.5,2.6,6.1,1.9,2.3,103.6,8.2,128.5,313.5,1.1,270.9,209.7,4.7,331.2,35.7,152.3,19.0,68.3,4107.499999999999
2023-11-06,,207.4,2.7,27.1,91.1,3.5,94.0,,,77.3,14.5,436.0,139.7,32.7,51.7,29.8,233.2,78.4,,323.9,594.2,2.6,6.5,1.9,2.4,104.8,9.1,135.2,315.8,1.3,301.8,210.2,4.4,331.5,38.6,153.7,18.8,70.9,4191.099999999999
2023-11-07,,206.8,2.4,29.0,88.3,3.6,92.5,,,77.9,14.4,435.4,143.3,33.3,52.7,29.5,220.2,80.7,,328.8,599.1,2.5,6.3,1.8,2.2,104.3,9.3,136.4,324.0,1.3,304.8,204.2,4.4,335.7,39.6,151.9,19.8,69.9,4201.0
2023-11-08,,207.1,2.5,29.9,86.9,3.6,91.1,,,77.9,13.0,431.3,143.6,34.7,52.9,30.1,223.2,79.5,,331.1,603.6,2.5,6.6,1.8,2.3,111.0,9.2,139.3,320.2,1.3,302.6,198.6,4.2,334.3,39.8,149.6,20.1,68.9,4199.400000000001
2023-11-09,,202.8,2.6,29.6,86.0,3.6,93.0,,,77.7,14.0,432.6,142.1,35.0,49.7,30.0,206.1,78.7,,333.3,595.8,2.7,6.4,1.9,2.3,109.9,9.2,137.4,313.8,1.4,301.6,202.3,4.2,333.8,39.9,150.0,17.9,67.1,4159.799999999999
2023-11-10,,204.5,2.8,29.4,90.3,3.6,93.6,,,75.8,14.2,420.0,132.8,34.4,46.2,30.7,210.4,78.3,,335.9,584.3,2.7,6.2,1.9,2.3,101.8,8.9,126.7,304.3,1.4,299.7,208.4,4.2,335.3,40.7,149.9,18.9,70.5,4116.099999999999
2023-11-11,,202.2,2.7,29.6,88.9,3.2,91.7,,,68.6,13.9,364.0,120.8,30.7,53.3,30.3,205.6,79.2,,332.4,566.3,2.7,6.3,1.9,2.3,97.3,8.5,123.2,291.8,1.3,265.0,204.8,4.2,328.0,36.1,147.1,19.9,71.0,3939.0
2023-11-12,,198.0,2.7,26.9,90.5,3.0,86.1,,,59.6,11.2,299.5,95.7,23.3,53.0,32.7,195.9,72.5,,317.2,511.5,2.7,5.9,1.8,2.3,98.2,6.3,95.6,270.8,1.1,212.3,198.9,4.3,316.8,28.6,132.6,19.0,70.7,3581.9000000000005
2023-11-13,,199.9,2.7,25.6,87.3,2.9,79.7,,,55.9,12.8,282.3,87.6,20.5,52.7,29.7,199.1,78.8,,300.5,498.9,2.7,6.0,1.9,2.3,98.1,6.9,85.5,256.5,1.0,224.9,201.7,4.4,282.6,27.0,128.9,18.3,68.9,3466.6000000000004
2023-11-14,,208.8,2.7,26.7,87.9,3.3,83.5,,,60.3,13.7,267.3,103.3,26.2,51.4,29.7,209.6,80.2,,310.9,507.8,2.6,6.3,1.9,2.4,96.5,7.4,115.8,272.2,1.0,250.0,208.8,4.5,294.2,30.5,133.5,18.5,69.4,3624.3
2023-11-15,,209.0,2.5,28.4,86.9,3.4,84.7,,,63.7,13.4,297.3,116.5,30.6,53.1,30.5,229.5,81.7,,316.5,509.9,2.7,6.3,2.0,2.3,95.3,7.8,126.8,282.3,1.1,272.9,209.8,4.8,293.4,32.4,130.3,19.6,69.9,3756.500000000001
2023-11-16,,215.8,2.5,28.4,86.3,3.4,84.3,,,66.4,12.7,325.5,125.2,32.2,51.6,30.0,242.0,83.2,,321.7,533.8,2.7,6.2,1.9,2.3,95.4,7.9,129.4,291.3,1.2,292.3,209.1,4.5,300.6,34.9,134.0,19.9,70.1,3891.5
2023-11-17,,221.0,2.8,25.4,89.9,3.4,83.5,,,68.7,13.9,343.1,131.2,33.7,51.5,31.1,252.3,84.5,,313.5,546.3,2.5,5.8,1.3,2.1,98.4,8.7,132.2,296.4,1.3,310.8,214.7,2.0,311.0,36.2,138.1,18.6,69.6,3989.400000000001
2023-11-18,,223.1,2.6,26.2,88.8,3.3,86.5,,,66.1,14.1,360.7,131.3,33.6,52.0,30.4,258.7,84.6,,322.1,554.8,2.5,6.0,1.6,1.9,100.0,8.5,131.1,296.8,1.3,314.9,211.7,2.4,314.6,37.3,141.3,18.8,70.0,4044.1
2023-11-19,,220.2,2.6,26.5,82.0,3.1,85.7,,,62.8,13.4,357.0,119.7,31.5,52.9,29.8,235.5,77.0,,330.6,545.7,2.6,6.1,1.6,2.2,98.5,8.1,121.9,291.7,1.2,287.6,206.9,3.1,310.6,35.2,128.9,19.2,69.3,3913.6
2023-11-20,,218.9,2.6,26.7,80.2,3.4,88.3,,,66.3,14.5,376.7,129.9,32.9,52.3,29.4,253.8,82.5,,331.2,568.7,2.6,5.8,1.7,2.3,99.6,8.6,126.3,295.5,1.3,308.0,211.6,4.1,325.5,37.1,134.2,19.9,69.2,4054.9
2023-11-21,,210.3,2.7,28.1,80.9,3.4,89.2,,,69.7,14.7,393.7,135.4,33.5,51.9,28.7,262.2,83.8,,334.8,577.1,2.7,6.3,2.0,2.3,98.2,9.3,132.5,302.8,1.4,317.3,211.3,4.2,309.0,38.6,138.0,20.1,69.8,4110.099999999999
2023-11-22,,207.2,2.7,27.5,84.8,3.6,89.6,,,71.1,14.7,391.0,139.4,34.5,51.0,30.1,260.0,82.2,,333.8,578.0,2.6,6.3,2.0,2.2,93.9,9.1,139.6,301.2,1.5,305.0,213.3,4.1,308.6,39.4,136.3,18.4,71.5,4100.500000000001
2023-11-23,,203.5,2.6,28.1,83.8,3.4,90.8,,,71.6,15.4,397.4,138.7,33.3,51.7,29.7,259.2,81.6,,334.8,582.2,2.7,6.3,1.9,2.3,94.8,9.1,135.2,302.4,1.5,297.9,202.8,4.0,304.2,39.1,136.2,19.3,71.3,4082.8
2023-11-24,,201.4,2.7,28.1,83.5,3.6,89.6,,,70.8,15.3,395.3,140.1,34.7,53.3,30.6,256.5,82.2,,331.8,583.1,2.8,6.2,1.9,2.4,95.1,9.1,141.6,306.4,1.5,303.3,194.6,4.0,298.6,39.5,135.0,17.9,71.8,4078.8000000000006
2023-11-25,,200.3,2.8,27.7,80.8,3.4,89.7,,,68.8,15.0,398.1,141.0,34.7,54.9,29.8,246.3,80.9,,330.0,583.4,2.7,6.4,2.0,2.3,95.4,8.3,142.2,274.6,1.5,294.2,196.5,3.9,300.0,39.2,134.8,17.9,68.4,4022.6
2023-11-26,,198.6,2.8,25.8,85.3,3.2,89.3,,,67.2,13.6,318.2,126.9,32.4,55.0,29.7,225.1,75.1,,306.7,547.1,2.7,6.3,1.8,2.2,95.0,8.2,133.8,264.7,1.2,259.9,193.8,3.8,295.7,36.6,123.1,17.7,70.9,3762.8000000000006
2023-11-27,,199.1,2.8,25.9,80.8,3.4,88.8,,,68.4,14.2,301.0,133.8,33.7,55.2,30.7,249.7,81.7,,266.85,488.3,2.8,6.4,1.8,2.3,93.2,8.7,133.7,234.9,1.5,283.0,197.0,4.0,293.3,39.0,127.4,17.2,71.1,3642.6
2023-11-28,,201.8,2.4,27.5,82.1,3.5,85.0,,,69.8,14.6,315.6,135.0,33.9,54.9,31.0,252.4,84.6,,227.0,505.7,2.7,6.5,1.9,2.3,99.0,8.9,137.8,248.1,1.6,298.3,198.9,4.0,289.1,40.2,131.9,17.3,70.6,3730.3000000000006
2023-11-29,,203.6,2.8,26.9,82.5,3.5,84.7,,,70.0,14.3,318.9,139.9,34.5,55.1,30.5,250.9,85.5,,238.6,484.4,2.7,6.6,1.9,2.4,107.8,8.8,142.8,262.0,1.5,299.0,198.7,4.1,298.5,39.3,135.4,17.6,74.0,3772.6
2023-11-30,,199.6,2.9,26.5,84.3,3.5,87.2,,,69.5,15.4,335.2,136.6,34.1,54.9,30.3,249.8,85.3,,214.1,479.7,2.9,6.6,2.0,2.4,107.2,8.3,130.2,266.5,1.6,294.3,183.0,3.9,280.4,39.2,134.9,17.9,71.3,3705.7
2023-12-01,,200.8,2.8,27.5,83.1,3.6,88.5,,,71.0,14.6,351.6,136.4,34.5,55.4,30.2,254.7,84.9,,207.6,477.4,3.0,6.5,1.9,2.5,100.9,8.6,137.6,272.2,1.5,300.7,200.7,3.9,291.1,39.1,133.4,18.4,70.7,3760.8
2023-12-02,,194.8,2.8,27.2,83.6,3.5,79.8,,,66.5,14.1,353.6,136.3,34.1,54.8,30.4,248.8,84.7,,214.4,482.6,2.9,6.5,1.8,2.4,96.1,8.6,136.5,276.2,1.3,294.1,206.5,4.0,295.3,38.8,134.0,19.5,70.3,3750.500000000001
2023-12-03,,178.6,2.9,25.5,82.2,3.2,88.9,,,66.9,12.4,364.6,122.8,32.0,55.4,29.8,228.8,77.9,,216.0,465.2,2.7,6.3,1.8,2.4,95.2,7.6,129.3,266.3,1.4,262.0,194.3,4.1,286.8,35.9,126.1,19.8,67.9,3606.0
2023-12-04,,158.5,2.8,26.1,81.5,3.5,,,,69.4,13.5,361.9,134.8,34.3,56.3,28.6,243.5,84.2,,209.8,503.9,3.0,6.3,1.9,2.3,94.0,7.9,137.3,261.0,1.7,237.2,194.0,4.3,275.6,38.1,132.8,,68.6,3629.6
2023-12-05,,129.3,2.9,27.3,82.2,3.6,82.6,,,70.0,13.9,364.2,142.6,34.4,56.0,28.9,248.6,85.2,,217.0,506.0,3.0,6.4,1.9,2.3,91.3,8.5,141.2,269.0,1.7,258.9,172.8,4.0,285.5,38.6,134.5,18.5,69.7,3647.3000000000006
2023-12-06,,143.5,2.9,27.6,82.1,3.6,81.8,,,69.5,14.0,361.7,144.1,35.4,55.6,25.9,255.4,85.5,,219.2,505.5,3.0,6.3,2.0,2.4,89.0,8.7,142.2,275.1,1.6,295.2,173.4,4.0,294.4,39.5,131.5,20.0,64.8,3711.4
2023-12-07,,167.9,2.8,26.6,70.0,3.5,80.4,,,68.6,13.6,375.2,144.3,35.3,55.6,25.0,258.9,85.9,,217.6,499.0,2.9,6.6,2.1,2.3,97.1,8.8,141.4,279.2,1.8,316.2,185.8,3.7,288.7,40.7,127.6,19.8,65.6,3765.6
2023-12-08,,173.8,2.4,25.4,78.7,3.6,84.4,,,71.2,13.6,382.0,145.4,35.9,56.9,28.4,257.9,84.8,,228.0,497.0,2.9,6.7,1.9,2.6,95.2,9.0,138.6,286.6,1.6,315.6,188.3,4.2,297.7,40.7,129.0,18.8,67.9,3821.4
2023-12-09,,173.1,2.3,26.8,77.5,3.5,85.4,,,67.1,14.2,387.0,145.0,35.8,56.2,29.0,247.0,83.2,,239.1,498.0,2.8,6.6,1.8,2.4,88.5,8.9,141.4,287.3,1.6,311.0,188.9,3.9,294.6,40.4,128.5,17.9,67.9,3809.3000000000006
2023-12-10,,171.5,2.8,25.2,77.5,3.3,84.5,,,64.9,13.5,380.8,129.5,33.6,56.3,29.1,230.5,76.4,,246.3,490.8,3.0,6.5,2.0,2.5,90.0,8.0,135.7,285.6,1.4,281.2,191.8,3.7,292.2,37.3,118.1,19.6,67.3,3706.1
2023-12-11,,178.6,2.7,26.5,78.2,3.7,84.6,,,71.3,14.2,392.3,142.1,35.4,55.8,27.5,252.2,83.9,,258.4,518.4,2.9,6.5,2.0,2.3,90.2,7.8,138.2,292.8,1.7,307.5,200.2,3.8,301.6,40.3,129.2,18.0,68.1,3883.1
2023-12-12,,182.5,2.9,25.5,79.6,3.8,86.4,,,70.7,14.3,393.2,145.5,37.4,56.4,28.4,254.2,84.3,,270.6,533.2,3.0,6.4,2.0,2.3,102.0,8.8,140.7,290.6,1.7,315.4,208.0,3.9,305.5,42.0,132.1,18.0,70.5,3966.7
2023-12-13,,185.8,2.6,26.3,79.2,3.8,87.6,,,70.3,14.0,391.7,149.6,37.8,56.3,29.7,256.1,82.9,,280.3,546.7,2.9,6.6,1.9,2.3,100.4,8.8,141.6,298.3,1.7,317.7,213.0,3.9,313.9,42.3,130.8,18.6,70.9,4021.2000000000007
2023-12-14,,188.5,2.6,26.4,79.3,3.8,88.3,,,68.3,13.2,397.4,149.3,37.3,56.4,28.4,256.0,82.2,,288.9,544.5,2.9,6.3,2.0,2.3,102.0,8.5,148.3,306.1,1.8,319.2,216.1,4.0,315.8,40.0,132.6,20.1,69.7,4053.6
2023-12-15,,186.6,2.9,26.1,81.2,3.9,87.5,,,70.7,14.0,399.8,149.1,38.2,57.4,28.2,259.4,83.3,,297.9,534.4,2.9,6.5,1.9,2.3,92.0,8.8,147.9,312.9,1.8,317.3,218.2,4.1,324.1,43.9,133.0,19.9,69.8,4072.9
2023-12-16,,184.9,2.9,26.4,82.8,3.8,86.7,,,70.5,13.6,403.0,148.1,37.2,58.6,28.2,256.8,83.2,,304.0,536.6,3.1,6.4,2.1,2.4,88.0,8.7,147.8,309.5,1.8,295.8,217.4,3.8,321.5,43.2,131.3,18.8,70.1,4043.8000000000006
2023-12-17,,184.7,2.7,25.6,84.3,3.6,87.1,,,68.7,10.1,378.9,135.0,35.1,58.5,29.3,235.2,75.3,,308.4,518.2,2.9,6.4,1.9,2.4,86.5,8.0,147.9,308.8,1.5,270.6,210.8,3.7,325.7,37.7,117.6,19.7,70.7,3907.6
2023-12-18,,188.6,2.9,25.7,84.0,4.0,87.8,,,71.2,10.7,390.3,146.2,37.2,60.5,31.2,251.7,77.8,,315.3,529.1,3.2,6.5,2.3,2.6,88.2,8.3,147.2,314.9,1.7,280.1,213.2,3.7,331.9,42.7,125.5,20.2,69.6,4020.3
2023-12-19,,193.3,3.0,25.7,85.5,4.1,93.4,,,73.1,12.5,390.6,152.0,37.5,59.5,30.7,256.6,80.2,,320.6,537.3,3.2,6.5,2.3,2.6,99.5,8.6,148.3,319.0,1.8,292.1,219.3,3.9,337.2,44.0,133.2,18.3,69.8,4107.9
2023-12-20,,195.4,2.9,26.7,85.6,4.3,90.8,,,74.6,13.6,384.1,152.8,37.7,60.6,31.2,260.6,83.7,,322.6,541.9,3.2,6.6,2.0,2.4,95.7,8.4,147.9,319.7,1.9,303.4,221.7,3.9,339.9,44.4,135.0,17.1,72.5,4139.2
2023-12-21,,195.6,3.1,24.8,85.7,4.1,92.3,,,74.1,14.2,387.2,151.5,37.8,60.3,30.8,263.3,83.9,,327.2,550.3,3.2,6.5,2.1,2.5,92.0,8.4,147.2,317.9,1.9,301.2,222.4,3.9,341.3,44.0,134.3,18.6,72.8,4151.4
2023-12-22,,194.3,2.9,26.6,86.3,4.2,93.6,,,75.9,13.7,399.8,152.3,37.1,60.1,30.4,271.0,84.7,,328.5,556.4,3.0,6.3,2.0,2.4,87.8,8.8,145.3,320.6,1.9,308.8,219.5,3.9,342.0,44.2,134.9,20.5,72.8,4187.5
2023-12-23,,195.6,3.0,26.6,85.4,3.9,93.8,,,71.7,13.8,397.3,150.3,38.3,59.4,30.9,261.6,82.8,,326.5,549.3,3.2,6.4,2.1,2.4,89.6,8.5,143.4,319.6,1.9,310.0,220.8,3.9,328.2,43.6,133.9,19.2,73.2,4144.599999999999
2023-12-24,,193.8,2.7,25.3,86.4,3.7,93.2,,,68.9,12.5,391.6,133.4,35.0,60.8,30.3,241.6,74.3,,324.3,528.0,3.1,6.6,2.0,2.5,102.4,8.1,139.8,314.0,1.6,279.2,221.5,3.8,327.6,40.1,124.9,19.1,71.8,4017.5
2023-12-25,,196.9,2.7,25.9,87.0,3.7,97.2,,,71.1,12.2,390.9,141.2,36.4,61.7,33.0,254.0,75.2,,324.5,535.5,3.1,6.2,1.9,2.2,89.9,8.1,139.6,317.7,1.7,288.4,223.6,3.8,327.9,42.0,126.7,18.9,72.6,4067.6
2023-12-26,,198.8,3.0,26.4,88.6,4.0,96.4,,,73.8,13.2,396.1,147.1,37.8,61.1,31.9,265.9,81.2,,323.7,555.1,3.2,6.2,1.8,2.2,98.7,8.6,139.0,325.2,1.8,308.6,228.6,3.9,317.7,42.9,132.3,18.6,72.5,4160.799999999999
2023-12-27,,202.8,3.1,26.3,89.6,4.1,97.2,,,76.7,13.4,391.4,147.3,38.2,60.5,31.5,263.6,82.8,,328.2,557.8,3.2,6.3,2.1,2.4,105.2,8.8,139.9,321.7,1.7,320.7,231.7,3.9,326.2,42.8,136.5,18.7,72.1,4203.099999999999
2023-12-28,,205.1,3.0,26.5,88.4,4.1,97.6,,,76.5,13.4,401.6,145.5,37.9,61.5,30.3,266.1,84.4,,327.1,556.0,3.1,6.2,2.1,2.4,107.2,8.9,139.3,322.8,1.7,326.4,231.1,3.8,334.1,42.3,137.1,18.9,72.8,4229.900000000001
2023-12-29,,205.2,2.9,26.6,89.8,4.2,97.1,,,80.0,13.6,399.7,146.7,38.4,61.2,31.2,269.0,85.7,,329.6,561.5,3.1,6.1,2.0,2.4,106.2,9.0,142.5,319.0,1.7,325.4,234.5,3.9,345.3,41.1,136.1,19.4,73.0,4258.1
2023-12-30,,205.3,2.9,26.6,89.9,3.9,98.6,,,75.2,13.8,400.1,145.6,37.8,60.5,31.9,269.2,84.8,,327.4,554.5,3.0,6.3,2.1,2.4,99.6,8.9,145.1,318.5,1.8,319.3,231.8,4.0,346.5,42.9,134.6,19.5,72.1,4231.1
2023-12-31,,202.0,2.6,25.6,93.7,4.2,98.9,,,73.0,12.7,389.4,134.7,34.8,63.5,32.7,254.0,77.3,,323.6,526.6,3.2,6.5,2.1,2.4,100.4,8.1,144.5,311.3,1.5,298.8,226.0,3.9,342.7,41.4,125.7,17.9,73.0,4101.999999999999
2024-01-01,,196.8,2.8,24.8,93.7,4.7,96.7,,,79.6,12.8,380.2,142.4,35.8,64.4,31.6,261.6,84.1,,320.4,527.0,2.8,6.0,1.8,2.3,87.7,7.9,148.6,312.7,1.5,303.6,223.1,3.7,344.5,41.9,125.3,17.3,70.6,4101.1
2024-01-02,,199.6,2.9,25.8,86.9,4.7,96.3,,,80.1,13.5,366.0,150.7,35.6,64.4,30.4,271.1,85.2,,316.4,548.7,3.1,6.2,1.9,2.3,88.6,8.7,148.5,309.1,1.8,325.5,231.2,3.9,347.8,42.1,132.0,19.1,69.2,4162.2
2024-01-03,,202.5,2.9,26.5,86.8,4.7,98.8,,,84.9,13.9,384.5,156.9,36.9,63.1,30.8,271.5,85.8,,307.3,557.1,3.2,6.3,2.1,2.4,87.8,8.6,154.1,322.4,1.9,336.7,237.8,3.8,345.1,42.7,135.8,18.5,70.5,4239.1
2024-01-04,,202.9,2.8,27.3,91.1,4.8,101.6,,,87.6,13.8,398.4,159.3,37.5,62.9,31.1,262.8,83.6,,303.9,564.6,3.0,6.4,2.1,2.3,87.1,8.5,150.3,317.8,1.9,332.7,237.8,4.4,342.6,43.5,139.6,17.2,70.8,4248.7
2024-01-05,,202.1,2.6,26.0,93.1,5.0,103.4,,,90.4,14.5,399.7,163.3,38.9,63.7,30.8,261.7,81.0,,291.5,557.2,3.0,6.4,2.1,2.3,88.1,8.8,156.0,317.2,2.0,326.0,242.3,4.1,356.3,45.3,142.3,18.6,71.5,4262.400000000001
2024-01-06,,203.3,2.8,26.3,88.5,4.7,102.5,,,85.5,14.3,401.5,160.6,38.0,65.7,30.9,257.4,81.8,,272.4,560.0,3.2,6.3,2.2,2.4,86.6,8.5,162.8,325.2,1.9,320.1,239.5,3.9,356.9,45.9,141.4,17.6,70.9,4236.599999999999
2024-01-07,,197.9,2.9,25.4,91.0,4.7,102.1,,,81.7,13.1,391.3,148.6,34.4,64.4,30.7,228.7,75.2,,272.4,543.9,3.2,6.4,2.0,2.3,89.3,7.7,154.1,320.6,1.7,290.3,233.6,3.6,351.3,42.9,129.9,17.6,71.6,4080.6
2024-01-08,,195.7,3.0,26.7,91.4,5.3,103.4,,,88.4,12.0,405.4,157.5,35.9,64.4,30.8,245.2,80.9,,276.2,553.5,3.1,6.3,2.1,2.3,88.2,7.6,157.4,319.8,2.0,291.6,240.7,3.6,358.8,44.9,138.3,17.9,72.3,4177.300000000002
2024-01-09,,198.4,2.7,26.6,92.8,5.5,105.1,,,91.3,14.6,407.6,164.4,37.3,64.9,28.0,247.3,81.6,,274.8,568.3,3.3,6.5,2.3,2.3,90.4,8.3,158.9,319.7,2.0,287.6,245.7,4.1,356.0,46.5,144.6,19.2,71.6,4225.9000000000015
2024-01-10,,204.5,2.9,28.1,92.1,5.6,106.5,,,92.9,14.7,406.2,165.4,38.2,65.9,31.1,252.6,79.5,,280.3,560.0,3.1,6.6,2.2,2.3,94.9,8.5,162.3,327.3,2.0,295.5,245.5,4.0,365.7,47.1,142.2,18.5,71.2,4271.000000000001
2024-01-11,,210.0,2.8,27.9,96.2,5.7,107.1,,,92.7,14.2,420.4,166.3,38.0,65.7,33.5,258.4,81.3,,281.4,563.2,3.2,6.5,2.3,2.4,94.6,8.6,167.4,321.9,2.1,302.9,246.2,4.0,371.5,47.7,142.4,17.8,71.8,4323.699999999999
2024-01-12,,211.9,2.7,26.0,99.1,5.7,107.6,,,95.4,11.9,426.1,166.1,37.7,66.2,31.7,261.8,80.8,,289.4,576.4,3.1,6.6,2.3,2.3,96.3,8.6,168.6,330.4,2.0,311.4,251.8,3.9,377.6,48.8,145.0,16.8,71.8,4388.8
2024-01-13,,209.0,2.6,25.8,96.3,5.1,106.7,,,87.3,14.0,420.7,164.9,37.0,65.2,31.4,269.1,78.9,,297.2,579.3,3.0,6.4,2.3,2.3,94.2,8.8,161.0,326.0,1.8,309.2,249.8,4.0,371.8,47.0,140.9,18.4,73.6,4356.400000000001
2024-01-14,,205.3,2.4,26.6,99.8,4.9,106.6,,,85.8,12.7,391.25,146.6,34.4,66.7,31.7,258.7,74.6,,300.1,562.6,3.0,6.3,2.2,2.4,96.1,7.7,152.6,320.8,1.5,285.2,242.1,4.1,372.1,42.2,139.9,20.3,73.2,4157.500000000001
2024-01-15,,194.5,2.4,24.0,102.9,5.4,106.4,,,90.1,13.1,361.8,159.9,36.3,65.9,31.2,263.4,81.8,,302.2,564.8,3.0,6.2,2.2,2.2,101.9,7.0,158.9,322.6,1.8,245.7,236.6,4.0,379.3,44.9,140.1,20.1,71.6,4197.799999999999
2024-01-16,,190.5,2.4,25.0,100.0,5.4,107.1,,,91.9,12.6,405.6,167.5,37.6,65.6,31.6,277.5,82.3,,308.7,572.6,3.1,6.4,1.8,2.3,98.8,5.9,164.6,328.7,2.0,242.5,242.4,4.0,370.6,46.5,144.4,19.0,70.1,4281.400000000001
2024-01-17,,196.1,2.9,26.1,100.8,5.0,108.1,,,93.0,13.2,413.2,167.4,37.0,62.1,31.0,279.5,82.3,,316.1,573.7,3.1,6.5,2.3,2.3,97.6,6.2,161.6,328.7,2.1,268.3,249.1,4.0,389.4,47.4,147.4,18.8,69.6,4356.9000000000015
2024-01-18,,205.1,2.9,26.9,102.2,5.0,103.8,,,91.9,13.0,411.4,165.7,37.6,63.7,31.4,282.9,82.2,,319.2,573.8,3.1,6.3,2.3,2.2,93.6,7.6,159.2,328.5,2.0,305.7,255.1,4.0,401.1,47.0,143.2,19.3,69.2,4413.2
2024-01-19,,212.9,3.1,27.0,103.9,5.5,104.1,,,97.0,13.5,417.3,163.8,36.9,63.1,33.8,284.2,83.7,,318.0,570.3,3.1,6.3,2.4,2.2,95.9,8.4,163.8,330.4,2.0,324.4,257.5,3.9,410.3,47.1,146.1,18.3,72.3,4477.799999999999
2024-01-20,,210.4,3.0,27.0,99.2,5.1,103.5,,,90.7,12.7,418.7,164.4,38.3,64.4,31.2,281.6,84.8,,318.0,572.1,3.1,6.4,2.3,2.2,95.0,8.8,167.2,335.8,1.9,317.8,254.5,4.1,403.8,48.2,149.8,18.9,71.7,4461.700000000001
2024-01-21,,211.3,3.0,26.3,103.4,5.1,98.2,,,87.5,11.2,397.0,151.1,36.2,66.0,31.6,267.1,78.2,,319.6,556.9,3.0,6.2,2.2,2.1,92.3,8.1,168.0,327.9,1.6,302.2,250.8,3.9,391.3,46.6,142.5,19.7,71.0,4333.0
2024-01-22,,219.2,3.2,27.2,100.6,5.6,101.2,,,90.6,12.1,372.3,159.3,37.2,65.9,31.4,280.5,86.4,,323.8,562.4,3.1,6.4,2.3,2.2,91.2,8.4,165.3,321.9,1.9,327.3,255.6,4.0,417.3,46.2,149.7,19.5,69.8,4413.9
2024-01-23,,220.8,3.0,27.0,95.7,5.7,102.5,,,91.4,13.0,400.2,165.5,37.4,63.7,32.2,286.3,87.5,,325.3,572.5,3.0,6.4,2.3,2.2,92.9,8.9,168.2,322.3,2.0,328.0,255.8,4.1,385.3,47.2,150.0,18.2,70.6,4441.0
2024-01-24,,211.9,2.4,27.2,102.7,5.9,97.0,,,92.0,11.5,409.2,162.7,39.3,64.7,30.4,290.1,86.3,,328.0,569.0,3.0,6.5,2.3,2.3,91.3,8.9,161.1,325.1,2.0,337.8,255.2,4.0,391.3,47.7,148.2,19.3,70.2,4451.4
2024-01-25,,225.8,3.0,26.7,98.8,5.5,97.6,,,92.0,11.5,414.1,164.4,37.8,63.2,31.5,289.9,85.4,,324.1,567.4,3.1,6.5,2.3,2.2,91.6,8.8,172.5,330.9,2.0,340.7,256.4,3.9,391.8,47.8,148.5,19.5,70.7,4483.099999999999
2024-01-26,,209.3,3.2,26.2,103.1,4.7,98.9,,,78.7,10.8,387.0,147.5,33.5,66.8,32.5,273.0,79.6,,329.0,517.4,3.0,6.5,2.4,2.4,98.2,8.0,164.8,328.6,1.7,307.8,250.7,3.9,405.9,42.5,136.9,18.4,69.0,4291.399999999999
2024-01-27,,221.0,3.2,26.3,99.9,4.5,100.5,,,79.4,11.8,399.2,152.2,35.6,63.9,33.3,273.3,80.6,,326.4,553.1,3.2,6.6,2.5,2.4,101.5,8.9,161.2,328.8,1.8,325.3,250.3,3.9,373.7,46.6,143.4,18.7,71.3,4356.8
2024-01-28,,218.9,3.1,26.6,100.4,4.4,103.5,,,81.5,11.4,400.5,150.3,35.2,64.2,31.6,262.9,75.1,,327.5,562.0,3.1,6.4,2.4,2.3,98.2,8.7,155.2,328.2,1.7,312.6,246.2,3.8,376.5,45.8,142.7,18.9,71.9,4328.700000000001
2024-01-29,,221.6,3.2,27.4,97.1,4.8,105.4,,,85.4,13.1,411.5,157.5,36.8,63.4,30.1,282.8,82.8,,327.6,582.1,3.2,6.5,2.3,2.2,109.3,8.7,150.8,330.9,2.0,333.2,250.8,4.1,371.9,45.8,150.2,18.8,72.0,4440.499999999999
2024-01-30,,222.5,3.1,26.8,95.5,4.7,108.4,,,86.8,13.3,411.6,156.6,37.1,63.2,30.7,291.2,84.5,,323.4,587.8,3.2,6.5,2.4,2.2,107.3,8.9,156.5,329.2,2.1,337.3,252.8,4.1,363.4,45.5,151.9,19.7,74.6,4460.1
2024-01-31,,221.5,3.1,26.8,94.2,4.9,109.7,,,88.7,12.8,407.9,144.6,36.9,59.0,31.3,293.0,85.8,,323.9,586.0,3.1,6.8,2.5,2.2,98.7,9.2,140.0,325.0,2.1,354.8,254.8,4.0,351.6,47.0,154.2,18.4,71.0,4420.7
2024-02-01,,225.3,3.1,27.3,94.3,4.9,109.4,,,84.7,12.4,413.5,132.4,33.4,45.1,31.0,293.4,85.6,,320.1,573.5,3.2,6.7,2.4,2.6,95.1,9.0,136.2,319.8,2.1,360.2,256.8,3.5,314.6,38.1,146.6,18.0,70.4,4319.599999999999
2024-02-02,,227.8,2.9,27.0,92.3,4.7,111.4,,,87.3,12.0,415.8,146.4,35.3,60.2,30.8,296.6,86.9,,324.0,573.5,2.8,6.6,2.3,2.3,101.3,9.1,144.5,324.5,2.1,363.3,262.1,3.8,337.3,44.7,145.2,19.0,70.4,4421.1
2024-02-03,,229.8,3.0,26.0,89.6,4.6,110.1,,,80.7,12.2,413.8,142.7,37.9,64.7,31.5,294.6,87.0,,320.0,572.9,2.7,6.4,2.1,2.3,98.6,9.2,148.5,320.8,1.9,348.3,262.2,3.9,334.3,45.7,146.1,19.9,72.5,4392.0
2024-02-04,,224.4,3.2,26.7,92.9,4.4,111.3,,,75.7,11.3,395.7,121.6,34.9,63.2,30.2,275.2,80.0,,313.3,568.1,3.2,7.0,2.4,2.4,94.7,8.6,136.9,287.3,1.7,319.3,251.8,3.0,312.1,42.7,136.7,19.5,70.3,4176.099999999999
2024-02-05,,227.5,3.2,27.2,85.7,4.9,114.0,,,79.6,12.7,413.5,139.3,35.9,64.6,29.3,294.3,87.3,,301.0,593.4,3.0,6.9,2.4,2.3,98.2,9.0,143.8,288.1,2.1,345.1,259.7,3.5,294.1,43.7,148.5,19.1,70.3,4298.0
2024-02-06,,233.2,3.0,27.6,93.0,4.6,115.1,,,79.5,14.5,414.0,144.9,37.1,63.3,30.8,301.4,86.9,,313.0,608.7,2.9,6.7,2.3,2.1,96.0,9.2,148.1,307.3,2.0,350.3,268.0,3.9,318.3,45.1,155.1,16.1,71.2,4421.3
2024-02-07,,233.7,3.2,28.1,89.9,4.7,118.3,,,82.3,13.2,405.2,147.4,38.3,62.7,30.8,301.1,87.8,,312.3,611.2,2.7,6.6,2.5,2.2,95.2,9.1,152.7,313.0,2.1,354.0,274.5,4.0,319.1,44.4,154.1,20.4,70.0,4443.0
2024-02-08,,232.2,3.3,27.8,91.3,4.5,119.4,,,80.9,13.3,404.8,144.7,36.1,62.4,30.7,306.1,88.8,,312.3,604.7,2.9,6.6,2.0,2.3,97.6,9.3,156.7,316.1,2.1,356.1,277.2,4.3,314.1,44.1,152.8,18.7,69.3,4441.800000000001
2024-02-09,,228.7,3.0,27.9,95.3,4.4,117.8,,,79.9,13.3,409.6,150.1,36.8,60.9,31.6,308.1,88.0,,311.7,595.5,3.1,6.4,2.3,2.3,94.9,9.4,156.3,316.2,2.0,361.2,278.1,3.6,328.9,44.5,153.1,20.3,72.0,4463.000000000001
2024-02-10,,224.4,3.1,27.8,93.8,4.1,120.2,,,74.8,13.2,406.7,152.0,35.6,58.7,31.3,301.0,87.0,,311.4,587.2,3.0,6.4,2.0,2.1,94.0,9.3,162.6,323.7,2.0,357.6,276.8,3.4,328.3,41.6,152.7,18.6,70.6,4432.599999999999
2024-02-11,,223.0,3.1,27.1,94.0,3.7,115.8,,,71.9,12.7,383.0,140.3,33.4,57.4,30.6,284.9,79.5,,306.1,566.1,2.9,6.4,2.0,2.4,93.7,8.6,154.3,322.2,1.6,322.0,264.5,3.7,326.5,41.0,141.3,19.5,71.3,4260.899999999999
2024-02-12,,222.5,3.1,28.0,93.9,4.2,106.0,,,75.4,13.5,396.5,148.7,35.7,59.0,30.8,301.6,86.1,,309.2,584.6,3.2,6.2,2.2,2.4,93.4,8.9,158.8,322.8,1.9,331.9,270.7,3.8,328.5,43.0,149.4,19.5,71.1,4361.799999999999
2024-02-13,,223.7,3.0,28.1,87.8,4.1,113.8,,,76.6,12.8,407.4,154.8,36.0,59.1,27.2,306.6,85.2,,298.6,593.6,3.1,6.3,2.2,2.4,98.6,9.2,164.4,327.6,1.7,360.9,278.1,3.9,317.8,44.2,154.6,18.6,70.8,4428.3
2024-02-14,,224.3,3.0,28.3,84.9,4.0,116.4,,,76.4,12.9,393.6,157.4,36.3,58.0,29.0,309.8,90.3,,297.2,598.5,2.9,6.6,2.4,2.4,108.7,9.5,164.5,324.3,1.9,361.7,278.8,3.8,320.9,43.6,145.9,18.4,72.0,4434.199999999999
2024-02-15,,226.6,3.1,27.6,87.2,3.8,118.8,,,74.1,13.7,404.7,155.2,35.0,58.2,28.2,309.1,90.1,,293.1,599.1,2.9,6.6,2.3,2.5,110.0,9.5,163.5,325.4,2.0,365.4,276.0,4.0,323.7,42.5,147.1,18.1,70.3,4444.900000000001
2024-02-16,,228.0,3.0,28.0,86.2,3.9,120.2,,,74.9,13.9,410.6,157.4,35.3,58.0,29.3,305.7,90.3,,294.1,603.0,3.0,6.4,2.1,2.4,109.2,9.5,162.6,327.1,2.0,367.2,276.0,4.2,330.6,43.1,152.3,18.8,70.4,4474.299999999999
2024-02-17,,226.1,3.0,27.5,86.4,3.7,121.2,,,68.6,13.4,417.0,153.3,34.7,58.1,29.1,302.2,90.9,,294.6,599.4,3.0,6.5,2.3,2.5,111.3,9.5,160.4,324.3,1.9,361.6,273.7,4.1,329.5,41.9,153.1,19.9,67.5,4447.8
2024-02-18,,217.9,3.0,26.1,84.3,3.5,122.5,,,67.0,14.0,394.5,138.0,33.1,57.5,29.5,291.0,84.9,,292.2,582.5,2.9,6.5,2.2,2.2,111.5,8.6,139.0,311.3,1.7,331.7,266.9,3.7,320.6,38.7,140.3,20.2,70.1,4264.299999999999
2024-02-19,,225.8,3.1,28.0,85.4,3.6,124.3,,,70.5,14.1,405.4,135.1,33.8,51.2,29.8,308.6,92.5,,289.5,598.5,3.0,6.6,2.1,2.5,113.4,8.9,124.1,302.3,2.0,355.0,277.4,3.8,310.5,41.1,151.2,17.4,71.1,4336.700000000001
2024-02-20,,230.9,3.1,27.3,84.9,3.6,125.3,,,71.4,13.4,415.9,135.9,33.2,53.5,30.1,312.5,93.7,,294.8,605.1,3.1,6.7,2.1,2.5,114.8,9.1,137.6,314.8,2.0,371.9,282.4,3.9,307.6,40.2,157.7,17.7,70.1,4424.0
2024-02-21,,232.1,2.9,27.5,79.3,3.7,124.5,,,73.3,12.8,410.7,144.7,35.2,54.6,30.1,312.8,95.2,,290.4,605.3,2.9,6.5,2.0,2.2,115.6,9.6,150.5,312.4,2.0,373.9,283.6,4.4,297.2,41.7,160.2,18.5,70.0,4434.499999999999
2024-02-22,,236.1,3.1,27.3,80.9,3.6,125.7,,,72.4,12.8,411.0,149.6,35.4,55.9,30.0,311.1,95.0,,284.3,601.9,2.7,6.7,2.0,2.3,112.4,9.7,163.0,316.1,2.1,382.6,283.1,3.8,309.2,42.1,160.3,17.4,71.2,4468.400000000001
2024-02-23,,238.8,3.1,27.4,87.0,3.6,126.9,,,74.3,13.2,408.1,156.4,36.8,56.6,30.0,316.0,92.9,,284.6,599.4,3.0,6.4,2.2,2.4,112.0,9.8,170.0,320.1,1.9,389.1,288.3,3.4,329.2,42.3,156.2,18.3,71.6,4526.699999999998
2024-02-24,,238.0,3.1,27.7,85.0,3.6,124.1,,,70.2,11.9,404.0,159.3,36.3,51.6,30.8,314.0,91.4,,290.8,588.7,3.1,6.3,2.1,2.5,113.0,9.8,176.0,318.7,1.9,385.1,289.5,4.0,325.4,42.3,156.5,18.4,71.5,4501.9000000000015
2024-02-25,,232.0,3.1,27.2,86.2,3.3,124.7,,,67.9,11.8,382.3,144.9,34.3,55.5,30.4,296.6,84.5,,286.7,570.0,3.2,6.6,2.0,2.5,109.3,9.2,181.2,314.2,1.7,344.5,275.3,3.6,322.1,40.0,140.4,19.0,72.2,4332.3
2024-02-26,,232.9,2.9,30.8,87.2,3.6,128.0,,,71.0,12.5,398.2,153.7,36.2,56.0,34.4,309.3,91.7,,282.5,589.1,3.1,6.4,2.1,2.5,110.0,9.5,174.4,313.5,2.0,366.2,277.3,3.4,324.0,42.1,145.2,19.8,71.5,4437.3
2024-02-27,,237.1,3.0,28.6,88.9,3.8,122.2,,,71.5,13.3,414.6,150.7,37.2,56.1,34.1,318.8,95.0,,255.5,596.7,3.1,6.6,2.0,2.6,107.6,9.8,168.1,310.6,2.0,376.7,283.0,3.6,318.8,43.7,154.3,20.1,70.5,4455.300000000002
2024-02-28,,237.5,3.2,28.4,89.1,3.7,120.3,,,71.5,13.5,412.0,149.5,36.7,55.4,32.7,319.5,96.2,,246.9,601.1,3.2,6.5,2.0,2.5,108.6,9.7,160.9,315.2,2.0,377.6,286.8,4.0,320.3,42.1,155.3,18.2,71.5,4449.099999999999
2024-02-29,,237.2,3.2,28.5,89.3,3.5,125.3,,,72.0,14.0,423.5,148.5,35.1,55.1,32.8,320.9,96.7,,260.7,610.7,3.1,6.3,1.9,2.5,111.5,9.7,158.4,317.8,2.1,378.4,289.8,3.7,327.7,41.4,162.2,19.2,70.5,4508.4
2024-03-01,,236.4,3.1,28.6,91.3,3.7,125.0,,,73.0,14.5,426.5,141.5,35.4,54.4,33.8,322.4,96.0,,245.9,604.8,3.1,6.2,2.0,2.4,105.6,9.4,141.3,298.8,2.0,383.5,291.4,4.0,328.1,42.0,161.5,20.1,68.7,4450.3
2024-03-02,,236.1,3.2,28.6,91.7,3.6,128.2,,,68.1,13.9,406.2,121.0,30.1,50.2,34.1,317.8,94.1,,218.7,596.1,3.2,6.1,2.6,2.6,116.4,9.5,122.1,250.0,1.8,383.1,290.2,3.8,269.7,39.5,160.4,18.9,70.6,4237.300000000001
2024-03-03,,233.7,3.2,26.7,80.4,3.5,125.9,,,66.7,12.6,361.5,113.0,26.8,48.9,33.4,303.6,87.1,,213.5,569.1,3.2,6.2,1.9,2.5,116.7,8.9,120.8,275.7,1.5,350.6,285.4,3.2,253.6,35.2,150.6,20.3,67.8,4057.6
2024-03-04,,227.1,3.1,28.2,81.8,3.6,128.4,,,63.0,12.9,380.4,132.3,31.4,58.6,32.0,323.1,96.3,,226.6,582.5,3.0,6.3,2.4,2.5,117.6,9.4,138.3,291.8,1.6,377.9,293.2,3.9,281.8,38.1,150.2,18.6,69.1,4261.299999999999
2024-03-05,,239.2,3.1,27.3,82.0,3.7,129.8,,,69.8,13.0,387.6,141.1,33.4,60.0,33.6,325.7,98.2,,235.4,591.0,3.0,6.2,2.3,2.3,118.5,9.6,146.9,298.3,1.9,388.7,297.3,4.0,290.8,41.4,159.3,18.0,70.8,4378.0
2024-03-06,,240.4,2.9,28.0,86.5,3.7,129.7,,,71.2,13.2,388.1,142.8,33.8,59.5,36.0,323.9,97.3,,242.8,591.2,3.1,6.1,1.9,2.3,122.4,9.6,149.2,302.4,1.9,393.2,298.4,3.9,287.0,40.7,162.0,18.6,68.0,4406.0
2024-03-07,,242.0,2.8,28.4,87.1,3.6,127.7,,,68.4,13.0,403.6,144.1,33.5,59.2,35.1,326.1,97.1,,245.3,596.4,3.1,6.1,1.8,2.1,133.9,9.7,152.2,302.3,1.9,395.3,303.8,3.9,289.3,40.3,160.6,19.5,71.6,4456.000000000001
2024-03-08,,240.5,2.9,29.5,90.3,3.4,129.4,,,70.6,14.7,389.3,143.5,32.3,52.6,34.3,328.9,95.6,,250.2,593.7,3.1,6.1,1.8,2.1,129.4,9.5,159.7,301.7,2.0,394.2,305.2,4.1,292.0,39.1,163.0,18.4,71.3,4447.000000000001
2024-03-09,,239.0,2.8,28.0,89.2,3.3,130.2,,,66.0,13.3,402.1,141.3,31.4,56.6,33.7,322.7,96.7,,250.9,597.2,3.3,6.5,2.1,2.2,129.8,10.0,157.9,299.8,2.0,390.9,298.6,4.1,299.4,38.8,164.9,17.0,71.6,4445.4000000000015
2024-03-10,,236.0,2.6,26.9,93.0,3.2,131.7,,,64.3,12.8,403.3,128.5,29.1,56.1,34.4,307.3,91.4,,249.7,585.8,3.0,6.1,2.0,2.2,134.0,9.0,150.1,290.1,1.5,359.6,293.3,3.6,298.8,37.2,155.0,19.0,72.2,4336.7
2024-03-11,,241.4,2.3,28.6,93.1,3.4,135.4,,,69.3,15.0,423.2,140.8,30.5,56.7,34.9,325.5,100.2,,259.2,609.9,3.0,5.0,2.0,2.3,133.7,9.4,147.4,294.3,1.8,386.6,300.2,4.0,316.9,39.3,164.1,20.4,70.6,4515.0
2024-03-12,,243.2,2.9,29.6,92.8,3.4,136.6,,,69.7,15.3,429.2,145.8,30.7,57.4,36.0,328.7,101.3,,263.4,624.9,3.0,6.0,2.0,2.2,125.9,9.6,155.0,307.6,1.8,398.4,306.8,4.3,331.8,40.0,175.2,18.2,71.8,4615.700000000001
2024-03-13,,245.6,2.9,29.6,97.2,3.6,136.7,,,70.8,15.2,422.1,143.1,32.6,57.1,36.5,330.5,101.9,,265.4,623.3,3.0,6.2,1.9,2.4,133.3,9.6,147.8,297.3,1.8,402.3,311.0,4.3,338.6,40.8,182.5,19.6,72.2,4634.199999999999
2024-03-14,,245.5,2.9,29.8,99.8,3.5,138.9,,,70.7,14.6,432.0,142.5,32.0,54.6,39.0,329.1,101.6,,267.5,619.1,3.1,6.1,2.0,2.3,125.4,9.4,157.1,298.2,1.8,406.8,310.6,4.3,345.6,40.5,189.0,20.5,72.3,4663.000000000002
2024-03-15,,245.6,2.8,29.7,104.7,3.5,139.2,,,71.3,14.9,432.1,146.2,34.0,57.4,39.1,329.7,101.2,,267.7,613.1,3.1,5.9,1.9,2.3,127.3,9.9,172.1,299.9,1.8,409.3,308.4,4.1,353.2,41.3,183.2,20.2,72.9,4693.7
2024-03-16,,245.7,2.7,30.8,102.6,3.4,133.5,,,67.6,14.4,433.2,148.7,32.0,57.3,37.0,322.4,100.4,,264.1,609.1,3.1,5.8,1.9,2.4,124.4,10.2,175.2,296.1,1.7,404.5,297.1,4.4,355.4,41.4,183.1,19.2,71.7,4647.699999999999
2024-03-17,,236.7,2.9,29.0,103.2,3.1,133.5,,,65.1,12.4,415.4,136.1,27.1,57.2,34.7,309.5,92.3,,252.9,587.8,3.0,5.8,1.7,2.4,119.8,9.3,178.8,290.4,1.5,370.4,268.1,4.0,361.2,38.1,158.4,19.2,69.9,4445.599999999999
2024-03-18,,239.9,2.2,31.0,102.1,3.4,117.5,,,69.5,14.1,434.6,149.1,30.5,55.5,34.4,327.7,100.1,,256.0,608.3,3.1,5.9,2.3,2.4,126.1,9.8,177.5,292.5,1.7,393.2,278.8,4.6,366.8,40.3,176.8,19.3,70.9,4593.3
2024-03-19,,238.8,3.0,31.5,98.9,3.4,99.7,,,71.9,14.7,440.4,152.3,31.7,56.7,33.1,326.4,100.6,,253.6,610.9,3.1,6.1,2.0,2.4,121.7,10.1,176.1,294.1,1.7,403.6,277.4,4.0,370.1,41.0,177.2,20.4,71.4,4595.900000000001
2024-03-20,,225.9,3.0,27.2,69.4,3.5,95.5,,,74.8,14.6,435.6,151.9,33.2,54.9,31.4,328.1,101.2,,254.1,607.3,2.9,6.1,2.0,2.3,102.9,9.9,184.7,295.6,1.4,407.9,271.2,4.0,352.3,41.3,144.3,18.6,70.4,4475.0
2024-03-21,,225.9,3.1,27.6,80.2,3.5,113.7,,,72.9,15.9,444.5,147.1,32.3,54.4,33.6,323.8,101.0,,254.6,616.0,3.1,6.4,2.3,2.4,107.1,10.2,162.3,292.5,1.7,405.2,277.0,4.4,344.4,41.4,139.2,18.9,70.1,4484.599999999999
2024-03-22,,230.7,2.8,27.3,86.9,3.7,120.2,,,76.2,15.7,444.0,144.8,31.2,54.5,35.9,331.4,101.6,,257.1,625.1,3.1,6.2,2.0,2.3,127.1,10.0,157.9,292.8,1.8,406.4,285.8,3.9,361.5,42.3,146.7,19.3,70.6,4574.900000000001
2024-03-23,,234.1,2.7,28.1,87.0,3.4,125.1,,,72.6,14.7,442.5,144.2,31.4,56.1,34.9,324.0,100.8,,258.3,624.7,3.0,6.3,1.9,2.1,129.3,10.3,164.3,289.8,1.6,402.1,287.1,3.8,363.5,40.8,159.2,18.2,71.9,4585.9000000000015
2024-03-24,,229.7,2.9,25.8,89.7,3.2,125.7,,,66.3,14.5,401.0,121.1,29.7,54.3,36.2,309.2,95.2,,256.4,607.8,3.0,5.9,1.7,2.2,118.0,9.4,141.2,269.3,1.4,368.0,279.7,3.4,352.6,35.8,164.9,18.8,70.4,4359.2
2024-03-25,,226.7,3.4,25.3,87.3,2.8,108.2,,,55.7,13.7,328.3,100.0,21.8,52.8,33.9,318.1,101.7,,240.9,561.0,3.1,5.9,1.9,2.4,113.3,8.9,124.9,239.3,1.4,373.5,272.9,3.9,330.2,26.7,151.9,19.4,63.3,4059.600000000001
2024-03-26,,231.2,2.6,22.5,89.6,3.5,114.1,,,67.9,14.7,391.8,118.4,25.9,53.6,34.3,324.7,103.9,,248.9,614.3,2.8,5.4,1.9,2.2,111.3,9.4,134.1,261.9,1.5,390.8,282.2,4.1,337.4,33.2,151.8,20.0,65.6,4317.0
2024-03-27,,234.5,2.9,27.5,94.1,3.8,129.0,,,77.5,15.8,441.2,137.7,30.7,53.5,35.6,330.6,104.7,,261.9,636.8,3.0,6.1,2.0,2.3,123.7,10.0,148.2,280.9,1.7,403.3,286.5,4.7,362.4,39.1,184.4,18.4,70.5,4609.800000000001
2024-03-28,,238.4,2.7,29.6,99.7,3.9,137.2,,,82.2,16.1,459.8,148.1,31.4,51.4,37.7,328.9,103.8,,267.8,643.8,2.9,6.0,1.8,2.1,129.6,10.2,147.0,288.1,1.8,412.8,290.9,4.4,387.2,41.4,201.4,18.8,72.7,4747.3
2024-03-29,,241.5,3.0,31.4,106.6,4.0,139.8,,,84.3,16.0,463.1,149.8,31.3,54.0,39.1,330.9,97.2,,265.7,634.6,3.0,5.7,1.8,2.3,129.8,10.5,155.3,287.9,1.7,417.2,293.1,4.3,402.7,43.2,212.5,19.3,74.4,4802.8
2024-03-30,,241.0,2.8,32.7,111.0,3.8,142.1,,,84.8,15.9,456.6,142.8,26.0,51.2,39.0,327.4,101.6,,256.6,620.2,3.2,6.0,1.9,2.3,132.5,10.1,126.1,283.1,1.7,409.3,289.1,4.2,407.9,40.0,221.3,19.3,76.3,4735.0
2024-03-31,,236.1,2.7,24.7,110.4,3.5,140.0,,,82.3,16.0,428.3,129.4,26.5,50.5,32.9,309.1,96.3,,261.6,589.6,3.0,5.2,1.4,1.9,127.1,9.5,126.8,274.9,1.4,382.1,277.1,3.9,406.6,39.4,201.6,20.5,68.2,4533.699999999999
2024-04-01,,239.6,2.8,25.0,107.7,3.8,139.9,,,83.2,15.4,436.6,134.3,29.3,54.6,37.1,325.2,104.5,,260.9,613.8,3.0,4.5,2.4,1.5,125.4,10.2,138.0,263.5,1.6,408.4,281.2,3.9,376.8,39.4,216.7,18.5,71.7,4622.299999999999
2024-04-02,,243.2,2.9,29.6,110.6,3.8,140.7,,,82.5,16.4,446.7,139.5,30.3,54.0,37.7,332.3,106.8,,266.9,626.1,2.9,5.1,1.8,2.0,131.3,10.4,142.7,270.0,1.7,421.5,282.5,4.5,381.9,39.8,219.9,18.5,72.7,4722.8
2024-04-03,,244.3,2.3,31.5,112.7,4.0,140.0,,,85.4,15.9,444.8,146.0,31.0,53.7,38.3,334.3,107.9,,273.1,637.1,2.9,5.4,2.0,2.3,131.7,10.3,149.4,272.4,1.8,427.3,281.7,4.6,396.7,41.4,229.3,20.0,74.0,4800.5
2024-04-04,,244.9,3.0,31.8,118.0,4.1,143.4,,,89.0,15.6,459.9,150.5,32.0,52.9,37.7,334.1,107.0,,273.2,634.0,2.9,6.5,2.2,2.2,139.5,10.8,151.2,271.4,1.8,432.3,279.9,3.5,409.1,42.1,237.4,20.3,74.3,4864.099999999999
2024-04-05,,247.9,2.7,32.5,122.9,4.1,143.6,,,90.1,16.3,457.9,152.9,33.0,55.5,41.1,336.9,106.6,,275.6,633.4,2.8,5.3,2.0,2.2,141.0,10.5,157.1,269.2,1.8,432.8,281.2,4.75,416.0,43.7,242.5,19.0,74.7,4909.7
2024-04-06,,247.7,2.7,33.5,123.4,3.9,144.4,,,86.7,15.6,456.2,150.3,32.7,55.5,41.6,329.7,108.2,,275.6,633.6,2.9,5.2,1.9,2.1,141.4,11.0,156.0,266.0,1.8,429.0,276.0,6.0,413.6,41.6,246.6,20.5,74.5,4882.7
2024-04-07,,244.7,2.8,31.6,123.9,3.6,134.8,,,82.1,15.3,441.0,132.2,30.5,54.5,39.1,316.3,103.4,,264.4,612.7,2.3,5.5,1.5,2.1,128.9,10.3,148.8,262.4,1.6,400.8,267.5,5.1,396.0,39.1,207.3,20.2,73.0,4650.000000000001
2024-04-08,,236.8,3.0,35.4,122.4,4.1,120.4,,,88.6,15.9,465.9,147.9,33.1,54.5,36.7,331.7,110.2,,262.7,623.8,3.0,5.7,2.0,2.5,121.8,10.8,150.7,263.0,1.8,424.6,260.6,5.0,403.2,42.2,192.4,18.8,70.4,4716.999999999999
2024-04-09,,235.9,2.1,36.0,123.4,4.3,115.0,,,91.3,15.6,475.3,154.9,33.3,55.8,38.4,312.9,111.8,,255.3,603.7,3.1,5.7,1.8,2.1,120.2,10.7,155.4,271.4,1.7,426.5,244.2,5.3,416.0,44.1,196.4,18.6,71.8,4705.800000000001
2024-04-10,,234.4,1.9,36.0,126.4,4.4,125.2,,,92.2,15.7,470.7,156.5,32.8,55.8,40.2,320.2,104.4,,243.3,608.1,3.1,5.9,1.9,2.4,124.5,10.7,160.4,269.5,1.7,426.4,248.5,5.5,410.7,35.7,208.3,18.4,72.9,4720.599999999999
2024-04-11,,237.7,2.4,34.6,125.8,4.2,114.3,,,91.1,16.0,477.7,153.5,32.8,51.4,37.4,319.4,108.3,,241.0,584.1,3.1,5.9,2.0,2.4,114.3,10.9,155.3,260.2,1.6,427.3,242.2,5.4,419.4,43.8,187.5,18.4,73.3,4650.2
2024-04-12,,239.1,2.4,35.9,118.8,4.4,119.3,,,96.8,16.4,467.2,158.1,33.8,52.2,38.9,316.8,104.7,,238.7,583.4,3.1,5.8,1.9,2.4,116.2,10.7,160.1,264.4,1.6,422.1,241.4,6.1,417.4,43.7,192.7,16.9,71.7,4650.599999999999
2024-04-13,,235.4,2.3,35.1,128.2,4.4,120.7,,,90.8,16.2,464.7,150.4,32.9,51.3,39.2,301.3,98.8,,233.6,567.0,3.1,6.2,2.0,2.6,120.6,10.8,151.7,257.9,1.6,408.0,226.9,5.7,421.6,44.3,205.2,19.2,72.7,4577.9000000000015
2024-04-14,,236.2,2.6,33.5,132.6,3.9,125.8,,,83.5,13.8,448.6,131.8,28.7,49.4,40.2,287.4,92.6,,237.6,571.5,3.0,6.1,1.8,2.3,117.1,10.3,134.9,242.3,1.2,375.1,223.6,5.8,411.3,40.5,208.4,20.1,72.8,4440.800000000001
2024-04-15,,240.2,2.9,35.4,135.2,4.4,131.4,,,92.0,16.5,471.8,150.0,27.1,49.2,41.2,311.2,104.1,,257.4,615.3,3.1,6.0,2.0,2.7,129.3,10.7,147.6,263.1,1.4,405.9,237.5,6.2,435.7,43.9,230.8,20.3,73.8,4750.599999999999
2024-04-16,,244.1,2.4,32.3,134.1,4.5,134.2,,,94.0,16.6,478.3,156.8,29.7,49.9,41.7,324.1,108.5,,263.1,632.6,3.1,5.7,2.1,2.6,132.8,10.7,148.6,271.8,1.6,419.9,244.3,6.0,434.2,44.5,245.2,20.4,74.3,4860.700000000001
2024-04-17,,250.2,2.5,29.8,128.1,4.2,136.2,,,90.1,17.0,477.0,155.1,29.5,50.4,34.9,328.3,108.7,,268.7,639.0,2.8,5.4,1.7,2.0,132.3,11.1,155.6,268.4,1.6,431.3,245.5,5.6,410.5,44.8,249.6,19.3,71.1,4854.0
2024-04-18,,252.6,2.0,33.6,129.5,4.7,138.9,,,97.2,17.2,489.2,160.7,32.1,51.0,39.3,316.7,108.4,,273.8,635.0,2.9,5.5,1.5,2.3,139.7,11.0,158.5,268.1,1.6,436.7,243.0,3.5,420.5,43.9,246.9,18.9,74.0,4906.500000000001
2024-04-19,,253.6,2.0,32.0,130.1,4.8,139.4,,,104.3,17.2,491.8,166.7,30.8,48.5,38.7,298.6,108.4,,279.0,640.5,2.8,5.6,1.6,2.5,148.5,8.8,155.3,260.6,1.3,379.6,239.2,4.6,448.2,38.2,244.0,18.3,72.6,4864.100000000001
2024-04-20,,249.9,2.7,28.1,128.8,4.5,138.4,,,100.5,14.8,474.3,164.9,31.0,48.7,41.2,276.0,105.9,,279.1,629.3,2.8,5.7,1.8,2.0,140.0,10.6,151.4,276.9,1.4,415.3,221.4,4.6,458.5,43.5,251.8,18.7,73.9,4843.8
2024-04-21,,244.9,2.5,30.6,130.7,4.1,137.4,,,94.2,13.7,449.4,148.9,29.5,46.3,42.4,272.6,97.1,,276.0,596.8,2.5,5.6,1.7,1.7,131.8,10.5,144.4,270.7,1.2,400.1,210.6,5.9,451.2,43.3,243.1,20.1,73.3,4679.3
2024-04-22,,246.0,2.6,34.3,134.3,4.8,130.0,,,101.9,17.0,463.1,161.4,31.3,45.8,41.0,295.2,104.9,,264.3,611.7,3.0,5.6,1.6,2.4,130.5,10.8,159.3,273.9,1.6,423.8,217.4,6.0,471.0,45.3,247.0,18.1,74.3,4826.500000000001
2024-04-23,,245.8,2.5,36.5,132.1,4.6,130.0,,,101.7,15.8,466.6,159.7,31.8,45.2,43.5,307.8,106.4,,271.2,612.5,3.0,5.5,1.7,2.3,130.1,10.6,157.6,277.5,1.7,433.6,217.5,6.5,456.9,46.0,242.5,17.0,73.3,4842.700000000001
2024-04-24,,246.1,2.6,35.8,131.9,4.6,124.5,,,99.5,16.0,473.0,164.0,32.4,46.2,44.3,313.5,107.9,,277.2,608.2,2.4,5.3,2.1,2.2,128.9,10.8,161.0,282.9,1.7,436.7,221.5,6.7,461.9,46.8,245.2,17.7,71.9,4879.4
2024-04-25,,249.8,2.4,36.4,129.5,4.9,134.7,,,105.1,16.1,485.0,171.4,32.7,46.4,45.6,322.6,109.6,,284.6,622.6,2.1,5.4,2.0,2.1,128.4,11.0,167.9,292.0,1.6,436.3,225.6,6.8,475.8,46.7,251.2,16.5,74.2,4990.900000000001
2024-04-26,,252.1,2.3,36.8,139.5,5.2,137.4,,,108.8,16.2,483.2,173.6,32.9,46.2,46.9,304.7,104.8,,274.1,620.0,2.1,5.4,1.8,2.3,132.8,11.0,170.1,280.3,1.6,442.3,228.2,6.6,477.3,48.1,260.4,19.5,74.7,4995.600000000001
2024-04-27,,250.8,2.8,35.6,139.8,4.8,137.1,,,106.1,15.7,481.8,172.2,31.3,45.5,45.8,319.4,110.1,,277.8,627.4,2.5,5.4,1.7,2.3,132.6,11.1,163.3,280.4,1.4,435.1,227.8,5.8,496.8,48.0,258.2,19.9,73.6,5015.900000000001
2024-04-28,,246.3,2.3,29.3,141.4,4.3,128.9,,,100.1,15.2,457.8,161.1,30.5,49.2,44.9,309.9,104.8,,275.9,615.6,2.8,5.3,1.9,2.1,127.8,10.7,157.9,287.2,1.1,410.1,218.9,6.4,492.2,45.3,248.9,18.9,73.5,4873.5
